{"type":"Feature","properties":{},"geometry":{"type":"MultiPolygon","coordinates":[[[[11.36077828,48.15806753],[11.36079066,48.15806625],[11.36081286,48.15806368],[11.36084761,48.15805812],[11.36104494,48.158087],[11.36107755,48.1580915],[11.36111041,48.15809618],[11.3617937,48.15820325],[11.36243979,48.15830418],[11.36283252,48.1583832],[11.36364341,48.15848594],[11.36374363,48.15849046],[11.36440415,48.15853732],[11.36475764,48.15853669],[11.36506658,48.15853942],[11.36547124,48.15856297],[11.36551812,48.15856485],[11.36612029,48.15862444],[11.36663838,48.15865973],[11.36723952,48.15867346],[11.36833909,48.15862531],[11.36944396,48.15856223],[11.37025665,48.15850785],[11.37068547,48.15844555],[11.37089989,48.15843482],[11.37102707,48.1584285],[11.37119577,48.15841864],[11.37111137,48.15817839],[11.37089825,48.15808296],[11.37069648,48.15813666],[11.37058313,48.15806214],[11.37045435,48.158109],[11.37045191,48.15809963],[11.37036759,48.15805941],[11.37024625,48.157969],[11.37025771,48.15789973],[11.37026452,48.15785913],[11.37034605,48.15785174],[11.37036686,48.15780942],[11.37034061,48.15775713],[11.37033576,48.15774766],[11.37026915,48.15776519],[11.37012413,48.15753353],[11.36998741,48.15731507],[11.36997536,48.15731114],[11.3701143,48.15727071],[11.37007628,48.15721386],[11.36981903,48.15682687],[11.36985674,48.15681996],[11.36987641,48.15681647],[11.36990267,48.15681166],[11.37083283,48.15664124],[11.37193146,48.15629623],[11.37328308,48.15608711],[11.37381806,48.15603838],[11.37486253,48.15598455],[11.37491444,48.15598169],[11.37515336,48.15548757],[11.37386241,48.15553763],[11.37391401,48.15540348],[11.3741554,48.15477692],[11.3742029,48.15465401],[11.37420442,48.1546501],[11.37442207,48.15408981],[11.37362184,48.15418377],[11.37358174,48.1541885],[11.37391472,48.15354811],[11.375619,48.15336823],[11.37699128,48.1533052],[11.37802113,48.15322378],[11.37803121,48.15383522],[11.37819573,48.15383189],[11.37873114,48.15382653],[11.37952244,48.15382973],[11.37951536,48.15372474],[11.37950282,48.15353499],[11.3805912,48.15348206],[11.38106959,48.1534256],[11.38166308,48.15332781],[11.38288876,48.15307347],[11.3829335,48.15279256],[11.38296984,48.1525639],[11.38298766,48.1524134],[11.38300307,48.15228325],[11.38303802,48.15198794],[11.38307282,48.15169416],[11.38307416,48.15167276],[11.38311011,48.15095587],[11.38311866,48.15079339],[11.38315259,48.15014458],[11.38317572,48.14972981],[11.38317739,48.14968044],[11.38317751,48.14967118],[11.38396858,48.14976067],[11.38400468,48.149765],[11.38401447,48.1497664],[11.38401705,48.14943993],[11.38402096,48.14901913],[11.38423547,48.14910903],[11.38500048,48.14942986],[11.38553026,48.14965187],[11.38723424,48.14732862],[11.38729885,48.14735297],[11.38746198,48.14742135],[11.3881134,48.14769441],[11.38835575,48.14777355],[11.38914608,48.14793045],[11.38988108,48.14665258],[11.38990429,48.14661242],[11.39013747,48.14620545],[11.39016204,48.1461625],[11.39021754,48.1460656],[11.3902662,48.14598065],[11.38997923,48.14590265],[11.38940466,48.14574644],[11.38941288,48.14573389],[11.3894497,48.14567742],[11.38954429,48.14553239],[11.3906337,48.14386351],[11.3904496,48.14379824],[11.39047361,48.14375601],[11.39015198,48.14365188],[11.3902733,48.1434616],[11.39127538,48.14189221],[11.39005514,48.1414233],[11.39005515,48.14142276],[11.38975725,48.1413086],[11.38952877,48.14122106],[11.38953371,48.14121272],[11.38955086,48.14118331],[11.39086995,48.1389235],[11.39169602,48.13750757],[11.39189078,48.13717356],[11.39208257,48.13684509],[11.3920882,48.13683567],[11.39210247,48.13681111],[11.39213488,48.13675624],[11.39217024,48.13669636],[11.39217326,48.13669125],[11.39219,48.13666292],[11.39214154,48.13664835],[11.39148893,48.13645024],[11.39134665,48.13640703],[11.39079114,48.13622343],[11.39049963,48.13613026],[11.38997875,48.13597685],[11.3901655,48.1354395],[11.38917391,48.13513271],[11.38920002,48.13503814],[11.38924564,48.1349185],[11.38899735,48.1348759],[11.38860474,48.13471149],[11.3881915,48.1345755],[11.38824894,48.13439745],[11.38825228,48.13438713],[11.3882594,48.13436513],[11.38828478,48.1342854],[11.38836187,48.13404414],[11.38841381,48.13388054],[11.38841647,48.13387201],[11.38842487,48.13384408],[11.38845398,48.1337462],[11.38846723,48.13370472],[11.38847819,48.13367563],[11.38855439,48.1334332],[11.38851484,48.13342687],[11.38871862,48.13285044],[11.38897342,48.13289901],[11.38899235,48.13285513],[11.3891446,48.13245091],[11.38928039,48.13205034],[11.3893817,48.13174818],[11.38940947,48.13167342],[11.38939165,48.13161361],[11.38938855,48.13160289],[11.38939905,48.13155609],[11.38940482,48.1315117],[11.38940696,48.13146667],[11.38940468,48.1314217],[11.38939861,48.13137796],[11.3893884,48.13133304],[11.38935782,48.13121835],[11.389342,48.13117049],[11.38932414,48.13114772],[11.38933901,48.13110686],[11.38928311,48.13109576],[11.3892193,48.13108308],[11.38919808,48.13102547],[11.38904725,48.13061694],[11.38903121,48.13057358],[11.38898103,48.13043801],[11.38896684,48.13039943],[11.38890163,48.13022203],[11.38872408,48.12974064],[11.38876646,48.12967521],[11.38888206,48.12942677],[11.3896203,48.12786671],[11.38975617,48.1278877],[11.39075752,48.12804421],[11.39279474,48.12847957],[11.39300465,48.12852446],[11.39310104,48.12830872],[11.39401669,48.12626008],[11.39428784,48.1256533],[11.39442738,48.12550917],[11.39452409,48.12550689],[11.39456843,48.12550588],[11.3945957,48.1255054],[11.39599218,48.12544359],[11.39850801,48.12533228],[11.40104251,48.1252196],[11.40220261,48.12516797],[11.40226805,48.12516506],[11.40229684,48.12532638],[11.40249091,48.12536303],[11.40251423,48.12536738],[11.40263528,48.12539024],[11.40277535,48.12541662],[11.40358058,48.12556851],[11.40374613,48.12559971],[11.40382822,48.12561517],[11.4038478,48.12561805],[11.40393108,48.12563025],[11.40399249,48.1256393],[11.40532596,48.12583496],[11.40803495,48.12608179],[11.40817574,48.12609458],[11.40854521,48.12614187],[11.40896413,48.12619556],[11.40999742,48.12662789],[11.4112519,48.12705208],[11.41208716,48.12737172],[11.41268226,48.12754786],[11.41281659,48.12751009],[11.412884,48.12749109],[11.41294642,48.12751973],[11.41304185,48.12756373],[11.41335148,48.12770175],[11.41454037,48.12821763],[11.41552252,48.12868377],[11.41562488,48.12874267],[11.41695541,48.12950799],[11.41706521,48.12957421],[11.41739499,48.12977317],[11.4175914,48.12989171],[11.41774372,48.12998353],[11.41791928,48.13008943],[11.4179996,48.13013785],[11.41836534,48.13035026],[11.41882204,48.1306157],[11.41884515,48.13062679],[11.41885643,48.13063221],[11.41927989,48.13083557],[11.41958369,48.13098191],[11.42074929,48.13154085],[11.42235303,48.13230242],[11.4223917,48.13232762],[11.42294244,48.1326965],[11.42319673,48.13290058],[11.42334011,48.13301453],[11.42354666,48.13329941],[11.42357088,48.13333271],[11.42377399,48.13388208],[11.42385544,48.13409762],[11.42404768,48.13458362],[11.42421651,48.13477756],[11.42438162,48.13496713],[11.4245443,48.13515377],[11.42470752,48.13534107],[11.42488682,48.13547435],[11.42506619,48.13560776],[11.42507698,48.13561582],[11.42513842,48.1356612],[11.42533508,48.1358065],[11.42546828,48.13590499],[11.4255241,48.13594608],[11.42554289,48.13595992],[11.42560454,48.1360094],[11.42562825,48.13602841],[11.42573399,48.13611322],[11.42577714,48.13614789],[11.42577994,48.13614997],[11.42593935,48.1362779],[11.42597931,48.13630984],[11.42607933,48.13638999],[11.42616989,48.13646237],[11.42621941,48.13650209],[11.42625855,48.1365335],[11.42630393,48.13654677],[11.42638624,48.13657095],[11.42642332,48.13658175],[11.4265652,48.13662328],[11.42674885,48.13667707],[11.4268051,48.13669344],[11.42724963,48.13682368],[11.4273135,48.13684068],[11.42737429,48.13685686],[11.42742945,48.13687161],[11.42743341,48.13686624],[11.42762798,48.13693653],[11.42763765,48.13692444],[11.42782566,48.13697222],[11.42801787,48.13702077],[11.42814716,48.13705354],[11.42820959,48.1370705],[11.42831448,48.13709917],[11.42851071,48.13715288],[11.42870761,48.13720668],[11.42890508,48.13726061],[11.4291032,48.13731482],[11.42921037,48.13734404],[11.42938813,48.13739275],[11.42960381,48.13745172],[11.42997983,48.13755428],[11.4304376,48.13746966],[11.43089797,48.13738406],[11.43103988,48.13735767],[11.43138524,48.13728424],[11.43190829,48.13717335],[11.43194787,48.13716491],[11.43206033,48.13714179],[11.43257196,48.13703631],[11.43266623,48.13701687],[11.43306189,48.13693531],[11.43324897,48.13694349],[11.43339119,48.13695019],[11.43380645,48.13696869],[11.43394566,48.13697524],[11.43396867,48.13697211],[11.43400525,48.13696752],[11.4343399,48.13692386],[11.43461175,48.13688897],[11.43462951,48.13688663],[11.43482411,48.13682041],[11.43520663,48.13669019],[11.43553608,48.13646467],[11.43558265,48.13643244],[11.43560955,48.13640542],[11.43561166,48.13640893],[11.43568398,48.13634418],[11.43586604,48.13619714],[11.435912,48.13615879],[11.43592077,48.13615542],[11.43603964,48.1361096],[11.43622454,48.13641212],[11.43637628,48.13666054],[11.43686486,48.13637348],[11.43716802,48.13619563],[11.43747104,48.13601779],[11.43777407,48.13584007],[11.43807708,48.13566217],[11.43844841,48.1354444],[11.43848233,48.13542451],[11.43850848,48.13540917],[11.43853878,48.13539116],[11.43857017,48.13537279],[11.43840921,48.13521944],[11.43815121,48.13496523],[11.43813669,48.13461042],[11.4384077,48.13459463],[11.43872475,48.13457721],[11.43897849,48.13454256],[11.43936317,48.13449018],[11.43945708,48.1344774],[11.43976881,48.13443497],[11.43982127,48.13442785],[11.4400368,48.1344237],[11.44015168,48.13442146],[11.44028934,48.13440035],[11.44034493,48.13439162],[11.44070636,48.13433529],[11.44072143,48.13433266],[11.44096938,48.1342871],[11.44116941,48.13424971],[11.44125444,48.13422566],[11.44186249,48.13404764],[11.44200364,48.13400154],[11.44205837,48.13398364],[11.4421828,48.13394307],[11.44219128,48.13394176],[11.44219707,48.13394071],[11.44229345,48.13392257],[11.44255586,48.13395634],[11.44338902,48.13399187],[11.44424017,48.13405514],[11.44502138,48.13408911],[11.44562289,48.13393674],[11.44582055,48.13388671],[11.44582958,48.13388443],[11.44587147,48.13387383],[11.4458771,48.13387241],[11.44597457,48.1338478],[11.4462334,48.13378234],[11.44644773,48.13372584],[11.44691893,48.13359938],[11.44695877,48.13358868],[11.44733339,48.13348812],[11.44746664,48.13358823],[11.44764806,48.13348273],[11.44743439,48.13345354],[11.44738095,48.13341186],[11.44722461,48.1332899],[11.44712252,48.13317411],[11.44708717,48.13318734],[11.44704313,48.13308534],[11.44707341,48.13299484],[11.44718351,48.13288609],[11.44730046,48.13266321],[11.44731359,48.132478],[11.44744431,48.13226889],[11.44761297,48.13216134],[11.44769786,48.13201011],[11.44781776,48.13193866],[11.44789346,48.13189361],[11.44797509,48.13177421],[11.44793091,48.13165098],[11.44788524,48.13153999],[11.44805016,48.13126443],[11.448104,48.13116935],[11.4481143,48.13114889],[11.44812684,48.13115732],[11.44821927,48.1312165],[11.44822475,48.13121842],[11.44822385,48.1312275],[11.44833083,48.13119726],[11.4484159,48.13135683],[11.448494,48.13148156],[11.44854149,48.13155327],[11.44866735,48.13159579],[11.44877777,48.13180319],[11.44926019,48.13234371],[11.44977624,48.13292285],[11.45062421,48.13264883],[11.4509965,48.13253442],[11.45111947,48.13249292],[11.45115197,48.13248165],[11.45127657,48.13290149],[11.45132936,48.13316093],[11.45133782,48.1331982],[11.45135179,48.13323443],[11.45135851,48.13327277],[11.45137209,48.13327086],[11.45148876,48.13325469],[11.45149011,48.13325461],[11.45150112,48.13325511],[11.45152331,48.13325405],[11.45177828,48.13324879],[11.45193047,48.13323684],[11.45216234,48.13321852],[11.45274129,48.13318325],[11.45349692,48.13312299],[11.4543201,48.13304263],[11.45476843,48.13298387],[11.45487739,48.13296963],[11.45484829,48.13292552],[11.45478536,48.13284067],[11.45476475,48.13280117],[11.45472989,48.13273437],[11.45470566,48.1326248],[11.4547389,48.13261983],[11.4553475,48.13253034],[11.45603133,48.13246118],[11.45695753,48.13236363],[11.45736675,48.13231843],[11.45784676,48.1322536],[11.45788525,48.13247891],[11.45794396,48.13246689],[11.45899621,48.13226518],[11.46013882,48.13204533],[11.46000215,48.1317737],[11.45988517,48.13155696],[11.45968857,48.13122203],[11.45949313,48.13093048],[11.45947118,48.13089774],[11.45974493,48.1308057],[11.46002858,48.13072428],[11.46006518,48.13071647],[11.46088653,48.13054119],[11.46154925,48.13040019],[11.46210617,48.13029473],[11.46202236,48.12999952],[11.46238079,48.12993439],[11.46345541,48.12991932],[11.46370261,48.12992669],[11.46373976,48.12984369],[11.46376547,48.12971234],[11.46379287,48.12948313],[11.46396674,48.12940523],[11.46412526,48.12935056],[11.46454225,48.12923905],[11.46471958,48.12889836],[11.46479904,48.1287058],[11.46485453,48.12855873],[11.46494561,48.12830129],[11.46496894,48.12822873],[11.46499722,48.1280291],[11.46501791,48.12788289],[11.46507356,48.1273404],[11.46510276,48.1271526],[11.46510693,48.12712573],[11.46512754,48.12699038],[11.46502504,48.12661789],[11.46495387,48.12583041],[11.46484013,48.1253132],[11.4647445,48.12479321],[11.46472185,48.12440047],[11.46474089,48.12414582],[11.46474695,48.12406682],[11.46475613,48.12401002],[11.46476324,48.12396421],[11.46479266,48.12377913],[11.46480725,48.12368036],[11.46481825,48.12361755],[11.46482983,48.12353747],[11.46483085,48.12350385],[11.4648292,48.12346949],[11.46482624,48.12343027],[11.46482164,48.12339536],[11.46478678,48.12320951],[11.46478176,48.12312728],[11.4647658,48.12308736],[11.46476926,48.12306606],[11.46480163,48.12281735],[11.46485129,48.12245007],[11.46487718,48.12234848],[11.4648807,48.12227961],[11.46494603,48.1219621],[11.46499322,48.12189389],[11.46509319,48.12150222],[11.46526641,48.12117584],[11.46535977,48.12092791],[11.46542578,48.12075417],[11.46556655,48.12030987],[11.46562818,48.11995192],[11.46564814,48.11961063],[11.46564338,48.11897731],[11.46566459,48.11852806],[11.46565677,48.11827118],[11.4656558,48.11823601],[11.46565466,48.1182006],[11.46565448,48.11819465],[11.46565432,48.11818476],[11.4656539,48.11817342],[11.46564766,48.11796183],[11.46548702,48.11725855],[11.46540355,48.11690203],[11.46538098,48.11682405],[11.46509907,48.11584371],[11.46506998,48.11547124],[11.46506505,48.11500362],[11.46506232,48.11473106],[11.46506211,48.11471307],[11.46506207,48.1147048],[11.46425473,48.11460706],[11.46339328,48.11450168],[11.46337866,48.11432113],[11.46337573,48.11429092],[11.46336315,48.11414561],[11.46333762,48.11406976],[11.46329748,48.11394654],[11.4632642,48.11379628],[11.46324706,48.1136371],[11.46324715,48.11359033],[11.46326157,48.11346951],[11.46332025,48.11325168],[11.46332923,48.11322851],[11.46341564,48.11300397],[11.46345184,48.11290647],[11.46347268,48.11282662],[11.46348616,48.1127578],[11.46351269,48.11257115],[11.46351405,48.1125181],[11.46351776,48.11238115],[11.46350236,48.11221046],[11.46347099,48.11208925],[11.46334367,48.11180734],[11.46329688,48.1116312],[11.46323432,48.11141136],[11.46322536,48.11137058],[11.46318661,48.11109993],[11.46320381,48.11091628],[11.46320493,48.11090446],[11.46320936,48.11087314],[11.46325057,48.11083618],[11.46326995,48.110819],[11.463293,48.11079824],[11.46326423,48.11058275],[11.46329088,48.10987212],[11.46331358,48.10945829],[11.46341311,48.10934094],[11.46342954,48.10931053],[11.46350511,48.10917075],[11.46352997,48.10907975],[11.46357582,48.10880294],[11.46357683,48.10879594],[11.46358906,48.108705],[11.46359909,48.10863132],[11.46357588,48.10840909],[11.46349277,48.10813529],[11.46342529,48.10798568],[11.46339586,48.10790981],[11.46333491,48.10775259],[11.46328363,48.10754705],[11.46324393,48.1073243],[11.46322291,48.10703713],[11.46321278,48.10695272],[11.46318277,48.10684448],[11.46315526,48.10665288],[11.46314216,48.10653167],[11.46311837,48.10627658],[11.46309734,48.10606608],[11.46306241,48.10571903],[11.4629705,48.10525473],[11.463894,48.10524544],[11.46430351,48.10524133],[11.4652592,48.1052318],[11.46536342,48.10523066],[11.4663858,48.10523378],[11.46723648,48.10522812],[11.46855956,48.10520743],[11.46963601,48.10520393],[11.46968884,48.1058334],[11.47086737,48.10539427],[11.47131976,48.10527827],[11.47204203,48.10509285],[11.4730099,48.10490102],[11.47335359,48.10484662],[11.47364027,48.10480118],[11.47391169,48.10475822],[11.47441544,48.10467859],[11.47473653,48.10462775],[11.47485249,48.1046046],[11.47448891,48.10390665],[11.47454116,48.10389169],[11.47456082,48.10388584],[11.47463435,48.10386405],[11.47458355,48.10380402],[11.474072,48.1031999],[11.47284996,48.10175094],[11.4717885,48.10050002],[11.4709135,48.09945801],[11.47085065,48.0993792],[11.47118551,48.09899116],[11.47396794,48.09577423],[11.47393618,48.09566527],[11.47392215,48.09559586],[11.47391272,48.0953906],[11.47411428,48.09537498],[11.47411093,48.09536356],[11.47410147,48.09533124],[11.47409182,48.09529826],[11.4740787,48.09525395],[11.47394913,48.094812],[11.4738431,48.09439534],[11.47382246,48.09429839],[11.47375034,48.09395785],[11.47361392,48.0935681],[11.47359578,48.09351649],[11.47356562,48.09332506],[11.47353257,48.0931144],[11.4734681,48.09270377],[11.47301319,48.09185863],[11.47300028,48.0918342],[11.47293584,48.09171502],[11.47275453,48.09137782],[11.47250271,48.09091003],[11.47229189,48.09051894],[11.47222381,48.09039253],[11.47215207,48.09025926],[11.47207477,48.09011536],[11.47271762,48.08984253],[11.47304168,48.0896933],[11.47366688,48.08937278],[11.4739814,48.08921659],[11.47421108,48.08911721],[11.47434295,48.08907229],[11.47448683,48.08902319],[11.4747576,48.08894397],[11.47475842,48.08892985],[11.47476005,48.08890225],[11.4747273,48.08887682],[11.4750246,48.08881491],[11.47520145,48.08879041],[11.47526907,48.08878325],[11.47547,48.08877231],[11.47578918,48.08876661],[11.47622432,48.08876748],[11.47634551,48.08876778],[11.47632869,48.08874621],[11.47628826,48.08869646],[11.47619139,48.08857701],[11.47609503,48.08846134],[11.47592244,48.08825385],[11.47571716,48.08802722],[11.47568377,48.08798533],[11.47555794,48.08784987],[11.47529837,48.08756565],[11.47525605,48.0875186],[11.47512789,48.08738699],[11.47496158,48.0872132],[11.47481763,48.08706214],[11.47472449,48.0869848],[11.47461682,48.08693593],[11.47451081,48.0868958],[11.47437766,48.08685688],[11.47404043,48.08676298],[11.47386101,48.08671388],[11.4738424,48.08670849],[11.4737689,48.08669045],[11.47373981,48.08668654],[11.47362796,48.08666437],[11.47342568,48.08643938],[11.47313552,48.08605221],[11.47309328,48.08599582],[11.47299767,48.08586279],[11.4729741,48.08583003],[11.47265014,48.08537956],[11.4724931,48.08519528],[11.47234081,48.08503103],[11.4718717,48.08452718],[11.47171391,48.08435736],[11.47167282,48.08430465],[11.4716502,48.08427225],[11.47149793,48.08408183],[11.47144108,48.08401035],[11.4714037,48.08395174],[11.47131348,48.08380999],[11.47129763,48.08378447],[11.47127375,48.08374434],[11.47123544,48.08368363],[11.47115029,48.08354502],[11.47114528,48.08353654],[11.47105871,48.08335256],[11.47100234,48.08325992],[11.47091714,48.08318038],[11.47092211,48.08317987],[11.47113353,48.08308948],[11.47136054,48.08299371],[11.4715878,48.08289796],[11.47181512,48.08280225],[11.47192849,48.08275429],[11.47204241,48.0827065],[11.4722696,48.08261076],[11.47245869,48.08253124],[11.47255371,48.0824912],[11.47257731,48.08248124],[11.47258904,48.08247635],[11.47283807,48.08237148],[11.47287284,48.08235671],[11.47306381,48.08227638],[11.47318878,48.08222381],[11.47324352,48.08220058],[11.47325525,48.08219578],[11.47292585,48.08196205],[11.47284066,48.08200904],[11.47252428,48.08218348],[11.47246955,48.08221366],[11.47237512,48.08226573],[11.47194268,48.08180474],[11.47232634,48.08159284],[11.47254871,48.08141997],[11.47255505,48.08141668],[11.47292817,48.08122225],[11.47339595,48.08162563],[11.47301858,48.08182191],[11.47302968,48.0819048],[11.47336919,48.08214853],[11.47372912,48.08200018],[11.47401484,48.08188239],[11.47428888,48.08176952],[11.47455222,48.08166089],[11.47482681,48.08154778],[11.47497503,48.08148678],[11.47512315,48.08142565],[11.47523571,48.0813792],[11.47536418,48.08132626],[11.47562694,48.08121794],[11.47563301,48.08121536],[11.47589622,48.08110307],[11.47619201,48.08097697],[11.47635009,48.08090953],[11.47651238,48.08084022],[11.47673914,48.08074369],[11.47676165,48.08073417],[11.47678456,48.08072448],[11.47690772,48.08067244],[11.47700354,48.08063186],[11.47701108,48.08062875],[11.47711444,48.08058503],[11.47714893,48.08057043],[11.4772221,48.08053927],[11.47744793,48.0804432],[11.47756088,48.08039517],[11.47767381,48.08034712],[11.47789939,48.0802511],[11.47812499,48.08015501],[11.47835047,48.08005894],[11.47857582,48.07996305],[11.47921399,48.07969176],[11.47949038,48.07957411],[11.47965846,48.07950241],[11.47980525,48.07944007],[11.4799795,48.07936612],[11.4800828,48.07932188],[11.48009571,48.07931635],[11.480184,48.07927931],[11.48069154,48.0790641],[11.48114821,48.0788708],[11.48143837,48.0787473],[11.48152345,48.0787113],[11.48189534,48.07855512],[11.48252552,48.0782845],[11.48268744,48.07821509],[11.48306861,48.07805142],[11.48315638,48.07801378],[11.48376055,48.07775439],[11.48413931,48.07759166],[11.48476872,48.07732002],[11.48510531,48.0771754],[11.48574022,48.07690296],[11.48589868,48.07683498],[11.48595729,48.07680979],[11.48610189,48.07674784],[11.4862163,48.0766987],[11.48630321,48.0766615],[11.48637773,48.07662892],[11.48639013,48.07662385],[11.48639579,48.07662153],[11.48648812,48.07658202],[11.48667884,48.07650079],[11.48669742,48.07649261],[11.48674056,48.07647364],[11.48681279,48.07644302],[11.48700278,48.07636515],[11.48703646,48.07635145],[11.48644251,48.07536553],[11.48622363,48.07512792],[11.48611343,48.07494985],[11.48613552,48.07494315],[11.48616126,48.07493534],[11.48625575,48.07490666],[11.48631482,48.07488873],[11.48618771,48.07470215],[11.48580339,48.07421471],[11.4871321,48.07376956],[11.48800799,48.07496225],[11.48670093,48.07536165],[11.4866464,48.07537832],[11.48723462,48.07625862],[11.48725659,48.07624892],[11.48748601,48.07614804],[11.48749332,48.07615554],[11.48752082,48.07614343],[11.48762178,48.07609914],[11.48769505,48.07606699],[11.48770629,48.07606206],[11.4877265,48.07605388],[11.48800678,48.07594269],[11.48805639,48.07592179],[11.48828248,48.07582574],[11.48840687,48.07577287],[11.488536,48.075718],[11.48867429,48.07565933],[11.48880633,48.07560327],[11.48893973,48.07554657],[11.4890663,48.07549288],[11.48926926,48.0754069],[11.48931655,48.07538679],[11.48953538,48.07529384],[11.48955843,48.07528405],[11.48974269,48.07520575],[11.48994987,48.07511789],[11.48998505,48.07510303],[11.49161052,48.07441139],[11.49161385,48.07441375],[11.49314625,48.07376699],[11.49369842,48.0735308],[11.49472222,48.07309276],[11.49672227,48.07224666],[11.49886643,48.07133382],[11.50084701,48.07048838],[11.50239886,48.06981184],[11.50275878,48.06965491],[11.50356307,48.06929279],[11.50287947,48.068609],[11.5027328,48.06810572],[11.50274077,48.06801941],[11.50277643,48.06762517],[11.50302248,48.06698541],[11.50284377,48.06694361],[11.50257297,48.06694639],[11.50289381,48.06621024],[11.50304484,48.06570074],[11.50367425,48.06546945],[11.50367622,48.06545975],[11.50381805,48.06468548],[11.50383328,48.06456513],[11.50391773,48.06390134],[11.50411657,48.06287071],[11.50420865,48.06239395],[11.50544351,48.0621691],[11.50623943,48.06207673],[11.5062534,48.06207526],[11.50718376,48.06187113],[11.50832039,48.06166924],[11.50876409,48.06162448],[11.51150301,48.06439765],[11.51281966,48.06406519],[11.51294683,48.06403311],[11.51334675,48.06393213],[11.51441391,48.06366265],[11.51560881,48.06336075],[11.51563482,48.06341987],[11.51570011,48.06359338],[11.51575507,48.063761],[11.51596412,48.06456947],[11.51601945,48.06474964],[11.51610522,48.06495981],[11.51631331,48.06543472],[11.51646428,48.06540488],[11.51661159,48.06537557],[11.5166799,48.06554423],[11.5166824,48.06555027],[11.51674692,48.06570973],[11.51678272,48.06579801],[11.516818,48.06588531],[11.51688029,48.06603891],[11.51694712,48.0662043],[11.51700475,48.06634584],[11.51701407,48.066369],[11.51705278,48.06636161],[11.5171638,48.06634131],[11.51741339,48.06629574],[11.51757482,48.06626619],[11.51760257,48.06634077],[11.51762967,48.06641338],[11.5176366,48.06643203],[11.51769853,48.06659779],[11.51823435,48.06662257],[11.51822402,48.06677021],[11.51821911,48.06683818],[11.51821724,48.06686678],[11.51821278,48.06692972],[11.51878592,48.06705512],[11.51880251,48.06703036],[11.51883409,48.06697932],[11.51886501,48.06698773],[11.51893649,48.06700836],[11.51900579,48.06702835],[11.51894375,48.06712702],[11.51881834,48.0673263],[11.51883873,48.06732692],[11.52048116,48.06737651],[11.52061017,48.06736698],[11.5219556,48.06735354],[11.52211992,48.06734506],[11.52213244,48.06713588],[11.52226197,48.06713112],[11.52211356,48.06661871],[11.52210225,48.06653493],[11.52291939,48.06646417],[11.52296062,48.06646056],[11.5229971,48.06675589],[11.52307828,48.06741796],[11.52309238,48.06759286],[11.52309782,48.06765962],[11.52358947,48.06813262],[11.52388795,48.06837279],[11.52437739,48.06846153],[11.52518721,48.06836906],[11.52570362,48.06835043],[11.52621847,48.06833647],[11.52625282,48.06833562],[11.52626149,48.06847143],[11.52626673,48.06854275],[11.52627994,48.06874835],[11.52628096,48.06876858],[11.52628369,48.06880591],[11.52628571,48.06883433],[11.52628681,48.06884584],[11.52629681,48.06898732],[11.52673968,48.06898219],[11.5268085,48.0689814],[11.52696065,48.06897969],[11.52712916,48.06898032],[11.52715385,48.06898051],[11.52762357,48.06898235],[11.52763095,48.06898238],[11.52769278,48.06898227],[11.52776319,48.06898282],[11.52783335,48.06898297],[11.52796119,48.06898324],[11.52825087,48.06898387],[11.52825469,48.06905249],[11.52826604,48.06925274],[11.52826662,48.06926236],[11.52826998,48.0692621],[11.52831829,48.06925905],[11.52833979,48.06937536],[11.52838068,48.06958939],[11.52856896,48.06955807],[11.52857715,48.06960295],[11.52859188,48.06971144],[11.52861138,48.06970702],[11.52865076,48.06999793],[11.52866984,48.07013945],[11.52869375,48.07026826],[11.52872238,48.07042204],[11.52874263,48.07051082],[11.52875482,48.07054235],[11.52882246,48.07071667],[11.52883872,48.07075874],[11.52888468,48.07091237],[11.52891894,48.07109482],[11.52892329,48.07111786],[11.52896193,48.07136475],[11.52898368,48.07150043],[11.52899013,48.07154445],[11.52904101,48.07188267],[11.52905214,48.07193965],[11.52908856,48.07193333],[11.52913747,48.07201016],[11.52916892,48.0720039],[11.52917659,48.07201545],[11.52939287,48.07233999],[11.52956152,48.0725929],[11.52973619,48.07285443],[11.52984741,48.07301839],[11.52985268,48.07302885],[11.52987108,48.07305652],[11.52988935,48.07308384],[11.52986447,48.07309058],[11.52993154,48.0731805],[11.52996825,48.07322958],[11.52997473,48.07323932],[11.53000344,48.07328252],[11.53001376,48.07329767],[11.53005254,48.07335539],[11.53006379,48.07337234],[11.53016142,48.07351836],[11.53025382,48.07365694],[11.53027104,48.07368237],[11.53033221,48.07377369],[11.53048352,48.07399996],[11.53052828,48.07406697],[11.53072281,48.07435693],[11.53075961,48.07441212],[11.53078146,48.07444495],[11.53108231,48.07493797],[11.53108652,48.07494833],[11.53111582,48.07501977],[11.53124331,48.07533125],[11.53132819,48.07565077],[11.53152742,48.07614694],[11.53175452,48.07645433],[11.53213537,48.07683434],[11.53216125,48.07682168],[11.53222844,48.07688481],[11.53233215,48.07697929],[11.53234373,48.07699004],[11.53262567,48.07721574],[11.53275959,48.07730717],[11.53279852,48.07733458],[11.53282319,48.07735097],[11.53297726,48.07745093],[11.53301521,48.07746899],[11.53314267,48.07753246],[11.53327422,48.07758958],[11.53334547,48.07761992],[11.53341417,48.07766642],[11.53346295,48.07767552],[11.53350482,48.07767686],[11.53355181,48.07767507],[11.53359495,48.07766985],[11.53363582,48.07766138],[11.53367246,48.07766071],[11.53368156,48.07766336],[11.53370445,48.07766993],[11.53372381,48.0776799],[11.53370734,48.07769207],[11.53371735,48.07769813],[11.53372005,48.07769616],[11.53372523,48.07770266],[11.53374457,48.07771176],[11.53377372,48.07772552],[11.53377973,48.07772833],[11.53378961,48.07773439],[11.53380027,48.07772724],[11.53383577,48.07773323],[11.53385476,48.07774077],[11.53385815,48.07773692],[11.53394115,48.07774275],[11.53397601,48.0777456],[11.53403928,48.07775217],[11.53425962,48.07775363],[11.53436418,48.0777402],[11.5346326,48.07775198],[11.53473919,48.07775988],[11.53483209,48.07776927],[11.53496424,48.07778502],[11.53509531,48.07780598],[11.53529111,48.07784204],[11.53542256,48.07786127],[11.53555556,48.0778725],[11.53559636,48.07787168],[11.53564297,48.07786774],[11.53565798,48.07787032],[11.53576077,48.07788791],[11.5358188,48.07789732],[11.53586973,48.07790553],[11.53592761,48.07791585],[11.53605356,48.07793778],[11.53622369,48.07795338],[11.53630708,48.07795953],[11.53686447,48.07800146],[11.53688729,48.07800092],[11.53694835,48.07799954],[11.53709013,48.07799646],[11.5372573,48.07799267],[11.53751039,48.07798701],[11.53808012,48.07797028],[11.53848636,48.07795956],[11.53967449,48.07792822],[11.54061206,48.07790341],[11.54132711,48.07788449],[11.54188136,48.07786988],[11.54237814,48.07785672],[11.54236126,48.0778231],[11.54233573,48.07773459],[11.54232742,48.07768753],[11.54233062,48.07761426],[11.54230553,48.07752236],[11.54226657,48.07743446],[11.54225851,48.07734449],[11.54224239,48.07725511],[11.54222822,48.07718814],[11.54221946,48.07707559],[11.54220318,48.07678717],[11.54211931,48.07669699],[11.54209096,48.07662745],[11.54206427,48.076567],[11.54205528,48.07652147],[11.54203925,48.07646809],[11.54201373,48.07642636],[11.54197305,48.07636911],[11.54194827,48.07631776],[11.54194021,48.07628822],[11.54191431,48.07628749],[11.5419156,48.07624819],[11.54192393,48.07621683],[11.54191284,48.07618162],[11.54189284,48.0761201],[11.54184763,48.07607233],[11.54183277,48.07603782],[11.54181047,48.07599529],[11.54178952,48.07595257],[11.54175249,48.07592194],[11.54169161,48.07583052],[11.54165532,48.07573478],[11.54163142,48.07566003],[11.54158778,48.07549564],[11.54158198,48.07538049],[11.54163784,48.07525668],[11.54166153,48.07512752],[11.54167528,48.07499914],[11.54169675,48.07490821],[11.54169828,48.07490138],[11.54171817,48.07471741],[11.54172812,48.07468418],[11.54173088,48.07467502],[11.54175578,48.07459129],[11.54180793,48.07459617],[11.54180905,48.07459069],[11.54184153,48.07457517],[11.54187248,48.0745796],[11.54187376,48.0745725],[11.54190379,48.07457496],[11.54190337,48.07457676],[11.54195526,48.074581],[11.54200192,48.07458479],[11.54203649,48.0745914],[11.54208246,48.07459814],[11.54229825,48.07462823],[11.5422974,48.07463263],[11.54233144,48.07463727],[11.54233704,48.07461058],[11.54243396,48.07461953],[11.54246731,48.07458018],[11.54252423,48.07454678],[11.54263986,48.07452375],[11.54266574,48.0745109],[11.54269366,48.07448114],[11.54274887,48.07441453],[11.54274821,48.07439861],[11.54275664,48.07437139],[11.54280596,48.07433436],[11.54284781,48.07432149],[11.54286881,48.07431519],[11.54290267,48.07426497],[11.54293226,48.07421249],[11.54298315,48.07416502],[11.54304664,48.07411824],[11.54311689,48.07408039],[11.5431884,48.07404884],[11.54321925,48.07401946],[11.54325699,48.07399892],[11.54327357,48.07397479],[11.54332651,48.07394963],[11.54334018,48.07392054],[11.54335827,48.07389371],[11.54334984,48.07386048],[11.54332406,48.0738476],[11.54336757,48.07379767],[11.54335964,48.07375349],[11.54336776,48.07374624],[11.5434026,48.07375241],[11.54342404,48.07374062],[11.5434391,48.07369222],[11.5434426,48.0736604],[11.54351507,48.07356995],[11.54355227,48.07356721],[11.54360658,48.07352677],[11.54352196,48.07344108],[11.54313382,48.07304626],[11.54396769,48.07194766],[11.54416513,48.07090898],[11.54423865,48.07052268],[11.54429252,48.07023994],[11.54400766,48.06963096],[11.54418548,48.06912666],[11.54406535,48.06830995],[11.54504674,48.06819159],[11.54536014,48.06813695],[11.54542587,48.06812508],[11.54623672,48.0695365],[11.54648621,48.06998638],[11.54661727,48.07022999],[11.54689746,48.07077347],[11.5472894,48.07152216],[11.54736684,48.07160934],[11.54737302,48.07160874],[11.54750111,48.07157986],[11.5480916,48.07274786],[11.54893515,48.07441376],[11.5490309,48.07460579],[11.54911692,48.07458866],[11.54976165,48.07446063],[11.5497781,48.07448173],[11.54988689,48.07462101],[11.54991451,48.07465637],[11.54970689,48.07473298],[11.54937012,48.07485734],[11.54931747,48.07487673],[11.5492663,48.07489577],[11.54923412,48.07490751],[11.54915799,48.0748635],[11.54986947,48.07632569],[11.55023703,48.07707731],[11.55177982,48.08031238],[11.55183098,48.08041977],[11.55190421,48.08057831],[11.55201906,48.0808268],[11.55210569,48.08101419],[11.55222459,48.08126901],[11.55234489,48.08152614],[11.55239874,48.08164174],[11.55257228,48.08201319],[11.55271823,48.08232543],[11.5528295,48.08256354],[11.55289244,48.08269824],[11.55304799,48.08303111],[11.55318619,48.08332806],[11.55325578,48.08347864],[11.55330648,48.08358832],[11.55347292,48.08394821],[11.55363,48.08428507],[11.55379247,48.08463858],[11.55394525,48.08496832],[11.55424057,48.08493218],[11.55575424,48.08474709],[11.55675703,48.08462446],[11.56032112,48.08418845],[11.56053769,48.0841619],[11.56054131,48.08416147],[11.56050036,48.08398758],[11.56056945,48.08394135],[11.56142446,48.08379055],[11.5614545,48.08378525],[11.56249023,48.08360261],[11.56291213,48.08511357],[11.56291241,48.08517651],[11.56299451,48.08516639],[11.56331272,48.08526213],[11.56553206,48.08607421],[11.56562129,48.08611323],[11.56684346,48.08655731],[11.56777284,48.08689498],[11.57126405,48.08817227],[11.57127168,48.08817472],[11.57132427,48.08819434],[11.57323795,48.0888975],[11.57438344,48.08881452],[11.57443439,48.08933744],[11.57451013,48.08936525],[11.57453864,48.08937569],[11.5745717,48.08938795],[11.57458307,48.08939213],[11.57527174,48.08965329],[11.57573441,48.0898288],[11.5771229,48.09035542],[11.57879803,48.09098878],[11.57925635,48.09116367],[11.57982657,48.09137966],[11.58030204,48.09155971],[11.58030244,48.09155986],[11.58030364,48.09156032],[11.58030726,48.09156168],[11.58038663,48.09159218],[11.58266858,48.09246955],[11.58502095,48.09336935],[11.58542095,48.09352789],[11.58546012,48.09351444],[11.58553927,48.09348737],[11.58567161,48.09345618],[11.58580995,48.09344857],[11.58594795,48.09346355],[11.58608125,48.09349345],[11.58620135,48.09353183],[11.58631495,48.09357916],[11.58642028,48.09363539],[11.58692153,48.09387687],[11.58734806,48.09355521],[11.58750215,48.09350011],[11.58771432,48.09347718],[11.58802317,48.09350117],[11.58822571,48.09354309],[11.58837793,48.09352728],[11.58855999,48.09343016],[11.58883582,48.09293414],[11.58891209,48.09279846],[11.58882953,48.09278081],[11.58886013,48.09273218],[11.58894124,48.09274623],[11.58907001,48.09251355],[11.58930359,48.09209035],[11.58951279,48.0917143],[11.58976026,48.09126703],[11.58999296,48.09084256],[11.59022815,48.09042106],[11.59047277,48.08997773],[11.59069443,48.08958379],[11.5909205,48.08917601],[11.59101569,48.08900439],[11.59104183,48.08895745],[11.5911618,48.08874111],[11.59139124,48.08833003],[11.59161724,48.08791002],[11.59183434,48.08748529],[11.59202991,48.08705212],[11.59218441,48.0866762],[11.59223241,48.08635896],[11.59224963,48.08608065],[11.59232666,48.0856627],[11.59253554,48.08524261],[11.59262065,48.08506999],[11.59291253,48.08504177],[11.59311768,48.085022],[11.59361578,48.08497392],[11.59382494,48.08504059],[11.59451545,48.08526072],[11.59443824,48.08536773],[11.5943275,48.08551744],[11.59452428,48.08557261],[11.59443851,48.08571208],[11.59468076,48.08580351],[11.59472423,48.08581994],[11.59484808,48.08566235],[11.59492525,48.08556406],[11.59503316,48.08542676],[11.59508071,48.08543997],[11.59538647,48.08552387],[11.59559085,48.08557951],[11.59597969,48.08569851],[11.59643778,48.08578553],[11.59691039,48.08583174],[11.59741513,48.08583827],[11.59770854,48.0858712],[11.59788645,48.08593403],[11.59804584,48.08606135],[11.59813889,48.0863378],[11.59818639,48.08644491],[11.59828371,48.08653123],[11.59836224,48.08658278],[11.59840013,48.08659568],[11.59854591,48.08664575],[11.59966224,48.08688705],[11.60177553,48.08734331],[11.60312198,48.08557307],[11.60313444,48.08557671],[11.60352924,48.08506191],[11.60424595,48.08542287],[11.60470987,48.08568889],[11.60592016,48.08639176],[11.60651844,48.08682091],[11.60707379,48.08683038],[11.60712344,48.08683118],[11.60718115,48.08683246],[11.60721685,48.08683321],[11.60743653,48.08683818],[11.60750497,48.08683968],[11.60752404,48.08684011],[11.60760379,48.08684193],[11.60762273,48.08684231],[11.60770448,48.086844],[11.60774959,48.08684498],[11.60785321,48.08684731],[11.60786462,48.08684753],[11.60809772,48.08685273],[11.60834157,48.08685777],[11.60860484,48.08686692],[11.60872074,48.0868711],[11.60934214,48.08689332],[11.6098189,48.08692042],[11.60999689,48.08693059],[11.61035392,48.08695802],[11.61081008,48.08699289],[11.61183735,48.08709079],[11.61188389,48.08709553],[11.61187634,48.08713597],[11.61187129,48.08716284],[11.61182839,48.08739574],[11.61172008,48.08775943],[11.61161249,48.08809485],[11.61165315,48.08809409],[11.61168873,48.08809339],[11.61171491,48.08809293],[11.61192614,48.08808888],[11.61204269,48.08808675],[11.6121238,48.08808479],[11.61216233,48.08808456],[11.61271082,48.08807437],[11.61288253,48.08806883],[11.6130612,48.08806331],[11.61317329,48.0880598],[11.61328537,48.08805638],[11.61340095,48.08805282],[11.6135623,48.08804813],[11.61358351,48.0880473],[11.61419217,48.08802426],[11.61448756,48.0880256],[11.61452943,48.08802573],[11.61461923,48.08802602],[11.61466836,48.08802609],[11.6147105,48.08802631],[11.61495371,48.08803142],[11.61519598,48.08803274],[11.61515258,48.0883063],[11.61514611,48.08834747],[11.61513246,48.08843277],[11.61555071,48.08844227],[11.61561284,48.08844364],[11.61566827,48.08844508],[11.61577366,48.08844281],[11.61620451,48.08843418],[11.61631406,48.08843207],[11.61633192,48.08843169],[11.61634387,48.08843146],[11.61671842,48.08842479],[11.61674997,48.08842401],[11.61680087,48.08843795],[11.6167556,48.08862397],[11.61738388,48.0885778],[11.62371797,48.08811225],[11.62375422,48.08810976],[11.62373891,48.08801789],[11.62380377,48.08801369],[11.62377552,48.08782664],[11.62371156,48.08732454],[11.62374367,48.08732221],[11.62381703,48.08731668],[11.62388381,48.08731176],[11.625032,48.08722668],[11.62630877,48.08713339],[11.62634818,48.08710258],[11.62644466,48.0870867],[11.62646025,48.08708424],[11.62646979,48.08708274],[11.62648175,48.0870808],[11.62670137,48.08709538],[11.62685396,48.08709912],[11.6270111,48.08708469],[11.62703741,48.08708387],[11.62705589,48.08707134],[11.62705668,48.08705371],[11.62703946,48.08704034],[11.62700815,48.08700677],[11.62690168,48.08695407],[11.62656881,48.086839],[11.6265813,48.08680028],[11.62659312,48.08679879],[11.62680511,48.08677264],[11.62692197,48.08676005],[11.62762176,48.08670119],[11.62771107,48.08669367],[11.62774975,48.08669038],[11.62778642,48.08668735],[11.62783298,48.08668967],[11.6279074,48.08668335],[11.62867238,48.08661952],[11.62932542,48.08656723],[11.62962855,48.08654643],[11.62962587,48.08625694],[11.62966521,48.08625652],[11.63036542,48.08622237],[11.63099956,48.08618237],[11.63211209,48.08606404],[11.63285418,48.08598688],[11.63295467,48.08597645],[11.63304316,48.08596725],[11.63305406,48.08582428],[11.63305989,48.08557129],[11.63306691,48.08549117],[11.63306169,48.08503557],[11.63305656,48.08488448],[11.63303808,48.0846932],[11.63303257,48.08460172],[11.63302993,48.08450403],[11.63303817,48.08427411],[11.63307173,48.0842743],[11.6331417,48.08427143],[11.63364161,48.08425098],[11.63414991,48.08422552],[11.63471956,48.08417951],[11.63482433,48.08416842],[11.63516569,48.0841321],[11.63566843,48.08406518],[11.63625354,48.08398125],[11.63677035,48.08390321],[11.63742131,48.08380131],[11.63825024,48.0836675],[11.63823282,48.08362337],[11.6374047,48.08374064],[11.63737592,48.08363603],[11.63778644,48.08358346],[11.63819319,48.0835271],[11.63907519,48.08339308],[11.63978086,48.08327999],[11.63986447,48.0832655],[11.6407367,48.08311425],[11.64133568,48.0830098],[11.64159678,48.08296427],[11.6422562,48.08284707],[11.64281609,48.08273808],[11.64380443,48.08254693],[11.64438246,48.08242648],[11.64517158,48.08226393],[11.64540565,48.08221871],[11.64588753,48.08212561],[11.64630814,48.08204805],[11.64674986,48.08196994],[11.64678909,48.08196305],[11.6468197,48.0820216],[11.64776132,48.08180702],[11.64796355,48.08176094],[11.6482578,48.08169311],[11.64938947,48.08143214],[11.64946164,48.08141563],[11.64948194,48.08141102],[11.64978392,48.08134111],[11.64988969,48.08131706],[11.6499573,48.08130152],[11.65014457,48.08128165],[11.65022426,48.08126921],[11.65081489,48.08115402],[11.65127652,48.08106009],[11.65152041,48.08101048],[11.65231059,48.08085771],[11.65261412,48.08080411],[11.65309401,48.08071118],[11.65364852,48.08060026],[11.6539081,48.08055187],[11.65417895,48.08049934],[11.65432171,48.08046907],[11.65448197,48.08043512],[11.65470704,48.08039427],[11.65516136,48.08030343],[11.65548649,48.08024396],[11.65601351,48.0801509],[11.65667349,48.08003429],[11.65710687,48.07996058],[11.65746984,48.07989885],[11.65825998,48.07975247],[11.65837247,48.0797305],[11.65842646,48.07971992],[11.65847593,48.07971022],[11.65904375,48.0795986],[11.6591343,48.07958161],[11.65923725,48.07956194],[11.6599632,48.0794375],[11.6600739,48.07941849],[11.66020353,48.07939623],[11.66023665,48.07946503],[11.66029931,48.07944598],[11.66066851,48.07932902],[11.66073811,48.07931555],[11.66079669,48.07930421],[11.66103522,48.07925791],[11.6614342,48.07918064],[11.66145595,48.07917692],[11.6615642,48.07915601],[11.66173279,48.07912341],[11.6619047,48.07909021],[11.66195995,48.07907959],[11.66215333,48.07905032],[11.66221689,48.07904035],[11.66240224,48.07901272],[11.66244536,48.0790061],[11.66256537,48.07897785],[11.6626499,48.07895796],[11.66271481,48.07894268],[11.66291485,48.07889554],[11.6631477,48.07885233],[11.66336715,48.07881162],[11.66347486,48.0789933],[11.66437533,48.07870884],[11.66433111,48.07861516],[11.66442262,48.07860042],[11.66475442,48.07854701],[11.66479461,48.07854057],[11.6648794,48.07852688],[11.66501324,48.07850532],[11.66564884,48.07840226],[11.66557766,48.07822614],[11.66556986,48.07820858],[11.66597368,48.07816793],[11.66645241,48.07811977],[11.66684795,48.07807443],[11.66715326,48.07803949],[11.66742372,48.07800853],[11.66745877,48.07800449],[11.66778318,48.07796723],[11.66782293,48.07796275],[11.66824961,48.07797663],[11.66857228,48.07798712],[11.66889544,48.07799778],[11.66921836,48.07800872],[11.66954069,48.07801884],[11.66983676,48.07802861],[11.66986252,48.07802958],[11.67019849,48.07804281],[11.67045368,48.07805281],[11.67053446,48.07805286],[11.67087058,48.07805288],[11.67120593,48.07805314],[11.67157474,48.07805311],[11.67166154,48.07805312],[11.67173607,48.07805311],[11.67173672,48.07805311],[11.67186445,48.07806496],[11.67345103,48.07821232],[11.67351692,48.07835579],[11.67353269,48.07839019],[11.67362179,48.07858402],[11.67371164,48.07877966],[11.67419752,48.07873022],[11.67426358,48.07872349],[11.67427043,48.07872306],[11.67437624,48.07871203],[11.6749724,48.07865082],[11.67497764,48.07865021],[11.67515799,48.07863175],[11.67528476,48.07861871],[11.67533956,48.07861321],[11.67551457,48.07859527],[11.67568821,48.07857742],[11.67585551,48.07856026],[11.67601474,48.07854385],[11.67631856,48.07851273],[11.67659742,48.07848403],[11.67681227,48.07846194],[11.67702845,48.0784397],[11.67718772,48.07842336],[11.67726294,48.07841568],[11.67737175,48.07840457],[11.67742938,48.07839871],[11.67751292,48.07839015],[11.67759617,48.07838158],[11.67769795,48.07837118],[11.67776387,48.07836444],[11.67788369,48.07835221],[11.67790075,48.07835047],[11.67793326,48.07834715],[11.67800862,48.07833955],[11.67801306,48.07833902],[11.67802474,48.0783378],[11.67820884,48.0783189],[11.67835237,48.07830375],[11.67856345,48.07828258],[11.67861703,48.07827688],[11.67865677,48.07845178],[11.67880783,48.07843773],[11.67894911,48.07842455],[11.6790227,48.07841767],[11.67922172,48.07839908],[11.67938784,48.07838351],[11.67936471,48.07828345],[11.6793451,48.07819897],[11.67941212,48.07819178],[11.67964361,48.07816704],[11.67979013,48.07815138],[11.67989607,48.07813998],[11.68035111,48.07809133],[11.68048686,48.07807678],[11.68061616,48.07806293],[11.68063523,48.07806037],[11.68098748,48.0780118],[11.68169934,48.07791338],[11.68212533,48.07785494],[11.68223225,48.07784023],[11.68256274,48.07779482],[11.68274793,48.07776943],[11.68296899,48.07775179],[11.68297235,48.07775152],[11.68355833,48.07770463],[11.68406628,48.07766405],[11.68424142,48.07764341],[11.68435475,48.07763014],[11.68530043,48.07751872],[11.68565624,48.07748956],[11.6853972,48.07762817],[11.68522926,48.07776974],[11.68506269,48.07790934],[11.68503479,48.07792815],[11.68482454,48.07807159],[11.6847039,48.07819053],[11.68461133,48.07831202],[11.68459273,48.07834721],[11.68453774,48.07845017],[11.68447839,48.07856267],[11.68433685,48.07879909],[11.68432765,48.07881139],[11.68423518,48.0789338],[11.68410889,48.07910096],[11.68407293,48.07914879],[11.68378575,48.07972708],[11.68374955,48.07982224],[11.68364983,48.08008406],[11.68363592,48.08012054],[11.68362321,48.0801572],[11.68358603,48.08026424],[11.68358614,48.08057017],[11.68356076,48.08065831],[11.68349919,48.08087353],[11.68347725,48.080951],[11.6834446,48.08106621],[11.68346524,48.08132783],[11.68349792,48.0814256],[11.68351726,48.08148933],[11.68323977,48.08159948],[11.68310096,48.08165431],[11.68296665,48.08176606],[11.68290372,48.08178683],[11.68287374,48.08179664],[11.68273606,48.08192693],[11.68270347,48.08195773],[11.68257512,48.08207907],[11.68241043,48.08223681],[11.6823089,48.08233412],[11.68217775,48.08242443],[11.68199821,48.08254821],[11.68189011,48.08262272],[11.68180554,48.08266825],[11.68160184,48.08277822],[11.68137549,48.08292854],[11.68131834,48.08296651],[11.68128046,48.08306819],[11.68127805,48.08307469],[11.68124799,48.08315538],[11.68123107,48.08317772],[11.68111949,48.08337691],[11.68105669,48.0834898],[11.68100934,48.08357511],[11.68097941,48.08371228],[11.68096038,48.08380019],[11.68096015,48.08402543],[11.68096027,48.08402759],[11.68096609,48.08410512],[11.68103262,48.0842716],[11.68111178,48.0844938],[11.68112338,48.08452612],[11.68112711,48.08455248],[11.68113908,48.08463266],[11.68115982,48.08471049],[11.68116205,48.08471895],[11.68120946,48.08489612],[11.68121918,48.08493193],[11.68126832,48.08503433],[11.68133044,48.08516402],[11.68141609,48.08534018],[11.68151208,48.08553687],[11.68151858,48.08555002],[11.68152158,48.08556334],[11.6815966,48.08589053],[11.68163214,48.08607543],[11.68166764,48.08634059],[11.68172448,48.08658377],[11.68178416,48.08677557],[11.6817943,48.08680815],[11.68184991,48.0868465],[11.6819092,48.08694],[11.68193066,48.08702604],[11.68195237,48.08705299],[11.6820095,48.08712474],[11.68205,48.08729043],[11.68211035,48.08745609],[11.68219391,48.08761588],[11.68225174,48.08784143],[11.68228388,48.08796978],[11.68235007,48.08818156],[11.68235678,48.08820244],[11.68240756,48.08842975],[11.68243055,48.08859402],[11.68245947,48.08880007],[11.68248251,48.08896545],[11.68250615,48.08914331],[11.68250935,48.08916697],[11.68251703,48.08942281],[11.68249207,48.08973682],[11.68248973,48.0897664],[11.68249489,48.09004241],[11.68249645,48.09012369],[11.68250069,48.09034845],[11.68250239,48.09044074],[11.68254683,48.09087372],[11.68256324,48.09103363],[11.68256564,48.09105692],[11.68260203,48.09128504],[11.68260756,48.09130421],[11.68265046,48.09145254],[11.68266256,48.0914944],[11.68277424,48.09180249],[11.68304426,48.09208944],[11.68311439,48.09212546],[11.68322902,48.09218436],[11.68334674,48.09224908],[11.68341201,48.0922548],[11.68348774,48.09226145],[11.6836883,48.09232308],[11.68395002,48.09237869],[11.68415756,48.09242278],[11.68449877,48.09247937],[11.68465105,48.09247222],[11.68504948,48.09245331],[11.68569713,48.09250683],[11.68595643,48.09248604],[11.68596624,48.09248454],[11.68623942,48.09244165],[11.68683578,48.09233548],[11.68734284,48.09222329],[11.68777892,48.09215052],[11.6878493,48.09213866],[11.68785389,48.09220198],[11.68805093,48.09219558],[11.68823527,48.09219004],[11.68873643,48.0922113],[11.68852427,48.09237339],[11.68826714,48.09256995],[11.68800176,48.09276952],[11.68787798,48.0928796],[11.68766874,48.09302462],[11.68736997,48.09329568],[11.68710826,48.09354332],[11.68730883,48.09358927],[11.68813774,48.09377925],[11.68906105,48.09400678],[11.68888,48.09492714],[11.68928871,48.09508093],[11.69006961,48.09541497],[11.690918,48.09573561],[11.69194741,48.09612617],[11.69261951,48.0963869],[11.69355823,48.09675121],[11.69385352,48.0969045],[11.69421067,48.09711093],[11.69425087,48.09712137],[11.69429027,48.09713164],[11.69463769,48.09722268],[11.69487862,48.09722673],[11.69542517,48.09728655],[11.69553416,48.09731238],[11.69566305,48.09731522],[11.69618735,48.09727769],[11.69663964,48.09743303],[11.69684175,48.09755135],[11.69711785,48.09777322],[11.69753583,48.09798922],[11.69756246,48.09800297],[11.69766363,48.09805513],[11.69850912,48.09843835],[11.69896684,48.09863415],[11.69898063,48.09864219],[11.69899524,48.09864628],[11.69900595,48.0986508],[11.70008605,48.09912626],[11.70019187,48.09917283],[11.70141145,48.09958358],[11.70143302,48.09959119],[11.70146838,48.09960397],[11.70149223,48.0996124],[11.70244212,48.0999509],[11.70246662,48.09996008],[11.70270106,48.10004794],[11.70332486,48.10030854],[11.70374976,48.10035132],[11.70411317,48.10041093],[11.70437017,48.10046102],[11.70506226,48.10078581],[11.70536788,48.10094333],[11.70540778,48.10096385],[11.70547992,48.10100108],[11.70584664,48.10118651],[11.70592526,48.10122117],[11.70609994,48.10129826],[11.70632692,48.10139264],[11.7069289,48.10160993],[11.70714788,48.10168904],[11.70749771,48.10180748],[11.70774637,48.10189115],[11.70818449,48.10205425],[11.70847441,48.10214632],[11.70891199,48.10232743],[11.70934296,48.10257194],[11.7101201,48.10313158],[11.71056444,48.10343885],[11.71097635,48.10372257],[11.71143099,48.104096],[11.71160721,48.10424069],[11.7118264,48.10437837],[11.71231527,48.10467721],[11.71232611,48.10468345],[11.71241996,48.10472999],[11.71248368,48.1047618],[11.71249547,48.10476785],[11.71270469,48.10486952],[11.712724,48.10490068],[11.71275935,48.10496733],[11.7127826,48.10501119],[11.71280519,48.10505361],[11.71282379,48.10508864],[11.71306151,48.10557481],[11.7130724,48.10559678],[11.71308299,48.10562279],[11.71309386,48.10567173],[11.71310408,48.10571735],[11.71320582,48.10616922],[11.71320843,48.10635034],[11.7132085,48.10636078],[11.71321112,48.10654262],[11.71321266,48.10664822],[11.71322781,48.10672201],[11.71324752,48.1068164],[11.71327002,48.1069243],[11.7132757,48.10694177],[11.71338264,48.10711465],[11.71348931,48.10737125],[11.71359358,48.10762137],[11.71367347,48.10781346],[11.71379457,48.10810394],[11.71381061,48.10814237],[11.7138827,48.10828938],[11.71391753,48.108375],[11.71399451,48.10856443],[11.71402262,48.10863384],[11.71402381,48.10863826],[11.71407643,48.10884957],[11.71409416,48.10892103],[11.71411215,48.10899321],[11.7141479,48.10913684],[11.71418383,48.10928048],[11.71419844,48.1093388],[11.71420323,48.10937299],[11.71421098,48.10942816],[11.71421874,48.10948323],[11.71423192,48.10957656],[11.714303,48.10981825],[11.71435114,48.10998181],[11.71440024,48.11014941],[11.71441854,48.11021187],[11.71443778,48.11027744],[11.7144383,48.11027924],[11.71444608,48.1103055],[11.71454334,48.1106616],[11.71454557,48.11066997],[11.71455176,48.1106922],[11.71455545,48.11070588],[11.71457491,48.11077885],[11.71458641,48.11081945],[11.71458795,48.11082492],[11.71459438,48.11085318],[11.71458807,48.11090065],[11.71458542,48.1109197],[11.71458316,48.11093714],[11.71458303,48.11093813],[11.71458247,48.11094245],[11.71458107,48.11095207],[11.71457925,48.11096582],[11.71458095,48.11097392],[11.71458749,48.1110055],[11.71459234,48.11102863],[11.71461091,48.11111725],[11.71442539,48.11108099],[11.71427179,48.11105346],[11.71411226,48.11102977],[11.71405615,48.11102594],[11.71402152,48.11102361],[11.71393574,48.11101782],[11.71391662,48.11102712],[11.71388417,48.11104305],[11.71386343,48.11105334],[11.71343165,48.11126543],[11.71305844,48.11146356],[11.71294753,48.11152244],[11.71261071,48.11174474],[11.7124979,48.1118192],[11.71226623,48.11199004],[11.71213704,48.1120853],[11.71212612,48.11209337],[11.71211007,48.11210528],[11.7120564,48.1121447],[11.71194178,48.11222901],[11.71189121,48.11226612],[11.71182247,48.11231012],[11.71174767,48.11235796],[11.71168675,48.11239692],[11.71157462,48.11246861],[11.71148701,48.11252463],[11.71144402,48.11255206],[11.71122581,48.11269165],[11.71116368,48.11273133],[11.71105985,48.11280533],[11.71103504,48.11282298],[11.71090007,48.11291912],[11.71089724,48.11292118],[11.71076228,48.11301741],[11.71073303,48.11303821],[11.71070214,48.11306331],[11.71063404,48.11311881],[11.7103813,48.11332413],[11.71032587,48.11336923],[11.710285,48.1134024],[11.71024038,48.11343359],[11.71019076,48.11346809],[11.71010957,48.11352553],[11.7099743,48.11362152],[11.7098391,48.11371759],[11.70982158,48.11372995],[11.70966609,48.11382588],[11.70949182,48.11393336],[11.70932159,48.11403843],[11.70913325,48.11414201],[11.70898507,48.11422402],[11.70898492,48.1142241],[11.70891154,48.11423318],[11.70901919,48.1143135],[11.70903056,48.11432199],[11.70913152,48.11439762],[11.70929604,48.11452063],[11.70946477,48.11464689],[11.7097983,48.11489644],[11.70986008,48.11494273],[11.70988442,48.11496078],[11.71033324,48.11529571],[11.71062466,48.11551322],[11.71068323,48.11555691],[11.71023434,48.11565742],[11.71011761,48.11568338],[11.70997951,48.11571234],[11.7097212,48.11576653],[11.70923145,48.11586924],[11.70891666,48.11593517],[11.70871764,48.11597692],[11.70859109,48.11600457],[11.7082626,48.1160763],[11.70792595,48.11614986],[11.70776578,48.11618487],[11.70760553,48.11621988],[11.7072846,48.11628998],[11.70696415,48.11635999],[11.70688186,48.11637795],[11.7067291,48.11641155],[11.70646379,48.11646888],[11.70600217,48.11656897],[11.70573874,48.11662624],[11.70558476,48.11665973],[11.70521284,48.11674044],[11.70514887,48.11675439],[11.70499026,48.11678887],[11.7048289,48.11682298],[11.70466054,48.11685896],[11.70442977,48.11690835],[11.70424138,48.11694852],[11.70401871,48.11699609],[11.7038404,48.11703415],[11.7036621,48.11707223],[11.70353448,48.11709952],[11.70340606,48.11712687],[11.70311975,48.11718804],[11.70293132,48.1172292],[11.7025612,48.11731004],[11.70233135,48.11736027],[11.70203098,48.11742583],[11.70172061,48.11749316],[11.70150327,48.11754073],[11.70135883,48.11757237],[11.70125139,48.11759599],[11.70101063,48.11764847],[11.70066267,48.11772437],[11.7005329,48.11775274],[11.70040501,48.11778064],[11.7001522,48.11783584],[11.70007556,48.11785256],[11.69989527,48.11788889],[11.69974834,48.11791844],[11.6997279,48.11787586],[11.69961857,48.11790011],[11.69960606,48.11790295],[11.69895016,48.11804906],[11.69876738,48.11799542],[11.69869175,48.11797318],[11.69846375,48.11797021],[11.69833362,48.11802354],[11.69809457,48.11812145],[11.69803722,48.11814495],[11.69796089,48.11817624],[11.69768852,48.11830275],[11.69767654,48.11830875],[11.69752355,48.11834183],[11.69703219,48.11844774],[11.69670915,48.11851757],[11.69667499,48.11852503],[11.69658361,48.11853136],[11.69642357,48.1185423],[11.69641612,48.11857582],[11.6964004,48.11864708],[11.69529932,48.11888783],[11.69488406,48.11897873],[11.69472443,48.11901368],[11.69404,48.11934687],[11.6940588,48.11936335],[11.69407235,48.11937529],[11.69408452,48.11938584],[11.69413051,48.11942607],[11.69413933,48.11943383],[11.69414562,48.11943933],[11.69460771,48.11984361],[11.69475422,48.11997188],[11.69482331,48.12003231],[11.69478861,48.12003986],[11.69502218,48.12025029],[11.69511902,48.12033759],[11.69512449,48.12034255],[11.69515805,48.12032528],[11.69536083,48.12022114],[11.69569664,48.12004836],[11.69606176,48.11986065],[11.69635558,48.12011826],[11.6963636,48.12012539],[11.6965592,48.12029686],[11.69688505,48.12058277],[11.69700369,48.1206868],[11.6970769,48.12075104],[11.6972266,48.12088228],[11.6973761,48.12101347],[11.69756745,48.12118121],[11.69746126,48.12124161],[11.69710392,48.12144495],[11.69675527,48.12164308],[11.69655532,48.12175668],[11.69635673,48.12186962],[11.69625845,48.1219254],[11.69616017,48.12198117],[11.69596608,48.12209141],[11.69577258,48.1222015],[11.69567702,48.12225576],[11.6955816,48.12231003],[11.69539182,48.12241789],[11.6953507,48.12244124],[11.69520387,48.12252472],[11.69501795,48.12263026],[11.69483331,48.12273524],[11.69465082,48.12283898],[11.69446444,48.12294495],[11.69443372,48.1229623],[11.69418646,48.12310204],[11.69501262,48.12371037],[11.69592885,48.12438518],[11.69643264,48.12438687],[11.69650685,48.12444077],[11.69714542,48.12491151],[11.69774079,48.12534818],[11.69854649,48.12486657],[11.69869966,48.12477508],[11.69923936,48.12445235],[11.69928169,48.12442728],[11.69932968,48.12439853],[11.69934182,48.12439127],[11.69938712,48.12436422],[11.69949281,48.1243011],[11.69959834,48.12423808],[11.69964862,48.1242079],[11.69980946,48.12411155],[11.70004192,48.12397269],[11.70029207,48.12382317],[11.70050538,48.123696],[11.70058587,48.12364789],[11.70067554,48.12359424],[11.70084568,48.1234926],[11.70105074,48.12336997],[11.70125628,48.12324693],[11.70146182,48.12312418],[11.70167237,48.12299837],[11.70188301,48.12287236],[11.70209379,48.12274636],[11.70224367,48.12265673],[11.70245776,48.12252876],[11.70253906,48.12248014],[11.70270259,48.12238245],[11.70290407,48.12226202],[11.70310449,48.12214231],[11.70320596,48.1220816],[11.70330501,48.12202232],[11.70340585,48.12196206],[11.70350562,48.12190252],[11.70360686,48.12184207],[11.70370605,48.12178269],[11.70401073,48.12160045],[11.70422132,48.12147418],[11.70424922,48.1214577],[11.70427226,48.12144409],[11.70451474,48.12156853],[11.70521424,48.12198155],[11.70566088,48.12220932],[11.70586763,48.1222986],[11.70611119,48.12237371],[11.70632803,48.12242807],[11.70666893,48.12247825],[11.70699139,48.12251534],[11.70709227,48.12251291],[11.70711215,48.12251242],[11.70712695,48.12250679],[11.70730098,48.12244105],[11.70742164,48.12236645],[11.70741766,48.12238083],[11.70739132,48.12247653],[11.70764612,48.12257699],[11.70794789,48.12269601],[11.7080638,48.12274165],[11.70855516,48.1229354],[11.70862661,48.12296346],[11.70874018,48.12279782],[11.70885288,48.12263333],[11.70930731,48.12297107],[11.7106095,48.12394165],[11.71068826,48.1240004],[11.71071835,48.12402278],[11.71073775,48.12403462],[11.71197748,48.12299048],[11.71199368,48.12297685],[11.71326619,48.1237979],[11.71359512,48.12401003],[11.71394496,48.12426064],[11.71412751,48.12457653],[11.71444636,48.12512803],[11.71454426,48.12529719],[11.71514968,48.12634318],[11.71556708,48.12710233],[11.71616908,48.12817465],[11.71616167,48.12817913],[11.71606207,48.12823934],[11.71517188,48.12877751],[11.71538841,48.1289376],[11.71531787,48.12899256],[11.7145217,48.12960796],[11.71401767,48.12938347],[11.71368896,48.12923709],[11.71364728,48.12921818],[11.71339622,48.12910669],[11.71338948,48.12911063],[11.71184097,48.1299905],[11.71176794,48.13003213],[11.71170528,48.13006768],[11.71178243,48.13010583],[11.71186884,48.13014751],[11.71310527,48.13074856],[11.71408608,48.13122545],[11.71437534,48.13136596],[11.71419338,48.13157632],[11.71412986,48.13163857],[11.71374443,48.13201681],[11.71337816,48.1323521],[11.71262725,48.13304294],[11.71253853,48.13312429],[11.71226499,48.1333843],[11.71230225,48.13339529],[11.71236306,48.13341323],[11.71337914,48.13371355],[11.71445906,48.13403268],[11.71484002,48.13345357],[11.71501658,48.13318517],[11.71527135,48.13279794],[11.71637366,48.13312407],[11.71642288,48.13313858],[11.71698993,48.13330632],[11.71731048,48.13340118],[11.71805271,48.13362062],[11.71887503,48.13386386],[11.71985924,48.13415503],[11.71991894,48.13417262],[11.72044433,48.13432814],[11.72045731,48.13433199],[11.72013522,48.13481842],[11.71970395,48.13547051],[11.71968702,48.13549573],[11.72131302,48.13628751],[11.7229007,48.13706089],[11.7229097,48.13710956],[11.7224454,48.13748217],[11.72216815,48.13770474],[11.72172871,48.13805656],[11.72145629,48.13827429],[11.7206395,48.13892966],[11.72046345,48.13907053],[11.71901448,48.13832834],[11.71785911,48.1377363],[11.71780071,48.13775134],[11.71565949,48.13830595],[11.71505697,48.13846197],[11.71500785,48.13847471],[11.71494555,48.13849074],[11.71433669,48.13877102],[11.71387797,48.13910949],[11.71382817,48.13914625],[11.71378599,48.13917741],[11.71370011,48.1392143],[11.71365852,48.13923222],[11.71364257,48.13923909],[11.71358742,48.13920814],[11.71341802,48.1391131],[11.71334974,48.13916483],[11.712556,48.13977174],[11.71175778,48.14038141],[11.71165144,48.14046263],[11.71149638,48.14058123],[11.71083889,48.14108377],[11.71002679,48.14170499],[11.70999129,48.14173206],[11.70997739,48.14174263],[11.70995579,48.14175922],[11.7099203,48.14178629],[11.7099777,48.14178221],[11.70999881,48.14178073],[11.710024,48.14179339],[11.71021945,48.1418911],[11.71066842,48.14211549],[11.71086485,48.14221368],[11.71102184,48.14229213],[11.7110856,48.14232411],[11.7111812,48.14237179],[11.71122888,48.14239566],[11.71124803,48.14240525],[11.71259408,48.14307862],[11.71279403,48.14317869],[11.71095053,48.14461309],[11.71280889,48.14528372],[11.71325128,48.1454434],[11.71333356,48.14543317],[11.71329861,48.14546052],[11.71326272,48.14548839],[11.71322764,48.14551564],[11.71258789,48.14601286],[11.71170991,48.14669455],[11.71167576,48.14672145],[11.71163743,48.14675094],[11.71160248,48.14677819],[11.71084281,48.1473687],[11.71032278,48.14777282],[11.71032236,48.14779649],[11.71032099,48.1478749],[11.71027089,48.14789379],[11.71005664,48.1479753],[11.71003367,48.14798408],[11.70969972,48.14811364],[11.70940881,48.1480761],[11.70857445,48.147969],[11.70755028,48.14783932],[11.70668356,48.14773065],[11.7055594,48.1475864],[11.70413171,48.14740066],[11.70293376,48.14725172],[11.70285925,48.14731079],[11.70276622,48.14738467],[11.7026536,48.14747403],[11.70259373,48.1474379],[11.70266013,48.14736856],[11.70272356,48.14730244],[11.70279131,48.1472321],[11.70132278,48.1470346],[11.70049032,48.14693443],[11.69950975,48.14681252],[11.69897815,48.14674275],[11.69861936,48.14669574],[11.69855191,48.1467578],[11.69853028,48.14677771],[11.69840621,48.14689167],[11.69834842,48.14686741],[11.69846895,48.14672008],[11.69849996,48.1466823],[11.69757773,48.14656187],[11.69721736,48.14652005],[11.69569691,48.14633218],[11.69486866,48.14621876],[11.69463985,48.14621403],[11.69463797,48.14621375],[11.69458267,48.14620523],[11.69364243,48.14606168],[11.69268236,48.14593849],[11.69167454,48.14581105],[11.69148249,48.14597106],[11.6914152,48.14594048],[11.69148459,48.14586622],[11.69155113,48.14579526],[11.69048893,48.1456652],[11.69026761,48.14563717],[11.68982836,48.14557541],[11.68887407,48.1454489],[11.6881776,48.14535786],[11.68792851,48.14532843],[11.68745446,48.14526708],[11.68706099,48.14521609],[11.68691501,48.1451975],[11.68644762,48.14513798],[11.68575028,48.14505113],[11.68519302,48.14498132],[11.68497783,48.14495445],[11.68481104,48.14493368],[11.68451788,48.14489704],[11.68372976,48.14479185],[11.68350802,48.14483243],[11.68348206,48.14483623],[11.68341743,48.14484825],[11.68331145,48.14486796],[11.68306348,48.1449126],[11.68087435,48.14463301],[11.67919996,48.14441874],[11.67816313,48.14428498],[11.67816703,48.14430604],[11.67824067,48.14470828],[11.67827858,48.14491588],[11.67836487,48.14538716],[11.67845419,48.14587323],[11.67845614,48.14588403],[11.67853555,48.14631777],[11.67853918,48.14633801],[11.67863357,48.14685403],[11.67874167,48.14744604],[11.67876442,48.14757144],[11.67885026,48.14804402],[11.67889585,48.14829318],[11.67903362,48.14904576],[11.67903816,48.14907059],[11.67903921,48.14907598],[11.67913045,48.1495784],[11.67917566,48.14982782],[11.67922923,48.15012322],[11.67931292,48.15058223],[11.67940686,48.15109795],[11.67959554,48.15213255],[11.67960308,48.15217412],[11.67961543,48.15224107],[11.67978049,48.15313791],[11.67980183,48.15325395],[11.67847492,48.15397917],[11.6769358,48.15481973],[11.67527788,48.15572704],[11.67467998,48.15605399],[11.67463802,48.15607682],[11.6745792,48.15610913],[11.67453145,48.15613526],[11.67449436,48.15615548],[11.67392564,48.15646662],[11.67422043,48.15671273],[11.67425961,48.15674585],[11.67434464,48.15681661],[11.67438421,48.15684973],[11.67442044,48.15688005],[11.67456004,48.15699599],[11.67458103,48.15701376],[11.67461075,48.15707804],[11.67477155,48.15721546],[11.67507641,48.1574187],[11.67586625,48.15811439],[11.676747,48.15888147],[11.67770619,48.15975793],[11.67830443,48.16028103],[11.67850153,48.16045334],[11.6785303,48.16047789],[11.67855285,48.16049937],[11.67857925,48.16052542],[11.67860357,48.1605525],[11.67862527,48.16057921],[11.67864456,48.16060551],[11.67865813,48.16062722],[11.67867532,48.16065842],[11.6786907,48.1606831],[11.67870803,48.16070821],[11.67872716,48.1607333],[11.67874772,48.16075785],[11.67877092,48.16078314],[11.67879244,48.16080466],[11.67881871,48.16082887],[11.67884755,48.16085319],[11.67982674,48.16178348],[11.68059622,48.16251494],[11.68083045,48.1627379],[11.68131275,48.16329733],[11.6813225,48.16330607],[11.68141718,48.16339097],[11.68189621,48.16382193],[11.68228542,48.16422295],[11.68333444,48.16523026],[11.6842118,48.16614606],[11.68444605,48.16639043],[11.68492708,48.16689251],[11.68497979,48.16695732],[11.68517835,48.16722205],[11.68530647,48.16726701],[11.68541534,48.16731534],[11.68547417,48.16734681],[11.68553807,48.16738603],[11.68560349,48.16743783],[11.68564573,48.16747868],[11.68570232,48.16754548],[11.68574388,48.16760945],[11.68577726,48.16766944],[11.68580341,48.16772464],[11.68582233,48.16777371],[11.68583669,48.16782241],[11.68583772,48.16787449],[11.68583274,48.16791899],[11.68582159,48.16796006],[11.68579591,48.16802601],[11.68578798,48.16807042],[11.68577088,48.16814017],[11.68575189,48.16821072],[11.68573652,48.1682615],[11.68573046,48.16830662],[11.68573475,48.16833],[11.68575345,48.16834992],[11.68578805,48.16836494],[11.68581538,48.16838138],[11.68583802,48.16839493],[11.68588161,48.16841294],[11.68591427,48.16841385],[11.68595047,48.16840918],[11.68598382,48.16840892],[11.68600596,48.16841483],[11.68602552,48.16842721],[11.68604086,48.1684473],[11.6860427,48.16847582],[11.68604751,48.16850236],[11.68605203,48.16851128],[11.68643549,48.16879833],[11.6864706,48.16883673],[11.68649181,48.16886224],[11.68651283,48.16889576],[11.68653193,48.16893628],[11.68657309,48.16912383],[11.68664784,48.16924526],[11.68665766,48.16926787],[11.68665863,48.1692872],[11.68665163,48.16931246],[11.68658311,48.16946203],[11.68662797,48.16957898],[11.68672107,48.1696546],[11.68673971,48.1696846],[11.6867425,48.16971293],[11.68673454,48.16973882],[11.68673019,48.16974717],[11.68669219,48.16978574],[11.68661638,48.16987144],[11.68654462,48.16995237],[11.6864079,48.17012335],[11.68633466,48.17029391],[11.68631288,48.17038394],[11.68630207,48.17041601],[11.68628068,48.17046361],[11.68622692,48.17055197],[11.68618202,48.17061958],[11.68613376,48.17068744],[11.68609519,48.17073087],[11.68605313,48.17077042],[11.68601623,48.17080081],[11.68595048,48.17084435],[11.68595885,48.1708611],[11.68596114,48.17090518],[11.68596853,48.17097139],[11.68598901,48.17103072],[11.68600714,48.17107779],[11.68601945,48.17111028],[11.68602098,48.17114481],[11.68601457,48.1711813],[11.68599921,48.17120931],[11.68596922,48.17125248],[11.68591835,48.17130368],[11.6858795,48.17132597],[11.68587474,48.17142921],[11.68586614,48.17149826],[11.68585472,48.17156757],[11.68583709,48.17163849],[11.68581799,48.1717058],[11.68578796,48.17175726],[11.68691319,48.17167454],[11.6870987,48.17165992],[11.68879357,48.17151536],[11.69326088,48.17056255],[11.69392666,48.17144021],[11.69406769,48.17162611],[11.69489446,48.17271446],[11.69550397,48.17354779],[11.69607257,48.17424984],[11.69608111,48.17426038],[11.69610128,48.17428525],[11.69573967,48.1745644],[11.695164,48.17499161],[11.69461792,48.17537717],[11.69434487,48.17561513],[11.69395438,48.17587797],[11.69393074,48.17589598],[11.69391291,48.17590987],[11.69371702,48.17605957],[11.69355624,48.17618204],[11.69328393,48.17639061],[11.69323977,48.17642314],[11.69351678,48.17650392],[11.69070141,48.17815893],[11.69130022,48.17838328],[11.69131458,48.17838871],[11.6920204,48.17865534],[11.6927747,48.17894097],[11.6930998,48.1790639],[11.69319243,48.17909893],[11.69334322,48.17915488],[11.69399797,48.17939722],[11.69415553,48.17945597],[11.69555813,48.17998019],[11.69551709,48.18000625],[11.6952015,48.18020638],[11.69480114,48.18046514],[11.69360637,48.18122485],[11.69329418,48.18147477],[11.69221171,48.18234115],[11.69215265,48.18238838],[11.69197832,48.18252796],[11.69190801,48.18254478],[11.69148608,48.18260127],[11.69080568,48.18269008],[11.69066449,48.18270222],[11.69050893,48.18271558],[11.69036343,48.18272805],[11.69021842,48.18274043],[11.69020375,48.18274173],[11.69012622,48.18274835],[11.69007187,48.18275017],[11.68979627,48.18275969],[11.68965693,48.18276445],[11.68951841,48.1827692],[11.68938069,48.18277396],[11.68896699,48.18278812],[11.68896703,48.18278721],[11.68900918,48.18182074],[11.68900848,48.18182037],[11.68861945,48.18161681],[11.68826521,48.18143158],[11.68762616,48.18088233],[11.68683189,48.18037209],[11.68610348,48.18049279],[11.68604706,48.18050221],[11.6859765,48.18051385],[11.68591994,48.18052327],[11.68543118,48.18060424],[11.68489866,48.18069243],[11.68439637,48.18077563],[11.68415599,48.18081545],[11.68387751,48.18086219],[11.68335504,48.18094991],[11.68310602,48.18099169],[11.68287479,48.18103045],[11.68241854,48.18110698],[11.68195199,48.18118528],[11.6816495,48.18123607],[11.68138247,48.18128082],[11.68119064,48.18130233],[11.6811375,48.18130821],[11.68074851,48.18135121],[11.68008289,48.18142479],[11.67938914,48.18150145],[11.67870298,48.1815774],[11.67790587,48.18163955],[11.6771201,48.18170072],[11.67675944,48.18172884],[11.67670523,48.18173301],[11.6763538,48.18176006],[11.67564274,48.18181476],[11.67496177,48.18186705],[11.67456841,48.18189731],[11.67429431,48.18192184],[11.67364877,48.18197966],[11.67296938,48.18204052],[11.67235794,48.18209525],[11.672276,48.1821034],[11.67219097,48.18211189],[11.66917124,48.18241288],[11.66816554,48.18248639],[11.66581443,48.18266081],[11.66420907,48.18276262],[11.66220133,48.18288591],[11.66210406,48.18281234],[11.66206785,48.18269774],[11.66206576,48.18268793],[11.66204552,48.18259507],[11.66207875,48.18251396],[11.66205969,48.18248711],[11.66198677,48.18238445],[11.66190894,48.18227476],[11.66183434,48.18216978],[11.66176346,48.18206984],[11.66169725,48.18197666],[11.66162877,48.18188023],[11.66120353,48.18189939],[11.66111781,48.18180175],[11.66101465,48.18168436],[11.66099016,48.18149199],[11.66099038,48.18148857],[11.66100075,48.18138737],[11.66101233,48.18127855],[11.66101243,48.18127752],[11.66091959,48.18128236],[11.6608729,48.18128482],[11.66114268,48.18058079],[11.66115149,48.18047409],[11.66105366,48.18006587],[11.66103278,48.17985221],[11.66104993,48.17971315],[11.66108795,48.17964469],[11.66136204,48.1794089],[11.66196901,48.17901791],[11.66258806,48.1786189],[11.6628945,48.17842095],[11.66337005,48.17811389],[11.66368052,48.17791332],[11.66404553,48.17767748],[11.66422595,48.17756091],[11.66440976,48.17744219],[11.66444738,48.17741784],[11.66449968,48.17739125],[11.66459549,48.17737607],[11.66478003,48.17738574],[11.66493209,48.17737609],[11.66495675,48.17736652],[11.66497354,48.17736009],[11.66528288,48.17719258],[11.66534621,48.17714567],[11.66547717,48.17704833],[11.66551033,48.17702381],[11.66567019,48.1768138],[11.66571376,48.17670709],[11.66563003,48.17647044],[11.6655906,48.1763588],[11.66552694,48.17617891],[11.66166081,48.17586783],[11.66160747,48.17586353],[11.65812486,48.17558292],[11.65809934,48.17558087],[11.65807771,48.1755791],[11.65807247,48.17557872],[11.65580704,48.17539482],[11.65504885,48.17533356],[11.65496727,48.17532702],[11.65455104,48.17529266],[11.65444809,48.17528416],[11.65411641,48.17525748],[11.65340434,48.1751992],[11.6521835,48.17509967],[11.6520335,48.17508745],[11.65201965,48.17508633],[11.65175809,48.17506515],[11.6517304,48.17506282],[11.65100798,48.17500391],[11.65099293,48.17500269],[11.65094215,48.17499857],[11.65092979,48.17499753],[11.65098636,48.17454641],[11.64967513,48.17453248],[11.64826211,48.17452241],[11.64826791,48.17422483],[11.64826978,48.17413013],[11.6482222,48.1741272],[11.64815755,48.17412341],[11.64802032,48.17411526],[11.64802032,48.17411391],[11.64761499,48.1740912],[11.64757547,48.17408874],[11.64590438,48.17398907],[11.64569372,48.17397746],[11.64571518,48.17394677],[11.64579257,48.17381695],[11.64585791,48.17368719],[11.64578621,48.17369138],[11.64553006,48.17370538],[11.64539705,48.1737126],[11.64530972,48.17371735],[11.64512184,48.17372754],[11.64384071,48.17379948],[11.64378826,48.17380238],[11.64366792,48.17380929],[11.64362058,48.17381175],[11.64354528,48.17381602],[11.64133797,48.17393906],[11.64102609,48.17342236],[11.64101134,48.17339812],[11.64093094,48.17341927],[11.64034944,48.1735869],[11.64025676,48.17361351],[11.6398757,48.17372305],[11.63889922,48.1739479],[11.63842463,48.17405707],[11.63826192,48.17409954],[11.63817987,48.17412095],[11.63759716,48.17427327],[11.63655536,48.17466559],[11.6364688,48.1746967],[11.63599714,48.1748712],[11.63591215,48.17490718],[11.6359439,48.17490485],[11.63598521,48.17490165],[11.63622774,48.17496142],[11.63644814,48.17514464],[11.63652855,48.17525848],[11.63656635,48.17531139],[11.63664063,48.17541573],[11.63668637,48.17547997],[11.63701064,48.1759343],[11.63707496,48.17610169],[11.63712592,48.17623454],[11.63719047,48.17640293],[11.63720696,48.17644597],[11.63545675,48.17687504],[11.63531381,48.17691009],[11.63452288,48.17710416],[11.63351307,48.17735136],[11.6328468,48.1775147],[11.63257881,48.17758035],[11.63146972,48.17785228],[11.63141164,48.1777002],[11.63133576,48.17750125],[11.63119953,48.17753431],[11.63105972,48.17756824],[11.63097084,48.1775898],[11.63093972,48.17759735],[11.63076772,48.17763908],[11.63072965,48.17764879],[11.63070469,48.17765515],[11.63069749,48.17762869],[11.63061467,48.17740911],[11.63049702,48.1774102],[11.63048439,48.17741032],[11.63044371,48.17717628],[11.63043184,48.17710484],[11.630362,48.17710985],[11.63019773,48.17712183],[11.62999706,48.17713574],[11.62994824,48.17713863],[11.62984011,48.17714511],[11.62972929,48.17715167],[11.62952853,48.17716482],[11.62932717,48.17717654],[11.62929275,48.17717806],[11.62912573,48.17718529],[11.62895855,48.17719395],[11.62892506,48.17719573],[11.62872412,48.17720803],[11.62860993,48.17721548],[11.62855247,48.17721927],[11.62852381,48.17722116],[11.62832315,48.17723899],[11.62823544,48.17724751],[11.62812283,48.17725846],[11.62795367,48.17727899],[11.6279137,48.17728391],[11.62784803,48.17729182],[11.627816,48.17729595],[11.62778962,48.1772992],[11.62776957,48.17730139],[11.62771051,48.17730856],[11.62787434,48.17770094],[11.62790112,48.17777082],[11.62792849,48.1778861],[11.62795942,48.17809219],[11.62797156,48.17818358],[11.62795672,48.1782855],[11.62800593,48.17844862],[11.62805299,48.17859777],[11.62805322,48.17871825],[11.62811052,48.1787545],[11.62818842,48.17880376],[11.62825852,48.17886873],[11.62830791,48.17893498],[11.62833351,48.17899971],[11.62836324,48.17922584],[11.62834429,48.17939563],[11.62837308,48.17946624],[11.62844598,48.17964327],[11.62855292,48.17981861],[11.62889268,48.18030982],[11.62895042,48.18037664],[11.62898053,48.18047233],[11.62903962,48.18072224],[11.62978872,48.18163743],[11.63002324,48.18185586],[11.63018677,48.18208774],[11.63026575,48.18208143],[11.6303868,48.18219407],[11.63049156,48.18229119],[11.63055752,48.18235235],[11.63061125,48.18240216],[11.63066228,48.18244947],[11.63070208,48.18248646],[11.63087034,48.18258978],[11.63107703,48.18275389],[11.63129028,48.18289274],[11.63153139,48.18306615],[11.6313244,48.18322134],[11.63103656,48.18333878],[11.63109602,48.18341306],[11.63108306,48.18341851],[11.6311108,48.18343334],[11.63116358,48.18346139],[11.63123162,48.18349766],[11.63113363,48.18352935],[11.63109926,48.18354021],[11.63097548,48.18358001],[11.63078432,48.18364145],[11.63074914,48.18365276],[11.63057132,48.18370993],[11.63050087,48.18363436],[11.62945697,48.18402243],[11.62960212,48.18420201],[11.62956073,48.18421662],[11.62925744,48.18432928],[11.62935085,48.18443259],[11.62940516,48.18449264],[11.62940983,48.18449752],[11.6294221,48.18451258],[11.629522,48.18463406],[11.62955412,48.18467347],[11.6299621,48.18517057],[11.63056462,48.18600757],[11.63114983,48.18678569],[11.63178065,48.18760433],[11.63235167,48.18839646],[11.63285873,48.18920168],[11.63336149,48.1900453],[11.63385031,48.19088487],[11.6343501,48.19173902],[11.63482684,48.19256073],[11.6353284,48.19341782],[11.6358137,48.19425336],[11.63629063,48.19509643],[11.63668409,48.19579676],[11.63676306,48.19593865],[11.63722669,48.19678932],[11.63769106,48.19764114],[11.63810732,48.19848917],[11.63834626,48.19927456],[11.6385143,48.20014682],[11.63852372,48.20117285],[11.63854549,48.20208068],[11.6386846,48.20287518],[11.63912043,48.20376498],[11.63968635,48.20460803],[11.63977715,48.20471186],[11.63991482,48.20485901],[11.64007762,48.20503295],[11.64041489,48.20538887],[11.64047529,48.20543613],[11.64072789,48.20563382],[11.64127943,48.20607051],[11.64235412,48.20669602],[11.64274951,48.20687383],[11.64319909,48.2070756],[11.64351021,48.20721742],[11.64460805,48.20771289],[11.64510946,48.2079609],[11.64560837,48.20820755],[11.64670319,48.20879765],[11.64754244,48.20936],[11.64759575,48.20939579],[11.64761707,48.20940975],[11.64762545,48.20941629],[11.64801961,48.20972424],[11.64803569,48.20973713],[11.64804959,48.20974831],[11.6480683,48.20976333],[11.6480724,48.2097736],[11.6482878,48.21005516],[11.64838175,48.21017375],[11.64848823,48.21030169],[11.64883223,48.21074888],[11.64958753,48.21174935],[11.64975892,48.2117572],[11.65015985,48.21250323],[11.65049499,48.21337769],[11.65066046,48.21425012],[11.65072479,48.2151353],[11.65065223,48.21602464],[11.65050545,48.21694311],[11.65050579,48.21700952],[11.64843142,48.21781741],[11.64823528,48.21789549],[11.64819434,48.2179116],[11.64810103,48.21794822],[11.64791661,48.21802048],[11.6475447,48.21816675],[11.64747259,48.21819512],[11.64712966,48.21833003],[11.64708398,48.218348],[11.6468095,48.21845593],[11.64677862,48.21846591],[11.64674715,48.21847614],[11.6458305,48.21877364],[11.64529187,48.21896546],[11.64280708,48.21988112],[11.64272244,48.21996812],[11.64262141,48.22006875],[11.64252499,48.2201351],[11.64244106,48.22018278],[11.64243329,48.22021711],[11.64243627,48.22023304],[11.64248972,48.22033025],[11.64293013,48.22051525],[11.64300936,48.2206233],[11.64301864,48.22064544],[11.64284916,48.2206941],[11.6427255,48.2207296],[11.64263136,48.22075668],[11.6406409,48.22132846],[11.64049564,48.22136953],[11.6404812,48.22137425],[11.64036307,48.2214073],[11.64033556,48.22141468],[11.64024131,48.22144135],[11.63915131,48.2217509],[11.63902133,48.22202906],[11.6388243,48.22237638],[11.63869545,48.22265154],[11.63866705,48.22270865],[11.63858366,48.22288676],[11.6385449,48.22296954],[11.6385137,48.22308096],[11.63847687,48.22320838],[11.63847611,48.22322097],[11.63847044,48.22331656],[11.63846492,48.22341017],[11.63846631,48.22365123],[11.63838909,48.22382375],[11.63825388,48.22416372],[11.63827334,48.22438241],[11.63825961,48.22463934],[11.63830686,48.22475191],[11.63854855,48.22495655],[11.63885214,48.22516286],[11.63917749,48.22538048],[11.63945196,48.22564349],[11.63947465,48.22570571],[11.63928846,48.2257741],[11.63909639,48.22585791],[11.63899583,48.22596099],[11.63816854,48.22609703],[11.63729854,48.22620696],[11.63668462,48.22631005],[11.63666479,48.22627688],[11.63565395,48.22650748],[11.63467018,48.22678898],[11.63376821,48.22702038],[11.63314245,48.22719294],[11.63306367,48.22721463],[11.63303332,48.22722298],[11.63290928,48.22706951],[11.63270287,48.2271238],[11.63269465,48.22712594],[11.63265538,48.22713624],[11.63263054,48.22714276],[11.63260688,48.22714897],[11.6323703,48.22721114],[11.63234638,48.22721743],[11.63232215,48.22722379],[11.63212574,48.22727538],[11.63206867,48.22729037],[11.63199897,48.22730867],[11.63184145,48.22735034],[11.63127429,48.22749366],[11.6311317,48.22752969],[11.63103136,48.22755503],[11.63030608,48.22773826],[11.62857488,48.22819238],[11.62859718,48.22825332],[11.62695421,48.22866071],[11.62550628,48.22903202],[11.62460857,48.22924365],[11.62423661,48.22887055],[11.62410841,48.22870097],[11.62344226,48.22874604],[11.62290201,48.22876757],[11.62284399,48.2287699],[11.62269535,48.2287605],[11.62236371,48.22873962],[11.62240538,48.22829091],[11.62244989,48.22807559],[11.62245714,48.22804063],[11.62247837,48.22797109],[11.6225029,48.22789373],[11.62252009,48.22782922],[11.62252932,48.22776575],[11.62252926,48.2277385],[11.62252909,48.22770711],[11.62252295,48.22764746],[11.62249672,48.22755554],[11.62245514,48.22755487],[11.62232399,48.22755288],[11.62226241,48.22755193],[11.62193214,48.22754689],[11.6216397,48.22757849],[11.62155863,48.22758399],[11.62140324,48.22759061],[11.6211607,48.22759652],[11.62077095,48.22759747],[11.62065587,48.22759772],[11.62057204,48.22759843],[11.62018779,48.22761831],[11.61975117,48.22764088],[11.61940735,48.22764183],[11.6190974,48.22764276],[11.61896282,48.2276441],[11.61887767,48.22764496],[11.61872908,48.22763529],[11.61841024,48.22761379],[11.61817763,48.22758838],[11.61817757,48.22758838],[11.61813734,48.22758792],[11.61808108,48.22758727],[11.61750116,48.22762291],[11.61703753,48.22768485],[11.61658804,48.22773551],[11.61600627,48.22775668],[11.61590957,48.2277632],[11.61416592,48.22792787],[11.61391103,48.22742294],[11.61360891,48.22692168],[11.61356664,48.22685149],[11.61355377,48.22682975],[11.61327238,48.22635433],[11.61326509,48.22634202],[11.61321376,48.22625536],[11.613103,48.22606834],[11.61294425,48.22557839],[11.61272798,48.22559005],[11.61261068,48.22559636],[11.61195356,48.22563165],[11.61192108,48.2256334],[11.61179556,48.2256401],[11.61167209,48.22564698],[11.61156116,48.22565249],[11.61145247,48.22564585],[11.611329,48.22563742],[11.61121223,48.2256259],[11.61108924,48.2256122],[11.61098468,48.22559676],[11.61087593,48.22557911],[11.61075017,48.2255593],[11.61063495,48.22555637],[11.61051222,48.22555022],[11.61037992,48.22554703],[11.61025753,48.22554705],[11.61013925,48.2255505],[11.61001515,48.22555372],[11.60993108,48.22555289],[11.60989691,48.22555191],[11.6098429,48.2255484],[11.6098067,48.22554604],[11.60973131,48.2255431],[11.609684,48.22554126],[11.60956365,48.22554151],[11.60943508,48.22554883],[11.60931677,48.2255614],[11.60919638,48.22557899],[11.60907799,48.22560529],[11.60896368,48.22563687],[11.60885281,48.22566525],[11.60868622,48.22570564],[11.60813941,48.22565915],[11.60795151,48.22622512],[11.6076927,48.22688203],[11.60753661,48.22730017],[11.60786956,48.22736714],[11.60804906,48.22740318],[11.60908386,48.22761126],[11.60905015,48.22773976],[11.60904684,48.22775242],[11.60902562,48.22783301],[11.6088727,48.22841254],[11.60708317,48.22815852],[11.60711414,48.22807083],[11.6071221,48.22804838],[11.60715666,48.22795118],[11.60720832,48.22795749],[11.60741155,48.22751659],[11.60745028,48.22743244],[11.60749941,48.22732603],[11.6069871,48.22719101],[11.60606412,48.22692704],[11.60587662,48.22686561],[11.60570893,48.22677096],[11.60586698,48.22668054],[11.60596322,48.22662769],[11.6061298,48.22651005],[11.6062359,48.22641995],[11.60626247,48.22639739],[11.60631843,48.22632458],[11.60636177,48.22624698],[11.60645218,48.2261048],[11.60655634,48.22594961],[11.60665258,48.22580511],[11.60675391,48.22565971],[11.60685901,48.22551249],[11.60696137,48.22536526],[11.60699804,48.22531077],[11.60750839,48.22455226],[11.60756741,48.22448426],[11.60786192,48.22415986],[11.60792429,48.22409119],[11.60801109,48.22399559],[11.60811971,48.22388116],[11.60833092,48.2236586],[11.60846444,48.22351796],[11.60851144,48.22346845],[11.60866428,48.22330746],[11.60877546,48.22317218],[11.60903708,48.22283307],[11.60906571,48.22279594],[11.60921635,48.22260061],[11.60926605,48.22252667],[11.60946547,48.22221675],[11.60951359,48.22213806],[11.6095536,48.22206364],[11.60962621,48.22191323],[11.6096693,48.2218408],[11.60975858,48.22170979],[11.61012836,48.22117715],[11.61017213,48.22110247],[11.6102144,48.22103057],[11.61026113,48.22095724],[11.61088778,48.22014332],[11.61110504,48.21985534],[11.61121208,48.21970841],[11.61145805,48.21934134],[11.61150478,48.21926694],[11.61154722,48.21918991],[11.61157236,48.21913927],[11.61096035,48.21921531],[11.61087884,48.2189418],[11.60991821,48.21898833],[11.60943794,48.21901506],[11.60883924,48.21905624],[11.60872383,48.21906497],[11.60859767,48.21907276],[11.60776368,48.21911752],[11.60740622,48.21913475],[11.60668428,48.21916978],[11.60656156,48.21917368],[11.60620317,48.21918118],[11.60623362,48.21862244],[11.60623834,48.21858639],[11.60624336,48.21854539],[11.60626736,48.21840125],[11.60611425,48.21837834],[11.60587378,48.21834552],[11.6056331,48.21832446],[11.60540088,48.2183177],[11.60505723,48.21832513],[11.604818,48.21833546],[11.60483014,48.21814233],[11.6048435,48.21806827],[11.60487983,48.21791364],[11.60495468,48.21763519],[11.60500527,48.21748144],[11.60183101,48.21686066],[11.6018466,48.21664674],[11.60184908,48.21661287],[11.60191745,48.21623145],[11.60200208,48.21563947],[11.60203594,48.21510824],[11.60183932,48.2150794],[11.60184972,48.21497987],[11.60151406,48.21494483],[11.60153141,48.21465822],[11.60158654,48.21441175],[11.60167244,48.21404738],[11.60170334,48.21393326],[11.60183419,48.21334936],[11.60113733,48.2133061],[11.60096051,48.21330002],[11.6008216,48.21330046],[11.60047325,48.21330885],[11.60012767,48.21331111],[11.59978548,48.21332045],[11.59942989,48.21333612],[11.59885155,48.21338991],[11.59823483,48.21340499],[11.5954942,48.21343042],[11.59541385,48.21343117],[11.59482102,48.21343659],[11.59347663,48.21350264],[11.59218289,48.21356643],[11.59039971,48.21353208],[11.59009189,48.21352624],[11.58906549,48.2135064],[11.58877489,48.21350044],[11.58817593,48.21348928],[11.5880266,48.21348642],[11.58798032,48.21348553],[11.58793968,48.21348475],[11.5879113,48.2134842],[11.58776612,48.2134814],[11.58773747,48.21348085],[11.58772331,48.21348058],[11.58767532,48.21347967],[11.58753686,48.21347709],[11.58752073,48.21347679],[11.58750916,48.21347655],[11.58750055,48.21347636],[11.58749988,48.21347636],[11.58746665,48.21347589],[11.58747677,48.21364105],[11.58748382,48.21381869],[11.58748671,48.21399529],[11.58748653,48.21435429],[11.58747989,48.21523243],[11.58746937,48.21668523],[11.5874613,48.21780193],[11.58745362,48.21890696],[11.58745202,48.2191585],[11.58745619,48.21915834],[11.58744787,48.22008008],[11.58744776,48.22009348],[11.58744771,48.22009978],[11.58744662,48.22023539],[11.58744483,48.22047564],[11.58744221,48.22063572],[11.58744337,48.22064139],[11.58744007,48.22100392],[11.58744707,48.22100323],[11.58744431,48.22149976],[11.58744267,48.22151981],[11.58744073,48.22211529],[11.58749765,48.22213446],[11.5874921,48.22217221],[11.58746062,48.2223894],[11.58739282,48.2228548],[11.58716045,48.22400959],[11.58715574,48.22400912],[11.5871278,48.2240851],[11.5870509,48.22422745],[11.58703041,48.22426677],[11.58704484,48.22427887],[11.58700234,48.22437764],[11.58692491,48.22446837],[11.58681463,48.22459046],[11.58666027,48.22473486],[11.5862006,48.225097],[11.58574619,48.22543834],[11.58501797,48.22597676],[11.5844034,48.22648321],[11.58399868,48.22684449],[11.58336741,48.22738802],[11.58304312,48.22764771],[11.58273434,48.22800304],[11.5827728,48.22800651],[11.58268631,48.22810937],[11.58232219,48.22854231],[11.58230316,48.22856518],[11.58225004,48.22856041],[11.57959641,48.22831964],[11.57849795,48.22821653],[11.57779605,48.22815064],[11.57749787,48.22813033],[11.57734007,48.22808739],[11.57547664,48.2279319],[11.57379608,48.22777865],[11.57129392,48.22759076],[11.56876181,48.22743494],[11.56808466,48.22739931],[11.56611444,48.22729525],[11.56577945,48.22727753],[11.56495281,48.22724656],[11.56314927,48.22717878],[11.56099882,48.22712228],[11.56073681,48.22711536],[11.56058429,48.22704377],[11.56050666,48.22704221],[11.56038557,48.22708752],[11.56034912,48.22710114],[11.55774432,48.22707113],[11.55441745,48.22699957],[11.55293751,48.2269746],[11.55274392,48.22690238],[11.55104566,48.22689989],[11.55083033,48.22689979],[11.5493498,48.22687886],[11.54800514,48.22694641],[11.54744707,48.22699593],[11.54684675,48.22711292],[11.54623663,48.22728571],[11.54588794,48.22740374],[11.54557563,48.22754922],[11.54521531,48.22775174],[11.54502011,48.22789102],[11.54475779,48.22813097],[11.54434089,48.228555],[11.54419282,48.22870557],[11.54413699,48.22888307],[11.54414682,48.22895974],[11.54427256,48.22928049],[11.54425041,48.22924308],[11.54420864,48.22920299],[11.54413547,48.22918192],[11.54406057,48.22917506],[11.5438411,48.22918668],[11.54375814,48.22914678],[11.54374161,48.22912918],[11.54368244,48.22924056],[11.5436122,48.22937283],[11.54357689,48.22944366],[11.54356287,48.22941347],[11.54349563,48.22926859],[11.54331921,48.22885015],[11.5432786,48.22875547],[11.54298763,48.22877063],[11.54284172,48.22877808],[11.54262317,48.22878961],[11.54250513,48.22879576],[11.54189808,48.22882728],[11.54179042,48.22883289],[11.54168398,48.22883843],[11.54169308,48.2289061],[11.54176764,48.22918276],[11.54170737,48.22919368],[11.53774763,48.22991306],[11.53779109,48.22997744],[11.53773896,48.2299945],[11.53769097,48.23000088],[11.53758801,48.23001521],[11.53750305,48.23002703],[11.53746503,48.23003452],[11.53741365,48.23004618],[11.53739106,48.23001353],[11.53588838,48.2302916],[11.53536723,48.23034447],[11.53394486,48.23048842],[11.53394924,48.23052432],[11.53396302,48.23063716],[11.53394295,48.23063825],[11.53400989,48.23141648],[11.53112206,48.23134328],[11.53094062,48.23150542],[11.53073115,48.23169748],[11.53068689,48.2317376],[11.53064356,48.23177753],[11.53057891,48.23183492],[11.530545,48.23186697],[11.53051592,48.23189447],[11.53045933,48.23194595],[11.53040073,48.23199545],[11.53035134,48.23203752],[11.53009521,48.23225435],[11.53002272,48.23226332],[11.52994947,48.23233872],[11.52984891,48.23244226],[11.52961791,48.23284378],[11.52938381,48.23332102],[11.52935116,48.23338753],[11.52910118,48.23394101],[11.52894107,48.23420941],[11.52875962,48.23451391],[11.5285557,48.23494385],[11.52837749,48.23522024],[11.52825607,48.23549468],[11.52805968,48.23585461],[11.52772892,48.23670675],[11.52710556,48.23787986],[11.52702738,48.23809108],[11.52693201,48.23834864],[11.52679761,48.23856191],[11.52660287,48.23887074],[11.52587042,48.24033702],[11.52551856,48.24081501],[11.52546853,48.24100889],[11.52538938,48.24131674],[11.52527878,48.24132746],[11.52513884,48.241341],[11.52506793,48.24136238],[11.52499293,48.24139058],[11.52495175,48.24140603],[11.52493699,48.24141157],[11.52483896,48.24144835],[11.5247756,48.24147211],[11.52474506,48.24148374],[11.52407309,48.2417356],[11.52398677,48.24176797],[11.52394552,48.2417844],[11.52353514,48.24194793],[11.52290786,48.24219702],[11.52043615,48.24315231],[11.5201344,48.24325876],[11.52004919,48.2432888],[11.51974413,48.24339643],[11.51970639,48.24340975],[11.51893724,48.24368112],[11.51892089,48.24368663],[11.51887105,48.24370423],[11.5183363,48.2438824],[11.51833609,48.24388247],[11.51832978,48.24388457],[11.51826373,48.2439075],[11.51815282,48.24394605],[11.51739798,48.2442083],[11.51664242,48.24444896],[11.51634367,48.24454591],[11.51621578,48.24458737],[11.51614205,48.24461137],[11.51601887,48.24465121],[11.51555645,48.24480273],[11.5155497,48.24480495],[11.51518968,48.24492285],[11.51491441,48.24504103],[11.51473879,48.24511648],[11.51392231,48.24546492],[11.51349494,48.24564691],[11.51325337,48.24573563],[11.51311387,48.24577085],[11.51235849,48.24593529],[11.51200759,48.24600378],[11.51190808,48.2460232],[11.51120119,48.24616115],[11.51117378,48.24616654],[11.51020155,48.24635794],[11.51013434,48.24637116],[11.50909532,48.24657371],[11.50857815,48.24668919],[11.50776532,48.24687995],[11.50763957,48.24691934],[11.50701742,48.2471258],[11.50637457,48.247287],[11.50619223,48.24732776],[11.50603691,48.24735139],[11.50548731,48.24742077],[11.50446458,48.24755902],[11.5039323,48.24761803],[11.50323013,48.24770679],[11.50141359,48.24809031],[11.50119873,48.24811552],[11.50099822,48.24811841],[11.50005689,48.24810222],[11.49998312,48.24810091],[11.4998424,48.24809846],[11.49982095,48.2477909],[11.49983489,48.24763513],[11.49988202,48.24752417],[11.49992709,48.24745718],[11.49991138,48.24745243],[11.49982933,48.24744615],[11.49967811,48.24743461],[11.49874383,48.247366],[11.49837815,48.24733917],[11.49775263,48.24722161],[11.49703368,48.24706337],[11.49524281,48.24664671],[11.49500092,48.24659385],[11.49467289,48.24652703],[11.49405084,48.24640605],[11.49326947,48.24625403],[11.49156383,48.24592069],[11.49116846,48.24583273],[11.49105531,48.2457985],[11.49097948,48.2457737],[11.49090894,48.24570333],[11.49084447,48.24564503],[11.49078543,48.24556958],[11.4907535,48.24550262],[11.49069859,48.2454307],[11.49068731,48.24538586],[11.49069954,48.24533402],[11.49066041,48.24517699],[11.49064025,48.24467921],[11.49062892,48.24439512],[11.49062008,48.24417797],[11.49061891,48.24402876],[11.49060667,48.24402763],[11.4906028,48.24386725],[11.49058998,48.24360011],[11.49059064,48.24353237],[11.49059965,48.24346532],[11.49060917,48.24341446],[11.49062442,48.24335661],[11.49064178,48.24330282],[11.49067232,48.24323695],[11.49072696,48.24313521],[11.49079182,48.24303358],[11.49151092,48.24200931],[11.49153678,48.24194081],[11.4915696,48.24188924],[11.49157921,48.24184413],[11.49157946,48.24180511],[11.49157522,48.24175671],[11.49156438,48.24170873],[11.49154594,48.24166738],[11.49151948,48.24161943],[11.49148394,48.24157711],[11.49141815,48.24152045],[11.4911154,48.24130614],[11.49100884,48.24122976],[11.49094764,48.24116914],[11.49090722,48.24111733],[11.49087694,48.2410609],[11.49086323,48.24100355],[11.49086408,48.24094419],[11.49087889,48.24088994],[11.49090575,48.24082827],[11.49095864,48.24074783],[11.49106425,48.24063241],[11.49175799,48.23990687],[11.49190844,48.23974825],[11.49192055,48.23973563],[11.49184062,48.23942877],[11.49181005,48.23942926],[11.49165465,48.23883022],[11.49150526,48.2382054],[11.49081147,48.23798207],[11.49032244,48.2379771],[11.48964052,48.23797046],[11.48957295,48.23796916],[11.48953675,48.23796774],[11.48976178,48.23731757],[11.4898677,48.2368692],[11.48993675,48.23656912],[11.49013203,48.23573843],[11.49021031,48.23544522],[11.49017738,48.23530981],[11.4900364,48.23481551],[11.4899759,48.23473915],[11.48967332,48.23454574],[11.48940306,48.23435119],[11.48912624,48.23403485],[11.48863798,48.23348484],[11.48852029,48.23330785],[11.48848993,48.23325969],[11.4882362,48.23288004],[11.48791146,48.23240144],[11.48776624,48.23219186],[11.48774806,48.23208322],[11.48789192,48.23128658],[11.48797496,48.23089339],[11.48831361,48.2299643],[11.48842406,48.2297172],[11.48856199,48.22933777],[11.48842017,48.2288046],[11.48837319,48.22845725],[11.48833973,48.22812362],[11.48815343,48.22684204],[11.48806818,48.22625301],[11.48808159,48.22621877],[11.48812404,48.22611124],[11.48828034,48.2257111],[11.48838147,48.22546333],[11.48850591,48.22518071],[11.48852716,48.22512828],[11.48860554,48.22492786],[11.48877916,48.224507],[11.48898074,48.22400415],[11.48888765,48.22346467],[11.48894237,48.22345559],[11.49109527,48.22309425],[11.48958466,48.22275587],[11.48882583,48.22258525],[11.48852987,48.22251871],[11.48826725,48.22245962],[11.48807761,48.22241703],[11.4878857,48.22237381],[11.48770485,48.22233316],[11.48749917,48.22228694],[11.48743806,48.22227318],[11.4855651,48.22185257],[11.4855647,48.22185248],[11.48426139,48.2215548],[11.48100434,48.22081064],[11.47742179,48.21999658],[11.47744026,48.21988836],[11.47745168,48.21982115],[11.47746712,48.21973041],[11.47727963,48.21963539],[11.47725834,48.21962459],[11.47714675,48.21957491],[11.47705406,48.21955379],[11.476962,48.21953182],[11.47683126,48.2195277],[11.47653761,48.21951864],[11.47386074,48.21943554],[11.47302724,48.21937078],[11.47232113,48.21921109],[11.47091945,48.21876202],[11.46974851,48.21828689],[11.46800275,48.21745666],[11.46770097,48.21733091],[11.46644984,48.21679284],[11.46518178,48.21623064],[11.46431193,48.21587181],[11.46345824,48.21549928],[11.46299298,48.21524822],[11.46268048,48.21507169],[11.46223492,48.21477644],[11.46186705,48.2145164],[11.46179238,48.21446369],[11.46175905,48.21443376],[11.46159305,48.21428486],[11.4615489,48.21424608],[11.46143821,48.21414591],[11.4613662,48.21408158],[11.4613066,48.21401616],[11.4612196,48.21392075],[11.46110587,48.21379605],[11.46095225,48.21363982],[11.46060686,48.21328835],[11.46051417,48.21331174],[11.46041407,48.21319744],[11.46043632,48.21318055],[11.46036591,48.21306885],[11.46033416,48.2129015],[11.46050017,48.21257221],[11.46052219,48.21252473],[11.46053004,48.21250786],[11.46056391,48.21243453],[11.4606375,48.21227618],[11.4606358,48.21227168],[11.46059062,48.2121464],[11.46049663,48.21202671],[11.46033198,48.21192017],[11.46026998,48.21190504],[11.46020489,48.21188969],[11.45982088,48.21179799],[11.45947635,48.21171597],[11.45913925,48.21163569],[11.45906132,48.21157468],[11.45895851,48.21133464],[11.45892569,48.21119464],[11.45888475,48.21102024],[11.45885462,48.21089198],[11.45877327,48.21054952],[11.45875769,48.21048406],[11.4586671,48.21028956],[11.45842433,48.2099292],[11.45838016,48.20994563],[11.45837056,48.20994919],[11.45829734,48.20985045],[11.45829296,48.20984458],[11.45824917,48.20977468],[11.45789965,48.20922531],[11.45781358,48.2091007],[11.45772016,48.20896545],[11.45765903,48.20888224],[11.45759858,48.20880011],[11.4574912,48.20878818],[11.4574576,48.2087838],[11.45736002,48.20877048],[11.45718976,48.20874737],[11.45707342,48.20873153],[11.45634075,48.20863184],[11.45625437,48.2086201],[11.45522442,48.20848009],[11.45516518,48.208472],[11.45471434,48.20841072],[11.45422403,48.208344],[11.45374783,48.20827922],[11.45323689,48.20820974],[11.45263185,48.20812748],[11.45252218,48.20811247],[11.45169283,48.20799931],[11.45090886,48.20789232],[11.450491,48.20783542],[11.45044452,48.20782908],[11.45039858,48.20782274],[11.44934369,48.20767582],[11.44830818,48.20753139],[11.44710576,48.20736365],[11.44605713,48.20721749],[11.44587069,48.20719149],[11.44416387,48.2069534],[11.44407319,48.20694081],[11.44397948,48.20684528],[11.44385013,48.20671348],[11.44357265,48.20643057],[11.44350901,48.20636579],[11.44182918,48.20631002],[11.44014944,48.20625426],[11.43842767,48.20619707],[11.43836115,48.2061668],[11.43836518,48.20600741],[11.43836986,48.20582486],[11.43236377,48.20575551],[11.43239836,48.20547076],[11.43241944,48.20523945],[11.43239096,48.20523554],[11.43233624,48.20522781],[11.43218853,48.20520695],[11.43209156,48.20519329],[11.43205417,48.20518802],[11.43197851,48.20517734],[11.43167928,48.2051349],[11.43000673,48.20489646],[11.42995382,48.20488828],[11.42856223,48.20468962],[11.42749408,48.20453712],[11.4273877,48.20452189],[11.42696013,48.20446067],[11.42681274,48.20443989],[11.42605809,48.20433338],[11.42604063,48.20433086],[11.42601756,48.20428938],[11.42596062,48.20429315],[11.42581063,48.20430571],[11.42536263,48.2043279],[11.42263502,48.20394579],[11.42060622,48.20365621],[11.42033574,48.20362463],[11.41967697,48.20354784],[11.41946209,48.20350629],[11.41934185,48.20340445],[11.41929599,48.20332959],[11.41903011,48.20289406],[11.41893511,48.20280895],[11.41883193,48.20277011],[11.41876495,48.20276753],[11.41868599,48.20276452],[11.41767047,48.20299259],[11.417056,48.20313058],[11.41685984,48.20314281],[11.41367338,48.2026592],[11.41315416,48.20258044],[11.41295877,48.20255084],[11.412887,48.20253392],[11.412743,48.20251483],[11.40987979,48.20213485],[11.40906707,48.20202762],[11.40886435,48.20190344],[11.40742089,48.20170505],[11.40678458,48.20161758],[11.40664968,48.20160628],[11.4065746,48.20165481],[11.40479506,48.20138926],[11.40471014,48.20138001],[11.4046283,48.20134935],[11.40462606,48.20136877],[11.40287617,48.20114131],[11.40282728,48.20113494],[11.40243924,48.20139472],[11.40240082,48.20135594],[11.40226006,48.20126054],[11.4021207,48.20116605],[11.40210815,48.20115754],[11.40202234,48.20121463],[11.40168409,48.20098759],[11.40164874,48.20097427],[11.40153656,48.20094857],[11.40142126,48.20093681],[11.40090223,48.20091418],[11.4005534,48.2008969],[11.40031141,48.20088976],[11.40024195,48.20088274],[11.40017875,48.20088016],[11.39946741,48.20085038],[11.39915128,48.20083792],[11.39830487,48.20079618],[11.39755348,48.20076181],[11.39730349,48.20074644],[11.39728033,48.2007491],[11.39707552,48.20074004],[11.39286319,48.20055498],[11.39083448,48.20046052],[11.39082022,48.20043904],[11.39080371,48.2004144],[11.39067228,48.20014183],[11.39062957,48.19987739],[11.39059183,48.19968567],[11.3906038,48.19968628],[11.39057286,48.19955197],[11.39052506,48.19931787],[11.39046676,48.19907364],[11.39046107,48.1990434],[11.39045321,48.19900227],[11.39043904,48.19892757],[11.39039806,48.19876364],[11.39035382,48.19858638],[11.39032999,48.19858859],[11.39027183,48.19833995],[11.39023036,48.19816222],[11.39018889,48.19798475],[11.39020639,48.19798286],[11.39020474,48.19797512],[11.39009977,48.19748385],[11.39007904,48.19748554],[11.38998289,48.19700384],[11.39001861,48.19698749],[11.38999659,48.19694952],[11.38998021,48.19694619],[11.38993782,48.19673185],[11.38985578,48.19631575],[11.38977762,48.19592258],[11.38972635,48.19564003],[11.3896761,48.19539662],[11.38960855,48.19512025],[11.38954821,48.19490286],[11.38949957,48.19472789],[11.38941064,48.19444486],[11.38932646,48.19419323],[11.38923478,48.19392721],[11.38916728,48.19373147],[11.38899352,48.1932297],[11.38888597,48.192896],[11.38880746,48.19262031],[11.38874587,48.19233621],[11.38870206,48.19200402],[11.38862146,48.19125829],[11.38859949,48.19108639],[11.38856688,48.19094207],[11.3885398,48.19084337],[11.39021591,48.19063955],[11.39070295,48.19058003],[11.39054946,48.19026943],[11.39083493,48.1901387],[11.39154906,48.18981298],[11.39220378,48.18958119],[11.39228144,48.18955416],[11.39224038,48.18927685],[11.39221726,48.18867145],[11.3922179,48.18817671],[11.39220586,48.18789613],[11.39216596,48.18764122],[11.39216594,48.18764113],[11.39206079,48.18710216],[11.39202936,48.18689294],[11.39201252,48.18678187],[11.3919947,48.18672989],[11.39196013,48.18662717],[11.39190775,48.18647273],[11.39177327,48.18615964],[11.3915773,48.1858902],[11.39143218,48.18573379],[11.39127017,48.18554821],[11.39192565,48.18518943],[11.39316024,48.18451388],[11.39319259,48.18449643],[11.39323021,48.18447568],[11.39325904,48.18445973],[11.39319426,48.18437675],[11.39309688,48.18425229],[11.39290681,48.18400903],[11.39252677,48.18351359],[11.39194831,48.18276842],[11.39140701,48.18206875],[11.39093373,48.18145476],[11.39086797,48.18138496],[11.39079594,48.18133323],[11.39059911,48.18119181],[11.39045497,48.18110452],[11.38908259,48.18048619],[11.38889546,48.18040423],[11.38886345,48.18038221],[11.38870688,48.18031752],[11.38846664,48.18019969],[11.38836164,48.180128],[11.38807043,48.17985676],[11.38750489,48.17896931],[11.3874278,48.17886934],[11.38735863,48.17881582],[11.38678786,48.17846197],[11.38620338,48.17811656],[11.38529956,48.17756812],[11.38528389,48.17757424],[11.38525106,48.1775871],[11.38491716,48.17771936],[11.38485007,48.1777411],[11.38478298,48.17776285],[11.38463286,48.17779865],[11.38447901,48.17782194],[11.38352527,48.17791702],[11.38332482,48.17795906],[11.38313502,48.1780273],[11.38304029,48.17807716],[11.38299631,48.17810031],[11.38296655,48.17811598],[11.38294731,48.17812856],[11.38270253,48.1782885],[11.38255603,48.17838422],[11.38237537,48.17850242],[11.38234189,48.17852428],[11.38226054,48.17857745],[11.38209223,48.17868735],[11.38197976,48.17876085],[11.3818614,48.1788382],[11.38184947,48.17884596],[11.38177222,48.17889636],[11.38170744,48.17893873],[11.38157264,48.17902668],[11.38149813,48.17907539],[11.38140561,48.1791347],[11.381111,48.17932342],[11.38108404,48.17934073],[11.38104413,48.17931659],[11.37991009,48.17919039],[11.37950661,48.17914551],[11.37828718,48.17901878],[11.37765652,48.1789532],[11.37741632,48.17892754],[11.37616466,48.17901328],[11.37530528,48.17907217],[11.37516038,48.17906962],[11.37511052,48.17906837],[11.37507988,48.17906758],[11.37507477,48.17904525],[11.37504013,48.17897357],[11.37498277,48.17892352],[11.37491022,48.17888508],[11.37381013,48.17850894],[11.373688,48.17847679],[11.37359861,48.17846388],[11.37346217,48.17845189],[11.37159015,48.17842777],[11.37145087,48.17841702],[11.371303,48.17837954],[11.37118672,48.17833189],[11.37109947,48.17827638],[11.37076471,48.17797925],[11.37014609,48.17743374],[11.36919942,48.17659959],[11.36911588,48.17651795],[11.36906514,48.17643575],[11.36903748,48.17637868],[11.36903139,48.17630527],[11.36905344,48.17620644],[11.36966527,48.17433295],[11.36963608,48.17422765],[11.36944124,48.17383424],[11.36941123,48.17379352],[11.36939614,48.17374289],[11.36925678,48.17346404],[11.36923477,48.17342724],[11.36908335,48.17312744],[11.36899951,48.17293293],[11.36886181,48.17267],[11.36882174,48.17246406],[11.36874915,48.17202075],[11.36875481,48.17195622],[11.36875416,48.17191197],[11.36872666,48.17182073],[11.36867842,48.17167406],[11.36867875,48.17159177],[11.3686793,48.1715158],[11.36863172,48.17133481],[11.36862154,48.17125823],[11.3686265,48.17113108],[11.36854938,48.17078779],[11.36854427,48.17071124],[11.36853651,48.17064302],[11.36849222,48.17058305],[11.36851355,48.17054306],[11.36851465,48.17045466],[11.36848006,48.17034873],[11.36839421,48.16980696],[11.36838168,48.16967675],[11.3682958,48.16943939],[11.36825968,48.16937184],[11.36817296,48.16918446],[11.36813032,48.1691088],[11.368084,48.16901583],[11.36807342,48.16895723],[11.36802235,48.16887781],[11.36786779,48.1685185],[11.36765642,48.16814468],[11.36763794,48.16814998],[11.36763187,48.16815183],[11.36758817,48.1681203],[11.36751556,48.16798617],[11.36744461,48.16785509],[11.36746486,48.16784837],[11.36743473,48.16780503],[11.36717928,48.16743146],[11.36707201,48.16719907],[11.36688916,48.16687011],[11.36651869,48.16618962],[11.36625544,48.165712],[11.36603027,48.16528827],[11.365814,48.16486921],[11.36565533,48.16463214],[11.36543777,48.16436357],[11.36525058,48.16419392],[11.36507579,48.16404318],[11.3648665,48.16387885],[11.36463456,48.16374124],[11.3644237,48.16362604],[11.36412562,48.1634827],[11.3638287,48.16336175],[11.363629,48.16328937],[11.3627694,48.16304751],[11.36278497,48.16302799],[11.36276029,48.16302335],[11.3627158,48.1628827],[11.36266938,48.16272387],[11.3623041,48.16154026],[11.36199904,48.16053904],[11.36179579,48.15988088],[11.36177234,48.15981986],[11.36168133,48.15965152],[11.36135011,48.15908021],[11.36124258,48.15890404],[11.36121677,48.15884966],[11.36080344,48.15811866],[11.36077828,48.15806753]],[[11.401626561290131,48.144033865613984],[11.401756976468404,48.144421811688666],[11.401913031544323,48.14447865422059],[11.40236471603413,48.14460138688243],[11.405727589673562,48.14582615533599],[11.40638270381666,48.145034758381804],[11.406746339022211,48.145122690860966],[11.406924768248087,48.145173552064506],[11.407670677558865,48.14387818363473],[11.40779578774405,48.143306082698274],[11.408135680354277,48.14271769827988],[11.40792538970724,48.14255253083153],[11.407558096074393,48.14250820488085],[11.406923216050089,48.14241551859065],[11.406958757020545,48.142288784536454],[11.407076722158079,48.141915608564105],[11.406063329186043,48.14177568191605],[11.405809848428822,48.141739780931694],[11.403242583230975,48.141445303970606],[11.402558341112163,48.14134831399107],[11.401869822634868,48.14326503194732],[11.40163966474638,48.14399389867978],[11.401626561290131,48.144033865613984]],[[11.452540693151823,48.14417939824235],[11.452543680128679,48.144584128217865],[11.452556214049974,48.1454939612751],[11.452760052783473,48.145704780105085],[11.45262392526814,48.146211346054706],[11.452634005523509,48.146301239835196],[11.452735361615892,48.146444660983825],[11.45285942090874,48.14677943149227],[11.453212199988474,48.14700603743889],[11.45462776433436,48.14891576529858],[11.455312088310714,48.149914732139976],[11.455439996344014,48.15009682658241],[11.455706035793456,48.15040688496349],[11.45576870882111,48.15047294714239],[11.455812975957,48.15050609273781],[11.45611674748928,48.15071888834516],[11.456266317526554,48.150798973462415],[11.456409545561465,48.15085861861696],[11.45654943132003,48.15090131653353],[11.456711176428712,48.150926380690265],[11.45687568611512,48.150941757790946],[11.457041482710256,48.150947479429654],[11.457207402360696,48.15094333475242],[11.457312341811706,48.150934487351655],[11.457521760045434,48.15090760271377],[11.457693011842757,48.1508727163736],[11.457846566125744,48.150830470286806],[11.465830289254308,48.148256042141554],[11.466079096566462,48.14817044002813],[11.46623979478453,48.14810949366811],[11.466162259593437,48.1471397491235],[11.466023015524744,48.14660502620155],[11.465571999771408,48.14600888155669],[11.465457316735831,48.145540394870025],[11.465308957714708,48.145230453342236],[11.465055519362444,48.14420050800084],[11.46494118721785,48.14342203669281],[11.464754339498663,48.1425582018045],[11.464742147184177,48.142284028456196],[11.46468654853636,48.14223000691416],[11.464526319332164,48.14223270425851],[11.464375117028993,48.14223611650154],[11.463881018100171,48.14224104714361],[11.46361846315927,48.14224397918682],[11.463338713218034,48.142247189396734],[11.463345627712224,48.14256853488779],[11.463113997033464,48.142605264424134],[11.463123979927184,48.14238973142157],[11.462331680240267,48.14241002558999],[11.461153005046102,48.142307119246276],[11.46110446975276,48.142444175370635],[11.46109007959047,48.14248032847881],[11.46088246314955,48.14244884175777],[11.460940137802426,48.14228861388075],[11.460634431106566,48.142260701106345],[11.46032000664816,48.14226526937661],[11.45803704725173,48.1422409611865],[11.45683434729473,48.14225206235124],[11.456577140064896,48.14229661398198],[11.454177416361517,48.14251174408685],[11.453637540278226,48.14284766629339],[11.452897618498543,48.143256468290915],[11.45268461497077,48.14357032057582],[11.452570022106942,48.14374343594842],[11.452552484903848,48.14389731381917],[11.452540693151823,48.14417939824235]],[[11.516898568098787,48.116806397957106],[11.516927013532378,48.11709145645998],[11.516982059575739,48.117376967668655],[11.517090451023691,48.117786471077174],[11.517124252743905,48.11789513261601],[11.517638765444708,48.11915344555362],[11.518094602677666,48.120208998106094],[11.518311805009748,48.120629506259355],[11.518402342576804,48.12079830460985],[11.518481581161854,48.12093211563198],[11.51878095624227,48.12138938436716],[11.518960646758384,48.121699340162365],[11.519095060869187,48.12194533262683],[11.51945859322214,48.12243488338491],[11.519724164425615,48.12233924468407],[11.520330082801562,48.12224235956304],[11.520793119428214,48.122158684897585],[11.521010972726424,48.12214517536882],[11.521802267586793,48.12207696589182],[11.522438102548369,48.12192155601159],[11.522667715642351,48.12193963775961],[11.523019699401866,48.12196753814479],[11.523287017512999,48.12198443046986],[11.523553977098546,48.12200222984385],[11.52370982089573,48.12200842530575],[11.524090283759993,48.12202346754169],[11.524493354954124,48.12203530411481],[11.524947889811928,48.1220469976966],[11.525139844785743,48.12205348520574],[11.525417634364468,48.122064653609236],[11.525896978515618,48.12208074679555],[11.525995389810062,48.122007588756865],[11.526295791821902,48.12202221681395],[11.526721838069575,48.12205036635876],[11.527633819987896,48.122127567643794],[11.528103402783858,48.122161052502136],[11.528191214186457,48.12216766767942],[11.528452647355303,48.122182338054266],[11.528654589991534,48.122189679568685],[11.528856404650764,48.122194414142704],[11.5290579014635,48.12219267684303],[11.529259622582375,48.12219003445575],[11.529460955960785,48.122184970808696],[11.529662013733843,48.12217703353697],[11.529863117348684,48.12216729531448],[11.530064132541483,48.122155759098526],[11.530265063708255,48.12214251477206],[11.530466034513582,48.122130079034726],[11.530666922985711,48.122113235767145],[11.530784532384663,48.12209723742152],[11.531823450834663,48.12263221307852],[11.532036011046097,48.123978568301126],[11.53205824557172,48.124157407099005],[11.532066691588227,48.12442751904578],[11.532517824013498,48.124763003650536],[11.532737948298028,48.12490261085998],[11.532979135145926,48.125043014660804],[11.53308442465111,48.12509881931354],[11.53319217226375,48.12515268008839],[11.533301706727283,48.12520461178392],[11.533413296535253,48.12525460847277],[11.533526677602637,48.125302765953606],[11.533642239403825,48.12534880569142],[11.533759185272505,48.125392925213056],[11.53387777927674,48.12543502870921],[11.533998801775144,48.12547428734402],[11.534121658438588,48.12551044968319],[11.534246402134498,48.12554368911439],[11.534373152416855,48.12557400479297],[11.534945615076166,48.125703629116515],[11.535021523182165,48.12572219912763],[11.535095174147564,48.12574405816685],[11.535166182933471,48.1257695746549],[11.538044310953314,48.12540060751934],[11.538010560779032,48.12519749409049],[11.5380444293709,48.12540131933935],[11.538171531116797,48.12607661455826],[11.53812063257656,48.12650811094308],[11.538050688250536,48.12693768867608],[11.5379596063728,48.127633712549844],[11.537944010500816,48.12776173794765],[11.537924542039223,48.127920261950244],[11.537904601594427,48.1280828454477],[11.537883578584589,48.12825346102452],[11.537864825309494,48.12843006945784],[11.537839842269324,48.128609486121626],[11.538623878243,48.1285424011624],[11.538755636111778,48.128530236346805],[11.538845084731959,48.128961376842966],[11.538845673114464,48.128964095611835],[11.539100882057548,48.130122441982365],[11.53897890178298,48.12956880488436],[11.538897687478594,48.12920018374735],[11.538738674998115,48.12925672971289],[11.53868753759494,48.12927180681227],[11.538661296642722,48.12927661584028],[11.538607707742603,48.12928013974634],[11.53831365399922,48.12940064247523],[11.538077247216808,48.12949908536507],[11.537940738158879,48.12956004851697],[11.537806890521432,48.12962320218476],[11.537675292651175,48.12968837551394],[11.537547909728433,48.12975453532253],[11.537423439019443,48.129822520218745],[11.537301222503842,48.12989261468623],[11.537181390008554,48.12996472588486],[11.536664226154455,48.130291933080485],[11.536536835593544,48.1303725318061],[11.536458593910032,48.13042131887552],[11.536377734633678,48.13046881400345],[11.536266129231281,48.130533364245494],[11.536065851229615,48.13064234254762],[11.53612923419389,48.13069843985322],[11.535863612982563,48.13082613661731],[11.535619012251445,48.13093582274008],[11.535620822798437,48.13094801996229],[11.535373463453007,48.131067214285466],[11.534589239398366,48.131445249570135],[11.534146933443017,48.13165638279182],[11.533585485892077,48.13192116066565],[11.53351871107103,48.131959974992476],[11.533160746492838,48.132164385083115],[11.533122377168691,48.13219591423617],[11.533010102685205,48.13226614471418],[11.532902519734662,48.13234158040153],[11.532793677495306,48.1324269414789],[11.532667661898818,48.13251798180657],[11.532594937019972,48.132570521758815],[11.532566444158503,48.13259096524979],[11.532331783361837,48.132759341751346],[11.531998828525166,48.13299145025393],[11.531347110058261,48.13343555610382],[11.53089986180888,48.13372173827864],[11.529821283877304,48.13442169338885],[11.52937596472871,48.13472285355712],[11.52918617605239,48.13484895466051],[11.529067024754918,48.134920862276715],[11.528910822584187,48.135037936297735],[11.528654451642613,48.13520555219636],[11.527688252665612,48.13590949129268],[11.527643798959994,48.13595410947414],[11.527576529453091,48.13602136460019],[11.527274156840202,48.13632413964634],[11.526990658112899,48.136726645503586],[11.526979224140765,48.1367429133527],[11.526958134409666,48.13673500926055],[11.526833658980584,48.13695135828853],[11.526850500317739,48.13696034563532],[11.526623397263604,48.137547866806194],[11.526595475527495,48.137764970945796],[11.526536150063563,48.13822207629435],[11.526566334944286,48.13846121407703],[11.526615439986307,48.13885063730008],[11.526643180428419,48.13892276356876],[11.52676032551771,48.139230897378475],[11.526855211210641,48.13947642014643],[11.526961725716411,48.13964218500161],[11.527199165625472,48.14001169741665],[11.527289729088219,48.14012080481018],[11.527434336409849,48.14029139526817],[11.527450643714815,48.14028986851512],[11.527713142591592,48.140501393710615],[11.527862594861382,48.1406218242989],[11.52788474757902,48.14062038029274],[11.52797851589079,48.14069098650953],[11.528211923791423,48.14081191013672],[11.528641136146625,48.14098062091337],[11.53087603132787,48.14160948276741],[11.530917859532384,48.14161577386241],[11.531097812137467,48.14164139739508],[11.531208693230095,48.141654430430336],[11.531317494913846,48.14166569340377],[11.531528740227603,48.141686158278304],[11.531599919732518,48.14169286759159],[11.531715273528292,48.141703680750545],[11.531828052113074,48.14171177379873],[11.531901291924584,48.141716637928425],[11.531973565155724,48.14172098344287],[11.532045503463861,48.141723986607],[11.532187429217377,48.141728596139984],[11.532258271077975,48.141731173446125],[11.53237082355532,48.14173445076091],[11.53244734114614,48.14173762265278],[11.53251726666685,48.14173797052221],[11.532587304360094,48.14173786597984],[11.532661088996312,48.14173740884006],[11.532791929353541,48.14172984492077],[11.532878976738948,48.14172297660656],[11.532966065473216,48.14171421775132],[11.533052125624822,48.141703681928874],[11.533138383525372,48.141691702013524],[11.533258303390626,48.14167259111989],[11.533309590312282,48.141663001960396],[11.53339310774341,48.14164451381209],[11.533501777412178,48.14161737270588],[11.533634548478872,48.1415842111458],[11.534067843531563,48.14142312784814],[11.534266984787878,48.14134747078682],[11.534434973093525,48.141283705872944],[11.53443497307803,48.141283705694285],[11.536048902713366,48.14116397374178],[11.53604195668391,48.140976182093155],[11.537814662170698,48.14085928720736],[11.538236768700795,48.14083151457348],[11.538346916081753,48.14082422161595],[11.538557698287397,48.14081029551403],[11.538947775041995,48.14078457782544],[11.539254791523074,48.14076429150469],[11.539604037924143,48.1407412449939],[11.5400631471896,48.14068451458622],[11.541895298145231,48.14057443513213],[11.541908535069114,48.140709196058815],[11.541909000027974,48.14071341029626],[11.544748744465291,48.14054222914357],[11.544908338868478,48.140532547681964],[11.544943666716774,48.14079018549647],[11.545353646759468,48.14081358362304],[11.546420214859424,48.1408206265243],[11.546556307256784,48.14082147848943],[11.546803617324624,48.14082310361978],[11.548229026279836,48.140784561362985],[11.548443929314955,48.140764317092454],[11.548460500334775,48.14083017421449],[11.548855715586331,48.140816006124766],[11.549526056777855,48.14076522722751],[11.549839270058312,48.1407170370895],[11.55055938953428,48.14060623762744],[11.551395321120474,48.14043011859546],[11.55165101499226,48.14035956356037],[11.551848626172898,48.14030244557973],[11.552017458132614,48.14025055562629],[11.552260367793167,48.14017164524518],[11.552463287675664,48.140107749764795],[11.552598445874597,48.140068124601044],[11.552754190408695,48.14002615219065],[11.552856601911675,48.14000120129755],[11.55385359705462,48.13976335776412],[11.554683204083119,48.139563240792704],[11.554797505173855,48.13966678421943],[11.55480601713467,48.13988425502614],[11.554821341463748,48.139987120527735],[11.555460976265076,48.13993285080925],[11.555472769576975,48.140007901177285],[11.555798332177561,48.13998005224516],[11.555937897461785,48.139968935818864],[11.555939108602304,48.140040194141044],[11.55607569159513,48.14164879077603],[11.55608863449418,48.141816422253804],[11.556100087783513,48.14192094295447],[11.556090592674119,48.14183429806896],[11.555979050062023,48.141842674770956],[11.555783413454968,48.1418395381205],[11.555335965727869,48.14186595952787],[11.555230282045551,48.14187379935116],[11.555021976104303,48.141891570111234],[11.554979722565891,48.141898898531146],[11.554480919227027,48.14192634915504],[11.554144441994628,48.14194482899256],[11.554146444422473,48.141990583956094],[11.55392670224053,48.14199735960609],[11.553780382440026,48.14199344871488],[11.55361813873371,48.1419833447593],[11.553608182837237,48.142037373747286],[11.553082819185436,48.14199731419583],[11.553043946849202,48.14199421912187],[11.552336545746247,48.14194047620684],[11.552359876232178,48.142123515634346],[11.552152977782235,48.14212091457077],[11.551967956722471,48.14209047335807],[11.551806399677522,48.14206688887713],[11.551648499294393,48.14204655217298],[11.551373019858602,48.14201649984585],[11.551131612294796,48.14199846718513],[11.550947979898734,48.14198787892066],[11.550822167739797,48.141982934741975],[11.550521973613174,48.14197772364164],[11.550215823521325,48.14198254171745],[11.549999092896012,48.14199041271101],[11.549327686369665,48.142033569698434],[11.54864501060269,48.142079942117306],[11.548450554772776,48.142116829148804],[11.547590238906785,48.142181353142995],[11.547308586670761,48.14220037671132],[11.546736167341598,48.14223898378183],[11.546579838227267,48.14223678108802],[11.546515915438375,48.14223549889184],[11.546382571040667,48.14223863501094],[11.546282181022036,48.14224481958028],[11.546193299321093,48.142252638520866],[11.54514129236432,48.142330717761745],[11.544698160025648,48.142363603798536],[11.543990247617167,48.142416356226754],[11.542227156993635,48.14254636047806],[11.541991133803377,48.142563821204156],[11.540655894382507,48.142657068213296],[11.539582647747428,48.142741538126955],[11.539171375379723,48.14277393502],[11.538925630555132,48.14279331394064],[11.537165300620675,48.1429477462937],[11.535546250097216,48.143089759785255],[11.535234885680445,48.14311714775289],[11.535130761479104,48.14312673420037],[11.534728313078206,48.14316356871447],[11.534742931434062,48.14325977220367],[11.534762389444905,48.14340487065704],[11.534875165992048,48.14409852836495],[11.534936951251707,48.14450662409434],[11.53500423232773,48.14484265383725],[11.529777556165541,48.14511248720543],[11.529660605295666,48.145121239013214],[11.528315607938547,48.14522562432477],[11.528203029758373,48.1452409611459],[11.528038599405807,48.14527122206256],[11.527748727627408,48.14534508570244],[11.527461520482479,48.145429417529634],[11.527279229859694,48.14549281463657],[11.526727865779288,48.14559159427831],[11.526022594432204,48.14564462735327],[11.524994494370599,48.14572202895645],[11.525158081693334,48.14669641546276],[11.525235292901653,48.14715550179134],[11.524914330526048,48.14726369294906],[11.524042034260647,48.147585103393595],[11.524905680830695,48.14864344194255],[11.525046889199068,48.14881521942775],[11.524862765573213,48.14888619763673],[11.52470020355227,48.14894452747875],[11.524109369995118,48.14915629997867],[11.523378365819443,48.149411621275554],[11.523047552299227,48.1495212580171],[11.52280738590359,48.14959319301131],[11.522579189887368,48.14965534124372],[11.52235265502018,48.14971507169812],[11.521997571707157,48.14980143167294],[11.521654168333272,48.1498720586497],[11.521298033626541,48.14993701372889],[11.52044803812401,48.15008779626125],[11.519938299949922,48.15017635184671],[11.519642227077298,48.150232841607604],[11.51922861423414,48.15032285674515],[11.519341202770654,48.150551651445674],[11.51949338651855,48.150869093157795],[11.519560130705663,48.15100831312482],[11.519550996650167,48.151035957060046],[11.519525975687625,48.151049462842366],[11.51938639150969,48.15119748050726],[11.519456792112322,48.15137472462781],[11.519493847216784,48.1515025818084],[11.51952242414305,48.151687941536416],[11.519534942432285,48.151855657690234],[11.51953737349046,48.15202332515509],[11.519529041205487,48.15219086878196],[11.519526561347453,48.152222595768556],[11.519513510116777,48.152389882977694],[11.51948692733596,48.152731126356166],[11.519479260781607,48.152829911441124],[11.519472043177382,48.15292872086913],[11.519461547286468,48.15307241441417],[11.519459844055065,48.15361691436641],[11.520211584220773,48.15385373353937],[11.52037796827484,48.15383541644592],[11.520646019604284,48.15381999702791],[11.520670024356725,48.153818660468495],[11.520887549057283,48.15380668866475],[11.52091517179117,48.15380509269754],[11.521179071860846,48.153790033072234],[11.521597034746344,48.153765922325626],[11.521800540561987,48.153753266758336],[11.522061496186657,48.15374672776418],[11.522206614107176,48.15373625320158],[11.522412090174715,48.15371716478126],[11.522470224464811,48.15371255898426],[11.522715642998383,48.153682605237464],[11.522931483488707,48.15395823031661],[11.52313178889444,48.15418102315165],[11.523340852159384,48.15439481071579],[11.523561298626673,48.15459738208996],[11.523749890457717,48.154713720633765],[11.524045935825523,48.15489599187739],[11.52418171207429,48.15499634652706],[11.524442494667156,48.15515467169753],[11.524743298951538,48.15530081529147],[11.525082432304846,48.15542738823882],[11.525422951020525,48.15555168655629],[11.526191683063573,48.15573897004631],[11.526674196972692,48.15582286269261],[11.526819120712164,48.15584213276529],[11.526752313899978,48.15605137540525],[11.526563885209171,48.15661926969437],[11.526275135133584,48.15752076239818],[11.526076216366432,48.158165067985514],[11.525952638926576,48.15853669005004],[11.525892133453358,48.15873641413989],[11.525841021823501,48.15890512915183],[11.528174351026292,48.15898706647889],[11.528177404112933,48.15890161916846],[11.528423210320247,48.158766809430475],[11.52991527080631,48.15881799865537],[11.530043705121683,48.15888364395919],[11.530027585228039,48.159107029828505],[11.530007208458871,48.15926253934539],[11.529986072266459,48.15949443071295],[11.529975213299636,48.15957253945349],[11.529958218335526,48.15964921229949],[11.529949527970581,48.15967715050351],[11.530156416855549,48.15974732760779],[11.530429140249295,48.159780093160144],[11.530546786951787,48.159784643186626],[11.530672965698413,48.15978900602917],[11.5320356880774,48.15984468170845],[11.53277611203806,48.15986272622994],[11.53319574303718,48.159869502928096],[11.533310919881774,48.15987334696556],[11.533467793929791,48.15986746503603],[11.533678451064853,48.15985070410354],[11.533798793312918,48.15983835897727],[11.534777851832478,48.15975037358202],[11.5356649115721,48.15975320098401],[11.536100677213485,48.15975786530989],[11.536529551573265,48.159752681684544],[11.536818969286221,48.15974418147683],[11.537248478437803,48.15973033416312],[11.537488363173123,48.15972109648643],[11.537488363202936,48.159721097047274],[11.537505252832492,48.15997268405313],[11.537521286299798,48.16023992021207],[11.537538554910913,48.16050332026434],[11.537557199511351,48.160765737931435],[11.537573186684451,48.16103202220076],[11.537593240133761,48.161322977048805],[11.537610462764924,48.161585426091435],[11.537629341706959,48.161852599320994],[11.537649596692479,48.16211879016265],[11.537666491366547,48.162374579872974],[11.537686463815133,48.16263506326756],[11.537704251032288,48.1629089271075],[11.537724976536383,48.16318462997866],[11.537740685501754,48.163445207523246],[11.53776088085114,48.1637390150486],[11.537780808985964,48.16399854738287],[11.537797174679557,48.16427244256421],[11.537817525863781,48.16454053512276],[11.537663963134591,48.164790574222536],[11.537695086850983,48.16537255695934],[11.53771012886786,48.16564467186518],[11.537732051937025,48.166066124831794],[11.537775775742867,48.16667263538403],[11.538225583533794,48.166656433192585],[11.538194628100912,48.16610026550984],[11.538190466469318,48.16602098705161],[11.538187622100244,48.1659502994684],[11.538182525571164,48.16589482849459],[11.538177495179104,48.16584009748525],[11.538179359724722,48.165838088448574],[11.538166363276153,48.16561890080026],[11.538276379565795,48.165505612281365],[11.538436684618215,48.16534730718692],[11.538615009534249,48.165190563381515],[11.538859151981063,48.16498944290744],[11.539112729150915,48.16479755665129],[11.53934946151259,48.1646283614649],[11.539640504087522,48.164441654613206],[11.539935772279584,48.164262579171826],[11.540578990011243,48.16388008408199],[11.540796857499634,48.163744782445065],[11.541041091176368,48.163597737068045],[11.541352418228449,48.16340628509567],[11.541767201788074,48.16315330998935],[11.542456436978387,48.16368900597934],[11.543754936724996,48.164637023620394],[11.544575156863809,48.165237349088926],[11.543850271101334,48.166962264524855],[11.545419917825098,48.16764580487804],[11.547140667072286,48.166007183741236],[11.548202184772082,48.1649760862195],[11.548667196209001,48.16453131987958],[11.549467872673919,48.16361336010534],[11.550786480556107,48.16359014860309],[11.550791147669845,48.16337365703763],[11.55077726404665,48.1622832391202],[11.550780763431353,48.161497104213],[11.550797869128997,48.161288000796276],[11.55086316598056,48.1613121615689],[11.550959971170863,48.16134336620307],[11.551034784023768,48.161361955502215],[11.551135591984632,48.161384136173616],[11.55129731329742,48.161413898814466],[11.551481949872151,48.161438982616154],[11.551599982900425,48.16144946451425],[11.551721366672883,48.16145570222806],[11.551819423337982,48.161458288384594],[11.551980587673864,48.16145887772003],[11.552173736387168,48.161458160556826],[11.55238641600984,48.161457120678605],[11.552485246434026,48.16145659919174],[11.552670484839584,48.16145494321701],[11.552683954559651,48.16171666641688],[11.552689654145606,48.16223664678802],[11.552733017947658,48.16255319144327],[11.552744094584902,48.163676382633554],[11.55275508783269,48.16479093031351],[11.552759785262374,48.164974923067476],[11.5527716168239,48.165159027216134],[11.552790408073918,48.16534243682268],[11.552816432255776,48.16552523579094],[11.552848632466434,48.16570780752016],[11.552888204570838,48.165889855492196],[11.552935707928217,48.166074516535026],[11.552973642182096,48.16619919424415],[11.553018773803897,48.16632254225418],[11.553070968485395,48.16644456354186],[11.553130512839521,48.166565611643925],[11.553196538280494,48.16668444614782],[11.553269765732134,48.166802040788404],[11.553348815953424,48.16691770637667],[11.55343582083356,48.16703103559691],[11.553528245475604,48.167142444695415],[11.553627648620916,48.16725081926046],[11.553732973289225,48.16735654268774],[11.553844479285923,48.16745942922712],[11.553962072458184,48.167560290765344],[11.554117314742093,48.16768253992078],[11.55457066240226,48.16798414666882],[11.554720557297406,48.16806266984662],[11.554927636029939,48.168167953085636],[11.555085195306148,48.168239311256414],[11.55524800019718,48.16830524376728],[11.555418675647749,48.1683617331261],[11.555597002327053,48.16840707457557],[11.555778523588232,48.168443616708764],[11.555960672500941,48.16847654542927],[11.556142571072215,48.16850713997712],[11.556323287689358,48.16853560104281],[11.556504560081114,48.168561710001136],[11.556686137382334,48.168585832348874],[11.556867065632712,48.168607719380475],[11.5570429773825,48.1686281845489],[11.55729437880555,48.168650485335355],[11.557584041276776,48.16867336979629],[11.557854029478408,48.168690123134546],[11.55812335979499,48.168701761683],[11.558393442857435,48.16870960371527],[11.558663803941707,48.16871222013478],[11.558934505605027,48.168710869252415],[11.559160897654575,48.16870575036892],[11.559204970067507,48.16870475412592],[11.559474525448971,48.168693889726484],[11.55974443015681,48.168679237788815],[11.560013958612897,48.16865973473116],[11.561265462545137,48.168554905688836],[11.561320071091263,48.16855026800864],[11.561376099458402,48.168545510464924],[11.561353065446216,48.16860963925985],[11.561249445232265,48.1689164387984],[11.5611966001788,48.16905447518016],[11.561158454393889,48.16913657675016],[11.561117979552117,48.16921783044134],[11.561077110455779,48.16929927286462],[11.561037047410505,48.169380697301605],[11.561001064387488,48.16946302053361],[11.56096942565302,48.16954614669402],[11.560940765204132,48.1696296563439],[11.560915629464805,48.16971371726217],[11.560892809177737,48.169798356408975],[11.56087363008245,48.169883184315324],[11.56082090703336,48.17015060764964],[11.560762530149448,48.1705016575337],[11.56069148196041,48.17051196925918],[11.560425057754035,48.17048866462741],[11.560256208005335,48.17055550325026],[11.558619797166624,48.170411554670764],[11.55843171049026,48.171318693138105],[11.560452235184941,48.171496004025386],[11.560532002729365,48.17164449104888],[11.560838559907209,48.17167130978275],[11.560768242835234,48.17184482720518],[11.560756215852141,48.17188074319551],[11.560644685726402,48.172194450555864],[11.560593479269844,48.17237087109048],[11.560554186686543,48.17254882562135],[11.560545716229106,48.1725894150026],[11.560517142307226,48.17272870956057],[11.560482314851859,48.17290719438402],[11.560451258561672,48.173085775095124],[11.560426687799144,48.17326493107222],[11.560409932932464,48.173444362731004],[11.560400604354825,48.173624348695995],[11.560397998929421,48.17380427478786],[11.56039964542527,48.17391293272068],[11.560207134775137,48.17410803452541],[11.560078917349115,48.17423653683284],[11.560076708461894,48.174265109398796],[11.559958051948527,48.174383826532086],[11.559899821444672,48.17442201552695],[11.559710184463102,48.17461465719053],[11.559503382896013,48.17477060962255],[11.558770750962921,48.17537580869667],[11.558278704266463,48.175782259133],[11.558058551437904,48.17591070272388],[11.558021768576495,48.17603389316014],[11.55795332698494,48.17613054829221],[11.560713259482345,48.176074963264895],[11.56177990428591,48.17605118203639],[11.562873212699254,48.17602679603876],[11.564345711246624,48.176004648720706],[11.564837256217817,48.17601153064887],[11.5652016949673,48.17603910423812],[11.56556204702317,48.1760917641088],[11.566005247264966,48.17619971078745],[11.566351381903512,48.176288396629005],[11.56716917236497,48.176520097821886],[11.56761824766063,48.176638619008195],[11.568283192814643,48.17646313703385],[11.569717595157408,48.17686205920272],[11.569943431841246,48.17688535150695],[11.570008923937733,48.176287634859634],[11.57007681659847,48.1756016678459],[11.568322394604975,48.17569021801654],[11.568332096280123,48.17551429454852],[11.568286181059776,48.17514198633464],[11.567909355369297,48.17448205768652],[11.567900925187981,48.1744102628915],[11.56786723944614,48.1743230163702],[11.567762630058493,48.17412479137492],[11.567700549102291,48.17412617901212],[11.567681345553705,48.17404337762096],[11.567609997606164,48.173756949390125],[11.567567267997626,48.17336478592941],[11.567569132975771,48.17302768897652],[11.56774446693878,48.173020794390766],[11.567739528535471,48.172793294626096],[11.56771708892782,48.172793210435835],[11.567708836546755,48.17255096338479],[11.567699227993508,48.17226818497124],[11.567783178422705,48.17151502905226],[11.56785717649767,48.17135105269579],[11.567847858075384,48.17122645999796],[11.567730683969302,48.17085636688011],[11.568429407183551,48.17080644571828],[11.568352542104439,48.17034755675632],[11.567407137532236,48.170417680953825],[11.567301063122708,48.1704317363067],[11.567144086925028,48.1695888776015],[11.567112713205125,48.16933303118953],[11.567055895686863,48.168837195091314],[11.567042470979173,48.16879107126383],[11.5670309587214,48.16876543883182],[11.566997736135207,48.16872374528347],[11.566819227557058,48.16857513134563],[11.566817132682797,48.16853832360902],[11.566783010760572,48.16793888303205],[11.566782609878707,48.16793190511064],[11.570385101823899,48.16765171648192],[11.570444433377817,48.16745581075277],[11.570298038988154,48.16746856842792],[11.567394101740703,48.167721597910784],[11.573487069482983,48.16719059699015],[11.572942121113211,48.17012392362761],[11.573559563862098,48.1704515139532],[11.574437707264488,48.17051789163827],[11.575841850680593,48.170492523697874],[11.575471169393737,48.17271228472548],[11.576613635466328,48.17279323213884],[11.579509447386467,48.172939603821796],[11.579417216380236,48.17350944417934],[11.579407948609314,48.1735713779743],[11.579266797206285,48.17435871552321],[11.579250437449957,48.17442714576046],[11.57910746378257,48.175025193430194],[11.578889871789565,48.17593533406174],[11.578748082715522,48.176101649153345],[11.578538104613015,48.17722657718331],[11.579045100125366,48.17716537282433],[11.579211011690877,48.17714879440787],[11.579304900606195,48.177658457822325],[11.57943677388696,48.17764662220686],[11.579985539116032,48.177599016437476],[11.58035821796157,48.177572741058626],[11.580870308909573,48.17753174767049],[11.581499197968316,48.17751182429301],[11.581832874971054,48.17750853831918],[11.582017828979849,48.177507014178275],[11.582410967167878,48.17751186934178],[11.582824765688628,48.17752047057063],[11.583281085863483,48.177529168674155],[11.58373119502592,48.1775395837909],[11.584059762920102,48.177544304620156],[11.584420054169447,48.1775535782047],[11.58481804437015,48.17756094875658],[11.585111220360865,48.177566463812646],[11.585300319322139,48.177569053930064],[11.585647842003391,48.17757492367027],[11.58598506160239,48.177579445155914],[11.586580375452879,48.1775679168499],[11.587057787247577,48.17752345483623],[11.587498756551835,48.17746567504455],[11.587833996488907,48.17740701272211],[11.588240950782726,48.17731954736823],[11.588558689151387,48.17723626572665],[11.58844456089529,48.1769024079172],[11.588361664722928,48.17662147117166],[11.588173006199936,48.17621721631796],[11.58813524428177,48.17609515552231],[11.588048540693055,48.17576526565421],[11.587947616949144,48.17540141399257],[11.587871853700976,48.17513111366891],[11.587816799019016,48.17495680448817],[11.587750180914748,48.17478527518003],[11.5877420412498,48.17476695791461],[11.587574797689408,48.17439061795615],[11.587415994155593,48.174039316914936],[11.58731863338488,48.17382995248179],[11.587263489371415,48.17370353016643],[11.587200174468707,48.173546772698415],[11.587145424839449,48.17339180183519],[11.587126338806828,48.17332798651896],[11.587115249878712,48.1732680401605],[11.587070378638561,48.17307145634596],[11.587033225564612,48.17290259225147],[11.587026740833688,48.17277910684396],[11.587028347158393,48.172677394150426],[11.587040044677375,48.172575724134695],[11.587124016734922,48.17185778192067],[11.587129812508595,48.17178350220636],[11.587219477251889,48.17103609749147],[11.58736940171978,48.16972392305364],[11.587931343823236,48.16974022182514],[11.587901205981442,48.170133068196414],[11.588613755568792,48.17016003708464],[11.58859533987027,48.17081695065108],[11.588871969948858,48.1708267374805],[11.588843373325856,48.17111325324365],[11.589383713277451,48.17112840947485],[11.589435392075444,48.17063230823906],[11.5896794899439,48.17040281933931],[11.590296009162975,48.17035772863521],[11.590884464530067,48.170314552479326],[11.591368155036847,48.17029005532388],[11.591611851130969,48.170283837826574],[11.592065239006725,48.170231947831645],[11.593478185854543,48.16998680570672],[11.593580078484665,48.169966779322344],[11.593719593757086,48.1699272776561],[11.59377845631961,48.169914523012324],[11.593979541369366,48.170106072546105],[11.594205304142983,48.17031999925584],[11.594426513400059,48.17052831467914],[11.59467314879676,48.17076081498045],[11.594831468084376,48.17090769957431],[11.59513668749053,48.171200774102275],[11.595442359741138,48.17148838754418],[11.595562665071714,48.171601583356306],[11.59593348951766,48.17195316711613],[11.596063836950714,48.17208163710612],[11.59620243737908,48.172228206920664],[11.596524065233835,48.17256832692518],[11.597250511837952,48.17330843165813],[11.597358133283194,48.173409221691465],[11.597552971055954,48.173311969236124],[11.59719554841137,48.1734903761489],[11.596969857421033,48.17360245133912],[11.596364259677049,48.173909017630294],[11.595734467610821,48.174228589509646],[11.594944141669934,48.174628639215676],[11.59439691168473,48.17489233305606],[11.594011182850394,48.175064099763865],[11.593075924547197,48.17546634821062],[11.592897338849067,48.175542429231264],[11.592694450421238,48.17562803750152],[11.592114110007511,48.1758723473463],[11.591124378324995,48.17629140945003],[11.590794447611476,48.17643074953378],[11.590332693096817,48.17660421740574],[11.590069487501694,48.176711932051894],[11.589772208835823,48.176821452593956],[11.589473431750347,48.17693204449467],[11.589064700545329,48.17707938685172],[11.588772839324031,48.17717320458781],[11.588656228188173,48.17720590162478],[11.5892407128677,48.179572233706544],[11.58932785127853,48.179899773303234],[11.590351675674837,48.183611455818394],[11.590454276627423,48.1839945228068],[11.590492416395058,48.18413717945019],[11.59051470069983,48.18422158122908],[11.590539483231717,48.18431544645712],[11.590578286596246,48.1844659162854],[11.590850812688025,48.18552629264969],[11.590964791803271,48.185969388493646],[11.591084988945846,48.186415673187405],[11.591256054274496,48.18704607728204],[11.591332363579433,48.18729710724284],[11.591453558089631,48.18758698537998],[11.591489533464419,48.18765194855432],[11.59156356571081,48.18778578699199],[11.59160652055716,48.18786372962574],[11.591653558942348,48.187931100259526],[11.592073032447079,48.18792462195465],[11.592649914580756,48.18790240215707],[11.593310757517555,48.18785772755416],[11.594821784791156,48.187728379520706],[11.596994778760832,48.18748882150076],[11.599884709508434,48.18717050615965],[11.603482962769842,48.186779525642734],[11.605177908005658,48.186592307249185],[11.606881881435717,48.18640783450176],[11.608753545989877,48.18619572178897],[11.60938662309071,48.186130753858876],[11.6091229485539,48.18600606764672],[11.609015989693688,48.1859533395573],[11.608971548668833,48.18593140413954],[11.608425105022349,48.18565524225914],[11.60804656434395,48.18546400001888],[11.607719987528226,48.185320608468736],[11.60732435013121,48.18514999007519],[11.60708710542308,48.18505982634279],[11.606594403616,48.18487169284985],[11.606373943938536,48.18480417158281],[11.606004497160233,48.184690811088416],[11.605597691675158,48.18458391235892],[11.605400242080144,48.18453202669904],[11.60478719581594,48.18439350383856],[11.604431846717135,48.18432453831796],[11.604165911235565,48.18427289037199],[11.603610260382746,48.18416426584015],[11.60348248139036,48.18413928528141],[11.60306853931751,48.18404509955261],[11.602802497546243,48.1839806738191],[11.602539276724343,48.183908175414885],[11.602278715055917,48.18383237692227],[11.602100180278896,48.18377685478063],[11.601720108210124,48.18364995440488],[11.601265700098269,48.183460298328136],[11.600780393443614,48.183253549301334],[11.600163843335972,48.18288572419845],[11.599714252064526,48.182618493499625],[11.599001251151819,48.18227201040652],[11.59891171158362,48.1822095210233],[11.59881973661892,48.182144497963584],[11.598573959213454,48.18226043253185],[11.599092934177518,48.182015627938995],[11.599194494087858,48.18196665701916],[11.600595100347542,48.181321303352256],[11.601043871591635,48.18102968643372],[11.601713554309944,48.180648306165786],[11.602048847912195,48.18047326068611],[11.602837383452067,48.18010384822502],[11.603873111328566,48.17961869291233],[11.60412077272865,48.17935389461568],[11.603979369669581,48.17921859847177],[11.603435362569396,48.178698079356046],[11.602328080161904,48.17763726776582],[11.60219921149155,48.177603025554454],[11.601808699661243,48.177250424084214],[11.601898576109685,48.177117738537376],[11.601961756725043,48.177071587799745],[11.601185952536076,48.1763229836964],[11.600925980282728,48.17644674293896],[11.599401303098324,48.17501243157561],[11.599634912721891,48.1748835136637],[11.599394021712175,48.174653039093954],[11.599132381397677,48.174757036621315],[11.598837160261048,48.17447632198363],[11.59820193313068,48.17387235340096],[11.59822939860972,48.173859495008095],[11.597755161748546,48.173411595829485],[11.59771121989415,48.17332395451001],[11.59764396839948,48.17326489701415],[11.597713310736099,48.17322902675976],[11.598036632795939,48.173061429336855],[11.598531207651611,48.172810330978834],[11.599023307169182,48.17256099966925],[11.599300172429,48.17241250135851],[11.599508637601048,48.17227925948057],[11.599649218894385,48.1721715455676],[11.599741958570505,48.17208033576201],[11.599802817102468,48.17201726681241],[11.599872699250792,48.17193000241443],[11.599947659837492,48.171791213339425],[11.59999993496798,48.17165979229167],[11.60004202251991,48.171478905314224],[11.600045985952642,48.171304022642495],[11.600022146612979,48.171136622978594],[11.599964521127077,48.170959706964275],[11.599792929008327,48.17065684555245],[11.599275802425032,48.169904256150154],[11.59877473805297,48.16916500938531],[11.59821427989168,48.168365413072024],[11.597669451672962,48.167570601083185],[11.59715264944109,48.166823135254326],[11.596411577563687,48.165743146393474],[11.59617308309073,48.16533211671356],[11.595308100020414,48.16398435909287],[11.595308502475165,48.16398406596124],[11.595520420120149,48.163825862962284],[11.595737183846685,48.16365711244462],[11.595997241292544,48.1634481520818],[11.59632562807881,48.16317808036393],[11.596550274692685,48.16295686665944],[11.596651314446879,48.16287127793946],[11.596478159296094,48.162848097407355],[11.596324000143635,48.162815590097836],[11.596283374455645,48.16280211161865],[11.596178735906443,48.162764795685156],[11.59610423628536,48.16273570647076],[11.595917069186747,48.162635470269784],[11.595789599098005,48.16255350027947],[11.595630651353082,48.16244209832711],[11.595516905862098,48.162357568424255],[11.595375556142669,48.16224306910373],[11.595010111144004,48.16196276143728],[11.59489905975451,48.16188626821082],[11.594752205068538,48.16179321760573],[11.594575827064363,48.16165080510997],[11.594348838876305,48.16148623072853],[11.593891272542079,48.161173807884865],[11.593565855454273,48.16088152428963],[11.593473436624896,48.16076105895669],[11.593388682168191,48.160680551333215],[11.593215793424415,48.16055650376308],[11.593088428392976,48.16048442615496],[11.592610448681825,48.16023625445981],[11.592350829993713,48.159952380073726],[11.592274904747407,48.15984953743689],[11.592109334759215,48.15963579351885],[11.592005022387507,48.15948203306962],[11.59187675047053,48.15924513228101],[11.591772686298599,48.15905357465865],[11.591744984575008,48.159003216444766],[11.591582516531103,48.158725211348816],[11.591520696813657,48.158640675711865],[11.591453815036799,48.15855976344078],[11.591386394600738,48.1584761638997],[11.591293507019524,48.15836488528966],[11.591273124683832,48.15834204041697],[11.591216969301819,48.1582871600286],[11.591164175374667,48.15823760255211],[11.591110862344415,48.15818841667872],[11.591056511005643,48.15813997403709],[11.590999921445723,48.15809248165025],[11.590882824361291,48.15798111892779],[11.59082982131318,48.157940743917315],[11.590737089969705,48.15788056965351],[11.59060442075802,48.15782579500888],[11.590308899973316,48.157701719364056],[11.590193161352701,48.15767868511247],[11.589956812463592,48.15762399809776],[11.589860864429008,48.15759070952855],[11.589596063545978,48.157424998787334],[11.58947771125584,48.1572271927034],[11.58946163810756,48.15718841398788],[11.58942502162162,48.157099529931784],[11.589414126855285,48.157064773528504],[11.589383667807539,48.15700202464879],[11.589358673875365,48.15694365153738],[11.589317733792486,48.15684901624522],[11.589321283744582,48.15678864999996],[11.58935008420702,48.15666532101552],[11.589359503978036,48.15665299924097],[11.589365980447498,48.15664808433688],[11.589387550224005,48.156625103244316],[11.58939229402138,48.156620497335624],[11.589423068912383,48.15656886082991],[11.589455783127697,48.15651397013063],[11.589484048687922,48.15646105488016],[11.589578051932573,48.15628752485959],[11.589703977169446,48.15603490297087],[11.589771479879916,48.155882006856864],[11.58981809573018,48.155785516448205],[11.589840898382743,48.15574163223493],[11.589942167426779,48.15555143583664],[11.58997323545488,48.15548553621544],[11.589987435169398,48.15543905658221],[11.590000663848159,48.15532790360923],[11.590041580116706,48.155066940378774],[11.590061134925211,48.15476632794904],[11.590055195235724,48.15461367674017],[11.590029788920306,48.15451239284806],[11.590015717641704,48.15446529094739],[11.590009386707532,48.15444905743366],[11.589967659534215,48.154370816355446],[11.58991682893637,48.15429071099125],[11.589845909780642,48.15418820374866],[11.589721675275996,48.15400429733983],[11.58967166475791,48.15393245148891],[11.58960861077932,48.153841914006556],[11.589486311311012,48.15371510068528],[11.589359909294954,48.15357623248604],[11.589243624854385,48.15351010944081],[11.58908770613454,48.15345000847514],[11.588847326406299,48.1533789438456],[11.588629808454462,48.15323843922291],[11.588462480001297,48.15311992792388],[11.588330539253391,48.153007187480206],[11.588260252687622,48.1529253000003],[11.588193551809422,48.15284759131204],[11.588065370210757,48.15259574756646],[11.587941027137305,48.152406802829375],[11.58783854783623,48.15229960663069],[11.587742962581778,48.152210386794245],[11.587700558377795,48.152170805431254],[11.587174695312186,48.15172780464061],[11.587019933354851,48.15158093460733],[11.586991385098894,48.151540007051665],[11.586970393293036,48.151496929755645],[11.586960194997841,48.151451899757674],[11.58694804518035,48.151370741956306],[11.586738949398736,48.15104278597614],[11.586382380703014,48.150483513492325],[11.586220405279757,48.15022934409409],[11.58614058744585,48.15014063891757],[11.586067662072688,48.150075515999674],[11.585988732851561,48.1500193461933],[11.585787117310893,48.149869428057414],[11.58527154996683,48.1483398597389],[11.584918003120789,48.146753862674785],[11.583757694960124,48.144367589535925],[11.583895190293337,48.14433762237293],[11.584025723083684,48.144301831648164],[11.5841131857883,48.14425843919993],[11.584191475651743,48.14420239767794],[11.584243823946903,48.144139798077845],[11.58482853278654,48.14469359180788],[11.587988848311534,48.14409824972296],[11.588224012886053,48.143302855399284],[11.588394891709465,48.14326887421324],[11.588472944702485,48.14337090583538],[11.588830246734721,48.1436662662684],[11.589016164779789,48.143735827544155],[11.59001423824743,48.14387865393307],[11.590122273591241,48.143921335365974],[11.590449241929756,48.14406278805082],[11.59066261042466,48.144169640490716],[11.590813059461187,48.14425514692042],[11.591253190709514,48.14453450294183],[11.591324944906134,48.14458174308888],[11.591600636872137,48.14476205076969],[11.591861884484205,48.144965178631615],[11.59190303232169,48.14500267141407],[11.592085033393356,48.14517528429294],[11.59217947425769,48.14527249049582],[11.59224887551719,48.145350376234326],[11.592435307482047,48.14557084769002],[11.59261060523192,48.14580245769101],[11.592655118573981,48.1458666881613],[11.592747344767186,48.14599993572687],[11.592814665190915,48.14611385993289],[11.592825092778776,48.14613135052904],[11.592913398617851,48.1462801629463],[11.592913896441763,48.146319382812685],[11.59289768360032,48.14635250137447],[11.59286023493309,48.14638843877412],[11.592779225498967,48.14644308544171],[11.591731824385331,48.147149938485306],[11.592624204388082,48.147760734645445],[11.59341153527232,48.1483122633677],[11.594348674241015,48.1486289739266],[11.594479533343689,48.14890684448349],[11.594774555699212,48.14955919609485],[11.594988767288166,48.150056347472876],[11.59521253491342,48.150603136604666],[11.595277450445167,48.15067265297873],[11.595492426698932,48.15054491315244],[11.596233611191984,48.15021069780014],[11.596428255987238,48.1501399768984],[11.596931621991951,48.14992366002935],[11.597215231684872,48.149793567971095],[11.597371104092261,48.149715356736394],[11.597543617559754,48.149630795219934],[11.597783204202935,48.14951890767064],[11.597867011373362,48.149480318558396],[11.597995666160214,48.14942255984205],[11.598168752813914,48.14934635071204],[11.59809675593013,48.14927183219509],[11.598091622396776,48.149274017841115],[11.597267940025848,48.14832635479014],[11.596823974467135,48.14779390577225],[11.59669702657066,48.14761501693346],[11.596564840102747,48.1474202300051],[11.596481681287322,48.147288400143765],[11.596437458822427,48.147206078666706],[11.596394835465656,48.14711814228942],[11.596344465732319,48.147007256233614],[11.596301438188712,48.14690331258525],[11.596189299458677,48.14651425596913],[11.596142836161544,48.14635820173417],[11.596101878070314,48.14617268969324],[11.595989116036122,48.145667303284434],[11.595985153403593,48.14561808400683],[11.595887666962161,48.14517290851993],[11.595883662072216,48.14515482314463],[11.595879814156412,48.14513718411973],[11.595875804737453,48.1451190088668],[11.59587195682749,48.145101369841434],[11.59586810438538,48.14508364093869],[11.595864099510525,48.14506555556221],[11.595860112778821,48.14504782969405],[11.595855978149627,48.145029837229266],[11.595852112114367,48.14501183869417],[11.59584844840226,48.144995185280955],[11.595844425402484,48.14497674039469],[11.595836581732053,48.14494119574363],[11.595832715711458,48.14492319720738],[11.595828594708436,48.14490547437236],[11.59582473322875,48.14488756571278],[11.595820880821847,48.14486983680726],[11.59581702388294,48.14485201802438],[11.595812902892,48.144834295188396],[11.595809050493905,48.14481656628219],[11.59580520716846,48.144799017130076],[11.595801193272088,48.14478075199547],[11.595797211122905,48.1447631160007],[11.595789358453823,48.144727391589726],[11.595785380848383,48.144709845471404],[11.595781726252929,48.14469337180881],[11.595779333694024,48.144683258179505],[11.595775481320848,48.144665529271336],[11.595771499190962,48.144647893275035],[11.59576749892486,48.14462989776988],[11.59576351680096,48.14461226177309],[11.595759534679999,48.14459462577609],[11.595755525353454,48.14457645051589],[11.595751390805278,48.144558458044656],[11.59574757926551,48.14454153802932],[11.595743569948048,48.14452336276839],[11.595739592376766,48.144505816647346],[11.595735462375544,48.14448791405232],[11.595731475740827,48.1444701881765],[11.59572747097032,48.14445210279174],[11.595723345513058,48.14443429007315],[11.595719363422074,48.144416654073765],[11.595715363195401,48.144398658565464],[11.59571138564506,48.14438111244277],[11.595707524252804,48.1443632037763],[11.59570326905176,48.144345483968486],[11.595699407665487,48.14432757530154],[11.59569540291935,48.14430948991489],[11.595691277486571,48.144291677194325],[11.595687290884985,48.14427395131585],[11.595683299751787,48.14425613555998],[11.595679313156175,48.14423840968102],[11.59567530389071,48.144220234416004],[11.595671326370253,48.14420268829089],[11.595667339783637,48.14418496241125],[11.595663353200019,48.144167236531345],[11.595659491843477,48.14414932786209],[11.595655361903665,48.14413142526216],[11.595651518691144,48.14411387610111],[11.595647366084945,48.1440955241148],[11.59564389575752,48.14408003605883],[11.59564023672565,48.144063472511284],[11.595636420731102,48.14404646261244],[11.595632411498446,48.1440282873448],[11.595628415872246,48.144010381708455],[11.595624581748453,48.143993012300214],[11.59562059519708,48.14397528641775],[11.59561467345309,48.14394851632191],[11.595608724509368,48.14392120696245],[11.595604724366813,48.14390321144749],[11.595596890123891,48.14386784652246],[11.595592903593458,48.14385012063832],[11.59558889892858,48.14383203524524],[11.595585033093412,48.14381403669445],[11.595580898676728,48.14379604421273],[11.595491416812193,48.143458752986426],[11.595475713701212,48.1434033204406],[11.595466756995865,48.1434043326488],[11.59544476641365,48.143330866283705],[11.595454210396436,48.143328853290186],[11.595322481219075,48.1429482465603],[11.59526833466651,48.14280766206765],[11.594893264379373,48.14199246231544],[11.594907770274878,48.141989525191185],[11.594864388709578,48.141894406968284],[11.594877171508006,48.14189195867335],[11.594863132574476,48.14186150278791],[11.594827477655059,48.141783502286366],[11.594791807787667,48.14170546971838],[11.594778162754816,48.1416748249643],[11.594765259315688,48.14167754591288],[11.594720822135699,48.141582811399594],[11.594708321575848,48.14158552324073],[11.59422303495119,48.14048775537447],[11.594236429945934,48.1404841235861],[11.594206458017831,48.140412276909466],[11.594221788108047,48.140396364180255],[11.594098895708932,48.14022268960755],[11.59405127006262,48.140157990072524],[11.593922145375691,48.140002002101404],[11.593397135635815,48.1394064045758],[11.593249899267015,48.139256403530275],[11.59313918961653,48.13915362680397],[11.593005180172408,48.13903931870028],[11.592880788756087,48.13894512872938],[11.592787886434113,48.13888091087924],[11.591804359280998,48.138271990935436],[11.591784555425262,48.138260470511426],[11.591764983920346,48.138248225003544],[11.591745416951508,48.138236069369675],[11.591725720240513,48.13822400663977],[11.591706148763421,48.138211761121276],[11.591686590875591,48.13819978523192],[11.591666329920441,48.13818719534539],[11.591646480862309,48.138174776120714],[11.59162664086682,48.13816253664754],[11.591607347045487,48.13815046480679],[11.591587507068652,48.13813822532645],[11.591567384966178,48.138125722269265],[11.59154781356404,48.13811347672226],[11.591528524305891,48.138101494745044],[11.591509096252606,48.13808942591651],[11.591488969661933,48.13807683296721],[11.591479504841903,48.13807099538167],[11.591469546153453,48.138064854009166],[11.591456216447797,48.13805642672628],[11.591449970271444,48.13805251856695],[11.59143026464732,48.13804027602834],[11.591410549980285,48.138027853730996],[11.59139084890106,48.138015701062784],[11.591371837323274,48.13800389275389],[11.591351992932726,48.13799156335297],[11.591332564962196,48.13797949449285],[11.591312581786966,48.13796707823661],[11.591292594095458,48.13795457209908],[11.591289262814488,48.137952487742496],[11.59125332180946,48.13793017380939],[11.591213901705954,48.137905508902044],[11.591194066442537,48.137893359227455],[11.591174499743003,48.137881203490736],[11.591154794249785,48.13786896090213],[11.591135223043157,48.137856715280755],[11.591095534498034,48.13783205638884],[11.59107901697794,48.13782172142301],[11.59106084288422,48.13781052402802],[11.591041405999167,48.13779827536064],[11.591022399107041,48.137786556868164],[11.591002693686123,48.13777431425194],[11.590983261353905,48.13776215545175],[11.590963833556167,48.137750086525664],[11.590943989360879,48.13773775705021],[11.590924279452004,48.13772542454217],[11.590905133811292,48.13771361918052],[11.59088514631692,48.137701112968024],[11.59086530215931,48.13768878347818],[11.590846152020603,48.137676888228526],[11.590826442158402,48.1376645557027],[11.590806884682467,48.137652579655025],[11.590787165788974,48.13764006736687],[11.59076746500489,48.1376279145856],[11.590747903031625,48.13761584864966],[11.59072832749287,48.13760351307731],[11.590708765538029,48.13759144713432],[11.590688925989637,48.13757920748992],[11.590669623556721,48.13756695572725],[11.590649922828266,48.13755480292468],[11.590629801180949,48.137542299693806],[11.590610651150987,48.137530404402625],[11.590590945925776,48.137518161711704],[11.59057137498628,48.137505915988704],[11.590552780186902,48.137494368083786],[11.590532801912072,48.13748204156168],[11.590513513126114,48.137470059404215],[11.590493257268701,48.13745755917651],[11.590473968501112,48.137445577012],[11.590454545466287,48.137433597872494],[11.59043484031514,48.137421355153265],[11.590415833699838,48.13740963655466],[11.590395869063391,48.13739757964036],[11.590376862465702,48.13738586103495],[11.59035758732457,48.137374148482785],[11.590338871917071,48.13736287320246],[11.590320161041872,48.13735168779662],[11.59030145017478,48.137340502387524],[11.59028357211579,48.137329838072105],[11.590264297016759,48.137318125503405],[11.590244753374755,48.137306418987535],[11.590192928411183,48.137267636730115],[11.590187438318122,48.137262721675356],[11.590095004112356,48.13717701384934],[11.589926190428944,48.13720940527348],[11.58465541906114,48.138220598765486],[11.584655417826319,48.138220598980865],[11.590248045574933,48.13714764846363],[11.591661975533226,48.13687162216271],[11.591620217249993,48.1367751046704],[11.59158487885128,48.1367086871873],[11.591544201252978,48.136618995437615],[11.59150962043065,48.13657028684012],[11.591470143964365,48.136523128364864],[11.591339820487041,48.136385700351184],[11.591105486749687,48.13614750187858],[11.590833390439286,48.13588010151687],[11.590766018480593,48.1358181855008],[11.590709361151243,48.13576349608491],[11.590645813907022,48.13570545283635],[11.590549731391674,48.13562060957931],[11.590263489969486,48.1353978869043],[11.589944758781236,48.135186603727256],[11.58982342318535,48.135112766945575],[11.58964045296632,48.13501350574592],[11.589514712722067,48.1349456166306],[11.589305328757868,48.1348476702441],[11.588701007973837,48.1345911398585],[11.587933880608094,48.134831715340724],[11.58784824588321,48.13473906083952],[11.587738790421708,48.1346233835724],[11.587631466985172,48.134509997640976],[11.587519082490557,48.13439753544291],[11.587406448030366,48.134285438684984],[11.587379720286044,48.13425913684947],[11.587338841518347,48.13421605763831],[11.587286872184778,48.134163600411846],[11.58658846200873,48.13350637253366],[11.586432340397929,48.133360701940596],[11.585941061941863,48.13291430701471],[11.585843842446168,48.13281994758995],[11.585732365822185,48.132692519378686],[11.585685977642836,48.13263949308286],[11.585431642020723,48.132371500190814],[11.585434134335086,48.13237027435229],[11.585364419782964,48.13229896004495],[11.58525322446192,48.13218452440646],[11.58514242287399,48.13207261902612],[11.585050993676683,48.132010521303634],[11.585043368951236,48.132013932181266],[11.584038357378198,48.13146517613756],[11.583876506891437,48.1313845063466],[11.583712428612051,48.131304966199814],[11.583383161019054,48.13115049916145],[11.583137232691582,48.13103356801118],[11.582896854188084,48.1309147119376],[11.582664417179679,48.130798736100495],[11.582564749895251,48.13074914887148],[11.582399689706834,48.130666029748056],[11.582237176463307,48.13058276314743],[11.582076350496287,48.130498288650045],[11.58191687665843,48.13041396349264],[11.581757765542918,48.130328820144115],[11.581120715273249,48.12998141971253],[11.581109874790561,48.12999039135893],[11.580974314716876,48.12991650501642],[11.580985155208683,48.12990753338256],[11.580823928741788,48.12981766735709],[11.580744925481612,48.12977535248617],[11.580666848632394,48.129732746806695],[11.580418457897162,48.129601288476586],[11.580352342163907,48.12956669199116],[11.579639017621668,48.12919346314573],[11.579645835903927,48.129187371347065],[11.57959341340049,48.12916047507129],[11.579397160203563,48.12905816671182],[11.579354347514775,48.12903528355837],[11.57898253190685,48.1288572849922],[11.578790890373213,48.12876917882407],[11.578605660136908,48.12868830673443],[11.578473724063281,48.1286329618919],[11.578102311486605,48.12848167541397],[11.577894137861072,48.12839618833563],[11.577638939254214,48.12829223065357],[11.57733918003771,48.12816263835874],[11.5771202417676,48.128060745195526],[11.576907540806923,48.127951873218315],[11.576712115055274,48.12784441288438],[11.576573642680353,48.12776311839297],[11.576568309277338,48.127766657267216],[11.576553758411626,48.127757895738974],[11.576453485184581,48.1276971980328],[11.576352230830471,48.12763590498673],[11.57634031629426,48.12762879390952],[11.576347188753507,48.12762378084754],[11.576132761883052,48.12750720790229],[11.576118086183229,48.127517434836435],[11.576110710645242,48.127515080832794],[11.576102852073676,48.12751381741913],[11.576094649217689,48.12751373146306],[11.576086626326767,48.12751479770916],[11.576079081180662,48.12751687000999],[11.576072382760314,48.12751998957868],[11.576060986881247,48.12752861328764],[11.576007453644191,48.12750112303438],[11.57593108190842,48.127461904134584],[11.575563913870136,48.12725893432453],[11.575233119906866,48.1270857219886],[11.574267043048753,48.12657984867361],[11.573194208594037,48.1260180513677],[11.572669762539373,48.125735206305755],[11.572475751775958,48.12563688503224],[11.572319547453894,48.12554743451915],[11.571869147731569,48.12531538559023],[11.571802219279663,48.12527774309509],[11.571617298889537,48.125170308837276],[11.571191406885877,48.12494715639409],[11.570958145913519,48.12483243513873],[11.570365622283486,48.12451988861539],[11.569170499943962,48.12388946186444],[11.568811391233275,48.12370002569093],[11.568042662000943,48.123299124935386],[11.5679044386807,48.123227038291944],[11.567626062511344,48.12308047639291],[11.567622053431677,48.12308362532809],[11.567606946249397,48.12307712460098],[11.567610566365216,48.1230726436644],[11.567532011863952,48.12303293982197],[11.567487394382734,48.123010872735655],[11.567481398576257,48.12301460595629],[11.567464836971855,48.123005888231],[11.567470316991406,48.1230017562339],[11.567383782804594,48.12295496840964],[11.56718957684173,48.12284899793712],[11.567290542651978,48.1227749562162],[11.566826690777553,48.12252955547505],[11.566738166990557,48.12260298581133],[11.566218157603755,48.12231958127568],[11.566157233254724,48.122283600947945],[11.566015498381857,48.12219012944375],[11.565948273506095,48.12214367216629],[11.565873110479506,48.12209163349161],[11.56572593109403,48.12199945300061],[11.565569888258898,48.12191277911446],[11.56475942935523,48.12148179152631],[11.564175415598433,48.121169375006104],[11.563958868069685,48.12103878995356],[11.563813757890737,48.120950249998536],[11.563701968091907,48.120875619292775],[11.563683508110545,48.12086056833854],[11.563224001997208,48.12052494235],[11.56301448916447,48.12037359317868],[11.562932763164767,48.1203191796147],[11.562717359001628,48.120179028870886],[11.56267666850907,48.12015528235999],[11.562368855367433,48.119986329794635],[11.562154316999068,48.119874322327696],[11.562048614205432,48.119818733401104],[11.561951100015193,48.11975756293751],[11.561904745826439,48.11972530444096],[11.5618219982781,48.11964220935518],[11.56179344340119,48.11961387281758],[11.561773501544923,48.119593892231066],[11.561647712002811,48.11946946660571],[11.56164703208627,48.11946390302946],[11.561312666903719,48.1191508858011],[11.560968249984565,48.11882848730342],[11.560772864495284,48.11864478627665],[11.560675691467987,48.118549864741894],[11.56023844087854,48.11813940743012],[11.560154426778126,48.11807397540067],[11.56003041918699,48.11797983144627],[11.559949284174472,48.11789121030977],[11.558884121538782,48.11798804468085],[11.558746442573932,48.11798125929544],[11.558760805859231,48.118072904840865],[11.558911347670918,48.118535946162325],[11.558907859478428,48.11863178925715],[11.557688179772127,48.11917754702693],[11.556814528097663,48.119593449741366],[11.556269332037374,48.119853119459826],[11.555859085559048,48.1200485074185],[11.555822604227465,48.12006699034621],[11.555795390313952,48.12004070012015],[11.555687305493842,48.119934006741936],[11.555071150957673,48.11932172730275],[11.554739747595436,48.11898301699121],[11.554250873163799,48.11848312534974],[11.553700323907444,48.11792063913375],[11.553121886041362,48.11730922024593],[11.551800665612747,48.115917384041715],[11.55150728628792,48.11558815824501],[11.55115724954113,48.115146141890726],[11.551186129164975,48.115134956584235],[11.55156840847014,48.11501905832855],[11.552145905489658,48.11479883911983],[11.55155986994061,48.113964085111164],[11.55193161981642,48.11386596734967],[11.55181462149321,48.113595478587634],[11.552421827447757,48.113403106043876],[11.552130965938089,48.11306589950293],[11.552024099532856,48.11294198046935],[11.552917464626344,48.11275534944908],[11.553108893676901,48.11276358422425],[11.553341363352217,48.11275684064215],[11.553652522782047,48.112685402557105],[11.553652637840639,48.11268292645633],[11.553656720254352,48.112595211634726],[11.553669437410955,48.112320434932606],[11.553836772052449,48.11231844624631],[11.553887006357987,48.11231793476934],[11.553928434359003,48.1123173383614],[11.554241053431584,48.11231366052861],[11.554612778380125,48.11230997906229],[11.554960169005984,48.112305920846126],[11.555320498364656,48.11230115169552],[11.555276705792965,48.11216844764682],[11.55523731474577,48.112064010864934],[11.555167325262888,48.11187844704768],[11.555080346165393,48.11172039814944],[11.554976867936004,48.111565595583194],[11.554840170955242,48.1113965952486],[11.55430658082422,48.11088901077987],[11.55389440016531,48.11053195962497],[11.553784090622592,48.11043165565895],[11.55368439848824,48.11032598666154],[11.553119081844576,48.10969016115018],[11.552780055369999,48.10932050220922],[11.55264480382046,48.1091695530651],[11.55246741211974,48.10895988374485],[11.551974140478377,48.108223743592966],[11.551845947222839,48.108041593648935],[11.551787753664117,48.10794084960832],[11.551631016800682,48.107703186253545],[11.551614133327543,48.10767601495625],[11.551590859916491,48.107624806260354],[11.551579045285722,48.10755173523768],[11.551587777314559,48.107234362548525],[11.5516187575042,48.10690646730126],[11.551709309412239,48.10650093660701],[11.551705774461157,48.106223427515225],[11.551714855471207,48.10622232595204],[11.551687060045706,48.10612225613868],[11.551638133352075,48.10591572022983],[11.551608754409783,48.10579170056397],[11.551585589497048,48.10570916388223],[11.551553085679817,48.10560352991245],[11.551517980677136,48.105507761519874],[11.551469982332897,48.10538222630838],[11.55142527336578,48.10528784098789],[11.55137915962757,48.105194926534004],[11.551330704870463,48.10510899251157],[11.551307790915772,48.10506406174925],[11.55124952432223,48.1049698875603],[11.551178569254134,48.10486906675769],[11.551116090735995,48.10478749325552],[11.551014808440542,48.104668360278254],[11.550553720444348,48.104108849153235],[11.550044214636891,48.10346115128895],[11.54988257580212,48.103286850139156],[11.548934180810729,48.10230732768471],[11.548582416093575,48.10132814577491],[11.548511588989179,48.10098797413861],[11.548490589295325,48.10084042332234],[11.548426357348802,48.10054122604715],[11.54828942520607,48.09983945246847],[11.548178776640153,48.09921546793838],[11.548171812765379,48.0991362773244],[11.548148025204366,48.09886643367101],[11.548139434984648,48.098672502635765],[11.54813806400004,48.09829977890333],[11.54709608058672,48.09831845220964],[11.546159359703864,48.09841498678874],[11.54604570827387,48.098447379766796],[11.545834814045529,48.098507701259145],[11.54562963090409,48.098566255436765],[11.545387114036131,48.09834949489552],[11.544611273430135,48.09745379571262],[11.543897187229085,48.09657353970859],[11.543482763949912,48.096169515230635],[11.543182712274328,48.09583022190476],[11.542947054456977,48.095705713636825],[11.542553894244138,48.0958777788785],[11.542677197364162,48.09626903380281],[11.542881393673786,48.09687335761102],[11.543096313407194,48.09736783643308],[11.543275802154273,48.09782556259572],[11.54309381480601,48.09799850819194],[11.543250823186154,48.09822775871286],[11.54374702267049,48.098971256250216],[11.54388164485091,48.099201001743864],[11.543981855305006,48.09964171479411],[11.543981732244863,48.09967304309123],[11.542734586864125,48.099427824873565],[11.541566163432877,48.099266088869825],[11.541530707317982,48.0997001649267],[11.54145686014348,48.10002145145446],[11.541353346549645,48.10042782872337],[11.541280891172336,48.10066926953597],[11.541216612182874,48.10092340727543],[11.541140829524538,48.10123172078197],[11.541108895044307,48.10150668571064],[11.54105864793437,48.10187157216815],[11.540907920586758,48.10250532140586],[11.540680499061475,48.103140767064176],[11.540429665856319,48.103820534897544],[11.540414173711675,48.10390406924575],[11.540389329437973,48.10403802274638],[11.540389231905134,48.10403855128519],[11.540292742069006,48.10467681343479],[11.54021372080513,48.10520803251259],[11.540099285818117,48.105943825276555],[11.540068121208352,48.10617687182347],[11.540038269650484,48.10643655479543],[11.540011982234686,48.106768531388084],[11.53997162553434,48.107218903954085],[11.539941720297595,48.107592861339356],[11.539922997954866,48.10784890855877],[11.53996263662783,48.1078481965869],[11.539968762957965,48.107848086292286],[11.540058762025188,48.10784612824225],[11.54007965263553,48.10784567340835],[11.542397755774688,48.107795210488256],[11.542859312116217,48.10779102070381],[11.543555955872533,48.107786301731764],[11.543808508719255,48.10778304760079],[11.544200658751526,48.107769052259066],[11.544356013082526,48.10775364332353],[11.54490562853733,48.10769899533072],[11.544985903212105,48.10782273820512],[11.545073985311662,48.107944058514896],[11.545171440922848,48.108062021738846],[11.545278896703014,48.10817571416826],[11.545391887426035,48.10828721429246],[11.54552371142472,48.108412783615336],[11.545582585199705,48.10846771602669],[11.54562483667557,48.10850709043563],[11.545697152804104,48.10855993244039],[11.545832783272477,48.10865500209463],[11.54577898141776,48.108689061592166],[11.544969005171271,48.10915589206231],[11.544463139981668,48.110028566123674],[11.544426328565168,48.11011837157499],[11.544376315387904,48.11026731619679],[11.544342944358315,48.11039141763504],[11.54431536644642,48.11051584062124],[11.544206868893637,48.11107482062737],[11.544194090780538,48.11113704749664],[11.54415132393102,48.11151977859171],[11.543934926857876,48.1119317299674],[11.543908175313408,48.11220622057619],[11.543851484537246,48.112747804034214],[11.543502922673989,48.11276911082926],[11.54287084078749,48.11276295189399],[11.542776744760387,48.112767554641074],[11.542753445447435,48.1127882259219],[11.542737745889998,48.11320778861054],[11.542716464014783,48.113778145738806],[11.542700230576115,48.11420064451859],[11.542708824130125,48.11422501869975],[11.542717331622885,48.11435107175105],[11.542774966293813,48.11464753828799],[11.542908203428327,48.11532402439668],[11.542497402672982,48.115345176403444],[11.542119514020976,48.11537432648803],[11.541622961738952,48.11542769647227],[11.54117565399946,48.1154611330158],[11.541050204518275,48.11501020091721],[11.53992306558622,48.11517649268587],[11.539807328971703,48.114879664852054],[11.539776552191249,48.11479234540541],[11.539748563162371,48.11470433444626],[11.53972430585883,48.11461570108194],[11.53970218289718,48.114526750576346],[11.539686095557606,48.114437576621604],[11.539662605610486,48.11427730251804],[11.539651187926943,48.11405665508919],[11.539651969295408,48.11386813055615],[11.53968198684609,48.113585830639096],[11.539793284306219,48.113090015800225],[11.53980618364975,48.11280078352014],[11.539426816072089,48.112797299425374],[11.538993914940717,48.11264961660038],[11.538699717762341,48.11179245342435],[11.5388235920364,48.11176844040251],[11.539009078628744,48.11078237251827],[11.53901401217021,48.11075614866245],[11.539011959361797,48.11075487134387],[11.53778668687616,48.11074298475609],[11.536881012985855,48.11090708414253],[11.536264053572424,48.11088710201868],[11.536275506354622,48.11059493994489],[11.536196548438765,48.11058891293982],[11.52622468572059,48.11003941435506],[11.519758561504501,48.11008015204097],[11.5194046297083,48.110303769276584],[11.51933150064084,48.11036341021066],[11.518351445045356,48.11120596698235],[11.518302702289336,48.111247796460205],[11.518094723925108,48.111426646776835],[11.518048073087966,48.11147004990877],[11.518005549720092,48.11151543205801],[11.517967681905564,48.11156260169264],[11.51793432225567,48.111611292110126],[11.517905860249092,48.11166122483742],[11.517882161681547,48.111712402820324],[11.517837547199054,48.111821798945876],[11.517774470035617,48.11197646804904],[11.518287416495715,48.112893981029174],[11.519425422663288,48.11342650690976],[11.519303222053978,48.11366132815216],[11.519301919431877,48.113708865873726],[11.519172610075431,48.11368587812368],[11.519041619548052,48.11366697617637],[11.518908331510556,48.11365604265944],[11.518774367707625,48.1136505225745],[11.518130683579967,48.11364079258639],[11.517178494415242,48.115731461927524],[11.517162735820424,48.11635752405801],[11.517050771625831,48.11643514843168],[11.516898568098787,48.116806397957106]],[[11.520170230055003,48.1766859547855],[11.520359331921366,48.177812654299544],[11.520220186269096,48.17886800702009],[11.520194968916897,48.17907254176591],[11.521160519429959,48.17924797745453],[11.521177459888222,48.17939272321455],[11.521174970254664,48.179501022138986],[11.521138637449162,48.17965991192795],[11.521112600240606,48.179770887092964],[11.52107274594678,48.17991833686978],[11.521029509522283,48.18006541095471],[11.520984162434639,48.18021882983878],[11.520941088494947,48.18036374082965],[11.52087190491371,48.18059623404431],[11.520858740031862,48.18064052246094],[11.520847079755887,48.18067982903696],[11.520801260765024,48.18085107394953],[11.520764821561599,48.18098315229147],[11.520700615355851,48.18127051308598],[11.520699080188265,48.18128584313172],[11.520673618417305,48.18152925403257],[11.52075307465863,48.18166517788861],[11.520887113879883,48.18188799302689],[11.52091754917069,48.181950599925464],[11.52097631799553,48.18206626270177],[11.520965834159853,48.18210761297292],[11.520893868359689,48.18240684131895],[11.521052312004585,48.182421183828104],[11.521663929785541,48.18242719235503],[11.522275140663341,48.18244850651712],[11.522299932194773,48.18244922191396],[11.522568919976736,48.18245807237402],[11.522891215998897,48.18245927308258],[11.52304583232188,48.18245974660962],[11.52313434308614,48.1824593323536],[11.52358653592994,48.18245353914816],[11.523799149041825,48.182448688619345],[11.523974138740389,48.1824448442432],[11.524262562541367,48.18243850723285],[11.524417526452952,48.18243510219384],[11.52450690285027,48.182433138221306],[11.524592520438272,48.18243134675878],[11.524691842458568,48.18242916408355],[11.524776680125006,48.18242792949496],[11.52486124456697,48.182426610869854],[11.524908974423816,48.18242592178416],[11.524945943402683,48.182425289228654],[11.524996365683208,48.182424630910035],[11.525032662656407,48.1824240130965],[11.525083886918864,48.182423247133904],[11.525171542547659,48.18242186033702],[11.525254090950858,48.182420585735585],[11.525338798590498,48.182419443568044],[11.525423680384858,48.18241910731722],[11.525508432193178,48.18241886383973],[11.525593318398665,48.18241861734507],[11.525680081788614,48.1824182395395],[11.525728644526032,48.18241807167382],[11.525814605926065,48.18241780137707],[11.5259016425259,48.18241750737584],[11.525986255496194,48.1824171766194],[11.526070872881931,48.18241693568213],[11.52615562466479,48.18241669172721],[11.526240372025102,48.18241635782833],[11.526327538588292,48.18241597066756],[11.52646219708475,48.18241552879135],[11.526549103677143,48.1824153271367],[11.526633851021229,48.18241499294755],[11.526718477221717,48.18241493129615],[11.526803107839788,48.18241495946381],[11.526888284897467,48.18241515550718],[11.527020550679714,48.182415305476084],[11.527195743192918,48.182415590741854],[11.527746068007474,48.18241626034253],[11.527889103460415,48.182416532261534],[11.528318706584523,48.182411037511166],[11.528665886913185,48.18240663554554],[11.528819046622187,48.18240465984201],[11.529811079815401,48.18239273801509],[11.529956535946827,48.182387713694744],[11.529405548329432,48.18177246918029],[11.529200985193823,48.18146328482579],[11.52912304634921,48.18127865845563],[11.529107462469772,48.18122432239776],[11.529096689509847,48.18109289648014],[11.5290770464816,48.18099979788937],[11.529053908977525,48.18087943620464],[11.529040113093641,48.180773978083735],[11.529036109203133,48.18044839022381],[11.529034225161881,48.18039206995786],[11.529032210882441,48.18000144308186],[11.529049267037886,48.179648528428366],[11.529057554841744,48.17951092693036],[11.529076474705576,48.1793176348034],[11.529098227596101,48.178852763295076],[11.529108815894789,48.17863116280707],[11.529080198168455,48.178397266944394],[11.529085664904539,48.17824605795965],[11.529095590084971,48.17801057304151],[11.529104020527079,48.177875846785334],[11.52912604278867,48.17771132357929],[11.52916035554941,48.17739098358295],[11.529168861205019,48.177263120129396],[11.529173954009797,48.177057766555656],[11.529176001613857,48.17686409717057],[11.529175940509399,48.17673049811079],[11.529170145905725,48.17661275715581],[11.529053274387941,48.17610561502281],[11.528990313113871,48.17582624584907],[11.52894924735773,48.1756388504785],[11.528785569602032,48.175018742536835],[11.528729952205625,48.17482973104743],[11.528692112002549,48.174707854570684],[11.52863509435306,48.17450507831067],[11.528570297839456,48.17427657645346],[11.528538503818117,48.1741598917815],[11.528514415257364,48.17405271831449],[11.528507057755798,48.17381028044243],[11.528513956454354,48.173639635056105],[11.528544986152932,48.17302687876232],[11.528549640616621,48.17291425067106],[11.528546456731789,48.17284953243976],[11.528502199323485,48.17277889966219],[11.528427220283195,48.172705531946974],[11.528272672806393,48.172569128860474],[11.525800994442758,48.17380918541614],[11.52404945602269,48.1747062071224],[11.522312241786006,48.17560308066725],[11.521425538232327,48.17608479047751],[11.520491453708553,48.17652460496546],[11.520170230055003,48.1766859547855]],[[11.530748319031344,48.16934086879592],[11.53115680691666,48.169388798638316],[11.531380856753126,48.16941858370978],[11.531920946240623,48.16949656828589],[11.532054997897927,48.16951707204765],[11.532212250387559,48.1695505205778],[11.532285988016898,48.16957090668868],[11.532351312614285,48.169591824628654],[11.532432294156067,48.16962327492052],[11.53249546732142,48.16965043075064],[11.5328445987688,48.16979463758033],[11.532869450284817,48.16980635465814],[11.53280972289482,48.169836689720874],[11.532628230980592,48.169935972406456],[11.532528649096173,48.16999594409904],[11.532420434098423,48.1700652298713],[11.532177909738756,48.17021755279137],[11.531924664774406,48.17037788204614],[11.531571446594532,48.17060055664548],[11.531341306681298,48.17074652677621],[11.531592367724649,48.17092906355092],[11.531620162278513,48.17094866477022],[11.531633533480653,48.17095809411099],[11.53323674773525,48.171106779159025],[11.5344264105656,48.17115803052914],[11.534426814785961,48.1711548795504],[11.534427921312995,48.171146247763026],[11.534458970975566,48.170844235318924],[11.537465077048735,48.17095312515127],[11.538072335670805,48.1709705728487],[11.538475737903283,48.17097416920755],[11.538409057255361,48.17062609454655],[11.538361096094683,48.170362315012994],[11.538326195585945,48.17015666834733],[11.538275560199187,48.169809212610026],[11.538232133672622,48.169489833827704],[11.53819203459674,48.16920835528641],[11.538122448114352,48.16865392582012],[11.538079063262092,48.16824691556786],[11.538075456885,48.16820149741784],[11.538059323119283,48.16799830091224],[11.537744210945771,48.16790729263113],[11.536392734777811,48.16752953605409],[11.536034429526884,48.16742362338895],[11.535289727495506,48.16721484412728],[11.535087874397306,48.167158383118114],[11.533678924762887,48.166735343947664],[11.532636901087589,48.1664483447452],[11.532134582161977,48.16631184743243],[11.5320133279406,48.16650676717408],[11.531490274257884,48.16734756881558],[11.53114901439131,48.167905563892155],[11.531348546560247,48.167962832484655],[11.531061348308413,48.16846705680882],[11.530991237194375,48.16859002978401],[11.53091297498475,48.16875713515689],[11.530850329559428,48.168924526269095],[11.530772018843457,48.16921634326097],[11.530748319031344,48.16934086879592]],[[11.55664320825617,48.10102669844583],[11.556709839551942,48.10121354299589],[11.557112404589972,48.10191414360075],[11.557124600662297,48.10193503531202],[11.55725665145903,48.10215425532221],[11.557536540352233,48.10260215111321],[11.55771778468353,48.10285158805833],[11.558287031357677,48.1034614796708],[11.558324581275253,48.103511571810486],[11.558453854649281,48.10373148216337],[11.558504137239613,48.103845896137194],[11.558552647760422,48.10401118819063],[11.558577961796145,48.10412867781817],[11.558600158557386,48.104242907632376],[11.558588792031466,48.104246670077],[11.558618629542423,48.10435515090989],[11.558668946296908,48.104537858758086],[11.558718420598877,48.10469548097035],[11.558746875139546,48.10477339942611],[11.558782661372176,48.10485016474484],[11.558824446306476,48.10492598657933],[11.558871813988652,48.10500060425142],[11.558895151771196,48.1050322970497],[11.558925806750835,48.10507336467073],[11.55900965538875,48.10517380347036],[11.559080637289215,48.10525050429456],[11.559184124513255,48.10535117661371],[11.559310915415638,48.105458985012234],[11.559459241293878,48.105570043909516],[11.559625573188104,48.10567305302208],[11.55977890871273,48.10574971753243],[11.559886029886615,48.10579393944704],[11.559967082120007,48.10582722493112],[11.560228312391681,48.10591228135822],[11.560394882953497,48.1059659750813],[11.560687262361037,48.10604250777367],[11.560722901985095,48.10605197262658],[11.560751428159715,48.10605954903709],[11.56075383656029,48.10606018908112],[11.56083468473252,48.10608124124481],[11.560981749406466,48.10612088230217],[11.561128899197989,48.10616223089087],[11.561208808144967,48.106186003132855],[11.561273016290398,48.10620472668446],[11.561417853761677,48.106248196009616],[11.5615641362412,48.10629370245959],[11.561703816445155,48.106338816111965],[11.561845608193897,48.106385862050296],[11.561970428722017,48.10642932729252],[11.561998583158163,48.10643895692912],[11.56214893247728,48.10649597931544],[11.562293480112544,48.106557899877686],[11.562435370857987,48.10662311881396],[11.562569809333441,48.10669246297253],[11.562645080482184,48.10673370381526],[11.562702123271347,48.106765003676905],[11.562828519275591,48.106842805142065],[11.562950665937729,48.10692430049302],[11.563069140310636,48.10701028668371],[11.56318061427899,48.10709867848665],[11.56321346599975,48.107129798157885],[11.563284448093913,48.10719281945563],[11.563444386588126,48.10733447713939],[11.563665234995476,48.10753920053512],[11.56387869066242,48.10774651800192],[11.56398064380137,48.10785410732709],[11.564079756747864,48.10795861067727],[11.564210922427263,48.10811323691734],[11.564332283189266,48.10827330076621],[11.564447287972728,48.10843521602793],[11.564556478021386,48.10859906061509],[11.56465930752689,48.10876466677273],[11.564756040373995,48.10893193864474],[11.564846528883209,48.109100609604724],[11.564952032102168,48.10931447496348],[11.565071333514577,48.109565283702246],[11.56508075091793,48.10958981782532],[11.565122930209775,48.109697571408795],[11.565150735083824,48.1097648851645],[11.56516806251884,48.10981605660017],[11.565174111204845,48.10983229783142],[11.565185735280373,48.109898443324894],[11.565198182608922,48.109967629743416],[11.565210303371467,48.11003565371622],[11.565222527044883,48.11010304552977],[11.565234352606439,48.11017053621356],[11.565246379552102,48.11023937209508],[11.565258809158077,48.110308198980924],[11.565262339466184,48.11033052510664],[11.565270545378281,48.110376591453345],[11.565278998039359,48.110446496944085],[11.565289061153566,48.11051366706686],[11.56529107930794,48.110532607733546],[11.56528972095857,48.11058896545002],[11.565286136100614,48.110692342370534],[11.565280800239007,48.11073358233715],[11.565277349027177,48.110818060505665],[11.565151898089388,48.110789189642716],[11.56476349507975,48.11075467371748],[11.56453185824956,48.11073573175587],[11.564527112587758,48.110796934026645],[11.564519212782487,48.110896954739104],[11.564481869446894,48.11136976604626],[11.56507804957393,48.111418808238014],[11.565002369803171,48.111682519713824],[11.565007152732143,48.1118864871155],[11.565019358866113,48.1121369882448],[11.565042698142602,48.11229807072559],[11.565144647100842,48.11301333320773],[11.565289635478456,48.11340133778175],[11.565357070434402,48.11354095853848],[11.564841233896656,48.113670353003485],[11.564124407721637,48.11370039592541],[11.564756267401695,48.114592203779125],[11.564745281624809,48.115313277076744],[11.564719785117674,48.11552752139754],[11.565083737153383,48.11554548664298],[11.565005817203897,48.116125787784256],[11.565148039773904,48.11616411994176],[11.565106739351396,48.11621436027283],[11.56495889801338,48.11645018060437],[11.564701503006962,48.11664798690226],[11.564327137153464,48.11683122269666],[11.564256463500774,48.11686005640271],[11.56433656050882,48.11712479166679],[11.564345172602483,48.11729261315452],[11.565433547104256,48.117795293412705],[11.565640020773158,48.11790459557751],[11.567026289558811,48.11847842660057],[11.569176349914688,48.11959715517938],[11.569407897192438,48.1196834847574],[11.56860128959356,48.12110224147694],[11.568479040395852,48.12168498471948],[11.56891987446968,48.121900998791],[11.568990478450829,48.12186228043725],[11.569093331318907,48.12181427011398],[11.569223081544784,48.12176375314375],[11.571006033359906,48.12121819063008],[11.571175535847008,48.121166305566426],[11.571276324543728,48.121133107916044],[11.572399688782458,48.12175393097782],[11.572814888071607,48.121973118215756],[11.573325918139034,48.122232424855795],[11.574050023816444,48.12271240009856],[11.574878452627004,48.123502083594964],[11.57503076814042,48.123677728444086],[11.57506500462297,48.12371736175566],[11.576086228738593,48.124920013779516],[11.576217786443404,48.12507985069941],[11.576383959006874,48.12528357333942],[11.577209456740055,48.125842275649966],[11.577375410720046,48.12595616150193],[11.57751277362594,48.12605142138828],[11.57763684647891,48.126128834063536],[11.577676696283312,48.126155444724844],[11.577959054044253,48.12632960676027],[11.578135735089623,48.12645814598921],[11.578343498065284,48.12656698168091],[11.578716607056204,48.12681121342852],[11.579081553573996,48.12701341056959],[11.579374193675417,48.127169179440756],[11.57996375588838,48.12745100194168],[11.580367889968816,48.12764479693716],[11.580491937943979,48.12769953580828],[11.580736144957578,48.12782011045342],[11.581079832417696,48.12793640380768],[11.581583061468823,48.12811602187832],[11.582192281059163,48.128096282948874],[11.582294424831028,48.12809353658596],[11.582394985621388,48.12809406499452],[11.582494182355871,48.1280968734792],[11.582594190145807,48.128102453013106],[11.58269437381892,48.12811153771499],[11.582892323317322,48.1281377694276],[11.582990191856384,48.128154284274444],[11.583085774695766,48.128173459856114],[11.583181144274104,48.128196419304295],[11.583274585838225,48.12822113165295],[11.583366802233968,48.12824821095635],[11.583456898808164,48.128278577138566],[11.58354510799403,48.12831150513832],[11.583629764630473,48.12834595266031],[11.583712829465796,48.12838349523994],[11.583793979869172,48.12842306038168],[11.58387240581362,48.12846457633282],[11.583950009410467,48.12850845020498],[11.58402407852364,48.12855420313935],[11.584094747406134,48.12860183212227],[11.584162853164514,48.12865194818381],[11.584226762191898,48.12870413818581],[11.584287619600467,48.12875711665316],[11.585068807610542,48.129458745083696],[11.58507879567123,48.12946760823469],[11.585163272986808,48.12954659864336],[11.585404470718279,48.12976206979297],[11.585527462143096,48.129869256430716],[11.585651223508988,48.12997570576622],[11.585776412557562,48.13008113304988],[11.58590361147367,48.130186424966986],[11.586031043305177,48.13029099166163],[11.586159889277917,48.13039426665744],[11.586290235194422,48.130497957632706],[11.586422111451709,48.13059999436379],[11.586555128817912,48.13070065555017],[11.58668952995,48.130802095236874],[11.586772867163548,48.1308636540725],[11.58684553684319,48.130918884587174],[11.587082598728816,48.13109458435071],[11.587158427354517,48.131156491995],[11.587202340507229,48.13119819462057],[11.58723737407332,48.131235183456994],[11.587270272461273,48.13127175608478],[11.587285608396941,48.13128805687542],[11.587315291367787,48.131330398539276],[11.587342137243946,48.131371970893774],[11.587368168022348,48.131416392366354],[11.5873590709294,48.13141786241181],[11.587425029290603,48.131568866116034],[11.58753293019163,48.13155481534053],[11.587638053343735,48.13154716701681],[11.587801835310376,48.13154504443882],[11.587979068502436,48.131554373493515],[11.588155525885657,48.13157155519283],[11.588563752488932,48.13161172561605],[11.588952023537624,48.131650776958686],[11.589191939643882,48.13167279642531],[11.589301629652478,48.131689131206656],[11.589370513925479,48.13170279610652],[11.589019328976411,48.131795192574806],[11.588799760726051,48.13185295985437],[11.587802531876829,48.13211531942902],[11.588458094342247,48.13305321216186],[11.589074332653079,48.13288864264508],[11.589984639888375,48.13264553168122],[11.590568345857342,48.13321264355572],[11.590572847177274,48.13321701672193],[11.59084505420095,48.133341167485135],[11.591831137450033,48.13379089884752],[11.592933320290923,48.13425569267399],[11.593196024109917,48.134366472684356],[11.593419437847258,48.13449080390464],[11.593585566727915,48.134283030783436],[11.594953809141533,48.13478245984613],[11.595049998432593,48.134736016571104],[11.594724167653109,48.1348934640715],[11.594658563008013,48.134922659882996],[11.594547240614949,48.134983571494026],[11.594424405809704,48.135050771684405],[11.59431347660689,48.13511149422409],[11.59411660155206,48.13521923767402],[11.594327567397217,48.13540720031791],[11.595994892582683,48.1353933291508],[11.596286599825707,48.13591635738628],[11.59630524533458,48.135967281639964],[11.596304892746588,48.13596736371393],[11.596365843605689,48.13609205746134],[11.596426928135399,48.13623492766259],[11.596468263173975,48.136351980998484],[11.596490738637792,48.13639633052139],[11.596552501383094,48.13664694056685],[11.59659138417151,48.13682543707251],[11.596650614203549,48.13706728539708],[11.596704173222362,48.13731182271872],[11.596706012371124,48.13731832626561],[11.59673676485415,48.13744032288363],[11.596777936580496,48.137555249967576],[11.596799113670333,48.1376076054841],[11.596809185809391,48.13763521749577],[11.596828243373077,48.13767452707546],[11.596850105826931,48.13772410560872],[11.596860297996336,48.13774197459559],[11.596866897031788,48.13775622395338],[11.59687429672568,48.13776878428471],[11.596879774302586,48.137777886062246],[11.596884701637112,48.137786020400895],[11.596890917353507,48.1377967494187],[11.596896586603876,48.13780626616734],[11.596902895164016,48.1378173431065],[11.596909308965165,48.137829173495625],[11.596949130005713,48.13789974135174],[11.596997086338305,48.13797578587679],[11.597046820946515,48.13805136996796],[11.597062689789581,48.138067525139256],[11.597083874205408,48.13809772112747],[11.597122568222408,48.13814925219988],[11.597220460813984,48.13826698164292],[11.597284248152203,48.13832690542112],[11.597610524338274,48.138628067409755],[11.597849274959623,48.13891564164748],[11.597978768213142,48.13910005052006],[11.598023519859527,48.13917165191874],[11.598122313306996,48.13936305361125],[11.598150319301054,48.1394331441726],[11.598203148019154,48.139584824706574],[11.598257519053853,48.1398043150344],[11.598283215000501,48.139937803538984],[11.598332650518845,48.14021661212485],[11.59836262576178,48.14042684647537],[11.59837776809094,48.14077994422712],[11.598385303129366,48.1410561914274],[11.598502482311723,48.14103495160423],[11.599286804444718,48.14087749799203],[11.599418021214595,48.140851156234916],[11.599491243121186,48.140836129921],[11.600298144695559,48.14067053526299],[11.60086855014949,48.14055524962327],[11.601653094995212,48.14038392593415],[11.602561564061688,48.14020145593],[11.603190039454194,48.14007412899915],[11.604035148855957,48.139904987573495],[11.604289149103234,48.13986351753015],[11.604294942303694,48.139862781512],[11.604316988982688,48.1398599790441],[11.604517105429567,48.13983454181575],[11.604813924885763,48.13979813818088],[11.605195822336679,48.139751298303],[11.605976981030782,48.13968341118031],[11.606066992176455,48.139675588621216],[11.606310813481649,48.13964386850173],[11.606456930876972,48.139614365073875],[11.606595494340386,48.13956883472649],[11.60664760879259,48.139551710312574],[11.606767110253275,48.1394882897708],[11.606879895064676,48.13939764339567],[11.607078850555094,48.139252664681536],[11.607195489906474,48.139167882660814],[11.60732411136184,48.139080244301624],[11.607336455030687,48.13907183442045],[11.60736671329161,48.13905796010056],[11.607432047461629,48.13902800194121],[11.607496918532325,48.13900962565989],[11.607624494099863,48.13898625538141],[11.607771445944204,48.13896212740935],[11.607973063269668,48.138930013139515],[11.609183105669295,48.138733499919866],[11.60992743251892,48.13861183712373],[11.610283848784196,48.138556123064944],[11.611118074804827,48.13845383631341],[11.611712159677817,48.138385572821974],[11.612253554909216,48.13833040803398],[11.612757826738532,48.13827965556764],[11.61296026360257,48.13826538116127],[11.613156542555867,48.13825153983197],[11.614181807046176,48.13819492382243],[11.614648198559777,48.13817174021265],[11.61470226220929,48.13784401751922],[11.614750966803827,48.13757055407532],[11.614845086479777,48.13723891945914],[11.614878840410732,48.137043767468604],[11.615011378865374,48.1364237830651],[11.615075026285705,48.136220448757896],[11.615152204940655,48.136003473995544],[11.615287172258538,48.13569185887792],[11.615417903316828,48.135408908666754],[11.615515749322435,48.1352266811374],[11.615638052714731,48.135001234369405],[11.61574398157462,48.13479195545135],[11.615824835876232,48.13463271126063],[11.615887138113395,48.13451122940849],[11.61582856421443,48.134498512173856],[11.615753806293752,48.13448228265562],[11.615698184706181,48.1344702071597],[11.615553869336868,48.13443887569954],[11.615291480890223,48.13437335799984],[11.615241349553433,48.13436028266397],[11.6151239840841,48.134328222743534],[11.6150908369526,48.13431871974773],[11.615009670326987,48.134295373383466],[11.614894464356215,48.134260834604405],[11.614780958321099,48.13422535721061],[11.614668194104171,48.13418860309881],[11.614555356990234,48.134150410857444],[11.614443933035092,48.13411092661924],[11.614328043848039,48.13406821465358],[11.614211790449295,48.134023621282935],[11.614104915637839,48.133981063837474],[11.613991793674742,48.1339345993755],[11.613879677558247,48.13388676221284],[11.613768854081442,48.13383790574554],[11.613660966368068,48.13378862244572],[11.613554783215413,48.133738490438255],[11.613447282358154,48.133686228798496],[11.613341476946385,48.13363293870256],[11.613236834490202,48.133578722250476],[11.613132929384465,48.133523139228984],[11.613029900461878,48.133466276461476],[11.612928849211624,48.13340864877121],[11.61282840562367,48.13334974745004],[11.612724534636314,48.13328687491172],[11.612620008228571,48.133221677711084],[11.612401863550776,48.13307898261403],[11.612125015329784,48.132894611801525],[11.61191067635765,48.13275533844057],[11.611716478308644,48.13262091550939],[11.611702407112283,48.132611157726245],[11.611358224018991,48.13235795189661],[11.610973236412576,48.13207168633455],[11.610921036445681,48.132033345696875],[11.604638946219222,48.12755591221776],[11.604638907197273,48.12755593711395],[11.60133067452891,48.12538675084193],[11.601235025584012,48.12531576350778],[11.600449333674575,48.124722190575945],[11.600340007449688,48.12463058824403],[11.60032912803046,48.12462273636843],[11.599928918651855,48.12433837213994],[11.599790728520542,48.124249900729005],[11.599525252149952,48.12404400701931],[11.598951900076662,48.12364676418769],[11.598620716224652,48.123475557848934],[11.5982827326787,48.12328407894564],[11.597954404776154,48.1231357680622],[11.597752041741286,48.12308496270908],[11.597622338416292,48.12305247211137],[11.597439898816022,48.122959697059294],[11.597471351130306,48.12288600482394],[11.597214523228466,48.12280327268427],[11.596701170052173,48.12263842970542],[11.596678079626578,48.122670894631604],[11.596489277898772,48.122609927651524],[11.596330226907607,48.122560615070746],[11.595919173403512,48.122438895838535],[11.595717666080583,48.1223905204243],[11.595559539767132,48.122350218065534],[11.595395703784936,48.12231314702362],[11.595042313953591,48.12224221994455],[11.594969802199708,48.12216071686717],[11.5943498616416,48.1220432615712],[11.593639340211812,48.12191768079074],[11.593439878914035,48.121882413847516],[11.592785600456583,48.12177679302569],[11.592560813530316,48.121740296687214],[11.592132550755405,48.121671500669855],[11.591751011762154,48.121609836863115],[11.591055011163075,48.12149749940709],[11.589656091286555,48.12127134822602],[11.58939346221788,48.12123317951615],[11.589009538481555,48.12117740907454],[11.588866849283038,48.12115660089617],[11.587899047512849,48.12101581842687],[11.58705441872059,48.12088179124362],[11.586968702159107,48.12082604490196],[11.586554244434781,48.1207481891177],[11.586051930414111,48.12065755339535],[11.585050571952742,48.12050382559811],[11.584917112013185,48.12036202662359],[11.584889903381836,48.12033311750343],[11.58472506808996,48.120157980568656],[11.584282839034481,48.11959889943914],[11.583937295960913,48.11916145367948],[11.583964793599321,48.11911224589917],[11.584905374126176,48.11881610191226],[11.585318218750448,48.11868821591369],[11.58661904571265,48.11814847055909],[11.587377035388425,48.11774655276646],[11.587964685151464,48.11741001463803],[11.588382176551942,48.11736425444828],[11.588775459029552,48.11731952971155],[11.58881593784384,48.11731489301955],[11.588861974700492,48.11730961994172],[11.58925003590421,48.1172691989344],[11.589310555168245,48.117262578801025],[11.58966361427265,48.117223162368575],[11.589925719998922,48.11731011131988],[11.590051577748742,48.11735181315206],[11.590102824864859,48.11736883337872],[11.590341277251534,48.11744767674206],[11.59113183578304,48.11763238844471],[11.591305277147574,48.1176716656603],[11.592120839835202,48.11786444448585],[11.594394919798225,48.11839332163698],[11.595348389647183,48.11861505092242],[11.59549061634399,48.11864809875387],[11.595570931407687,48.118657891100696],[11.595764932224661,48.11867601146489],[11.595628580045208,48.11800238888457],[11.595270604407688,48.1165817180841],[11.595204335598748,48.116252742454336],[11.595148056030816,48.115836472813285],[11.595137250674322,48.11569612322878],[11.595125483884079,48.11551720024426],[11.595123308308015,48.1152997128536],[11.59513402078489,48.11499925250851],[11.595161184764969,48.114623929552806],[11.59523402500406,48.11411161731822],[11.595319674096471,48.113645159997326],[11.595417096329019,48.11324120388668],[11.595516564268722,48.112877869708264],[11.595628423812563,48.11254136814611],[11.595819332348272,48.112020687523774],[11.595992957395856,48.11159529017366],[11.596190159372357,48.11115146251642],[11.597107983011366,48.108889823331616],[11.597625826161883,48.107726366274086],[11.5978948248569,48.10725788454085],[11.597830022057455,48.10724388824066],[11.597674939798424,48.10721269802549],[11.597501944374677,48.107179206152715],[11.597398860096238,48.10715809330033],[11.59730268326751,48.10713752238392],[11.597233166814759,48.10711977580278],[11.597172905198386,48.10710233817022],[11.59710839150201,48.10708066412056],[11.597026557783579,48.107049667447285],[11.596959025318133,48.10702050324859],[11.596879845668248,48.10698178734735],[11.596771438912977,48.106925222445284],[11.596671445466642,48.106881027538755],[11.596045102943716,48.106618293634696],[11.595834551415386,48.10656841431232],[11.595448931088884,48.10648788669095],[11.594667766771101,48.106343414660685],[11.59423498157099,48.10625388697841],[11.593608568438334,48.10610390630001],[11.593029412218419,48.10590589910827],[11.592698174618931,48.10580109316559],[11.591499053351116,48.10542139848855],[11.591107838146879,48.10531159058056],[11.590512012766933,48.1051551883031],[11.590055526614206,48.10505149837669],[11.589827539668478,48.10499971039475],[11.58926438018278,48.104915174446745],[11.588411197482158,48.10478709708061],[11.587479719596526,48.10472069516617],[11.587019303179911,48.10468763332122],[11.586836397180805,48.104678603696975],[11.586364671702126,48.104663587519994],[11.585800201173269,48.10466192047079],[11.585418493875299,48.10466641746882],[11.585172058118397,48.104674133588674],[11.585008270833878,48.10468189106558],[11.583869588334597,48.104760065983655],[11.583528931552296,48.10474999121646],[11.583222959740466,48.10472561126453],[11.582959774026486,48.10469132148883],[11.582228303144584,48.10454180787223],[11.581389714614705,48.10431448107336],[11.581484475271582,48.104147925148716],[11.580788578770553,48.10388696778825],[11.580346611746773,48.103737124926475],[11.580016891687185,48.10360379132672],[11.57966648755032,48.10340080175966],[11.579358511056656,48.10319385199092],[11.57915023864517,48.10302172687358],[11.578866259145155,48.10278618918944],[11.578590127975497,48.102557987020234],[11.578373515676326,48.10236851784506],[11.578160814585917,48.102182466080976],[11.577857908894325,48.101897264304256],[11.577680036873607,48.10168989460359],[11.577657102383615,48.101654916744096],[11.577436533280055,48.10175478085068],[11.577100614749199,48.101919694482625],[11.57701259360001,48.101956671887464],[11.576455156307762,48.10219151971339],[11.576181764664497,48.10230670857319],[11.575597873813829,48.1025526732552],[11.575158435767053,48.102737718755996],[11.574843785333943,48.10283655337564],[11.574573580865556,48.10292678473461],[11.574270025200438,48.10303009569411],[11.574030938687528,48.10311148774958],[11.573489008265945,48.103288355665015],[11.573204027791192,48.10337935308165],[11.572811053718764,48.103542832983564],[11.572496867599229,48.103640390992204],[11.57223108567987,48.10372225846101],[11.571925818106726,48.10360063268601],[11.571665706959882,48.103686179798245],[11.570258918162265,48.10419794802147],[11.570247085608795,48.10443145256427],[11.570082051275195,48.10449572853825],[11.569589081673875,48.10467484203433],[11.567967147714235,48.10541433505543],[11.567070222559726,48.10579676665486],[11.567134492317674,48.10586206815462],[11.56719356456072,48.105922088805954],[11.566946346318622,48.10567090203625],[11.566917881997748,48.10564117722597],[11.566497151660288,48.10520818679494],[11.566405051157,48.10524983612419],[11.566275673555667,48.10530876488584],[11.564890444123977,48.10391083190166],[11.56008117693859,48.099366194769836],[11.560064548835134,48.099350549013224],[11.55982647017618,48.099387438928815],[11.559539709746181,48.09982618393956],[11.559171192303829,48.099984753018354],[11.55899815487965,48.100041157121794],[11.558701493550823,48.10019686380178],[11.558687203043052,48.100322974110284],[11.558418087280902,48.100435595812606],[11.558194469662322,48.10052848757551],[11.557962412017801,48.100613738634436],[11.557731087311623,48.100697533217655],[11.557483660440143,48.10077628711962],[11.556994120877429,48.100913699454416],[11.556877716567728,48.10094202537584],[11.55664320825617,48.10102669844583]],[[11.684423231232188,48.13391151188628],[11.68462111673819,48.13391379882666],[11.685957447263286,48.1339225959218],[11.687422865703036,48.133932226130014],[11.688758927303473,48.133940996885805],[11.68888705354187,48.13394234422727],[11.688903097960406,48.133334281602394],[11.6923245500063,48.13333935919693],[11.69342065994354,48.13334819167771],[11.694416922800174,48.1333574161862],[11.697017039488372,48.13337880952825],[11.697135404426625,48.13338025900003],[11.699833187091148,48.1334030740781],[11.700658966403129,48.13341054082491],[11.70263076968506,48.13342698652739],[11.705848695462773,48.13341508943011],[11.707360115778958,48.13342077613572],[11.708243305944405,48.133426142070746],[11.708243600284844,48.13328102959856],[11.708269208019054,48.131496348124614],[11.708270868011812,48.131388424825104],[11.70826804647351,48.13056419075137],[11.707914548494628,48.12983026268683],[11.707784124150631,48.12982937864269],[11.707758122894873,48.12977969245716],[11.707535326134447,48.12935402746814],[11.707193605085338,48.12870135463565],[11.707099165399779,48.12852082989376],[11.70689835324201,48.12813729630043],[11.705228195165619,48.12812643981151],[11.705223980018575,48.12850863858269],[11.70091771030247,48.12848064800844],[11.70092389408526,48.12810121244097],[11.7006693264859,48.12809894231953],[11.699622150851186,48.12809229116188],[11.698842402910595,48.128087090121575],[11.69805914412535,48.12808218941194],[11.697591204474888,48.128079053666774],[11.697188477000324,48.128065297383934],[11.697121253298294,48.12806489653246],[11.696172964304138,48.12805863867213],[11.696167116029258,48.128449921796516],[11.695335256303089,48.12844443287489],[11.695355629049457,48.12705042372681],[11.69213184701752,48.12702903919823],[11.689490423523104,48.12698534200602],[11.689036669809845,48.12698266252746],[11.689028854284281,48.12754308178202],[11.689013409791475,48.12789759258627],[11.689013635637611,48.12802018944253],[11.688927334824548,48.12801953490242],[11.687671052840466,48.12801128072399],[11.687665092213052,48.12839364597622],[11.684502260346408,48.128372607961644],[11.684499547906476,48.12855254246444],[11.684487455171222,48.12936184011107],[11.684485161199794,48.129522814908285],[11.684478421090661,48.12998237701997],[11.684475365765893,48.13018918677981],[11.684473731021605,48.1302970585438],[11.684468809026495,48.13062533253226],[11.684465753281367,48.13083215937944],[11.684464257941368,48.130940100759446],[11.684459432746818,48.13126765261147],[11.684454378743276,48.13147510652056],[11.684454646023054,48.13158305618136],[11.684445173141372,48.13222609827561],[11.68444353921123,48.13233393309755],[11.684434771650642,48.1329363774391],[11.684428807046917,48.13333232929856],[11.684423231232188,48.13391151188628]]],[[[11.49022452,48.07381955],[11.49030239,48.07377232],[11.49064551,48.07402361],[11.49067088,48.07400868],[11.49077188,48.07394925],[11.49084636,48.07400391],[11.49093845,48.07407154],[11.49097942,48.07410163],[11.49085557,48.07417787],[11.49076116,48.07423596],[11.49072723,48.07425683],[11.49053587,48.07411702],[11.49058624,48.07408576],[11.49056799,48.07407232],[11.49022452,48.07381955]]],[[[11.519425422663288,48.11342650690976],[11.521756834143645,48.11451741314085],[11.51981328955413,48.113608003009865],[11.519425422663288,48.11342650690976]]],[[[11.555937897461785,48.139968935818864],[11.555934243264918,48.13975382151719],[11.555926290230632,48.13928560263998],[11.55592629048368,48.13928559784725],[11.555937897461785,48.139968935818864]]],[[[11.528678557000886,48.11468963407363],[11.528685478923219,48.11499208274342],[11.52868564863005,48.11505848387855],[11.528678557000886,48.11468963407363]]],[[[11.534383136055782,48.14042356497317],[11.534389191434853,48.14070871947996],[11.53438568937396,48.14060647418262],[11.534383136055782,48.14042356497317]]],[[[11.534904312911145,48.11688417554474],[11.536238295719174,48.116878952534776],[11.536238328891411,48.11687895258596],[11.534904312911145,48.11688417554474]]],[[[11.53551818690425,48.134951167799116],[11.535529240119446,48.134954354712775],[11.535518757651925,48.13495134775574],[11.53551818690425,48.134951167799116]]],[[[11.536146596819584,48.115365615390715],[11.536146651296065,48.11533439435802],[11.536146785708144,48.115257447174486],[11.536146596819584,48.115365615390715]]],[[[11.536146785708144,48.115257447174486],[11.536179545088174,48.11392368285961],[11.536194702534127,48.11330658405006],[11.536146785708144,48.115257447174486]]],[[[11.536194702534127,48.11330658405006],[11.536202654209257,48.113049622930255],[11.536224886635173,48.11233125323883],[11.536194702534127,48.11330658405006]]],[[[11.536248215623884,48.11687901511337],[11.537135636576586,48.11687456223238],[11.538051165087225,48.11688379265752],[11.537135636665143,48.116874564030006],[11.536248215623884,48.11687901511337]]],[[[11.536956904426562,48.15174819660681],[11.537248548277155,48.151681200918375],[11.537637240656723,48.15162406230723],[11.537246208205788,48.15168173849377],[11.536956904426562,48.15174819660681]]],[[[11.540088590803492,48.11683908185468],[11.540091180293993,48.11672861156165],[11.540092738043791,48.11669677113351],[11.540088590803492,48.11683908185468]]],[[[11.54069056948684,48.13786765478631],[11.54072331019271,48.13802939629851],[11.540720145794438,48.138015157786064],[11.54069056948684,48.13786765478631]]],[[[11.540830211750832,48.11718611863836],[11.540881292238366,48.11698726117116],[11.540830963197047,48.11718947444851],[11.540838070076932,48.11735802890774],[11.540830211750832,48.11718611863836]]],[[[11.540838070076932,48.11735802890774],[11.541111761622926,48.11735242366576],[11.54111174638261,48.11735242404192],[11.540838070076932,48.11735802890774]]],[[[11.540853503754475,48.121463055151516],[11.540853504125314,48.12146305511787],[11.540860364769841,48.12146308288872],[11.540853503754475,48.121463055151516]]],[[[11.54095772090471,48.130389269607676],[11.542066806047952,48.1301748548291],[11.542319465655394,48.13012606171848],[11.542632734820028,48.13006550762522],[11.542995393191841,48.12999540652377],[11.543656630327467,48.12987355952508],[11.543715982464432,48.129863280441],[11.544255562360766,48.12976982593194],[11.544344486786555,48.12997311628078],[11.54492688136381,48.129863082544595],[11.545323589846657,48.129143269860975],[11.545290346705551,48.12894175794143],[11.54526010822943,48.128835802386476],[11.545187867562907,48.12849379689454],[11.545114634485998,48.128147084015296],[11.545100850909147,48.128083054131224],[11.545066064101688,48.12792042226232],[11.545047602604578,48.1278351708938],[11.544997686537725,48.12765739777167],[11.54490476321202,48.12739577280631],[11.544828927393947,48.127182626213],[11.54480381129525,48.127112278875146],[11.54476836446199,48.12702326473135],[11.544726221881454,48.126937458227104],[11.544671937913284,48.126853450353664],[11.54459996866546,48.12675696720146],[11.544434936005704,48.12657344441805],[11.544280888842824,48.12644479677556],[11.544874898931905,48.126178294193785],[11.54549433298685,48.12588576354863],[11.545662478116862,48.12580177520701],[11.547217212969649,48.12505250839082],[11.548496516049692,48.12444142200975],[11.548508208626714,48.12444913835088],[11.548837260899264,48.124290523395494],[11.54889952680867,48.124264217257306],[11.549031981935716,48.12420063148847],[11.549409392792624,48.12394076199287],[11.54944682260696,48.123915006831766],[11.549662837713951,48.12373682113069],[11.550068946922611,48.123253342999874],[11.550164333906023,48.123136051286714],[11.550221241724381,48.12305587564905],[11.550273473816645,48.12297355431414],[11.550338830281703,48.1228550396819],[11.550476690085762,48.122862685994406],[11.550534328268752,48.122721307870236],[11.550585180156135,48.12258943829265],[11.550625348996872,48.12241011675989],[11.550683341040912,48.12191781033838],[11.550678671742942,48.121872384367016],[11.550760348638963,48.12159235358708],[11.550911620431393,48.120747774736095],[11.55135039114564,48.12045225352017],[11.551527089018741,48.120319027524744],[11.551757176354712,48.120221866637145],[11.552028577129017,48.11965816439455],[11.552084394182437,48.119701172504115],[11.552989472053685,48.12057433575254],[11.553174781662443,48.1207530046764],[11.553436166577706,48.12100516537506],[11.553633297884051,48.12123273019951],[11.554528350985136,48.120826313386885],[11.553753215054797,48.12117828065162],[11.5544712856636,48.12192513414946],[11.554262768190892,48.12202371032232],[11.553890294175657,48.12219539621766],[11.553602725343788,48.12233945901887],[11.553168639923879,48.12255336309618],[11.553206381587572,48.12258815602306],[11.553049557389105,48.12265336811466],[11.55254522193658,48.122895800920695],[11.552234289985742,48.123045262660035],[11.552185331286756,48.123068845478414],[11.551523169258022,48.12338601302712],[11.551042875627182,48.12361943706806],[11.550713294225085,48.123783046932694],[11.549996030538093,48.124139100984266],[11.54908858993148,48.12450521559201],[11.548805704358086,48.124641244069544],[11.548092281683918,48.12498223993451],[11.54715651515674,48.12542564984271],[11.546890978427218,48.12555939922135],[11.546754063783691,48.12562533085023],[11.546096833372578,48.125937284283616],[11.545832213185253,48.12607065094314],[11.545507402075204,48.12616638986695],[11.54547077192295,48.12618365442814],[11.545495512894956,48.12622463434227],[11.545515715485115,48.12625461046522],[11.545539202359647,48.12628604524645],[11.54556692412061,48.12632022411783],[11.54565431765475,48.126417076552286],[11.54575766305338,48.126507969631014],[11.545869325639009,48.1265942728658],[11.546009919515594,48.12668043946407],[11.546166221180886,48.126740001664416],[11.546299181918503,48.12677722812034],[11.546460286039677,48.12681472126152],[11.546597266608787,48.1268352012479],[11.546602014480992,48.12683562595712],[11.546689883801074,48.12684363391113],[11.54680496241123,48.12685036272154],[11.547155355649528,48.12684203295951],[11.547316516407218,48.12684384947662],[11.547405562880337,48.126846391515485],[11.5478979106637,48.12686075489095],[11.548152675049646,48.126896274101654],[11.548214304335678,48.12690520495846],[11.548258339356257,48.12691158560838],[11.548337922862013,48.12692257179755],[11.548509114188146,48.12694662207357],[11.548761983272588,48.126994008894265],[11.54901134144714,48.12705191069937],[11.549254468903426,48.12711696865755],[11.54949098450147,48.12719234055147],[11.549723206289535,48.12727869479935],[11.549950017224765,48.12736975766181],[11.550172513641137,48.12746595472631],[11.550388417706369,48.127567426576825],[11.55059848979106,48.12767595595507],[11.55081460166107,48.12779514835608],[11.55094786106514,48.12787784925264],[11.551134533746295,48.127991486304545],[11.551319942402634,48.128117568304205],[11.551497264187155,48.12824859856665],[11.55166638711186,48.12838502951453],[11.55182831839075,48.12852548911345],[11.551982248005265,48.128669905411634],[11.552128404336472,48.128817463550725],[11.552264433089512,48.12896947558848],[11.552392970360714,48.12912489320569],[11.552513694109496,48.12928264382995],[11.55262475585116,48.12944339842337],[11.552726271947407,48.12960679450934],[11.552817897491774,48.12977400951203],[11.552905105892533,48.12994429194226],[11.552954376253842,48.13005153212454],[11.553011808417407,48.13021048384069],[11.553056254037463,48.13034682981015],[11.5531068849465,48.13052755292465],[11.553149510553121,48.13070404496735],[11.553188251764352,48.13088080329681],[11.553221349740486,48.13105759707625],[11.553248576021948,48.13123524120421],[11.55328759321986,48.13159096253726],[11.55329938403022,48.13176903974947],[11.553304760298136,48.13197767261376],[11.553304787199696,48.13207305025578],[11.553304841957246,48.13213918394949],[11.553300153886344,48.13231834730882],[11.553292583773343,48.13249631501831],[11.55327811247497,48.13267335638078],[11.5532538484431,48.1328507953836],[11.553223542179929,48.13302836869046],[11.553188925744696,48.13320576785611],[11.553138239516926,48.13344129102245],[11.553107866013425,48.13356874722153],[11.553048149734563,48.133744184823925],[11.552968888505735,48.13391582778114],[11.552870194125896,48.134083223670096],[11.552759764502497,48.1342471011483],[11.5526370446227,48.13440711259853],[11.55250335929274,48.134562868622616],[11.552334240688209,48.134730569313255],[11.552095338217486,48.134925014550085],[11.551910671607885,48.13505571859985],[11.551721117869299,48.135180052399924],[11.551518364777156,48.1353011698968],[11.551423595419875,48.1353516012243],[11.551308030752427,48.135413097560466],[11.551258290066531,48.13543741709436],[11.551135442211114,48.13549737261686],[11.551118118861195,48.135505855528166],[11.551003346881616,48.13555789330725],[11.55091480151381,48.135594218472065],[11.550802304893393,48.13564037034991],[11.550598457100248,48.13571778051655],[11.550455495692605,48.135767924292296],[11.550344867303174,48.13580052382612],[11.550275398706354,48.1358146633943],[11.550239859275246,48.135821924699115],[11.550021916580583,48.135856193029625],[11.549604937016033,48.1358915436885],[11.549611364014503,48.13594529868271],[11.549409770975778,48.13594617418787],[11.549225782957418,48.13594009191619],[11.549032448833552,48.13592044721685],[11.548855610855309,48.135893327757465],[11.548704686172943,48.13585600612913],[11.548557451718604,48.13581176398972],[11.5484165307581,48.13575928343948],[11.548282764602353,48.135699265671576],[11.548159559906482,48.13562992552652],[11.548043209603446,48.135555124409514],[11.547936511239564,48.13547435038663],[11.547837651699105,48.135388993393974],[11.547750090977718,48.13529834684875],[11.547653891535248,48.13517981827894],[11.547571985081088,48.13505674358263],[11.547505991725084,48.134929266815895],[11.547433164469705,48.134756052086765],[11.547368868934454,48.13458138838118],[11.547315543498843,48.13440500568509],[11.547272425356933,48.134227028905414],[11.54721805952808,48.13395964606989],[11.54718810894043,48.133780891346625],[11.547169849037445,48.13360205731402],[11.547163499308027,48.13342214933618],[11.547155356772505,48.1331190992987],[11.547138851935275,48.13302732639661],[11.547102742973754,48.13289522755731],[11.547046855866396,48.132765456862835],[11.546976082231462,48.132639075546834],[11.546885954898595,48.13251816218477],[11.546782122108956,48.132402771451616],[11.54666276643483,48.13229420331868],[11.54660326753049,48.13224559653907],[11.545450864175795,48.13144428542748],[11.54525193927653,48.13146674092213],[11.545093858417754,48.13148493390404],[11.543511363432973,48.131605604088335],[11.543529877387892,48.13181645853726],[11.543562980814063,48.13205929969531],[11.541203261962858,48.13220196089074],[11.54098617392677,48.130599357503606],[11.540982346866862,48.13057111395534],[11.54095772090471,48.130389269607676]]],[[[11.541035793997855,48.121463791788365],[11.541039847195002,48.121396753168526],[11.541036073769273,48.121463581654666],[11.541067094467513,48.12172448738169],[11.541587521682532,48.12191985753818],[11.54106695497885,48.12172452016099],[11.541035818832627,48.12146372586333],[11.541035793997855,48.121463791788365]]],[[[11.541494061179785,48.1382705872415],[11.54151889949255,48.13848585390863],[11.5415038930298,48.1383661184718],[11.541494061179785,48.1382705872415]]],[[[11.544417743966253,48.15029111784229],[11.544808125398553,48.150199824885284],[11.544901696493051,48.15018040655338],[11.54621141707108,48.14992156433663],[11.546728418835755,48.149818797502405],[11.547934535008977,48.149582274474994],[11.54877988416359,48.149415620368494],[11.548917195575557,48.149387671727695],[11.54878265502313,48.14941604747287],[11.547937283216317,48.14958270570143],[11.54673118970209,48.14981922465617],[11.54621418659605,48.14992199153261],[11.544810896315896,48.1502002529841],[11.544642548378382,48.15023962145706],[11.545060888180823,48.15115987409814],[11.545104283365184,48.15120508541514],[11.545176627510772,48.151254836283876],[11.545101513778842,48.15120465819356],[11.545058118597266,48.15115944687545],[11.544639777504614,48.15023919425304],[11.544417743966253,48.15029111784229]]],[[[11.545459365356557,48.15141544114403],[11.546311764966054,48.15187881562179],[11.546918218802569,48.15221258938363],[11.546308993991142,48.15187838845996],[11.545459365356557,48.15141544114403]]],[[[11.546311513147828,48.158870685878405],[11.546790860635285,48.15913260956145],[11.546852133488219,48.15916609277284],[11.546311513147828,48.158870685878405]]],[[[11.546354103024768,48.15956382149655],[11.546405133040043,48.15954330069938],[11.546354103147806,48.159563821480894],[11.546354103024768,48.15956382149655]]],[[[11.546542126580094,48.114708124887834],[11.54654471766742,48.114708162383074],[11.54655870408986,48.114787214308265],[11.546581947236456,48.11494132265064],[11.546542126580094,48.114708124887834]]],[[[11.546678032428174,48.11557091483315],[11.546696609665807,48.11569255127405],[11.546696234422043,48.11569009865184],[11.546678032428174,48.11557091483315]]],[[[11.547401585433933,48.15946628432589],[11.547401585448608,48.15946628431467],[11.547796300221968,48.159677976443746],[11.547401585433933,48.15946628432589]]],[[[11.54796525420465,48.158974322171915],[11.548130206642554,48.15883942152077],[11.548514425888538,48.15852588586448],[11.548133485357772,48.15883830863214],[11.54796525420465,48.158974322171915]]],[[[11.549929244854106,48.15737676384768],[11.550452451308432,48.15694912440709],[11.55100931587866,48.156494186700506],[11.550451727950843,48.15695227264146],[11.549929244854106,48.15737676384768]]],[[[11.550819109362205,48.10750185132312],[11.55095523143466,48.10756748246263],[11.551040210894065,48.10760959499882],[11.551090624302113,48.1076346592952],[11.550819109362205,48.10750185132312]]],[[[11.552344774171486,48.15518103506536],[11.552509319695558,48.15527801843125],[11.552509319321649,48.15527801872218],[11.552344774171486,48.15518103506536]]],[[[11.552522146257738,48.15526803828989],[11.552644686531362,48.155170366662055],[11.553643870037202,48.15441944017995],[11.552606055015522,48.15520275023751],[11.552522146257738,48.15526803828989]]],[[[11.555852440495066,48.13629577708165],[11.555853287672962,48.13631656469146],[11.555873811813022,48.136820736049636],[11.555852440495066,48.13629577708165]]],[[[11.555887653084566,48.1480414267192],[11.555889134225014,48.14804118481956],[11.556928815352224,48.14790079578707],[11.555887653084566,48.1480414267192]]],[[[11.55606482,48.07993467],[11.55647796,48.07967611],[11.55695153,48.07937969],[11.55695321,48.07937864],[11.55708952,48.07941227],[11.55776272,48.07957882],[11.55639779,48.08043238],[11.55606482,48.07993467]]],[[[11.556145400408175,48.142051533904166],[11.55619617923617,48.14214093030684],[11.556525950004232,48.142804159515826],[11.556145400408175,48.142051533904166]]],[[[11.55637697488681,48.13614323181714],[11.558233903477031,48.13612429123632],[11.55823390705991,48.13612465089907],[11.55637697488681,48.13614323181714]]],[[[11.582228303144584,48.10454180787223],[11.582191328988788,48.10460189466993],[11.582144974489024,48.10467722442654],[11.582096393746347,48.104756171925025],[11.582228303144584,48.10454180787223]]],[[[11.558138137674595,48.126378200601856],[11.558278514119973,48.12629028260048],[11.55848114402613,48.12616337523531],[11.558138137674595,48.126378200601856]]],[[[11.558235659046478,48.136300521890455],[11.558744460595102,48.136297556499414],[11.55841162064137,48.13630020180504],[11.558235659046478,48.136300521890455]]],[[[11.558323751196287,48.15670262212301],[11.558690990863848,48.15689770913213],[11.558489563027655,48.156790706091925],[11.558323751196287,48.15670262212301]]],[[[11.55848114402613,48.12616337523531],[11.55869252936072,48.12605237520382],[11.558694966651327,48.12605139126222],[11.55848114402613,48.12616337523531]]],[[[11.558641693080865,48.15023847447621],[11.558829841553303,48.15019311876019],[11.558641699919747,48.150238473482375],[11.558641693080865,48.15023847447621]]],[[[11.558708514349572,48.12604592201542],[11.558726204589492,48.126038780412],[11.558843658743172,48.12599136559151],[11.558708514349572,48.12604592201542]]],[[[11.559894642142599,48.161289080074695],[11.56049352815109,48.161251571199244],[11.559894668602002,48.16128907868322],[11.559894642142599,48.161289080074695]]],[[[11.560147142207752,48.14261363556165],[11.560341231526863,48.14252056042859],[11.560148229100635,48.14261326941448],[11.560147142207752,48.14261363556165]]],[[[11.561991513328547,48.14185678069918],[11.562051001142219,48.14194222276317],[11.562052456873944,48.14194502554381],[11.561991513328547,48.14185678069918]]],[[[11.562052456873944,48.14194502554381],[11.562089460154882,48.14193492778579],[11.566075398984262,48.14072242437998],[11.566139694893353,48.14069350192748],[11.566207243842404,48.14080522923758],[11.566209229904608,48.140912440380674],[11.566186764311537,48.14098762524885],[11.56616496498389,48.1411408650012],[11.566160599906969,48.141171947847866],[11.56615541009362,48.14120274858846],[11.566153234977604,48.14121566244562],[11.56614967147465,48.14123731733205],[11.56614661899161,48.14125587540606],[11.566140673262787,48.1412920063203],[11.566137204575844,48.141311330419555],[11.566132874887643,48.141332853056625],[11.566115845817643,48.14141712404479],[11.566104239353232,48.14147019408219],[11.5660985160975,48.14149337287964],[11.566094951613021,48.14150781143338],[11.566092175192297,48.141519128090096],[11.566076503389297,48.141558668756794],[11.566041457404516,48.14164462714288],[11.56602449630272,48.14168621754301],[11.566007059505022,48.14171894389447],[11.565982907946914,48.1417603341041],[11.565946210166299,48.14181703115096],[11.56592809603245,48.14184200019621],[11.565899642172273,48.141877807894296],[11.56586922764165,48.14191241946708],[11.565848154390778,48.14193466523912],[11.565799521945722,48.14197774501049],[11.565769133216223,48.14200535467904],[11.565757592350716,48.142014025553834],[11.565707288745166,48.142051580085855],[11.565676196514424,48.14207492422164],[11.565594932656914,48.142131787004],[11.565538665085962,48.14216419288007],[11.565476434981914,48.14219560086134],[11.56542115117126,48.14222077645374],[11.565344422163113,48.14225103882691],[11.565285863285093,48.14227006722067],[11.565182674690632,48.14230243117345],[11.56506809282384,48.142338369705016],[11.564769805703722,48.142431231758486],[11.564675154124208,48.14245953551204],[11.564592662899813,48.142484202446596],[11.564593845973642,48.14248541594801],[11.564533954869122,48.14250372867065],[11.56389859972469,48.142697999991995],[11.563858950180103,48.14271006226337],[11.56377713174325,48.14272690517608],[11.563677688395602,48.14273863197129],[11.56364713536148,48.14274033786176],[11.563551471536035,48.14274084793796],[11.563411869100884,48.14273034427335],[11.563349392170748,48.14272378078682],[11.563298514893255,48.1427172706352],[11.563243033276581,48.14270860742648],[11.563121200161039,48.14268703801329],[11.56298767014915,48.14265528286075],[11.562872738333915,48.142620869395856],[11.562745998760823,48.14257420402831],[11.562619414118757,48.14252759445131],[11.562415787352785,48.142445608546595],[11.562362312800461,48.142408210204046],[11.562216498231857,48.14219299924398],[11.562065571448358,48.14197024128095],[11.562052456873944,48.14194502554381]]],[[[11.562055078534819,48.157223102411415],[11.562428441638312,48.157158558861866],[11.56224436550643,48.15719038036391],[11.562055078534819,48.157223102411415]]],[[[11.563544224331933,48.136124306460424],[11.563628455435122,48.1361232362967],[11.564266056707774,48.13611014711607],[11.563628464345483,48.1361234421509],[11.563544224331933,48.136124306460424]]],[[[11.563864949027023,48.124459745064364],[11.56386510886667,48.124459608326426],[11.564079788049852,48.124350701341044],[11.563864949027023,48.124459745064364]]],[[[11.565746669062676,48.15678936175609],[11.565746719967091,48.15678935783407],[11.566034619681572,48.156801196245986],[11.565746669062676,48.15678936175609]]],[[[11.566368252927107,48.12356117206615],[11.566641375096829,48.1234861656519],[11.566641368295143,48.12348616803038],[11.566368252927107,48.12356117206615]]],[[[11.566677692090193,48.16777724570992],[11.566781618227736,48.167769173148606],[11.566773412297303,48.16777183980931],[11.566773296631869,48.16776981966306],[11.566677692090193,48.16777724570992]]],[[[11.567495755180172,48.13186884825637],[11.567635201530493,48.13196800541444],[11.567877823612108,48.13221828082769],[11.567634769528421,48.13196769834371],[11.567495755180172,48.13186884825637]]],[[[11.568902662088822,48.132294118273485],[11.569109324633978,48.13220669845702],[11.569414557271829,48.13209847716516],[11.569109324678838,48.13220669935581],[11.568902662088822,48.132294118273485]]],[[[11.569797443750291,48.13196039994304],[11.570042918042546,48.13187405451369],[11.57020954067178,48.131840108079],[11.57004291951982,48.13187405718001],[11.569797443750291,48.13196039994304]]],[[[11.570587959311244,48.14688128422754],[11.570616308690614,48.14692489896017],[11.57074444338904,48.14712484848515],[11.570587959311244,48.14688128422754]]],[[[11.571282298206322,48.121131140318795],[11.57129495632806,48.12112697100305],[11.571287263591618,48.121129504907906],[11.571282298206322,48.121131140318795]]],[[[11.57137300905269,48.142222212537604],[11.57311044980478,48.14268674096913],[11.573110449934715,48.14268674114621],[11.57137300905269,48.142222212537604]]],[[[11.572935143490527,48.111395298233376],[11.5729921349473,48.11148359731205],[11.572992156650304,48.11148362831878],[11.573033522167867,48.11154772104173],[11.572992155308189,48.11148362834885],[11.572992133650095,48.11148359824093],[11.572935143490527,48.111395298233376]]],[[[11.573271861591053,48.151031371252905],[11.573418100513589,48.150990549412775],[11.573271861591055,48.151031371252905],[11.573271861591053,48.151031371252905]]],[[[11.573302591693912,48.11180533448855],[11.573374483242825,48.111847585245],[11.573374517738664,48.111847603367856],[11.573400654089097,48.1118629657673],[11.573374516441461,48.11184760429669],[11.573374481945619,48.11184758617389],[11.573302591693912,48.11180533448855]]],[[[11.574299890278072,48.162237303302],[11.574540131455386,48.16238811234151],[11.574724454566917,48.162487123377694],[11.574540091820847,48.16238809973292],[11.574299890278072,48.162237303302]]],[[[11.574724256860227,48.162487274505416],[11.574724454566917,48.162487123377694],[11.575094423639246,48.162501199116456],[11.574724256860227,48.162487274505416]]],[[[11.57696132416115,48.11603804474038],[11.576983919490269,48.116001696975964],[11.577022826077211,48.11593911040471],[11.57696132416115,48.11603804474038]]],[[[11.57824593553373,48.1454385919502],[11.578586411636529,48.14536276093225],[11.578587691015771,48.145362481168334],[11.57877711412345,48.14532029504575],[11.578843368312057,48.14530766899708],[11.57824593553373,48.1454385919502]]],[[[11.578426824057331,48.11905796038514],[11.579487679450775,48.1193453100322],[11.579445709847306,48.11933394249652],[11.578426824057331,48.11905796038514]]],[[[11.57856746257399,48.10991496559965],[11.578592999519671,48.109881197734744],[11.578581407440385,48.109896526945796],[11.57856746257399,48.10991496559965]]],[[[11.578843368312057,48.14530766899708],[11.579015414440645,48.145270785497694],[11.578844267651107,48.145307478744314],[11.578942764728364,48.14551785196125],[11.578843368312057,48.14530766899708]]],[[[11.578943877180917,48.149428669647065],[11.579595588257465,48.149243562298636],[11.57906509969713,48.14939493737678],[11.578943877180917,48.149428669647065]]],[[[11.57925747942372,48.11082507484162],[11.579309775530158,48.110858968379844],[11.579331531671142,48.11087306911202],[11.57925747942372,48.11082507484162]]],[[[11.57933352018842,48.11087435705515],[11.579443630534753,48.11095847624656],[11.579452285898961,48.110965088640114],[11.57933352018842,48.11087435705515]]],[[[11.579692858844695,48.10788788476768],[11.579825544589813,48.10761868140936],[11.579716806906886,48.10783929753073],[11.579692858844695,48.10788788476768]]],[[[11.580146524555401,48.10708738222551],[11.580329717432594,48.10683017609723],[11.58014964630336,48.10708299935058],[11.580146524555401,48.10708738222551]]],[[[11.58017899389657,48.111515302767884],[11.580200966098298,48.111532633260765],[11.580575766442648,48.111828261665444],[11.58017899389657,48.111515302767884]]],[[[11.580687573583319,48.106394746470755],[11.580882291201151,48.10618980896803],[11.580804340776897,48.10627185076],[11.580687573583319,48.106394746470755]]],[[[11.580960205153936,48.11214641737818],[11.580994730426871,48.11217633094622],[11.58110600168461,48.112272739913124],[11.580960205153936,48.11214641737818]]],[[[11.58106933097854,48.150070296106485],[11.581135317615127,48.15021109965208],[11.581284274039147,48.150528946614244],[11.58106933097854,48.150070296106485]]],[[[11.581244083081595,48.105833080979906],[11.581337227703878,48.10573548174235],[11.581268403209297,48.105807598198545],[11.581265342295417,48.10581080549895],[11.581244083081595,48.105833080979906]]],[[[11.581257854486584,48.112404309785155],[11.581262557060269,48.1124083842233],[11.581287948444292,48.11243038410261],[11.581257854486584,48.112404309785155]]],[[[11.581284274039147,48.150528946614244],[11.581316336119206,48.15059637473936],[11.58140815775446,48.15078948234519],[11.581284274039147,48.150528946614244]]],[[[11.581614738426513,48.105418295856055],[11.58164898247105,48.10537629588383],[11.581618277571257,48.10541395530245],[11.581614738426513,48.105418295856055]]],[[[11.581623239922767,48.10543555683181],[11.581757596083776,48.105542155588616],[11.58217065971566,48.10578382778528],[11.581757576495175,48.10554216682658],[11.581623239922767,48.10543555683181]]],[[[11.58192510807267,48.11310304571467],[11.58200900168021,48.11320866965783],[11.582020829357099,48.113223561766745],[11.58192510807267,48.11310304571467]]],[[[11.582088723583242,48.11335905857899],[11.582094103088723,48.11336749112528],[11.582125161609685,48.113416179968745],[11.582088723583242,48.11335905857899]]],[[[11.582277011386484,48.11365422442754],[11.582291024406723,48.11367786021086],[11.58234782022063,48.11377366059722],[11.582277011386484,48.11365422442754]]],[[[11.582455045573239,48.1143522401737],[11.582663041122874,48.11429468995377],[11.582694520795634,48.11428598013467],[11.582455045573239,48.1143522401737]]],[[[11.582616189684341,48.157633732522456],[11.582740633236641,48.15761815364837],[11.582616194653292,48.157633732174546],[11.582616189684341,48.157633732522456]]],[[[11.583516039617345,48.140485119581065],[11.583620472416802,48.14038645892588],[11.583516058632556,48.14048510188392],[11.583516039617345,48.140485119581065]]],[[[11.583632211223138,48.14439493876671],[11.583738658437104,48.14437173855375],[11.58363457314888,48.14439442404404],[11.583632211223138,48.14439493876671]]],[[[11.584081425028915,48.13653385507979],[11.58441079842163,48.13767428953923],[11.584483990697318,48.13794494081814],[11.584404139868703,48.13767315985074],[11.584081425028915,48.13653385507979]]],[[[11.584529124058976,48.138155850685024],[11.584548887097908,48.13824124025338],[11.584584462747804,48.13839652829775],[11.584529124058976,48.138155850685024]]],[[[11.584762802850044,48.15789950884664],[11.58542797099035,48.15932118256833],[11.585428392541722,48.1593220773729],[11.585598432549412,48.15969036424874],[11.585427969647014,48.15932118259856],[11.584762802850044,48.15789950884664]]],[[[11.585446582097914,48.107028085281556],[11.5854476128247,48.10702967002053],[11.586700955871668,48.10896539373962],[11.585446582097914,48.107028085281556]]],[[[11.585973428443848,48.17113430488134],[11.5859748100324,48.171114749309275],[11.58600746459901,48.17074566621395],[11.585973428443848,48.17113430488134]]],[[[11.586205342596035,48.16740104667316],[11.586205343154619,48.16740106078748],[11.586214928748262,48.16767623645991],[11.586205342596035,48.16740104667316]]],[[[11.58777398362501,48.112469996144064],[11.587949004083141,48.112401910191],[11.587962091893846,48.11239681933899],[11.58777398362501,48.112469996144064]]],[[[11.58846003357358,48.115816484301156],[11.588633723644765,48.116565937406534],[11.588633754101583,48.11656606997537],[11.58846003357358,48.115816484301156]]],[[[11.589432713057722,48.13169721905948],[11.589445062787608,48.13169549751694],[11.589469140839643,48.13169214190444],[11.58956616173644,48.13167861974428],[11.589432713057722,48.13169721905948]]],[[[11.589606187608492,48.11176668705797],[11.589726590071576,48.11171980993645],[11.589754090241916,48.11170910336283],[11.589606187608492,48.11176668705797]]],[[[11.589667788584537,48.11132666170395],[11.589918980326036,48.111639850499785],[11.589922068008336,48.11164370371261],[11.589922068008184,48.111643703712666],[11.589667788584537,48.11132666170395]]],[[[11.590237634272366,48.16653755032405],[11.590301546080623,48.166597834979115],[11.59032262275322,48.16661771663115],[11.590379616608526,48.16667147717527],[11.590237634272366,48.16653755032405]]],[[[11.590262751522012,48.111504285477054],[11.590346492124247,48.11147017221419],[11.590353042541505,48.11146750388929],[11.590262751522012,48.111504285477054]]],[[[11.59091055543472,48.11124039149731],[11.590930703286404,48.11123201512447],[11.590991358807111,48.11120680022045],[11.591157720241762,48.11113764133433],[11.59091055543472,48.11124039149731]]],[[[11.591202607689686,48.11111964365461],[11.591227900992678,48.11110950209774],[11.591300294299067,48.11108047608138],[11.591497474661422,48.11100141636473],[11.591202607689686,48.11111964365461]]],[[[11.591497474661422,48.11100141636473],[11.591517380312814,48.110994478734824],[11.591545047868573,48.110984836661075],[11.591497474661422,48.11100141636473]]],[[[11.591858153730435,48.11088142786833],[11.591861682240404,48.110880468707975],[11.5920405254303,48.11083185451768],[11.591858153730435,48.11088142786833]]],[[[11.592132592382807,48.1108105720822],[11.59215053266668,48.11080642493525],[11.592272308436627,48.1107782749569],[11.592132592382807,48.1108105720822]]],[[[11.592272308436627,48.1107782749569],[11.59240817320047,48.11074892861583],[11.592415989885788,48.110747240506186],[11.592528323443506,48.11072297727731],[11.592272308436627,48.1107782749569]]],[[[11.592799115452573,48.11067877198086],[11.592811443481072,48.1106775830616],[11.592813293396645,48.110677404693725],[11.592799115452573,48.11067877198086]]],[[[11.593232881529982,48.11065183715347],[11.5932639653416,48.110652502972634],[11.59332976297725,48.1106539136517],[11.593232881529982,48.11065183715347]]],[[[11.593588709582587,48.11066972773815],[11.593602972871723,48.110671083063245],[11.593633385660741,48.110673973469225],[11.593588709582587,48.11066972773815]]],[[[11.594405844793148,48.16462660272568],[11.594711288287321,48.1644190524212],[11.594699134781646,48.164427310816045],[11.594405844793148,48.16462660272568]]],[[[11.594591792372976,48.11083761766958],[11.59461591342786,48.11084185547289],[11.594641897363584,48.11084642069698],[11.594591792372976,48.11083761766958]]],[[[11.594889270760762,48.183458503964594],[11.595310141594858,48.18334303173797],[11.59512160403549,48.18339514276443],[11.594889270760762,48.183458503964594]]],[[[11.59597094262565,48.13452021465567],[11.596063182297787,48.13445681762319],[11.596192859684317,48.13433664466276],[11.596061198261573,48.13445865666414],[11.59597094262565,48.13452021465567]]],[[[11.604249506253472,48.13564956226189],[11.60458272447056,48.13562772214037],[11.604491738906646,48.135633685987266],[11.604355488251747,48.13564261611161],[11.604315670819053,48.1356452258733],[11.604249506253472,48.13564956226189]]]]}}