Name;Typ;Bewirtschaftungsart;Immobilientyp;Aktiv;Verifiziert;Plätze;Freie Plätze;Dauerparken;Kurzzeitparken;Preis/Monat;Preis/Tag;Preis/Stunde;Parkplatz frei;Status;Öffnungszeiten;Straße;Hausnummer;PLZ;Ort;Einfahrtshöhe;Latitude;Longitude;URL 1;URL 2;Places ID OpenData LHM;Kontakt;Bemerkung;Quelle;Potential;Erstellt am;Aktualisiert am;Issue
PEP Einkaufscenter;Parkhaus;Kunden / Besucherparkplatz;Einzelhandel;Ja;Ja;2000;;Nein;Ja;;15.00;1.50;Nein;freigegeben;eingeschränkt;Ollenhauerstr.;6;81737;München;2.00;48.1009889000;11.6444996000;https://www.pep-muenchen.de/service/anfahrt/parken/parken/;;1224098;;;OpenData LHM;Nein;2025-08-20 14:13:41;2025-08-20 14:13:41;
Parkhaus Blumengroßmarkthalle;Parkhaus;Kunden / Besucherparkplatz;Einzelhandel;Ja;Ja;190;;Nein;Ja;;30.00;3.50;Nein;;;Schäftlarnstraße;2;81371;München;;48.1186334000;11.5580294000;https://www.ps-huefner.de/standort.php?ort=M%C3%BCnchen&id=108;https://www.wvv.de/parken-b2c/parkplaetze/?city=M%C3%BCnchen&center=2970;;;;Recherche;Nein;2025-12-13 19:00:56;2025-12-13 19:00:56;
Tiefgarage Oberpollinger;Tiefgarage;Kunden / Besucherparkplatz;Einzelhandel;Ja;Ja;357;;Nein;Ja;;28.00;4.00;Nein;freigegeben;ganztägig;Neuhauser Str.;18;80331;München;;48.1399153000;11.5684216000;https://www.oberpollinger.de/ihr-besuch-bei-uns/;;1217898;;;OpenData LHM;Nein;2025-08-20 14:13:41;2025-08-20 14:13:41;
daseinstein Tiefgarage;Tiefgarage;Kunden / Besucherparkplatz;Einzelhandel;Ja;Ja;292;;Nein;Ja;;14.00;2.00;Nein;freigegeben;ganztägig;Einsteinstr.;130;81675;München;2.00;48.1362544000;11.6139711000;https://www.daseinstein.de/anfahrt-and-parken/;;1260859;;;OpenData LHM;Nein;2025-08-20 14:13:41;2025-08-20 14:13:41;
Tiefgarage Hotel Marriott;Tiefgarage;Kunden / Besucherparkplatz;Hotel;Ja;Ja;134;;Ja;Ja;232.00;29.00;4.00;Ja;freigegeben;ganztägig;Berliner Str.;93;80805;München;2.00;48.1745444000;11.5926656000;https://www.apcoa.de/parken-im-abo/standorte/muenchen/hotel-marriott;;1224103;;;OpenData LHM;Nein;2025-08-20 14:13:41;2025-08-20 14:13:41;
Tiefgarage Ibis/Suite Novotel;Tiefgarage;Kunden / Besucherparkplatz;Hotel;Ja;Ja;137;;Ja;Ja;130.00;22.00;3.00;Ja;freigegeben;ganztägig;Lyonel-Feininger-Str.;20;80807;München;2.00;48.1796258000;11.5933680000;https://www.apcoa.de/parken-im-abo/standorte/muenchen/ibis-und-suite-novotel;;1224055;;;OpenData LHM;Nein;2025-08-20 14:13:41;2025-08-20 14:13:41;
Tiefgarage MOC;Tiefgarage;Kunden / Besucherparkplatz;nur Parken;Ja;Ja;1500;;Nein;Ja;;16.00;3.00;Nein;freigegeben;eingeschränkt;Lilienthalallee;40;80939;München;;48.1974117000;11.6114109000;https://www.apcoa.de/einmal-parken/standorte/muenchen/tiefgarage-moc-veranstaltungscenter-muenchen;;1224052;;;OpenData LHM;Nein;2025-08-20 14:13:41;2025-08-20 14:13:41;
Tiefgarage Riem Arcaden;Tiefgarage;Kunden / Besucherparkplatz;Einzelhandel;Ja;Ja;2340;;Ja;Ja;145.00;25.00;1.80;Ja;freigegeben;ganztägig;Willy-Brandt-Platz;5;81829;München;2.00;48.1322264000;11.6899622000;https://www.apcoa.de/parken-im-abo/standorte/muenchen/riem-arcaden-tiefgarage;https://parkwerkgmbh.de/standorte/#autosaal;72297;;;OpenData LHM;Nein;2025-08-20 14:13:41;2025-08-20 14:13:41;
Werksviertel Autosaal;Tiefgarage;Kunden / Besucherparkplatz;nur Parken;Ja;Ja;320;;Nein;Ja;;21.00;4.00;Nein;freigegeben;ganztägig;Atelierstaße;5;81671;München;;48.1254525200;11.6059993000;https://www.werksviertel-mitte.de/orte/autosaal/;;;;;Recherche;Nein;2025-08-20 14:13:41;2025-08-20 14:13:41;
Hotelgarage Orleansstraße 81;Tiefgarage;Kunden / Besucherparkplatz;Hotel;Ja;Ja;100;;Ja;Ja;100.00;;;Ja;freigegeben;ganztägig;Orleansstraße;81;81667;München;;48.1309677000;11.6076400000;https://www.reissco.de/project/headl/;;;;;Recherche;Nein;2025-08-20 14:13:41;2025-08-20 14:13:41;
Agentur für Arbeit;Tiefgarage;Kunden / Besucherparkplatz;Behörde;Ja;Ja;240;;Nein;Nein;;;;Nein;;;Thalkirchnerstr.;92;80337;München;;48.1246578000;11.5610582000;https://www.arbeitsagentur.de/vor-ort/muenchen;;;;;Recherche;Ja;2025-10-15 18:45:17;2025-10-15 18:45:17;
Riem Arcaden SOP;Tiefgarage;Kunden / Besucherparkplatz;Einzelhandel;Ja;Ja;284;;Ja;Ja;;;;Nein;;;Willy-Brandt-Platz;5;81829;München;;48.1321610000;11.6918286000;https://www.apcoa.de/dauerparken/standorte/muenchen/riem-arcaden-sop;;;;;Recherche;Nein;2025-10-15 19:08:40;2025-10-15 19:08:40;
Edeka und Aldi Implerstraße 17;Tiefgarage;Kunden / Besucherparkplatz;Einzelhandel;Ja;Ja;203;;Nein;Nein;;;;Nein;;;Implerstraße;17;81371;München;;48.1222462000;11.5503122000;https://www.parkraumueberwachung24.de;;;;TG für Edeka (67) und Aldi (136). Betreiber innopark 24, Höchstparkdauer 120 Minuten. Seit April Baustelle, aber vorher auch kaum belegt.;Crowdsourcing;Nein;2025-10-18 12:06:27;2025-10-18 12:06:27;
Edeka Implerstraße 93;Tiefgarage;Kunden / Besucherparkplatz;Einzelhandel;Ja;Ja;26;;Nein;Nein;;;;Nein;;;Implerstraße;93;81371;München;;48.1132596000;11.5489652000;;;;;Kundenparkplätze;Crowdsourcing;Nein;2025-10-18 12:23:25;2025-10-18 12:23:25;
Meile Moosach;Tiefgarage;Kunden / Besucherparkplatz;Einzelhandel;Ja;Ja;200;;Nein;Ja;;;;Nein;;;Bunzlauer Platz;143;80992;München;;48.1794154000;11.5066383000;http://www.meile-moosach.de/erreichbarkeit/;;;;;Crowdsourcing;Nein;2025-12-13 19:16:18;2025-12-13 19:16:18;
MotelOne Deutsches Museum;Tiefgarage;Kunden / Besucherparkplatz;Hotel;Ja;Ja;;;Ja;Nein;;17.00;1.00;Ja;;;Hochstrasse;17;81669;München;;48.1278267000;11.5879423000;;;;Tel.: 089 23683-165;;Recherche;Nein;2026-02-16 19:52:55;2026-02-16 19:52:55;
Technischen Rathaus;Tiefgarage;Mitarbeiterparkplatz;Behörde;Ja;Ja;263;;Nein;Nein;;;;Nein;freigegeben;eingeschränkt;Friedenstraße;40;81671;München;;48.1303608000;11.6113555000;https://www.tz.de/muenchen/stadt/hallo-muenchen/muenchen-berg-am-laim-ostbahnhof-parkplatz-knappheit-tiefgarage-technisches-rathaus-93781260.html;;;;;Recherche;Ja;2025-08-20 14:13:41;2025-08-20 14:13:41;
Landratsamt München;Tiefgarage;Mitarbeiterparkplatz;Behörde;Ja;Ja;251;;Nein;Nein;;;;Nein;freigegeben;eingeschränkt;Ohlmüllerstraße;29;81541;München;;48.1238340000;11.5817478000;https://www.parkopedia.de/parken/tiefgarage/landratsamt/81541/m%C3%BCnchen/?arriving=202510152100&leaving=202510152300;;;;;Recherche;Ja;2025-08-20 14:13:41;2025-08-20 14:13:41;
Kistlerhofstrasse 75-79;Tiefgarage;Mitarbeiterparkplatz;Büro;Ja;Ja;510;;Nein;Nein;;;;Nein;;;Kistlerhofstrasse;75;81379;München;;48.0949582000;11.5243622000;https://www.etna.de/referenzen/gebaeudemanagement/kistlerhofstrasse-75-79-in-muenchen/;;;;;Crowdsourcing;Nein;2026-02-16 19:22:10;2026-02-16 19:22:10;
Ehemaliges Justizzentrum;Tiefgarage;Mitarbeiterparkplatz;Behörde;Ja;Ja;200;;Nein;Nein;;;;Nein;;;Nymphenburger Straße;20b;80639;München;;48.1494397000;11.5533204000;;;;;Tiefgarage wird frei wenn Mitte 2026 das Strafjustiz Zentrum an den Leonrod Platz umzieht;Crowdsourcing;Nein;2026-03-24 19:34:51;2026-03-24 19:34:51;
Tiefgarage P&R Fürstenried;Parkhaus;P & R Park und Ride;nur Parken;Ja;Ja;214;;Nein;Ja;;1.50;;Nein;freigegeben;eingeschränkt;Neurieder Str.;40;81475;München;2.00;48.0891935000;11.4752661000;https://www.parkundride.de/fuerstenried-west-tiefgarage;;1224104;;;OpenData LHM;Nein;2025-08-20 14:13:41;2025-08-20 14:13:41;
Parkhaus Kieferngarten;Parkhaus;P & R Park und Ride;nur Parken;Ja;Ja;;;Nein;Nein;;;;Nein;geschlossen;;Kieferngartenstr.;14;;München;;48.2019161000;11.6124120000;https://parkundride.de/kieferngarten;;1224058;;Seit August 2025 dauerhaft geschlossen;OpenData LHM;Nein;2025-08-20 14:13:41;2025-08-20 14:13:41;
Parkhaus P&R Fröttmaning;Parkhaus;P & R Park und Ride;nur Parken;Ja;Ja;1259;;Nein;Ja;;10.00;;Nein;freigegeben;;Werner-Heisenberg-Allee;21;80939;München;2.00;48.2108218000;11.6184373000;https://www.parkundride.de/froettmaning;;1224053;;;OpenData LHM;Nein;2025-08-20 14:13:41;2025-08-20 14:13:41;
Parkhaus P&R Messestadt Ost;Parkhaus;P & R Park und Ride;nur Parken;Ja;Ja;1075;;Nein;Ja;;21.00;;Nein;freigegeben;ganztägig;Willy-Brandt-Allee;11;81829;München;2.00;48.1345930000;11.7051136000;https://www.parkundride.de/messestadt-ost;;1224050;;;OpenData LHM;Nein;2025-08-20 14:13:41;2025-08-20 14:13:41;
P+R Parkhaus Neuperlach Süd;Parkhaus;P & R Park und Ride;nur Parken;Ja;Ja;770;;Nein;Ja;;1.50;;Nein;;;Carl-Wery-Straße;37;81739;München;;48.0870246000;11.6461364000;https://www.parkundride.de/neuperlach-sued;https://stadt.muenchen.de/service/info/park-and-ride-tiefgarage-heimeranplatz/1069476/;;;;Crowdsourcing;Nein;2025-10-18 12:19:36;2025-10-18 12:19:36;
Tiefgarage P&R Heimeranplatz;Tiefgarage;P & R Park und Ride;Büro;Ja;Ja;310;;Nein;Ja;;20.00;3.00;Nein;freigegeben;eingeschränkt;Garmischer Str.;19;81373;München;;48.1315732000;11.5319666000;https://www.parkundride.de/heimeranplatz;https://stadt.muenchen.de/service/info/park-and-ride-tiefgarage-mangfallplatz/1069480/;1224105;;;OpenData LHM;Nein;2025-08-20 14:13:41;2025-08-20 14:13:41;
Tiefgarage P&R Mangfallplatz;Tiefgarage;P & R Park und Ride;Büro;Ja;Ja;252;;Nein;Ja;;2.00;;Nein;freigegeben;eingeschränkt;Am Hollerbusch;22;81547;München;2.00;48.0955295000;11.5744690000;https://www.parkundride.de/mangfallplatz;;1224107;;;OpenData LHM;Nein;2025-08-20 14:13:41;2025-08-20 14:13:41;
Tiefgarage P&R Westfriedhof;Tiefgarage;P & R Park und Ride;nur Parken;Ja;Ja;219;;Nein;Ja;;2.00;;Nein;freigegeben;ganztägig;Orpheusstr.;1;80992;München;2.00;48.1719153000;11.5282655000;https://www.parkundride.de/westfriedhof-tiefgarage;;1224109;;;OpenData LHM;Nein;2025-08-20 14:13:41;2025-08-20 14:13:41;
Tiefgarage P&R Moosach;Tiefgarage;P & R Park und Ride;nur Parken;Ja;Ja;280;;Nein;Ja;;1.50;;Nein;freigegeben;ganztägig;Memminger Platz;1;80997;München;2.00;48.1807429000;11.5039272000;https://www.parkundride.de/moosach;;1224108;;Test Bemerkung;OpenData LHM;Nein;2025-08-20 14:13:41;2025-08-20 14:13:41;
Tiefgarage Innsbrucker Ring;Tiefgarage;P & R Park und Ride;nur Parken;Ja;Ja;89;;Nein;Ja;;2.00;;Nein;freigegeben;ganztägig;Bad-Schachener-Str.;41;81671;München;2.00;48.1207340000;11.6184888000;https://www.parkundride.de/innsbrucker-ring;;1224106;;;OpenData LHM;Nein;2025-08-20 14:13:41;2025-08-20 14:13:41;
Rosenheimer Straße 78;Tiefgarage;Privat;Wohnen;Nein;Ja;1;;Ja;Nein;100.00;;;Nein;freigegeben;ganztägig;Rosenheimerstr.;78;81669;München;;48.1271972000;11.5959353000;https://www.immobilienscout24.de/expose/90852896?referrer=HYBRID_VIEW_LISTING&searchId=1aeb76e1-1850-3ee8-8132-22b7bf28036b&searchUrl=%2Fde%2Fbayern%2Fmuenchen%2Fgarage-mieten%3Fbbox%3DcXZ1ZEhlZ3dlQXl8QT8-cXFCeHxBPw..&searchType=district#/;;;;;Anzeige;Nein;2025-08-20 14:13:41;2025-08-20 14:13:41;
Schleißheimer Straße 232a;Tiefgarage;Privat;Wohnen;Nein;Ja;1;;Ja;Nein;100.00;;;Nein;freigegeben;ganztägig;Schleißheimer Straße;232a;80797;München;;48.1700706000;11.5654293000;https://www.immobilienscout24.de/expose/105069738?referrer=HYBRID_VIEW_LISTING&searchId=5b36753c-119e-3116-910b-f19b0bd6e32d&searchUrl=%2Fde%2Fbayern%2Fmuenchen%2Fgarage-mieten&searchType=district#/;;;;;Anzeige;Nein;2025-08-20 14:13:41;2025-08-20 14:13:41;
PKW Einzelstellplatz/Parkplatz Tiefgarage Neubau;Tiefgarage;Privat;Wohnen;Nein;Ja;;;Ja;Nein;49.00;;;Nein;aktiv;;Schwanseestraße;49;81549;Obergiesing-Fasangarten;;48.1060637000;11.5969853000;https://www.kleinanzeigen.de/s-anzeige/pkw-einzelstellplatz-parkplatz-tiefgarage-neubau/3165584446-197-16363;;;;;Anzeige;Nein;2025-08-20 14:13:41;2025-08-20 14:13:41;
Tiefgaragenstellplatz Schwabing;Tiefgarage;Privat;Wohnen;Nein;Ja;;;Ja;Nein;253.00;;;Nein;aktiv;;Schleißheimer Straße;253;80809;München;;48.1779638000;11.5671754000;https://www.kleinanzeigen.de/s-anzeige/tiefgaragenstellplatz-schwabing/3165193350-197-16373;;;;;Anzeige;Nein;2025-08-20 14:13:41;2025-08-20 14:13:41;
Parkplätze Stellplätze Olympiazentrum Olympiadorf 80809 bei BMW;Tiefgarage;Privat;Wohnen;Nein;Ja;;;Ja;Nein;80809.00;;;Nein;aktiv;;Helene-Mayer-Ring;14;80809;München;;48.1822911000;11.5532840000;https://www.kleinanzeigen.de/s-anzeige/parkplaetze-stellplaetze-olympiazentrum-olympiadorf-80809-bei-bmw/3161780305-197-6471;;;;;Anzeige;Nein;2025-08-20 14:13:41;2025-08-20 14:13:41;
PKW-Stellplatz in Regus Maximilanstrasse 35a zu vermieten;Tiefgarage;Privat;Wohnen;Nein;Ja;;;Ja;Nein;270.00;;;Nein;aktiv;;Maximilianstrasse;35a;80539;München;;48.1389202000;11.5810041000;https://www.kleinanzeigen.de/s-anzeige/pkw-stellplatz-in-regus-maximilanstrasse-35a-zu-vermieten/2792292691-197-6419;;;;;Anzeige;Nein;2025-08-20 14:13:41;2025-08-20 14:13:41;
Parkplatz zu vermieten;Tiefgarage;Privat;Wohnen;Nein;Ja;;;Ja;Nein;4980993.00;;;Nein;aktiv;;Riesstr.;4980993;80993;München;;48.1843552000;11.5367590000;https://www.kleinanzeigen.de/s-anzeige/parkplatz-zu-vermieten/3155582512-197-6446;;;;;Anzeige;Nein;2025-08-20 14:13:41;2025-08-20 14:13:41;
Tiefgarage Gartenstraße 6 80809 Am Luitpoldpark;Tiefgarage;Privat;Wohnen;Nein;Ja;;;Ja;Nein;6.00;;;Nein;aktiv;;Gartenstraße;6;80809;München;;48.1722869000;11.5631899000;https://www.kleinanzeigen.de/s-anzeige/tiefgarage-gartenstrasse-6-80809-am-luitpoldpark/3155058321-197-16373;;;;;Anzeige;Nein;2025-08-20 14:13:41;2025-08-20 14:13:41;
Tiefgaragen Parkplatz;Tiefgarage;Privat;Wohnen;Nein;Ja;;;Ja;Nein;15.00;;;Nein;aktiv;;Oder Straße;32;81927;München;;48.1435541000;11.6274236000;https://www.kleinanzeigen.de/s-anzeige/tiefgaragen-parkplatz/3154811360-197-6527;;;;;Anzeige;Nein;2025-08-20 14:13:41;2025-08-20 14:13:41;
Stellplatz für Kleinwagen Parkplatz im Olympiadorf zu vermieten;Tiefgarage;Privat;Wohnen;Nein;Ja;;;Ja;Nein;14.00;;;Nein;aktiv;;Helene-Mayer-Ring;14;80809;München;;48.1822911000;11.5532840000;https://www.kleinanzeigen.de/s-anzeige/stellplatz-fuer-kleinwagen-parkplatz-im-olympiadorf-zu-vermieten/3154501928-197-6471;;;;;Anzeige;Nein;2025-08-20 14:13:41;2025-08-20 14:13:41;
Parkplatz Tiefgarage Maxvorstadt Enhuberstrasse 5;Tiefgarage;Privat;Wohnen;Nein;Ja;;;Ja;Nein;120.00;;;Nein;aktiv;;Enhuberstrasse;5;80333;München;;48.1499765000;11.5650919000;https://www.kleinanzeigen.de/s-anzeige/parkplatz-tiefgarage-maxvorstadt-enhuberstrasse-5/3153903442-197-6441;;;;;Anzeige;Nein;2025-08-20 14:13:41;2025-08-20 14:13:41;
Tiefgaragenstellplatz In der Parkstadt Schwabing. Einzelplatz;Tiefgarage;Privat;Wohnen;Nein;Ja;;;Ja;Nein;52.00;;;Nein;aktiv;;Otl-Aicher-Straße;52;80807;München;;48.1831468000;11.5892078000;https://www.kleinanzeigen.de/s-anzeige/tiefgaragenstellplatz-in-der-parkstadt-schwabing-einzelplatz/3153157831-197-16377;;;;;Anzeige;Nein;2025-08-20 14:13:41;2025-08-20 14:13:41;
Parkplatz zu vermieten – Winzererstraße 104c;Tiefgarage;Privat;Wohnen;Nein;Ja;;;Ja;Nein;104.00;;;Nein;aktiv;;Winzererstraße;104c;80939;München;;48.1639783000;11.5630199000;https://www.kleinanzeigen.de/s-anzeige/parkplatz-zu-vermieten-winzererstrasse-104c/3144503071-197-6450;;;;;Anzeige;Nein;2025-08-20 14:13:41;2025-08-20 14:13:41;
Tiefgaragen Stellplatz - Haidhausen;Tiefgarage;Privat;Wohnen;Nein;Ja;;;Ja;Nein;20.00;;;Nein;aktiv;;Orleansstrasse;20;81669;München;;48.1247722000;11.5992913000;https://www.kleinanzeigen.de/s-anzeige/tiefgaragen-stellplatz-haidhausen/3143958911-197-16345;;;;;Anzeige;Nein;2025-08-20 14:13:41;2025-08-20 14:13:41;
Duplex Garagenparkplatz;Tiefgarage;Privat;Wohnen;Nein;Ja;;;Ja;Nein;;;;Nein;aktiv;;marianne-brandt-str.;;;München;;48.1812438000;11.5924269000;https://www.kleinanzeigen.de/s-anzeige/duplex-garagenparkplatz/3137975225-197-16377;;;;;Anzeige;Nein;2025-08-20 14:13:41;2025-08-20 14:13:41;
Biete tiefgarage - Motorstraße 46, 80809.;Tiefgarage;Privat;Wohnen;Nein;Ja;;;Ja;Nein;46.00;;;Nein;aktiv;;Motorstraße;46;80809;München;;48.1882046000;11.5629454000;https://www.kleinanzeigen.de/s-anzeige/biete-tiefgarage-motorstrasse-46-80809-/3137007871-197-6464;;;;;Anzeige;Nein;2025-08-20 14:13:41;2025-08-20 14:13:41;
Duplex Stellplatz / Parkplatz Milbertshofen (Lena-Christ-Str. 4);Tiefgarage;Privat;Wohnen;Nein;Ja;;;Ja;Nein;4.00;;;Nein;aktiv;;Lena-Christ-Straße;4;80807;München;;48.1821497000;11.5764162000;https://www.kleinanzeigen.de/s-anzeige/duplex-stellplatz-parkplatz-milbertshofen-lena-christ-str-4-/3134893477-197-6452;;;;;Anzeige;Nein;2025-08-20 14:13:41;2025-08-20 14:13:41;
Parkplatz ab September (Tiefgarage Lautensackstr 2b/c);Tiefgarage;Privat;Wohnen;Nein;Ja;;;Ja;Nein;2.00;;;Nein;aktiv;;Lautensackstr;2b/c;80687;München;;48.1405161000;11.5082546000;https://www.kleinanzeigen.de/s-anzeige/parkplatz-ab-september-tiefgarage-lautensackstr-2b-c-/3134739947-197-6432;;;;;Anzeige;Nein;2025-08-20 14:13:41;2025-08-20 14:13:41;
Einzelstellplatz zu vermieten – Zentral in München Freimann;Tiefgarage;Privat;Wohnen;Nein;Ja;;;Ja;Nein;;;;Nein;aktiv;;Freisinger Landstraße.;21;80939;München;;48.1913484000;11.6198059000;https://www.kleinanzeigen.de/s-anzeige/einzelstellplatz-zu-vermieten-zentral-in-muenchen-freimann/3134375534-197-6450;;;;;Anzeige;Nein;2025-08-20 14:13:41;2025-08-20 14:13:41;
Gelegenheit Duplex Parkplätze in Unterschleißheim;Tiefgarage;Privat;Wohnen;Nein;Ja;;;Ja;Nein;2.00;;;Nein;aktiv;;Orionstraße;2;85716;Unterschleißheim;;48.2712869000;11.5629460000;https://www.kleinanzeigen.de/s-anzeige/gelegenheit-duplex-parkplaetze-in-unterschleissheim/3130454064-197-6457;;;;;Anzeige;Nein;2025-08-20 14:13:41;2025-08-20 14:13:41;
Tiefgarage Parkplatz zu vermieten;Tiefgarage;Privat;Wohnen;Nein;Ja;;;Ja;Nein;70.00;;;Nein;aktiv;;Balanstraße;79;81669;München;;48.1135480000;11.6030759000;https://www.kleinanzeigen.de/s-anzeige/tiefgarage-parkplatz-zu-vermieten/3129779888-197-6458;;;;;Anzeige;Nein;2025-08-20 14:13:41;2025-08-20 14:13:41;
Tiefgaragenstellplatz/parkplatz zu vermieten - Schwabing-West;Tiefgarage;Privat;Wohnen;Nein;Ja;;;Ja;Nein;203.00;;;Nein;aktiv;;Schleißheimer Straße;203-207;;München;;48.1596193000;11.5630094000;https://www.kleinanzeigen.de/s-anzeige/tiefgaragenstellplatz-parkplatz-zu-vermieten-schwabing-west/3128839320-197-6471;;;;;Anzeige;Nein;2025-08-20 14:13:41;2025-08-20 14:13:41;
Tiefgarage Arnulfstr. 150;Tiefgarage;Privat;Wohnen;Nein;Ja;;;Ja;Nein;150.00;;;Nein;aktiv;;Arnulfstr.;150;80634;München;;48.1468710000;11.5323317000;https://www.kleinanzeigen.de/s-anzeige/tiefgarage-arnulfstr-150/3125646759-197-6424;;;;;Anzeige;Nein;2025-08-20 14:13:41;2025-08-20 14:13:41;
Tiefgarage Parkplatz nahe Pasing Bahnhof;Tiefgarage;Privat;Wohnen;Nein;Ja;;;Ja;Nein;16.00;;;Nein;aktiv;;Planegger Str.;17;81241;München;;48.1446247000;11.4586531000;https://www.kleinanzeigen.de/s-anzeige/tiefgarage-parkplatz-nahe-pasing-bahnhof/3120722812-197-6479;;;;;Anzeige;Nein;2025-08-20 14:13:41;2025-08-20 14:13:41;
Parkplatz / Tiefgaragenstellplatz Hamburger Straße 27;Tiefgarage;Privat;Wohnen;Nein;Ja;;;Ja;Nein;27.00;;;Nein;aktiv;;Hamburger Straße;27;80809;München;;48.1889766000;11.5647279000;https://www.kleinanzeigen.de/s-anzeige/parkplatz-tiefgaragenstellplatz-hamburger-strasse-27/3118976125-197-6471;;;;;Anzeige;Nein;2025-08-20 14:13:41;2025-08-20 14:13:41;
Tiefgarage Stellplatz;Tiefgarage;Privat;Wohnen;Nein;Ja;;;Ja;Nein;30.00;;;Nein;aktiv;;Nietzschestr.;30;80807;München;;48.1789336000;11.5707986000;https://www.kleinanzeigen.de/s-anzeige/tiefgarage-stellplatz/3110141836-197-9614;;;;;Anzeige;Nein;2025-08-20 14:13:41;2025-08-20 14:13:41;
Stellplatz/Garage/Parkplatz/Box/Cage | Stromanschluss;Tiefgarage;Privat;Wohnen;Nein;Ja;;;Ja;Nein;3.00;;;Nein;aktiv;;Ismaninger Str.;136;81675;München;;48.1488926000;11.6065179000;https://www.kleinanzeigen.de/s-anzeige/stellplatz-garage-parkplatz-box-cage-stromanschluss/3099269599-197-6461;;;;;Anzeige;Nein;2025-08-20 14:13:41;2025-08-20 14:13:41;
Parkplatz Tölzer str. 5 / Obersendling, Tiefgarage, 110€;Tiefgarage;Privat;Wohnen;Nein;Ja;;;Ja;Nein;5.00;;;Nein;aktiv;;Tölzer Straße;5;81379;München;;48.1018848000;11.5384295000;https://www.kleinanzeigen.de/s-anzeige/parkplatz-toelzer-str-5-obersendling-tiefgarage-110-/3086158377-197-16388;;;;;Anzeige;Nein;2025-08-20 14:13:41;2025-08-20 14:13:41;
Tiefgaragenstellplatz in München-Giesing zu vermieten!;Tiefgarage;Privat;Wohnen;Nein;Ja;;;Ja;Nein;100.00;;;Nein;aktiv;;Balanstraße;119;81549;München;;48.1071718000;11.6045020000;https://www.immobilienscout24.de/expose/130851236;;;;;Anzeige;Nein;2025-08-20 14:13:41;2025-08-20 14:13:41;
Direkt vom Eigentümer: Tiefgaragenstellplätze zu vermieten! Frostfrei und sicher Parken!;Tiefgarage;Privat;Wohnen;Nein;Ja;;;Ja;Nein;119.00;;;Nein;aktiv;;Arnulfstraße;205;80634;München;;48.1494496000;11.5210020000;https://www.immobilienscout24.de/expose/136323682;;;;;Anzeige;Nein;2025-08-20 14:13:41;2025-08-20 14:13:41;
Tiefgaragenstellplatz zum Aktionspreis für Auto oder Motorrad in München verfügbar;Tiefgarage;Privat;Wohnen;Nein;Ja;;;Ja;Nein;179.90;;;Nein;aktiv;;Schellingstr.;145;80797;München;;48.1544738000;11.5605920000;https://www.immobilienscout24.de/expose/148384598;;;;;Anzeige;Nein;2025-08-20 14:13:41;2025-08-20 14:13:41;
Duplex-Stellplatz verfügbar!;Tiefgarage;Privat;Wohnen;Nein;Ja;;;Ja;Nein;65.00;;;Nein;aktiv;;Heinrich-Wieland-Str.;47;81735;München;;48.1174987000;11.6393038000;https://www.immobilienscout24.de/expose/160181590;;;;;Anzeige;Nein;2025-08-20 14:13:41;2025-08-20 14:13:41;
Sicher parken mit uns!;Tiefgarage;Privat;Wohnen;Nein;Ja;;;Ja;Nein;50.00;;;Nein;aktiv;;Ehrenbreitsteinerstr.;2;80993;München;;48.1836308000;11.5289517000;https://www.immobilienscout24.de/expose/160672732;;;;;Anzeige;Nein;2025-08-20 14:13:41;2025-08-20 14:13:41;
Tiefgaragenstellplatz München-Sendling;Tiefgarage;Privat;Wohnen;Nein;Ja;;;Ja;Nein;100.00;;;Nein;aktiv;;Nestroystr.;11;81373;München;;48.1213879000;11.5331379000;https://www.immobilienscout24.de/expose/159197247;;;;;Anzeige;Nein;2025-08-20 14:13:41;2025-08-20 14:13:41;
TG-Einzelstellplatz nahe Parzivalplatz;Tiefgarage;Privat;Wohnen;Nein;Ja;;;Ja;Nein;120.00;;;Nein;aktiv;;Mildred-Scheel-Bogen;50;80804;München;;48.1748466000;11.5798861000;https://www.immobilienscout24.de/expose/156949707;;;;;Anzeige;Nein;2025-08-20 14:13:41;2025-08-20 14:13:41;
TG-Stellplatz zu vermieten ab 01.08.25 ggf. auch schon früher;Tiefgarage;Privat;Wohnen;Nein;Ja;;;Ja;Nein;60.00;;;Nein;aktiv;;Leipartstraße;11;81369;München;;48.1102122000;11.5371743000;https://www.immobilienscout24.de/expose/158631296;;;;;Anzeige;Nein;2025-08-20 14:13:41;2025-08-20 14:13:41;
Duplex Stellplatz Heßstrassen58;Tiefgarage;Privat;Wohnen;Nein;Ja;;;Ja;Nein;128.00;;;Nein;aktiv;;Heßstrasse;58;80798;München;;48.1525210000;11.5643234000;https://www.immobilienscout24.de/expose/133818723;;;;;Anzeige;Nein;2025-08-20 14:13:41;2025-08-20 14:13:41;
Tiefgaragenstellplatz in Schwabing;Tiefgarage;Privat;Wohnen;Nein;Ja;;;Ja;Nein;100.00;;;Nein;aktiv;;Leopoldstraße;206;80804;München;;48.1751098000;11.5872259000;https://www.immobilienscout24.de/expose/127414622;;;;;Anzeige;Nein;2025-08-20 14:13:41;2025-08-20 14:13:41;
Duplexstellplätze - Neu sanierte TG;Tiefgarage;Privat;Wohnen;Nein;Ja;;;Ja;Nein;95.20;;;Nein;aktiv;;Knorrstrasse;45;80807;München;;48.1829180000;11.5727311000;https://www.immobilienscout24.de/expose/123356293;;;;;Anzeige;Nein;2025-08-20 14:13:41;2025-08-20 14:13:41;
1 PKW-Stellplatz in Tiefgarage - Moosach;Tiefgarage;Privat;Wohnen;Nein;Ja;;;Ja;Nein;85.00;;;Nein;aktiv;;Am Oberwiesenfeld;9;80809;München;;48.1872084000;11.5452138000;https://www.immobilienscout24.de/expose/114436602;;;;;Anzeige;Nein;2025-08-20 14:13:41;2025-08-20 14:13:41;
Tiefgaragenstellplatz in der Marbachstraße 9;Tiefgarage;Privat;Wohnen;Nein;Ja;;;Ja;Nein;150.00;;;Nein;aktiv;;Marbachstraße;9;81369;München;;48.1152459000;11.5344264000;https://www.immobilienscout24.de/expose/159271395;;;;;Anzeige;Nein;2025-08-20 14:13:41;2025-08-20 14:13:41;
Duplexplatz langfristig zu vermiete;Tiefgarage;Privat;Wohnen;Nein;Ja;;;Ja;Nein;89.50;;;Nein;aktiv;;Morassistraße;8;80469;München;;48.1324250000;11.5827247000;https://www.immobilienscout24.de/expose/160407560;;;;;Anzeige;Nein;2025-08-20 14:13:41;2025-08-20 14:13:41;
Tiefgaragenstellplatz Duplex - LEHEL - keine Kombis / Suv;Tiefgarage;Privat;Wohnen;Nein;Ja;;;Ja;Nein;100.00;;;Nein;aktiv;;Steinsdorfstr.;1A;80538;München;;48.1367721000;11.5886725000;https://www.immobilienscout24.de/expose/160070645;;;;;Anzeige;Nein;2025-08-20 14:13:41;2025-08-20 14:13:41;
Garage in;Tiefgarage;Privat;Wohnen;Nein;Ja;;;Ja;Nein;100.00;;;Nein;aktiv;;Therese-Danner-Platz;5;80636;München;;48.1473953000;11.5382580000;https://www.immobilienscout24.de/expose/159676076;;;;;Anzeige;Nein;2025-08-20 14:13:41;2025-08-20 14:13:41;
Tiefgaragen-Einzelstellplatz Nähe U-Bahn Quiddestraße und PEP zu vermieten;Tiefgarage;Privat;Wohnen;Nein;Ja;;;Ja;Nein;79.00;;;Nein;aktiv;;Albert-Schweitzer-Straße;74;81735;München;;48.1064887000;11.6443537000;https://www.immobilienscout24.de/expose/117506789;;;;;Anzeige;Nein;2025-08-20 14:13:41;2025-08-20 14:13:41;
Garage - Tiefgaragenstellplatz ab sofort zu vermieten;Tiefgarage;Privat;Wohnen;Nein;Ja;;;Ja;Nein;120.00;;;Nein;aktiv;;Kürnbergstr.;22;81369;München;;48.1148264000;11.5316013000;https://www.immobilienscout24.de/expose/160443326;;;;;Anzeige;Nein;2025-08-20 14:13:41;2025-08-20 14:13:41;
Stellplatz in einer Parkanlage in Gehnähe zum Marienplatz;Tiefgarage;Privat;Wohnen;Nein;Ja;;;Ja;Nein;178.50;;;Nein;aktiv;;Münzstr.;4;80331;München;;48.1377330000;11.5789546000;https://www.immobilienscout24.de/expose/158748216;;;;;Anzeige;Nein;2025-08-20 14:13:41;2025-08-20 14:13:41;
Duplexparker oben Albert-Rosshaupter-Str. / Ecke Drachenseestr. zu vermieten;Tiefgarage;Privat;Wohnen;Nein;Ja;;;Ja;Nein;80.00;;;Nein;aktiv;;Albert-Rosshaupter-Straße;52;81369;München;;48.1171245000;11.5318215000;https://www.immobilienscout24.de/expose/160487881;;;;;Anzeige;Nein;2025-08-20 14:13:41;2025-08-20 14:13:41;
ⓁⓅⒺ Einmalig! Großzügig und komfortabel parken in der Maxvorstadt;Tiefgarage;Privat;Wohnen;Nein;Ja;;;Ja;Nein;220.00;;;Nein;aktiv;;Briennerstraße;50a;80333;München;;48.1478115000;11.5604635000;https://www.immobilienscout24.de/expose/156223522;;;;;Anzeige;Nein;2025-08-20 14:13:41;2025-08-20 14:13:41;
Tiefgaragenstellplatz in Bestlage: Klenzestraße 39, München (Nähe Gärtnerplatz);Tiefgarage;Privat;Wohnen;Nein;Ja;;;Ja;Nein;190.00;;;Nein;aktiv;;Klenzestr.;39;80469;München;;48.1306423000;11.5745925000;https://www.immobilienscout24.de/expose/152713130;;;;;Anzeige;Nein;2025-08-20 14:13:41;2025-08-20 14:13:41;
Tiefgaragenstellplätze München-Ost;Tiefgarage;Privat;Wohnen;Nein;Ja;;;Ja;Nein;150.00;;;Nein;aktiv;;Balanstraße;55;81541;München;;48.1227237000;11.5985342000;https://www.immobilienscout24.de/expose/146968500;;;;;Anzeige;Nein;2025-08-20 14:13:41;2025-08-20 14:13:41;
Solln Zentrum - TG-Duplex-Stellplatz - ab sofort zu vermieten;Tiefgarage;Privat;Wohnen;Nein;Ja;;;Ja;Nein;65.00;;;Nein;aktiv;;Whistlerweg;1;81479;München;;48.0755104000;11.5263045000;https://www.immobilienscout24.de/expose/130508888;;;;;Anzeige;Nein;2025-08-20 14:13:41;2025-08-20 14:13:41;
Duplex TG-Stellplatz in München-Schwabing - Ungererstr.;Tiefgarage;Privat;Wohnen;Nein;Ja;;;Ja;Nein;60.00;;;Nein;aktiv;;Münchner Freiheit;;80802;München;;48.1600441000;11.5930037000;https://www.immobilienscout24.de/expose/112926050;;;;;Anzeige;Nein;2025-08-20 14:13:41;2025-08-20 14:13:41;
Tiefgaragen Stellplätze, Landwehrstraße in München - Ideal für Ihr Fahrzeug!;Tiefgarage;Privat;Wohnen;Nein;Ja;;;Ja;Nein;120.00;;;Nein;aktiv;;Landwehrstr.;68;80336;München;;48.1367675000;11.5541250000;https://www.immobilienscout24.de/expose/159717548;;;;;Anzeige;Nein;2025-08-20 14:13:41;2025-08-20 14:13:41;
Abstellraum mit zwei Stellplätzen am Gärtnerplatz - nur gemeinsam zu mieten;Tiefgarage;Privat;Wohnen;Nein;Ja;;;Ja;Nein;731.85;;;Nein;aktiv;;Klenzestr.;39;80469;München;;48.1306423000;11.5745925000;https://www.immobilienscout24.de/expose/160442554;;;;;Anzeige;Nein;2025-08-20 14:13:41;2025-08-20 14:13:41;
TG-Duplexstellplatz - Nordfriedhof Crailsheimstraße;Tiefgarage;Privat;Wohnen;Nein;Ja;;;Ja;Nein;55.00;;;Nein;aktiv;;Crailsheimstr.;3;80805;München;;48.1792837000;11.6048426000;https://www.immobilienscout24.de/expose/57269262;;;;;Anzeige;Nein;2025-08-20 14:13:41;2025-08-20 14:13:41;
Tiefgaragenstellplatz im Olympiadorf;Tiefgarage;Privat;Wohnen;Nein;Ja;;;Ja;Nein;59.50;;;Nein;aktiv;;Straßbergerstraße;9;80809;München;;48.1832814000;11.5505363000;https://www.immobilienscout24.de/expose/108002765;;;;;Anzeige;Nein;2025-08-20 14:13:41;2025-08-20 14:13:41;
"TG-Duplex-Stellplatz (ebenerdig befahrbar; ohne Kippstellung) an der U-Bahn Friedenheimer Straße";Tiefgarage;Privat;Wohnen;Nein;Ja;;;Ja;Nein;80.00;;;Nein;aktiv;;Friedenheimer Str.;75;80686;München;;48.1357156000;11.5098252000;https://www.immobilienscout24.de/expose/126102292;;;;;Anzeige;Nein;2025-08-20 14:13:41;2025-08-20 14:13:41;
Garage zu vermieten - Giesing Werinherstraße 95;Tiefgarage;Privat;Wohnen;Nein;Ja;;;Ja;Nein;85.00;;;Nein;aktiv;;Werinherstraße;95;81541;München;;48.1152940000;11.5984072000;https://www.immobilienscout24.de/expose/93701561;;;;;Anzeige;Nein;2025-08-20 14:13:41;2025-08-20 14:13:41;
Einstellplatz an der Universität München;Tiefgarage;Privat;Wohnen;Nein;Ja;;;Ja;Nein;100.00;;;Nein;aktiv;;Amalienstraße;75;80799;München;;48.1507937000;11.5785029000;https://www.immobilienscout24.de/expose/160673625;;;;;Anzeige;Nein;2025-08-20 14:13:41;2025-08-20 14:13:41;
Tiefgaragen-Einzelstellplatz zu vermieten – Nederlingerstraße, München;Tiefgarage;Privat;Wohnen;Nein;Ja;;;Ja;Nein;120.00;;;Nein;aktiv;;Nymphenburg;;80638;München;;48.1630366000;11.5088719000;https://www.immobilienscout24.de/expose/160673346;;;;;Anzeige;Nein;2025-08-20 14:13:41;2025-08-20 14:13:41;
Tiefgaragenstellplatz München-Aubing mit direkter S-Bahnanbindung;Tiefgarage;Privat;Wohnen;Nein;Ja;;;Ja;Nein;83.30;;;Nein;aktiv;;Freihamer Weg;124;81245;München;;48.1556648000;11.4116406000;https://www.immobilienscout24.de/expose/139822346;;;;;Anzeige;Nein;2025-08-20 14:13:41;2025-08-20 14:13:41;
Tiefgaragenstellplatz München-Aubing mit direkter S-Bahnanbindung;Tiefgarage;Privat;Wohnen;Nein;Ja;;;Ja;Nein;83.90;;;Nein;aktiv;;Freihamer Weg;124;81245;München;;48.1556648000;11.4116406000;https://www.immobilienscout24.de/expose/113896077;;;;;Anzeige;Nein;2025-08-20 14:13:41;2025-08-20 14:13:41;
Tiefgaragenstellplatz an der S-Bahn Hirschgarten;Tiefgarage;Privat;Wohnen;Nein;Ja;;;Ja;Nein;120.00;;;Nein;aktiv;;Birketweg;33;80639;München;;48.1454042000;11.5188673000;https://www.immobilienscout24.de/expose/93690618;;;;;Anzeige;Nein;2025-08-20 14:13:41;2025-08-20 14:13:41;
Einzelgaragenbox abschließbar;Tiefgarage;Privat;Wohnen;Nein;Ja;;;Ja;Nein;110.00;;;Nein;aktiv;;Kafkastraße;1;81737;München;;48.0988850000;11.6492190000;https://www.immobilienscout24.de/expose/109510035;;;;;Anzeige;Nein;2025-08-20 14:13:41;2025-08-20 14:13:41;
Stellplatz Westendstr. 260 - Duplex unten - ab 01.08. frei;Tiefgarage;Privat;Wohnen;Nein;Ja;;;Ja;Nein;50.00;;;Nein;aktiv;;Westendstraße;260;80686;München;;48.1286943000;11.5144268000;https://www.immobilienscout24.de/expose/160662880;;;;;Anzeige;Nein;2025-08-20 14:13:41;2025-08-20 14:13:41;
Tiefgaragenstellplatz am Westpark;Tiefgarage;Privat;Wohnen;Nein;Ja;;;Ja;Nein;100.00;;;Nein;aktiv;;Am Westpark;9;81373;München;;48.1240371000;11.5349046000;https://www.immobilienscout24.de/expose/160660045;;;;;Anzeige;Nein;2025-08-20 14:13:41;2025-08-20 14:13:41;
Duplex-Tiefgaragenstellplatz zu vermieten;Tiefgarage;Privat;Wohnen;Nein;Ja;;;Ja;Nein;60.00;;;Nein;aktiv;;Knorrstr.;45;80807;München;;48.1829180000;11.5727311000;https://www.immobilienscout24.de/expose/160022268;;;;;Anzeige;Nein;2025-08-20 14:13:41;2025-08-20 14:13:41;
Duplexstellplatz Schwabing München ab 03.09.2025;Tiefgarage;Privat;Wohnen;Nein;Ja;;;Ja;Nein;990.00;;;Nein;aktiv;;Schwere-Reiter-Straße;39;80797;München;;48.1617187000;11.5599956000;https://www.immobilienscout24.de/expose/156802614;;;;;Anzeige;Nein;2025-08-20 14:13:41;2025-08-20 14:13:41;
DUPLEX-Stellplatz unten - Aignerstr., Obergiesing;Tiefgarage;Privat;Wohnen;Nein;Ja;;;Ja;Nein;65.00;;;Nein;aktiv;;Kühbachstr.;14;81543;München;;48.1161889000;11.5720061000;https://www.immobilienscout24.de/expose/154263759;;;;;Anzeige;Nein;2025-08-20 14:13:41;2025-08-20 14:13:41;
Nie wieder Parkplatzsuche!;Tiefgarage;Privat;Wohnen;Nein;Ja;;;Ja;Nein;64.00;;;Nein;aktiv;;Bummstraße;3;80804;München;;48.1730429000;11.5736701000;https://www.immobilienscout24.de/expose/124016716;;;;;Anzeige;Nein;2025-08-20 14:13:41;2025-08-20 14:13:41;
Stellplatz unten in Einzelgarage Ickstattstraße 3 a;Tiefgarage;Privat;Wohnen;Nein;Ja;;;Ja;Nein;150.00;;;Nein;aktiv;;Ickstattstraße;3a;80469;München;;48.1288457000;11.5722579000;https://www.immobilienscout24.de/expose/159602450;;;;;Anzeige;Nein;2025-08-20 14:13:41;2025-08-20 14:13:41;
Frisch sanierte Tiefgarage;Tiefgarage;Privat;Wohnen;Nein;Ja;;;Ja;Nein;75.00;;;Nein;aktiv;;Implerstrasse;29;81371;München;;48.1213233000;11.5486487000;https://www.immobilienscout24.de/expose/160630322;;;;;Anzeige;Nein;2025-08-20 14:13:41;2025-08-20 14:13:41;
Tiefgaragenstellplatz | Einzel-Parker | Moosach !;Tiefgarage;Privat;Wohnen;Nein;Ja;;;Ja;Nein;90.00;;;Nein;aktiv;;Donaustaufer Straße;1;80993;München;;48.1876291000;11.5121067000;https://www.immobilienscout24.de/expose/151079458;;;;;Anzeige;Nein;2025-08-20 14:13:41;2025-08-20 14:13:41;
Duplexgaragenstellplatz in der TG Schleißheimer Straße zu vermieten;Tiefgarage;Privat;Wohnen;Nein;Ja;;;Ja;Nein;100.00;;;Nein;aktiv;;Schleißheimer Straße;232a;80797;München;;48.1700706000;11.5654293000;https://www.immobilienscout24.de/expose/105069738;;;;;Anzeige;Nein;2025-08-20 14:13:41;2025-08-20 14:13:41;
Einzellstellplatz in der TG;Tiefgarage;Privat;Wohnen;Nein;Ja;;;Ja;Nein;90.00;;;Nein;aktiv;;Willy-Brandt-Allee;14;81829;München;;48.1329761000;11.6972769000;https://www.immobilienscout24.de/expose/133104697;;;;;Anzeige;Nein;2025-08-20 14:13:41;2025-08-20 14:13:41;
Stellplatz in der Tiefgarage in München ab 01.11.2025;Tiefgarage;Privat;Wohnen;Nein;Ja;;;Ja;Nein;95.00;;;Nein;aktiv;;Knorrstraße;29;80807;München;;48.1814260000;11.5728472000;https://www.immobilienscout24.de/expose/136281685;;;;;Anzeige;Nein;2025-08-20 14:13:41;2025-08-20 14:13:41;
Duplex-Stellplatz zu vermieten;Tiefgarage;Privat;Wohnen;Nein;Ja;;;Ja;Nein;100.00;;;Nein;aktiv;;Parkstr.;31a;80339;München;;48.1352745000;11.5447638000;https://www.immobilienscout24.de/expose/157760154;;;;;Anzeige;Nein;2025-08-20 14:13:41;2025-08-20 14:13:41;
TOP-Duplexstellplätze zu vermieten !;Tiefgarage;Privat;Wohnen;Nein;Ja;;;Ja;Nein;83.30;;;Nein;aktiv;;Knorrstraße;85;80807;München;;48.1865925000;11.5723724000;https://www.immobilienscout24.de/expose/131811437;;;;;Anzeige;Nein;2025-08-20 14:13:41;2025-08-20 14:13:41;
TG Stellplatz zu vermieten (Duplex oberer Stellplatz, frisch saniert);Tiefgarage;Privat;Wohnen;Nein;Ja;;;Ja;Nein;80.00;;;Nein;aktiv;;Knorrstrasse;59;80807;München;;48.1842330000;11.5726104000;https://www.immobilienscout24.de/expose/130248470;;;;;Anzeige;Nein;2025-08-20 14:13:41;2025-08-20 14:13:41;
Parkplatz in neu gebauterTiefgarage zu vermieten;Tiefgarage;Privat;Wohnen;Nein;Ja;;;Ja;Nein;170.00;;;Nein;aktiv;;Regerstrasse;30;81541;München;;48.1228767000;11.5865243000;https://www.immobilienscout24.de/expose/160410532;;;;;Anzeige;Nein;2025-08-20 14:13:41;2025-08-20 14:13:41;
Maria Homik;Tiefgarage;Privat;Wohnen;Nein;Ja;;;Ja;Nein;180.00;;;Nein;aktiv;;Morassistraße;6;80469;München;;48.1325636000;11.5828173000;https://www.immobilienscout24.de/expose/159594088;;;;;Anzeige;Nein;2025-08-20 14:13:41;2025-08-20 14:13:41;
Große Anzahl an Stellplätzen ab 30?EUR netto/Monat – perfekt für Flotten & Fahrer;Tiefgarage;Privat;Wohnen;Nein;Ja;;;Ja;Nein;30.00;;;Nein;aktiv;;Brunhamstraße;21;81249;München;;48.1406082000;11.4263190000;https://www.immobilienscout24.de/expose/160390261;;;;;Anzeige;Nein;2025-08-20 14:13:41;2025-08-20 14:13:41;
TG mit Klapptor;Tiefgarage;Privat;Wohnen;Nein;Ja;;;Ja;Nein;120.00;;;Nein;aktiv;;Schleißheimer Straße;181;80333;München;;48.1673069000;11.5646300000;https://www.immobilienscout24.de/expose/160618470;;;;;Anzeige;Nein;2025-08-20 14:13:41;2025-08-20 14:13:41;
MÜNCHEN - Duplex Garage ab sofort verfügbar!!!;Tiefgarage;Privat;Wohnen;Nein;Ja;;;Ja;Nein;50.00;;;Nein;aktiv;;Boschetsrieder Straße;55;81379;München;;48.0992179000;11.5319400000;https://www.immobilienscout24.de/expose/160387083;;;;;Anzeige;Nein;2025-08-20 14:13:41;2025-08-20 14:13:41;
Tiefgaragenstellplatz zu vermieten in München Großhadern;Tiefgarage;Privat;Wohnen;Nein;Ja;;;Ja;Nein;80.00;;;Nein;aktiv;;Platanenstraße;56;81677;München;;48.1142342000;11.4832830000;https://www.immobilienscout24.de/expose/159449311;;;;;Anzeige;Nein;2025-08-20 14:13:41;2025-08-20 14:13:41;
Duplex Garage am Harras, ab sofort verfügbar!!!;Tiefgarage;Privat;Wohnen;Nein;Ja;;;Ja;Nein;85.00;;;Nein;aktiv;;Implerstraße;33;81371;München;;48.1213795000;11.5493436000;https://www.immobilienscout24.de/expose/160386732;;;;;Anzeige;Nein;2025-08-20 14:13:41;2025-08-20 14:13:41;
Tiefgaragenstellplatz in München-Laim;Tiefgarage;Privat;Wohnen;Nein;Ja;;;Ja;Nein;120.00;;;Nein;aktiv;;Perhamerstr.;78;80687;München;;48.1425928000;11.4922100000;https://www.immobilienscout24.de/expose/160615513;;;;;Anzeige;Nein;2025-08-20 14:13:41;2025-08-20 14:13:41;
PKW-Stellplatz in Regus Maximilianstraße zu vermieten;Tiefgarage;Privat;Wohnen;Nein;Ja;;;Ja;Nein;335.00;;;Nein;aktiv;;Maximilianstrasse;35;80539;München;;48.1391032000;11.5836089000;https://www.immobilienscout24.de/expose/151287174;;;;;Anzeige;Nein;2025-08-20 14:13:41;2025-08-20 14:13:41;
FORSTENRIED - Tiefgaragenstellplatz ab 01.08.2025 zu vermieten!;Tiefgarage;Privat;Wohnen;Nein;Ja;;;Ja;Nein;75.00;;;Nein;aktiv;;Kreuzhofstraße;10;81476;München;;48.1007180000;11.5015991000;https://www.immobilienscout24.de/expose/160313271;;;;;Anzeige;Nein;2025-08-20 14:13:41;2025-08-20 14:13:41;
PKW-Stellplatz in Regus Laim zu vermieten;Tiefgarage;Privat;Wohnen;Nein;Ja;;;Ja;Nein;164.00;;;Nein;aktiv;;Landsbergerstr.;302;80687;München;;48.1435449000;11.5008517000;https://www.immobilienscout24.de/expose/151287049;;;;;Anzeige;Nein;2025-08-20 14:13:41;2025-08-20 14:13:41;
9 moderne Tiefgaragen-Stellplätze in Bestlage Königsplatz/Hauptbahnhof;Tiefgarage;Privat;Wohnen;Nein;Ja;;;Ja;Nein;160.00;;;Nein;aktiv;;Karlstraße;25;80333;München;;48.1435607000;11.5645566000;https://www.immobilienscout24.de/expose/160294255;;;;;Anzeige;Nein;2025-08-20 14:13:41;2025-08-20 14:13:41;
An den Riem-Arcaden! TG- Einzelstellplatz in gepflegter Garage ab 01.09.2025 zu vermieten!;Tiefgarage;Privat;Wohnen;Nein;Ja;;;Ja;Nein;60.00;;;Nein;aktiv;;Messestadt Riem;;81829;München;;48.1337855000;11.6830796000;https://www.immobilienscout24.de/expose/159415695;;;;;Anzeige;Nein;2025-08-20 14:13:41;2025-08-20 14:13:41;
Tiefgaragenstellplatz vermietung in der Maxvorstadt;Tiefgarage;Privat;Wohnen;Nein;Ja;;;Ja;Nein;75.00;;;Nein;aktiv;;Erzgießereistraße;45;80335;München;;48.1523773000;11.5551551000;https://www.immobilienscout24.de/expose/158485000;;;;;Anzeige;Nein;2025-08-20 14:13:41;2025-08-20 14:13:41;
Schöne Einzelgarage zu vermieten – auch ideal als Lager nutzbar!;Tiefgarage;Privat;Wohnen;Nein;Ja;;;Ja;Nein;300.00;;;Nein;aktiv;;Mondstraße;22;81543;München;;48.1169720000;11.5755434000;https://www.immobilienscout24.de/expose/159261358;;;;;Anzeige;Nein;2025-08-20 14:13:41;2025-08-20 14:13:41;
Duplex TG-Stellplatz in München-Schwabing - Emanuelstr. nähe Hohnezollernplatz;Tiefgarage;Privat;Wohnen;Nein;Ja;;;Ja;Nein;80.00;;;Nein;aktiv;;Neuschwabing;;80796;München;;48.1628675000;11.5698073000;https://www.immobilienscout24.de/expose/129160676;;;;;Anzeige;Nein;2025-08-20 14:13:41;2025-08-20 14:13:41;
TG Stellplatz Leopoldstraße;Tiefgarage;Privat;Wohnen;Nein;Ja;;;Ja;Nein;155.00;;;Nein;aktiv;;Leopoldstr.;30;80802;München;;48.1556715000;11.5843322000;https://www.immobilienscout24.de/expose/153157607;;;;;Anzeige;Nein;2025-08-20 14:13:41;2025-08-20 14:13:41;
Vermiete Duplexparker in der Leonrodstrasse 69;Tiefgarage;Privat;Wohnen;Nein;Ja;;;Ja;Nein;65.00;;;Nein;aktiv;;Leonrodstrasse;69;80636;München;;48.1579872000;11.5442679000;https://www.immobilienscout24.de/expose/159260675;;;;;Anzeige;Nein;2025-08-20 14:13:41;2025-08-20 14:13:41;
Parken im Herzen der Stadt – TG-Stellplatz bei der Maximilianstraße;Tiefgarage;Privat;Wohnen;Nein;Ja;;;Ja;Nein;300.00;;;Nein;aktiv;;Karl-Scharnagl-Ring;5;80539;München;;48.1398662000;11.5837000000;https://www.immobilienscout24.de/expose/160354321;;;;;Anzeige;Nein;2025-08-20 14:13:41;2025-08-20 14:13:41;
TG-Stellplatz in der Steinheilstr. 11;Tiefgarage;Privat;Wohnen;Nein;Ja;;;Ja;Nein;130.00;;;Nein;aktiv;;Steinheilstr.;11;80333;München;;48.1495457000;11.5646098000;https://www.immobilienscout24.de/expose/159179993;;;;;Anzeige;Nein;2025-08-20 14:13:41;2025-08-20 14:13:41;
Duplex-Garage;Tiefgarage;Privat;Wohnen;Nein;Ja;;;Ja;Nein;125.00;;;Nein;aktiv;;Herzog-Heinrich-Straße;22;80336;München;;48.1303202000;11.5554805000;https://www.immobilienscout24.de/expose/159576114;;;;;Anzeige;Nein;2025-08-20 14:13:41;2025-08-20 14:13:41;
Tiefgaragenstellplatz in Ramersdorf-Perlach;Tiefgarage;Privat;Wohnen;Nein;Ja;;;Ja;Nein;65.00;;;Nein;aktiv;;Gerhart-Hauptmann-Ring;52;81737;München;;48.0994211000;11.6541935000;https://www.immobilienscout24.de/expose/159175255;;;;;Anzeige;Nein;2025-08-20 14:13:41;2025-08-20 14:13:41;
Tiefgaragenstellplätze in München - Sendling zu vermieten;Tiefgarage;Privat;Wohnen;Nein;Ja;;;Ja;Nein;113.00;;;Nein;aktiv;;Ganghofer Str.;86;80336;München;;48.1275897000;11.5382704000;https://www.immobilienscout24.de/expose/160337120;;;;;Anzeige;Nein;2025-08-20 14:13:41;2025-08-20 14:13:41;
TG Einzelstellplatz im *Herzen von München*;Tiefgarage;Privat;Wohnen;Nein;Ja;;;Ja;Nein;350.00;;;Nein;aktiv;;Alter Hof;8;80331;München;;48.1380128000;11.5784271000;https://www.immobilienscout24.de/expose/107423207;;;;;Anzeige;Nein;2025-08-20 14:13:41;2025-08-20 14:13:41;
***TIEFGARAGENSTELLPLATZ IN BOGENHAUSEN/EFFNERSTR.;Tiefgarage;Privat;Wohnen;Nein;Ja;;;Ja;Nein;95.00;;;Nein;aktiv;;Effnerstrasse;66;81925;München;;48.1571417000;11.6190261000;https://www.immobilienscout24.de/expose/159034197;;;;;Anzeige;Nein;2025-08-20 14:13:41;2025-08-20 14:13:41;
Duplex oben Hansastraße 112, provisionsfrei;Tiefgarage;Privat;Wohnen;Nein;Ja;;;Ja;Nein;59.00;;;Nein;aktiv;;Hansastr.;112;81373;München;;48.1246633000;11.5355027000;https://www.immobilienscout24.de/expose/160327037;;;;;Anzeige;Nein;2025-08-20 14:13:41;2025-08-20 14:13:41;
Tiefgarage mit Wallbox in Alt-Aubing;Tiefgarage;Privat;Wohnen;Nein;Ja;;;Ja;Nein;85.00;;;Nein;aktiv;;Kräheneckstrasse;8;81245;München;;48.1568380000;11.4316457000;https://www.immobilienscout24.de/expose/159612210;;;;;Anzeige;Nein;2025-08-20 14:13:41;2025-08-20 14:13:41;
Stellplatz zentral, München;Tiefgarage;Privat;Wohnen;Nein;Ja;;;Ja;Nein;90.00;;;Nein;aktiv;;Knorrstraße;29;80807;München;;48.1814260000;11.5728472000;https://www.immobilienscout24.de/expose/134913977;;;;;Anzeige;Nein;2025-08-20 14:13:41;2025-08-20 14:13:41;
Laim, Fürstenrieder Str.: Duplex Stellplatz unten, frei ab sofort.;Tiefgarage;Privat;Wohnen;Nein;Ja;;;Ja;Nein;70.00;;;Nein;aktiv;;Fürstenrieder Straße;139;80686;München;;48.1279784000;11.5031467000;https://www.immobilienscout24.de/expose/160295483;;;;;Anzeige;Nein;2025-08-20 14:13:41;2025-08-20 14:13:41;
Oldtimer Stellplatz zu vermieten;Tiefgarage;Privat;Wohnen;Nein;Ja;;;Ja;Nein;85.00;;;Nein;aktiv;;Muttenthalerstraße;10;81479;München;;48.0737874000;11.5114972000;https://www.immobilienscout24.de/expose/160139970;;;;;Anzeige;Nein;2025-08-20 14:13:41;2025-08-20 14:13:41;
Garagenplätze in neuer Tiefgarage. Keine Duplex!;Tiefgarage;Privat;Wohnen;Nein;Ja;;;Ja;Nein;79.00;;;Nein;aktiv;;Ottobrunner Str.;12;81737;München;;48.1116730000;11.6169114000;https://www.immobilienscout24.de/expose/132080204;;;;;Anzeige;Nein;2025-08-20 14:13:41;2025-08-20 14:13:41;
Innenhofstellplatz in Toplage;Tiefgarage;Privat;Wohnen;Nein;Ja;;;Ja;Nein;150.00;;;Nein;aktiv;;Theresienstraße;66;80333;München;;48.1488706000;11.5727745000;https://www.immobilienscout24.de/expose/157399946;;;;;Anzeige;Nein;2025-08-20 14:13:41;2025-08-20 14:13:41;
Duplex-KfZ-Stellplatz;Tiefgarage;Privat;Wohnen;Nein;Ja;;;Ja;Nein;60.00;;;Nein;aktiv;;Denninger Str.;229;81927;München;;48.1466251000;11.6389401000;https://www.immobilienscout24.de/expose/148379907;;;;;Anzeige;Nein;2025-08-20 14:13:41;2025-08-20 14:13:41;
Laim, Fürstenrieder Str.: Duplex Stellplatz OBEN, frei ab sofort.;Tiefgarage;Privat;Wohnen;Nein;Ja;;;Ja;Nein;75.00;;;Nein;aktiv;;Fürstenrieder Straße;139;80686;München;;48.1279784000;11.5031467000;https://www.immobilienscout24.de/expose/160291743;;;;;Anzeige;Nein;2025-08-20 14:13:41;2025-08-20 14:13:41;
Tiefgaragen-Duplex-Stellplatz;Tiefgarage;Privat;Wohnen;Nein;Ja;;;Ja;Nein;90.00;;;Nein;aktiv;;Belgradstraße;9;80796;München;;48.1613223000;11.5746523000;https://www.immobilienscout24.de/expose/139852143;;;;;Anzeige;Nein;2025-08-20 14:13:41;2025-08-20 14:13:41;
Garagenstellplätze zu vermieten!;Tiefgarage;Privat;Wohnen;Nein;Ja;;;Ja;Nein;60.00;;;Nein;aktiv;;Boschetsrieder Straße;146;81379;München;;48.0981711000;11.5092264000;https://www.immobilienscout24.de/expose/160289877;;;;;Anzeige;Nein;2025-08-20 14:13:41;2025-08-20 14:13:41;
Mehrere bequeme und gepflegte Tiefgaragen-Stellplätze - Nur wenige Meter zur S-Bahn Laim;Tiefgarage;Privat;Wohnen;Nein;Ja;;;Ja;Nein;80.00;;;Nein;aktiv;;Wotanstr. / Margit-Schramm-Str.;13;80639;München;;48.1480442000;11.5024564000;https://www.immobilienscout24.de/expose/158938267;;;;;Anzeige;Nein;2025-08-20 14:13:41;2025-08-20 14:13:41;
Einzelgarage in Maxvorstadt zu vermieten;Tiefgarage;Privat;Wohnen;Nein;Ja;;;Ja;Nein;180.00;;;Nein;aktiv;;Adalbertstr.;21;80799;München;;48.1523179000;11.5778370000;https://www.immobilienscout24.de/expose/160590811;;;;;Anzeige;Nein;2025-08-20 14:13:41;2025-08-20 14:13:41;
TOP Tiefgaragenplatz frei;Tiefgarage;Privat;Wohnen;Nein;Ja;;;Ja;Nein;80.00;;;Nein;aktiv;;Balanstraße;72;81541;München;;48.1184178000;11.6003195000;https://www.immobilienscout24.de/expose/158753456;;;;;Anzeige;Nein;2025-08-20 14:13:41;2025-08-20 14:13:41;
Duplexparker. Sendlingerstr. 37, Altstadt;Tiefgarage;Privat;Wohnen;Nein;Ja;;;Ja;Nein;130.00;;;Nein;aktiv;;Sendlingerstr.;37;80331;München;;48.1345901000;11.5689603000;https://www.immobilienscout24.de/expose/85953246;;;;;Anzeige;Nein;2025-08-20 14:13:41;2025-08-20 14:13:41;
Bogenhausen/ Parkstadt , TG-Einzelstellplatz;Tiefgarage;Privat;Wohnen;Nein;Ja;;;Ja;Nein;110.00;;;Nein;aktiv;;Buschingstraße;2;81677;München;;48.1432871000;11.6176284000;https://www.immobilienscout24.de/expose/123249678;;;;;Anzeige;Nein;2025-08-20 14:13:41;2025-08-20 14:13:41;
Gepflegte Tiefgaragenstellplätze in München, Obersendling in der Neunkirchner Straße zu vermieten!;Tiefgarage;Privat;Wohnen;Nein;Ja;;;Ja;Nein;79.00;;;Nein;aktiv;;Neunkirchner Str.;20;81379;München;;48.0934285000;11.5386467000;https://www.immobilienscout24.de/expose/152799844;;;;;Anzeige;Nein;2025-08-20 14:13:41;2025-08-20 14:13:41;
Sichere Tiefgaragenstellplätze zu vermieten - monatlich kündbar;Tiefgarage;Privat;Wohnen;Nein;Ja;;;Ja;Nein;115.50;;;Nein;aktiv;;Theodor-Dombart-Straße;4;80805;München;;48.1723136000;11.5944648000;https://www.immobilienscout24.de/expose/102861504;;;;;Anzeige;Nein;2025-08-20 14:13:41;2025-08-20 14:13:41;
Tiefgaragenstellplätze nähe Frankfurter Ring;Tiefgarage;Privat;Wohnen;Nein;Ja;;;Ja;Nein;90.00;;;Nein;aktiv;;Motorstraße;59;80809;München;;48.1872898000;11.5601972000;https://www.immobilienscout24.de/expose/158747427;;;;;Anzeige;Nein;2025-08-20 14:13:41;2025-08-20 14:13:41;
Lehel - Sicherer Garagenstellplatz in zentraler Lage zu vermieten, ab 01.08.2025;Tiefgarage;Privat;Wohnen;Nein;Ja;;;Ja;Nein;250.00;;;Nein;aktiv;;Seitzstraße;16;80538;München;;48.1419121000;11.5850493000;https://www.immobilienscout24.de/expose/159875557;;;;;Anzeige;Nein;2025-08-20 14:13:41;2025-08-20 14:13:41;
Garagenstellplatz zu vermieten, ab 01.08.2025;Tiefgarage;Privat;Wohnen;Nein;Ja;;;Ja;Nein;180.00;;;Nein;aktiv;;Klenzestr.;45;80469;München;;48.1302709000;11.5740109000;https://www.immobilienscout24.de/expose/160585443;;;;;Anzeige;Nein;2025-08-20 14:13:41;2025-08-20 14:13:41;
Stellplätze in der Tiefgarage zu vermieten, Motorstraße nähe Frankfurter Ring;Tiefgarage;Privat;Wohnen;Nein;Ja;;;Ja;Nein;90.00;;;Nein;aktiv;;Motorstraße;59;80809;München;;48.1872898000;11.5601972000;https://www.immobilienscout24.de/expose/158747343;;;;;Anzeige;Nein;2025-08-20 14:13:41;2025-08-20 14:13:41;
moderner Tiefgaragenstellplatz (2xverfügbar) in Mehrfachparker, Nähe Hbf, Theresienwiese;Tiefgarage;Privat;Wohnen;Nein;Ja;;;Ja;Nein;120.00;;;Nein;aktiv;;Herzog-Heinrich-Str.;1;80336;München;;48.1343152000;11.5560075000;https://www.immobilienscout24.de/expose/143539569;;;;;Anzeige;Nein;2025-08-20 14:13:41;2025-08-20 14:13:41;
Duplex-TG-Stellplatz Nr. 103 unten oder Nr. 90 oben in Neuhausen, Volkartstraße 80, ab sofort;Tiefgarage;Privat;Wohnen;Nein;Ja;;;Ja;Nein;60.00;;;Nein;aktiv;;Volkartstraße;80;80636;München;;48.1591693000;11.5428948000;https://www.immobilienscout24.de/expose/128702465;;;;;Anzeige;Nein;2025-08-20 14:13:41;2025-08-20 14:13:41;
Stellplatz-Tiefgarage Radolfzeller Str. München-Aubing;Tiefgarage;Privat;Wohnen;Nein;Ja;;;Ja;Nein;90.00;;;Nein;aktiv;;Radolfzeller Straße;5;81243;München;;48.1498212000;11.4354472000;https://www.immobilienscout24.de/expose/137785616;;;;;Anzeige;Nein;2025-08-20 14:13:41;2025-08-20 14:13:41;
TG Einzelstellplatz ab 01.August 2025 verfügbar, gut befahrbar;Tiefgarage;Privat;Wohnen;Nein;Ja;;;Ja;Nein;99.00;;;Nein;aktiv;;Johann-Clanze-Straße;43;81369;München;;48.1124194000;11.5295319000;https://www.immobilienscout24.de/expose/160156422;;;;;Anzeige;Nein;2025-08-20 14:13:41;2025-08-20 14:13:41;
Nahe Hadener Stern / TG -Einzelstellplätze / (E-Lademöglicheit gegen Aufpreis optional);Tiefgarage;Privat;Wohnen;Nein;Ja;;;Ja;Nein;100.00;;;Nein;aktiv;;Karl-Witthalm-Str.;14;81375;München;;48.1177173000;11.4834416000;https://www.immobilienscout24.de/expose/158453066;;;;;Anzeige;Nein;2025-08-20 14:13:41;2025-08-20 14:13:41;
Schöner neuer breiter Duplex Stellplatz oben;Tiefgarage;Privat;Wohnen;Nein;Ja;;;Ja;Nein;80.00;;;Nein;aktiv;;Knorrstraße;59;80809;München;;48.1842330000;11.5726104000;https://www.immobilienscout24.de/expose/153254928;;;;;Anzeige;Nein;2025-08-20 14:13:41;2025-08-20 14:13:41;
Vermietung von TG-Duplexstellplätzen;Tiefgarage;Privat;Wohnen;Nein;Ja;;;Ja;Nein;175.00;;;Nein;aktiv;;Brienner Str.;53;80333;München;;48.1469267000;11.5606220000;https://www.immobilienscout24.de/expose/150913979;;;;;Anzeige;Nein;2025-08-20 14:13:41;2025-08-20 14:13:41;
Abschließbarer TG-Stellplatz zu vermieten;Tiefgarage;Privat;Wohnen;Nein;Ja;;;Ja;Nein;195.00;;;Nein;aktiv;;Rablstraße;18;81669;München;;48.1270398000;11.5906143000;https://www.immobilienscout24.de/expose/160573479;;;;;Anzeige;Nein;2025-08-20 14:13:41;2025-08-20 14:13:41;
Freie Duplex TG-Stellplätze in München Fürstenried;Tiefgarage;Privat;Wohnen;Nein;Ja;;;Ja;Nein;59.50;;;Nein;aktiv;;Königswieserstraße;81;81475;München;;48.0845286000;11.4792695000;https://www.immobilienscout24.de/expose/160140176;;;;;Anzeige;Nein;2025-08-20 14:13:41;2025-08-20 14:13:41;
ILIEV IMMOBILIEN: Duplex-TG-Stellplatz (unten) in MILBERTSHOFEN zu vermieten (Frauenstädtstraße 9);Tiefgarage;Privat;Wohnen;Nein;Ja;;;Ja;Nein;800.00;;;Nein;aktiv;;Frauenstädtstraße;9;80807;München;;48.1789093000;11.5740748000;https://www.immobilienscout24.de/expose/160572486;;;;;Anzeige;Nein;2025-08-20 14:13:41;2025-08-20 14:13:41;
Duplex oben - Arthur-Kutscher-Platz -;Tiefgarage;Privat;Wohnen;Nein;Ja;;;Ja;Nein;70.00;;;Nein;aktiv;;Artur-Kutscher-Platz;3;80802;München;;48.1632405000;11.5898522000;https://www.immobilienscout24.de/expose/155544524;;;;;Anzeige;Nein;2025-08-20 14:13:41;2025-08-20 14:13:41;
Duplex-Stellplatz (Erstbezug nach Sanierung);Tiefgarage;Privat;Wohnen;Nein;Ja;;;Ja;Nein;70.00;;;Nein;aktiv;;Knorrstraße;45;80807;München;;48.1829180000;11.5727311000;https://www.immobilienscout24.de/expose/158446027;;;;;Anzeige;Nein;2025-08-20 14:13:41;2025-08-20 14:13:41;
1x Duplex Parker;Tiefgarage;Privat;Wohnen;Nein;Ja;;;Ja;Nein;80.00;;;Nein;aktiv;;Goteboldstraße;48;80999;München;;48.1810085000;11.4405059000;https://www.immobilienscout24.de/expose/160127542;;;;;Anzeige;Nein;2025-08-20 14:13:41;2025-08-20 14:13:41;
"Großer Stellplatz; Für SUV und Van geignet 5,2 x 2,4 Quadratmeter";Tiefgarage;Privat;Wohnen;Nein;Ja;;;Ja;Nein;150.00;;;Nein;aktiv;;Schillerstrasse;41;80336;München;;48.1350665000;11.5609572000;https://www.immobilienscout24.de/expose/148492127;;;;;Anzeige;Nein;2025-08-20 14:13:41;2025-08-20 14:13:41;
Duplexstellplatz oben Nh Kaiserplatz;Tiefgarage;Privat;Wohnen;Nein;Ja;;;Ja;Nein;85.00;;;Nein;aktiv;;Bismarckstr.;10;80803;München;;48.1627592000;11.5816656000;https://www.immobilienscout24.de/expose/153066310;;;;;Anzeige;Nein;2025-08-20 14:13:41;2025-08-20 14:13:41;
Türkenstraße / Multiparker Stellplatz unten mitte-links;Tiefgarage;Privat;Wohnen;Nein;Ja;;;Ja;Nein;160.00;;;Nein;aktiv;;Türkenstr.;97;80908;München;;48.1538036000;11.5781119000;https://www.immobilienscout24.de/expose/133528348;;;;;Anzeige;Nein;2025-08-20 14:13:41;2025-08-20 14:13:41;
Trudering**Tiefgaragenstellplatz zu vermieten;Tiefgarage;Privat;Wohnen;Nein;Ja;;;Ja;Nein;119.00;;;Nein;aktiv;;Wasserburger Landstr.;8;81825;München;;48.1204793000;11.6665752000;https://www.immobilienscout24.de/expose/156651552;;;;;Anzeige;Nein;2025-08-20 14:13:41;2025-08-20 14:13:41;
TG-Stellplatz an der LMU / provisionsfrei;Tiefgarage;Privat;Wohnen;Nein;Ja;;;Ja;Nein;90.00;;;Nein;aktiv;;Adalbertstraße;15;80799;München;;48.1521395000;11.5782839000;https://www.immobilienscout24.de/expose/158933532;;;;;Anzeige;Nein;2025-08-20 14:13:41;2025-08-20 14:13:41;
München, Wilhelm-Hertz-Straße 3;Tiefgarage;Privat;Wohnen;Nein;Ja;;;Ja;Nein;119.00;;;Nein;aktiv;;Wilhelm-Hertz-Straße;3;80805;München;;48.1760994000;11.5863213000;https://www.immobilienscout24.de/expose/158261967;;;;;Anzeige;Nein;2025-08-20 14:13:41;2025-08-20 14:13:41;
Stellplätze zur Alleinnutzung in Schwabing;Tiefgarage;Privat;Wohnen;Nein;Ja;;;Ja;Nein;135.00;;;Nein;aktiv;;Maria-Josepha-Str.;2;80802;München;;48.1580766000;11.5868755000;https://www.immobilienscout24.de/expose/136799649;;;;;Anzeige;Nein;2025-08-20 14:13:41;2025-08-20 14:13:41;
**AB SOFORT** ZENTRUM PASING***Duplexstellplätze zu vermieten;Tiefgarage;Privat;Wohnen;Nein;Ja;;;Ja;Nein;85.00;;;Nein;aktiv;;Am Schützeneck;8;81241;München;;48.1480266000;11.4610376000;https://www.immobilienscout24.de/expose/156554322;;;;;Anzeige;Nein;2025-08-20 14:13:41;2025-08-20 14:13:41;
ein Tiefgaragenstellplatz vorhanden;Tiefgarage;Privat;Wohnen;Nein;Ja;;;Ja;Nein;90.00;;;Nein;aktiv;;Kleinstraße;30;81379;München;;48.0987564000;11.5398204000;https://www.immobilienscout24.de/expose/160552849;;;;;Anzeige;Nein;2025-08-20 14:13:41;2025-08-20 14:13:41;
München, Wilhelm-Hertz-Straße 3;Tiefgarage;Privat;Wohnen;Nein;Ja;;;Ja;Nein;119.00;;;Nein;aktiv;;Wilhelm-Hertz-Straße;3;80805;München;;48.1760994000;11.5863213000;https://www.immobilienscout24.de/expose/158261890;;;;;Anzeige;Nein;2025-08-20 14:13:41;2025-08-20 14:13:41;
Pasing: Tiefgaragenstellplätze zu vermieten;Tiefgarage;Privat;Wohnen;Nein;Ja;;;Ja;Nein;125.00;;;Nein;aktiv;;Landsbergerstraße;450;81241;München;;48.1457471000;11.4693115000;https://www.immobilienscout24.de/expose/150180743;;;;;Anzeige;Nein;2025-08-20 14:13:41;2025-08-20 14:13:41;
TG-Stellplatz zu vermieten!;Tiefgarage;Privat;Wohnen;Nein;Ja;;;Ja;Nein;150.00;;;Nein;aktiv;;Hochstiftsweg;29;81927;München;;48.1690446000;11.6308470000;https://www.immobilienscout24.de/expose/160107436;;;;;Anzeige;Nein;2025-08-20 14:13:41;2025-08-20 14:13:41;
München, Wilhelm-Hertz-Straße 3;Tiefgarage;Privat;Wohnen;Nein;Ja;;;Ja;Nein;119.00;;;Nein;aktiv;;Wilhelm-Hertz-Straße;3;80805;München;;48.1760994000;11.5863213000;https://www.immobilienscout24.de/expose/158261678;;;;;Anzeige;Nein;2025-08-20 14:13:41;2025-08-20 14:13:41;
sicherer Tiefgaragenstellplatz in Neubau ab sofort zu vermieten;Tiefgarage;Privat;Wohnen;Nein;Ja;;;Ja;Nein;90.00;;;Nein;aktiv;;Flößergasse;30;81369;München;;48.1042212000;11.5379707000;https://www.immobilienscout24.de/expose/152780609;;;;;Anzeige;Nein;2025-08-20 14:13:41;2025-08-20 14:13:41;
Widenmayerstr.17 (Einfahrt Reitmorstraße) 3 TG-Stellplätze -DUPLEX- unten;Tiefgarage;Privat;Wohnen;Nein;Ja;;;Ja;Nein;100.00;;;Nein;aktiv;;Widenmayerstraße;17;80538;München;;48.1408324000;11.5937960000;https://www.immobilienscout24.de/expose/54974537;;;;;Anzeige;Nein;2025-08-20 14:13:41;2025-08-20 14:13:41;
Stellplatz (Mulitparker) in Altschwabing zu vermieten;Tiefgarage;Privat;Wohnen;Nein;Ja;;;Ja;Nein;110.00;;;Nein;aktiv;;Occamstraße;20;80802;München;;48.1626800000;11.5902300000;https://www.immobilienscout24.de/expose/133585060;;;;;Anzeige;Nein;2025-08-20 14:13:41;2025-08-20 14:13:41;
München, Wilhelm-Hertz-Straße 3;Tiefgarage;Privat;Wohnen;Nein;Ja;;;Ja;Nein;119.00;;;Nein;aktiv;;Wilhelm-Hertz-Straße;3;80805;München;;48.1760994000;11.5863213000;https://www.immobilienscout24.de/expose/158261655;;;;;Anzeige;Nein;2025-08-20 14:13:41;2025-08-20 14:13:41;
Widenmayerstr.17 (Einfahrt Reitmorstraße) 3 TG-Stellplätze -DUPLEX- oben -;Tiefgarage;Privat;Wohnen;Nein;Ja;;;Ja;Nein;150.00;;;Nein;aktiv;;Widenmayerstraße;17;80538;München;;48.1408324000;11.5937960000;https://www.immobilienscout24.de/expose/116361671;;;;;Anzeige;Nein;2025-08-20 14:13:41;2025-08-20 14:13:41;
Duplex-Stellplätze für Oldtimer in Tiefgarage in Haidhausen;Tiefgarage;Privat;Wohnen;Nein;Ja;;;Ja;Nein;60.00;;;Nein;aktiv;;Steinstr.;29;81667;München;;48.1324642000;11.5965042000;https://www.immobilienscout24.de/expose/158043418;;;;;Anzeige;Nein;2025-08-20 14:13:41;2025-08-20 14:13:41;
Stellplatz Donnersbergerbrücke;Tiefgarage;Privat;Wohnen;Nein;Ja;;;Ja;Nein;150.00;;;Nein;aktiv;;Lilli-Palmer-Str.;3;80636;München;;48.1442137000;11.5377145000;https://www.immobilienscout24.de/expose/159658547;;;;;Anzeige;Nein;2025-08-20 14:13:41;2025-08-20 14:13:41;
Obersendling***Kfz-Stellplätze im Parkhaus;Tiefgarage;Privat;Wohnen;Nein;Ja;;;Ja;Nein;101.50;;;Nein;aktiv;;Zielstattstr.;43;81379;München;;48.1023523000;11.5306363000;https://www.immobilienscout24.de/expose/149853880;;;;;Anzeige;Nein;2025-08-20 14:13:41;2025-08-20 14:13:41;
HAIDHAUSEN: Tiefgaragenstellplatz - *provisionsfrei*;Tiefgarage;Privat;Wohnen;Nein;Ja;;;Ja;Nein;150.00;;;Nein;aktiv;;Orleansstraße;20;81669;München;;48.1247722000;11.5992913000;https://www.immobilienscout24.de/expose/112945020;;;;;Anzeige;Nein;2025-08-20 14:13:41;2025-08-20 14:13:41;
TG-Stellplatz Duplex untern gerade zu vermieten;Tiefgarage;Privat;Wohnen;Nein;Ja;;;Ja;Nein;80.00;;;Nein;aktiv;;Rümannstr.;62;80804;München;;48.1759190000;11.5792471000;https://www.immobilienscout24.de/expose/156220078;;;;;Anzeige;Nein;2025-08-20 14:13:41;2025-08-20 14:13:41;
***Innenstadt TOP Lage*** Triplex-Stellplätze in Tiefgarage***(für SUV's ungeeignet!);Tiefgarage;Privat;Wohnen;Nein;Ja;;;Ja;Nein;142.80;;;Nein;aktiv;;Altheimer Eck;2;80331;München;;48.1374712000;11.5708839000;https://www.immobilienscout24.de/expose/156836405;;;;;Anzeige;Nein;2025-08-20 14:13:41;2025-08-20 14:13:41;
Tiefgarageneinzelstellplatz in Obersendling;Tiefgarage;Privat;Wohnen;Nein;Ja;;;Ja;Nein;100.00;;;Nein;aktiv;;Gmunder Straße;18;81379;München;;48.0977886000;11.5299567000;https://www.immobilienscout24.de/expose/147852422;;;;;Anzeige;Nein;2025-08-20 14:13:41;2025-08-20 14:13:41;
Duplexstellplatz im Glockenbachviertel zu vermieten;Tiefgarage;Privat;Wohnen;Nein;Ja;;;Ja;Nein;238.00;;;Nein;aktiv;;Baaderstraße;88;80469;München;;48.1280151000;11.5741909000;https://www.immobilienscout24.de/expose/140297794;;;;;Anzeige;Nein;2025-08-20 14:13:41;2025-08-20 14:13:41;
Traumhafter Duplexstellplatz im Glockenbach;Tiefgarage;Privat;Wohnen;Nein;Ja;;;Ja;Nein;200.00;;;Nein;aktiv;;Klenzestraße;59a;80469;München;;48.1291791000;11.5728371000;https://www.immobilienscout24.de/expose/155190761;;;;;Anzeige;Nein;2025-08-20 14:13:41;2025-08-20 14:13:41;
Ihr Auto wird´s Ihnen danken :-);Tiefgarage;Privat;Wohnen;Nein;Ja;;;Ja;Nein;140.00;;;Nein;aktiv;;Seidlstraße;30;80335;München;;48.1459594000;11.5585555000;https://www.immobilienscout24.de/expose/158546737;;;;;Anzeige;Nein;2025-08-20 14:13:41;2025-08-20 14:13:41;
Oberer Tiefgaragen Duplex Stellplatz im Objekt Ainmillerstr. 5 in 80801 München;Tiefgarage;Privat;Wohnen;Nein;Ja;;;Ja;Nein;90.00;;;Nein;aktiv;;Ainmillerstraße;5;80801;München;;48.1583207000;11.5838156000;https://www.immobilienscout24.de/expose/160337400;;;;;Anzeige;Nein;2025-08-20 14:13:41;2025-08-20 14:13:41;
Tiefgaragenstellplätze im Brienner Forum - München Innenstadt zu vermieten;Tiefgarage;Privat;Wohnen;Nein;Ja;;;Ja;Nein;238.00;;;Nein;aktiv;;Brienner Str.;40;80333;München;;48.1467135000;11.5626735000;https://www.immobilienscout24.de/expose/151368453;;;;;Anzeige;Nein;2025-08-20 14:13:41;2025-08-20 14:13:41;
Fertigstellung TG Sanierung: Ab 15.06.2025 NEUE Duplexstellplätze zu vermieten!;Tiefgarage;Privat;Wohnen;Nein;Ja;;;Ja;Nein;95.20;;;Nein;aktiv;;Knorrstr.;45;80807;München;;48.1829180000;11.5727311000;https://www.immobilienscout24.de/expose/155679851;;;;;Anzeige;Nein;2025-08-20 14:13:41;2025-08-20 14:13:41;
Lindenschmitstr 1;Tiefgarage;Privat;Wohnen;Ja;Ja;100;;Ja;Nein;;;;Nein;;;Lindenschmitstr;1;81371;München;;48.1182373000;11.5473462000;;;;;Private Tiefgarage, alle Stellplätze vermietet.;Crowdsourcing;Nein;2025-10-18 12:14:38;2025-10-18 12:14:38;
Leonrodstr. bei 55-55D - Vonovia;Tiefgarage;Privat;Wohnen;Ja;Ja;1;1;Ja;Nein;71.50;;;Nein;;;Leonrodstraße;55;80636;München;;48.1569392000;11.5420001000;https://www.vonovia.de/zuhause-finden/immobilien/tiefgaragenstellplatz-zur-miete-in-m%C3%BCnchen-neuhausen-521490;;;;;Recherche;Nein;2025-12-12 19:46:17;2025-12-12 19:46:17;
Gertrud-Bäumer-Str. bei 16 - Vonovia;Tiefgarage;Privat;Wohnen;Ja;Ja;1;1;Ja;Nein;76.50;;;Nein;;;Gertrud-Bäumer-Str.;16;80637;München;;48.1629934000;11.5466263000;https://www.vonovia.de/zuhause-finden/immobilien/tiefgaragenstellplatz-zur-miete-in-m%C3%BCnchen-neuhausen-517682;;;;;Recherche;Nein;2025-12-12 19:49:31;2025-12-12 19:49:31;
Helene-Weber-Allee 14 - Vonovia;Tiefgarage;Privat;Wohnen;Ja;Ja;1;1;Ja;Nein;69.00;;;Nein;;;Helene-Weber-Allee;14;80637;München;;48.1627361000;11.5451095000;https://www.vonovia.de/zuhause-finden/immobilien/stellplatz-zur-miete-in-m%C3%BCnchen-neuhausen-519607;;;;;Recherche;Nein;2025-12-12 19:50:45;2025-12-12 19:50:45;
Bummstr. 3 - Vonovia;Tiefgarage;Privat;Wohnen;Ja;Ja;1;1;Ja;Nein;64.00;;;Nein;;;Bummstr.;3;80804;München;;48.1730429000;11.5736701000;https://www.vonovia.de/zuhause-finden/immobilien/stellplatz-zur-miete-in-m%C3%BCnchen-schwabing-west-517753;https://www.vonovia.de/zuhause-finden/immobilien/stellplatz-zur-miete-in-m%C3%BCnchen-521710;;;;Recherche;Nein;2025-12-12 19:52:46;2025-12-12 19:52:46;
Friedenheim II Hof - Vonovia;Tiefgarage;Privat;Wohnen;Ja;Ja;2;2;Ja;Nein;74.00;;;Nein;;;Friedenheim II Hof;;80687;München;;48.1435626200;11.5044033900;https://www.vonovia.de/zuhause-finden/immobilien/stellplatz-zur-miete-in-m%C3%BCnchen-521620;;;;;Recherche;Nein;2025-12-12 19:58:36;2025-12-12 19:58:36;
Riesenfeldstr. 72 - Vonovia;Tiefgarage;Privat;Wohnen;Ja;Ja;1;1;Ja;Nein;81.50;;;Nein;;;Riesenfeldstr.;72;80809;München;;48.1833023000;11.5633198000;https://www.vonovia.de/zuhause-finden/immobilien/tiefgaragenstellplatz-zur-miete-in-m%C3%BCnchen-milbertshofen-511972;;;;;Recherche;Nein;2025-12-12 20:02:56;2025-12-12 20:02:56;
Riegerhofstr. 27 - Vonovia;Tiefgarage;Privat;Wohnen;Ja;Ja;1;1;Ja;Nein;69.00;;;Nein;;;Riegerhofstr.;27;80686;München;;48.1362366000;11.5000107000;https://www.vonovia.de/zuhause-finden/immobilien/stellplatz-zur-miete-in-m%C3%BCnchen-laim-514771;;;;;Recherche;Nein;2025-12-12 20:04:02;2025-12-12 20:04:02;
Lützelsteiner Str. 31 - Vonovia;Tiefgarage;Privat;Wohnen;Ja;Ja;1;1;Ja;Nein;6.40;;;Nein;;;Lützelsteiner Str.;31;80939;München;;48.1965586000;11.6144626000;https://www.vonovia.de/zuhause-finden/immobilien/stellplatz-zur-miete-in-m%C3%BCnchen-freimann-522072;;;;;Recherche;Nein;2025-12-12 20:05:44;2025-12-12 20:05:44;
Ludwig-Hunger-Straße - Vonovia;Tiefgarage;Privat;Wohnen;Ja;Ja;1;1;Ja;Nein;59.00;;;Nein;;;Ludwig-Hunger-Straße;;81375;München;;48.1186675000;11.4834927000;https://www.vonovia.de/zuhause-finden/immobilien/einzelgaragenstellplatz-zur-miete-in-m%C3%BCnchen-gro%C3%9Fhadern-497046;;;;;Recherche;Nein;2025-12-12 20:07:41;2025-12-12 20:07:41;
Dudenstr. 5;Tiefgarage;Privat;Wohnen;Ja;Ja;54;;Ja;Nein;;;;Nein;;;Dudenstr.;5;81369;München;;48.1142327000;11.5385280000;;;;;54 Stellplätze für das gesamte Wohnhaus von Dudenstr. 5, 7, 9 und 11 und Karwendelstr. 23;Crowdsourcing;Nein;2025-12-13 18:40:42;2025-12-13 18:40:42;
Gabelsberger Straße 48;Tiefgarage;Privat;Wohnen;Ja;Ja;220;40;Nein;Nein;;;;Nein;;;Gabelsberger Straße;48;80333;München;;48.1495010000;11.5617150000;;;;;Die Tiefgarage ist für die Häuser 48a bis 48e. Es sind noch eine Reihe von Plätzen leer.;Crowdsourcing;Nein;2025-12-13 18:43:58;2025-12-13 18:43:58;
Klingerstraße 10;Tiefgarage;Privat;Wohnen;Ja;Ja;1;1;Ja;Nein;;;;Ja;;;Klingerstraße;10;81369;München;;48.1156802000;11.5278077000;;;;;Kein Duplex, abschließbar;Crowdsourcing;Nein;2025-12-13 18:46:02;2025-12-13 18:46:02;
Stuntzstraße 49-50;Tiefgarage;Privat;Wohnen;Ja;Ja;300;150;Ja;Nein;;;;Ja;;;Stuntzstraße;49;81677;München;;48.1417869000;11.6214625000;;;;;Parkplatz der Wohnanlage Parkstadt Bogenhausen. Aus eigener Anschauung sind permanent etwa 50% der Parkplätze ungenutzt.;Crowdsourcing;Nein;2025-12-13 18:50:41;2025-12-13 18:50:41;
Amalienstr. 12;Tiefgarage;Privat;Wohnen;Ja;Ja;12;;Ja;Nein;;;;Nein;;;Amalienstr.;12;80333;München;;48.1462757000;11.5760431000;;;;;;Crowdsourcing;Nein;2025-12-13 19:09:10;2025-12-13 19:09:10;
Guido-Schneble-Str. 3;Tiefgarage;Privat;Wohnen;Ja;Ja;1;1;Ja;Nein;;;;Ja;;;Guido-Schneble-Str.;3;80689;München;;48.1344577000;11.4993629000;;;;;"Duplex-Stellplatz in Tiefgarage eines Mehrfamilienhauses; kann per Untermietvertrag von den Mietern einer Wohnung gemietet werden, die selbst kein Auto haben und den Stellplatz mitmieten müssen";Crowdsourcing;Nein;2025-12-13 19:17:58;2025-12-13 19:17:58;
Implerstraße 24;Tiefgarage;Privat;Wohnen, Büro, Einzelhandel;Ja;Ja;280;;Ja;Nein;;;;Ja;;;Implerstraße;24;81371;München;;48.1214146000;11.5481505000;;;;;Blockrandbebauung von 1994 mit Läden im EG, Büros in den OG zur Implerstraße und Wohnungen zum Hof und im DG;Crowdsourcing;Nein;2026-02-16 19:13:45;2026-02-16 19:13:45;
Dom-Pedro-Straße 18;Tiefgarage;Privat;Wohnen;Ja;Ja;140;45;Ja;Nein;;;;Ja;;;Dom-Pedro-Straße;18;80637;München;;48.1598136000;11.5440659000;;;;vermietung@versorgungskammer.de;;Crowdsourcing;Nein;2026-02-16 19:29:46;2026-02-16 19:29:46;
Schneckenburgerstraße  24;Tiefgarage;Privat;Wohnen;Ja;Ja;1;1;Ja;Nein;;;;Ja;;;Schneckenburgerstraße;24;81675;München;;48.1368393000;11.6060473000;;;;davidgoldner@web.de;"Duplex-Parkplatz, untere Stellfläche; SUV nicht möglich, kleinere Autos (auch Kombis) sehr wohl...Vermietung ab 01.März 2026 möglich. Kontakt über Email davidgoldner@web.de (München/ Haidhausen)";Crowdsourcing;Nein;2026-02-16 19:31:50;2026-02-16 19:31:50;
Anwohnerparkplatz Donnersbergerbrücke;Außenstellplatz;Quartiersgarage;nur Parken;Ja;Ja;34;;Ja;Nein;60.00;;;Nein;freigegeben;ganztägig;Trappentreustraße;2a;80339;München;;48.1384267000;11.5343856000;https://parkundride.de/donnersbergerbruecke;;;;Warteliste;Recherche;Nein;2025-08-20 14:13:41;2025-08-20 14:13:41;
Anwohnergarage Donnersbergerstraße;Tiefgarage;Quartiersgarage;nur Parken;Ja;Ja;284;;Ja;Nein;100.00;;;Nein;freigegeben;ganztägig;Donnersbergerstraße;;;;;48.1514207000;11.5332643000;https://parkundride.de/donnersbergerstrasse;;;;;Recherche;Nein;2025-08-20 14:13:41;2025-08-20 14:13:41;
Anwohnergarage Meindlstraße;Tiefgarage;Quartiersgarage;nur Parken;Ja;Ja;113;;Ja;Nein;90.00;;;Nein;freigegeben;ganztägig;Meindlstraße;16;81373;München;;48.1177871000;11.5379531000;https://parkundride.de/meindlstrasse;;;;Warteliste;Recherche;Nein;2025-08-20 14:13:41;2025-08-20 14:13:41;
Anwohnergarage Milbertshofen;Tiefgarage;Quartiersgarage;nur Parken;Ja;Ja;34;;Ja;Nein;80.00;;;Nein;freigegeben;ganztägig;Curt-Mezger-Platz;1;80809;München;;48.1819925000;11.5671938000;https://parkundride.de/milbertshofen;;;;Warteliste;Recherche;Nein;2025-08-20 14:13:41;2025-08-20 14:13:41;
Anwohnergarage Kellerstraße;Tiefgarage;Quartiersgarage;nur Parken;Ja;Ja;310;;Ja;Nein;130.00;;;Nein;freigegeben;ganztägig;Kellerstraße;10;81667;München;;48.1312601000;11.5928500000;https://parkundride.de/kellerstrasse;;;;freie Stellplätze;Recherche;Nein;2025-08-20 14:13:41;2025-08-20 14:13:41;
Anwohnergarage Josephsplatz;Tiefgarage;Quartiersgarage;nur Parken;Ja;Ja;265;;Ja;Nein;140.00;;;Nein;freigegeben;ganztägig;Hiltenspergerstr.;2 g;80798;München;;48.1551839000;11.5661602000;https://parkundride.de/josephsplatz;;;;Warteliste;Recherche;Nein;2025-08-20 14:13:41;2025-08-20 14:13:41;
Anwohnergarage Deisenhofener Straße;Tiefgarage;Quartiersgarage;nur Parken;Ja;Ja;95;;Ja;Nein;80.00;;;Nein;freigegeben;ganztägig;Deisenhofener Straße;18;81539;München;;48.1143836000;11.5819333000;https://parkundride.de/deisenhofener-strasse;;;;Warteliste;Recherche;Nein;2025-08-20 14:13:41;2025-08-20 14:13:41;
Anwohnergarage Postwiese;Tiefgarage;Quartiersgarage;nur Parken;Ja;Ja;280;;Ja;Nein;130.00;;;Nein;freigegeben;ganztägig;Lothringer Straße;19;81667;München;;48.1270393000;11.5986313000;https://parkundride.de/postwiese;;;;Warteliste;Recherche;Nein;2025-08-20 14:13:41;2025-08-20 14:13:41;
Anwohnergarage Ruppertstraße;Tiefgarage;Quartiersgarage;nur Parken;Ja;Ja;50;;Ja;Nein;110.00;;;Nein;freigegeben;ganztägig;Ruppertstraße / Ecke Tumblingerstraße;;80337;München;;48.1267528000;11.5590355000;https://parkundride.de/ruppertstrasse;;;;Warteliste;Recherche;Nein;2025-08-20 14:13:41;2025-08-20 14:13:41;
Anwohnergarage Elisabethmarkt;Tiefgarage;Quartiersgarage;Einzelhandel;Ja;Ja;50;;Ja;Nein;130.00;;;Nein;;;Elisabethplatz;3;80796;München;;48.1578422000;11.5739620000;https://maerkte-muenchen.de/vermietung/Vermietung-der-Stellpl%C3%A4tze-in-der-Tiefgarage-am-Elisabethmarkt.html;;;lebensmittelmaerkte-mm@muenchen.de;;Recherche;Nein;2025-12-13 19:31:56;2025-12-13 19:31:56;
Hirschau im Englischen Garten;Außenstellplatz;kommerzielle Bewirtschaftung;Sonstiges Gewerbe;Ja;Ja;80;;Nein;Ja;;;;Nein;;;Gyßlingstraße;15;80805;München;;48.1618103000;11.6025902000;https://www.hirschau-muenchen.de/anfahrt;;;;;Crowdsourcing;Nein;2026-03-24 19:21:27;2026-03-24 19:21:27;
Tierpark Hellabrunn;Außenstellplatz;kommerzielle Bewirtschaftung;Sonstiges Gewerbe;Ja;Ja;400;;Nein;Ja;;;;Nein;;;Tierparkstraße;30;81543;München;;48.0962812000;11.5541969000;https://www.hellabrunn.de/parkbesuch/allgemeine-informationen/oeffnungszeiten-anfahrt;;;;;Crowdsourcing;Nein;2026-03-24 19:24:58;2026-03-24 19:24:58;
Mariahilfplatz;Außenstellplatz;kommerzielle Bewirtschaftung;nur Parken;Ja;Ja;108;;Nein;Ja;;6.00;0.50;Nein;;;Mariahilfplatz;42;81541;München;;48.1249644000;11.5828122600;;;;;;Recherche;Nein;2026-04-20 18:15:20;2026-04-20 18:15:20;
Parkhaus Audi Dome;Parkhaus;kommerzielle Bewirtschaftung;nur Parken;Ja;Ja;763;;Nein;Ja;;5.00;;Nein;freigegeben;eingeschränkt;Siegenburger Str.;65;80686;München;;48.1276767000;11.5228579000;https://www.parkundride.de/siegenburger-strasse;;1253403;;;OpenData LHM;Nein;2025-08-20 14:13:41;2025-08-20 14:13:41;
Parkhaus Laimer Platz;Parkhaus;kommerzielle Bewirtschaftung;Büro;Ja;Ja;168;;Ja;Ja;130.00;15.00;2.80;Ja;freigegeben;ganztägig;Gotthardstraße;46;80689;München;2.25;48.1355857000;11.5021274000;https://www.apcoa.de/parken-im-abo/standorte/muenchen/laimer-platz;;1253402;;;OpenData LHM;Nein;2025-08-20 14:13:41;2025-08-20 14:13:41;
Forum Schwanthaler Höhe;Parkhaus;kommerzielle Bewirtschaftung;Büro, Einzelhandel;Ja;Ja;621;;Ja;Ja;95.20;35.00;2.50;Ja;freigegeben;ganztägig;Gollierstr.;6;80339;München;2.00;48.1358166000;11.5466346000;https://bavaria-parkgaragen.de/facility/forum-schwanthalerhoehe/;;1250726;;;OpenData LHM;Nein;2025-08-20 14:13:41;2025-08-20 14:13:41;
Hacker Schwanthalerhöhe;Parkhaus;kommerzielle Bewirtschaftung;Büro, Einzelhandel;Ja;Ja;500;;Ja;Ja;95.20;35.00;2.50;Ja;freigegeben;ganztägig;Schwanthalerstr.;113;80339;München;2.00;48.1375809000;11.5470609000;https://bavaria-parkgaragen.de/facility/hacker-saturn-schwanthalerhoehe/;;23503;;;OpenData LHM;Nein;2025-08-20 14:13:41;2025-08-20 14:13:41;
Parkgarage am Goethe Center;Parkhaus;kommerzielle Bewirtschaftung;Büro;Ja;Ja;0;;Ja;Nein;;;;Nein;keine Infos;eingeschränkt;Senefelderstr.;6;;München;;48.1384209000;11.5600395000;;;121091;;Aktuelle Warteliste für Dauerparker;Recherche;Nein;2025-08-20 14:13:41;2025-08-20 14:13:41;
Parkgarage Senefelderstraße;Parkhaus;kommerzielle Bewirtschaftung;Hotel;Ja;Ja;80;;Ja;Ja;145.00;27.00;3.10;Ja;freigegeben;ganztägig;Senefelderstr.;7 -13;80336;München;2.00;48.13833;11.56021;https://city-parking.de/standorte/muenchen-parkgarage-senefelderstrasse/;;63679;;;OpenData LHM;Nein;2025-08-20 14:13:41;2025-08-20 14:13:41;
Hopfenpost Parkhaus;Parkhaus;kommerzielle Bewirtschaftung;Büro;Ja;Ja;583;;Nein;Ja;;17.00;3.00;Nein;freigegeben;eingeschränkt;Hopfenstr.;6;80335;München;;48.1436043000;11.5548246000;https://www.mein-contipark.de/parkplatz-finden/parken-in-muenchen/tiefgarage-neue-hopfenpost-muenchen--ci3cp1124056;;121090;;;OpenData LHM;Nein;2025-08-20 14:13:41;2025-08-20 14:13:41;
Parkhaus am Stachus;Parkhaus;kommerzielle Bewirtschaftung;Büro;Ja;Ja;550;;Nein;Ja;;;;Nein;Umbau;ganztägig;Adolf-Kolping-Str.;10;80336;München;;48.1382079000;11.5629937000;https://alpina-parking.com/standort/parkhaus-muenchen-stachus-alpina/;https://www.wvv.de/parken-b2c/parkplaetze/?city=M%C3%BCnchen&center=4215;72505;;;OpenData LHM;Nein;2025-08-20 14:13:41;2025-08-20 14:13:41;
Galeria Kaufhof Rotkreuzplatz;Parkhaus;kommerzielle Bewirtschaftung;Einzelhandel;Ja;Ja;222;;Ja;Ja;120.00;30.00;3.00;Ja;freigegeben;eingeschränkt;Donnersbergerstr.;5;80634;München;2.00;48.1519877000;11.5327552000;https://galeria-parken.de/parkhaeuser#!/l/munchen/donnersberger-strasse-5/4123080;;1224102;;;OpenData LHM;Nein;2025-08-20 14:13:41;2025-08-20 14:13:41;
Parkhaus am Hauptbahnhof;Parkhaus;kommerzielle Bewirtschaftung;nur Parken;Ja;Ja;0;;Nein;Nein;;;;Nein;geschlossen;;Arnulfstr.;1;;München;;48.1414815000;11.5590838000;https://www.mux.de/Parkhaus-Hauptbahnhof;;153788;;;Recherche;Nein;2025-08-20 14:13:41;2025-08-20 14:13:41;
Karstadt München Bahnhofplatz;Parkhaus;kommerzielle Bewirtschaftung;Einzelhandel;Ja;Ja;0;;Nein;Nein;;;;Nein;geschlossen;;Bahnhofplatz;7;;München;;48.1404396000;11.5618284000;https://www.mux.de/Parkhaus-Karstadt-Bahnhofplatz;https://www.muenchen.de/verkehr/orte/121106.html;121107;;;Recherche;Nein;2025-08-20 14:13:41;2025-08-20 14:13:41;
Parkhaus an der Marsstraße;Parkhaus;kommerzielle Bewirtschaftung;nur Parken;Ja;Ja;701;;Ja;Ja;142.80;40.00;4.00;Ja;freigegeben;ganztägig;Hirtenstr.;14;80335;München;2.00;48.1421988000;11.5586689000;https://bavaria-parkgaragen.de/facility/marsstrasse-hauptbahnhof/;;;Bavaria Parkgaragen GmbH;;OpenData LHM;Nein;2025-08-20 14:13:41;2025-08-20 14:13:41;
Parkhaus Oberanger;Parkhaus;kommerzielle Bewirtschaftung;Einzelhandel;Ja;Ja;423;;Ja;Nein;452.20;45.00;6.00;Ja;freigegeben;ganztägig;Oberanger;27;80331;München;2.00;48.1345570000;11.5712011000;https://www.mein-contipark.de/parkplatz-finden/parken-in-muenchen/tiefgarage-oberanger-muenchen--ci3cp1124417;;121092;;;OpenData LHM;Nein;2025-08-20 14:13:41;2025-08-20 14:13:41;
Parkhaus Elisenhof;Parkhaus;kommerzielle Bewirtschaftung;Büro, Einzelhandel;Ja;Ja;399;;Ja;Ja;208.25;40.00;4.00;Ja;freigegeben;ganztägig;Luitpoldstr.;3;80335;München;2.00;48.1409478000;11.5626006000;https://bavaria-parkgaragen.de/facility/elisenhof-hauptbahnhof/;;121097;;;OpenData LHM;Nein;2025-08-20 14:13:41;2025-08-20 14:13:41;
Stachus-Park-Garagen;Parkhaus;kommerzielle Bewirtschaftung;Einzelhandel;Ja;Ja;74;;Nein;Ja;;28.00;4.00;Nein;freigegeben;ganztägig;Karlsplatz;6;80331;München;;48.1397191000;11.5664487000;https://www.parkopedia.de/parken/tiefgarage/karlsplatz/80335/m%C3%BCnchen/?arriving=202506221330&leaving=202506221530;https://www.muenchen.de/verkehr/orte/121105.html;121087;;;OpenData LHM;Nein;2025-08-20 14:13:41;2025-08-20 14:13:41;
Parkgarage Schranne München;Parkhaus;kommerzielle Bewirtschaftung;Einzelhandel;Ja;Ja;176;;Ja;Ja;386.75;40.00;4.00;Ja;freigegeben;ganztägig;Prälat-Zistl-Str.;3;80331;München;2.00;48.1343957000;11.5742216000;https://bavaria-parkgaragen.de/facility/schrannenhalle-viktualienmarkt/;;121105;;;OpenData LHM;Nein;2025-08-20 14:13:41;2025-08-20 14:13:41;
City-Parkhaus Färbergraben;Parkhaus;kommerzielle Bewirtschaftung;nur Parken;Ja;Ja;400;;Ja;Ja;285.60;28.00;3.50;Ja;freigegeben;ganztägig;Färbergraben;10;80331;München;;48.1370958000;11.5712911000;https://www.city-parkhaus-muenchen.de/;https://www.muenchen.de/verkehr/orte/121108.html;121093;;;OpenData LHM;Nein;2025-08-20 14:13:41;2025-08-20 14:13:41;
Parkgarage Böhringer;Parkhaus;kommerzielle Bewirtschaftung;Büro, Einzelhandel;Ja;Ja;505;;Nein;Ja;;20.00;3.00;Nein;freigegeben;ganztägig;Baaderstr.;6;80469;München;2.10;48.1331317000;11.5808308000;http://www.isarparkhaus.de/;https://www.muenchen.de/verkehr/orte/121099.html;;Mate Toth;;OpenData LHM;Nein;2025-08-20 14:13:41;2025-08-20 14:13:41;
Parkgarage Rieger City;Parkhaus;kommerzielle Bewirtschaftung;Büro, Einzelhandel;Ja;Ja;406;;Ja;Ja;208.25;40.00;4.00;Ja;freigegeben;ganztägig;Frauenstr.;38;80469;München;2.00;48.1344439000;11.5806388000;https://bavaria-parkgaragen.de/facility/rieger-city-isartor/;https://www.muenchen.de/verkehr/orte/121101.html;121099;;;OpenData LHM;Nein;2025-08-20 14:13:41;2025-08-20 14:13:41;
Parkgarage am Salvatorplatz;Parkhaus;kommerzielle Bewirtschaftung;Büro, Einzelhandel;Ja;Ja;452;;Ja;Ja;357.00;40.00;4.00;Ja;freigegeben;ganztägig;Salvatorplatz;3;80333;München;2.00;48.1416905000;11.5744142000;https://bavaria-parkgaragen.de/facility/salvatorplatz-altstadt/;https://www.muenchen.de/verkehr/orte/121103.html;121101;;;OpenData LHM;Nein;2025-08-20 14:13:41;2025-08-20 14:13:41;
Parkhaus am Hofbräuhaus;Parkhaus;kommerzielle Bewirtschaftung;;Ja;Ja;521;;Ja;Ja;386.75;40.00;4.00;Ja;freigegeben;ganztägig;Hochbrückenstr.;9;80331;München;2.10;48.1372307000;11.5815385000;https://bavaria-parkgaragen.de/facility/am-hofbraeuhaus-altstadt/;;121103;;;OpenData LHM;Nein;2025-08-20 14:13:41;2025-08-20 14:13:41;
Parkhaus Holiday Inn/Motorama;Parkhaus;kommerzielle Bewirtschaftung;Hotel;Ja;Ja;450;;Nein;Ja;;25.00;3.00;Nein;freigegeben;ganztägig;Hochstr.;3;81669;München;2.00;48.1306337000;11.5894616000;https://www.ihg.com/holidayinn/hotels/de/de/munich/muchb/hoteldetail/directions;;;MAHAG Services GmbH Motorama, Hochstraße 5, Au-Haidhausen, 81669 München +49 89 48001374;;OpenData LHM;Nein;2025-08-20 14:13:41;2025-08-20 14:13:41;
Parkhaus Hofbräukeller;Parkhaus;kommerzielle Bewirtschaftung;;Ja;Ja;100;;Ja;Ja;120.00;25.00;3.00;Nein;freigegeben;ganztägig;Innere Wiener Str.;15;81667;München;2.10;48.1338877000;11.5943734000;https://www.apcoa.de/einmal-parken/standorte/muenchen/hofbraeukeller;;1224051;;;OpenData LHM;Nein;2025-08-20 14:13:41;2025-08-20 14:13:41;
Park One Amalien-Passage;Parkhaus;kommerzielle Bewirtschaftung;Einzelhandel;Ja;Ja;205;;Ja;Ja;190.00;35.00;3.50;Ja;freigegeben;;Türkenstr.;84;80799;München;1.90;48.1517733000;11.5770503000;https://www.park-one.com/standorte/muenchen/amalienpassage/;;1224047;;;OpenData LHM;Nein;2025-08-20 14:13:41;2025-08-20 14:13:41;
Parkhaus Mediaworks;Parkhaus;kommerzielle Bewirtschaftung;Büro;Ja;Ja;900;;Nein;Ja;;;2.50;Nein;freigegeben;;Rosenheimer Str.;145;81671;München;2.00;48.1221212000;11.6051666000;;https://parkwerkgmbh.de/standorte/#autospeicher;;PM GmbH Media Works Munich, Rosenheimer Straße 145c, 81669 München, +49 89 40269810;;OpenData LHM;Nein;2025-08-20 14:13:41;2025-08-20 14:13:41;
Parkgarage Autospeicher;Parkhaus;kommerzielle Bewirtschaftung;Büro;Ja;Ja;383;;Nein;Ja;;21.00;4.00;Nein;freigegeben;ganztägig;Atelierstr.;8;81671;München;2.10;48.1251304000;11.6054027000;https://www.werksviertel-mitte.de/orte/autospeicher/;;1273627;;;OpenData LHM;Nein;2025-08-20 14:13:41;2025-08-20 14:13:41;
daseinstein Parkhaus;Parkhaus;kommerzielle Bewirtschaftung;Einzelhandel;Ja;Ja;145;;Nein;Ja;;14.00;2.00;Nein;freigegeben;ganztägig;Bothestr.;10;81675;München;2.00;48.1358660000;11.6132712000;https://www.daseinstein.de/anfahrt-and-parken/;;161621;;;OpenData LHM;Nein;2025-08-20 14:13:41;2025-08-20 14:13:41;
Karstadt Schwabing;Parkhaus;kommerzielle Bewirtschaftung;Einzelhandel;Ja;Ja;28;;Nein;Ja;;25.00;2.50;Nein;freigegeben;eingeschränkt;Franzstr.;5;80802;München;2.10;48.1607488000;11.5877750000;https://galeria-parken.de/parkhaeuser#!/l/munchen/franzstrasse-5/4123076;;1224060;;;OpenData LHM;Nein;2025-08-20 14:13:41;2025-08-20 14:13:41;
Park One im MONA;Parkhaus;kommerzielle Bewirtschaftung;Einzelhandel;Ja;Ja;200;;Ja;Ja;160.00;20.00;2.50;Ja;freigegeben;ganztägig;Pelkovenstr;143;80992;München;2.10;48.1825015000;11.5310279000;https://www.park-one.com/standorte/muenchen/mona/;;1224048;;;OpenData LHM;Nein;2025-08-20 14:13:41;2025-08-20 14:13:41;
Park One Hilton München Park;Parkhaus;kommerzielle Bewirtschaftung;Hotel;Ja;Ja;;;Nein;Ja;;;;Nein;geschlossen;;Am Tucherpark;7;;München;;48.1523586000;11.5983063000;;https://www.parkinglist.de/parkplatz/M%C3%BCnchen/Parkhaus-Olympia-Einkaufszentrum-M%C3%BCnchen-764;1224046;;;OpenData LHM;Nein;2025-08-20 14:13:41;2025-08-20 14:13:41;
Olympia-Einkaufszentrum;Parkhaus;kommerzielle Bewirtschaftung;Einzelhandel;Ja;Ja;2800;;Ja;Ja;80.00;15.00;1.50;Ja;freigegeben;ganztägig;Hanauer Str.;68;80993;München;1.90;48.1832840000;11.5349654000;https://www.olympia-einkaufszentrum.de/service/anfahrt/parken/parken/;;1224097;;;OpenData LHM;Nein;2025-08-20 14:13:41;2025-08-20 14:13:41;
Parkhaus Schwabing;Parkhaus;kommerzielle Bewirtschaftung;;Ja;Ja;307;;Ja;Ja;100.00;18.00;3.00;Ja;freigegeben;ganztägig;Occamstr.;20;80802;München;;48.1626800000;11.5902300000;https://www.parkme.com/de/lot/157082/parkhaus-schwabing-munich-by-germany;;;MTZ-Münchner-Taxi-Zentrum;;Recherche;Nein;2025-08-20 14:13:41;2025-08-20 14:13:41;
BMW Parkhaus Süd;Parkhaus;kommerzielle Bewirtschaftung;;Ja;Ja;;;Nein;Nein;;;;Nein;keine Infos;;Petuelring;130;;München;;48.1769118000;11.5601268000;;;1224043;;;OpenData LHM;Nein;2025-08-20 14:13:41;2025-08-20 14:13:41;
Park One Schwabinger Tor;Parkhaus;kommerzielle Bewirtschaftung;Büro;Ja;Ja;903;;Ja;Ja;240.00;35.00;3.50;Ja;freigegeben;ganztägig;Leopoldstr.;184;80804;München;2.10;48.1736746000;11.5861800000;https://www.park-one.com/standorte/muenchen/schwabinger-tor/;;1289720;;;OpenData LHM;Nein;2025-08-20 14:13:41;2025-08-20 14:13:41;
The M.Pire;Parkhaus;kommerzielle Bewirtschaftung;Büro;Ja;Ja;485;;Ja;Ja;178.50;30.00;3.00;Nein;freigegeben;ganztägig;Marcel-Breuer-Str.;2;80807;München;2.00;48.1813161000;11.5972226000;https://bavaria-parkgaragen.de/facility/the-m-pire-parkstadt-schwabing/;;1224111;;;OpenData LHM;Nein;2025-08-20 14:13:41;2025-08-20 14:13:41;
Park One im MIRA;Parkhaus;kommerzielle Bewirtschaftung;;Ja;Ja;750;;Ja;Ja;95.00;10.00;1.00;Ja;freigegeben;;Schleißheimer Str.;506;80933;München;2.00;48.2126021000;11.5640938000;https://www.park-one.com/standorte/muenchen/mira/;;1224049;;;OpenData LHM;Nein;2025-08-20 14:13:41;2025-08-20 14:13:41;
Parkhaus Messe München;Parkhaus;kommerzielle Bewirtschaftung;;Ja;Ja;4650;;Nein;Ja;;;;Nein;freigegeben;;Paul-Henri-Spaak-Str.;6;81829;München;;48.1398166000;11.6920661000;https://www.apcoa.de/einmal-parken/standorte/muenchen/messe-muenchen;;1224054;;;OpenData LHM;Nein;2025-08-20 14:13:41;2025-08-20 14:13:41;
Parkhaus Allianz Arena;Parkhaus;kommerzielle Bewirtschaftung;;Ja;Ja;10700;;Nein;Ja;;;;Nein;freigegeben;eingeschränkt;Werner-Heisenberg-Allee;25;80939;München;;48.2218185000;11.6255601000;https://www.apcoa.de/einmal-parken/standorte/muenchen/allianz-arena;;1224044;;;OpenData LHM;Nein;2025-08-20 14:13:41;2025-08-20 14:13:41;
Königshof;Parkhaus;kommerzielle Bewirtschaftung;;Ja;Ja;116;;Ja;Ja;297.50;40.00;4.00;Ja;freigegeben;ganztägig;Schützenstraße;4;80335;München;2.00;48.1396664143;11.5640861050;https://bavaria-parkgaragen.de/facility/koenigshof/;;;;;Recherche;Nein;2025-08-20 14:13:41;2025-08-20 14:13:41;
Rieger City Isartor;Parkhaus;kommerzielle Bewirtschaftung;;Ja;Ja;406;;Ja;Ja;208.25;40.00;4.00;Ja;freigegeben;ganztägig;Frauenstraße;38;80469;München;2.00;48.1344439000;11.5806388000;https://bavaria-parkgaragen.de/facility/rieger-city-isartor/;;;;;Recherche;Nein;2025-08-20 14:13:41;2025-08-20 14:13:41;
Westin Grand Hotel München;Parkhaus;kommerzielle Bewirtschaftung;Hotel;Ja;Ja;201;;Nein;Ja;;35.00;3.50;Nein;freigegeben;ganztägig;Arabellastrasse;6;81925;München;;48.1520962000;11.6168313000;https://bavaria-parkgaragen.de/facility/westin-grand-hotel-muenchen/;;;;;Recherche;Nein;2025-08-20 14:13:41;2025-08-20 14:13:41;
Rosenkavalierplatz Bogenhausen;Parkhaus;kommerzielle Bewirtschaftung;;Ja;Ja;288;;Ja;Ja;101.15;35.00;3.50;Ja;freigegeben;ganztägig;Elektrastr.;4;81925;München;2.00;48.1529315000;11.6205739000;https://bavaria-parkgaragen.de/facility/rosenkavalierplatz-bogenhausen/;;;;;Recherche;Nein;2025-08-20 14:13:41;2025-08-20 14:13:41;
Parkhaus St.-Martin-Straße;Parkhaus;kommerzielle Bewirtschaftung;nur Parken;Ja;Ja;;;Ja;Ja;85.00;12.00;;Nein;freigegeben;ganztägig;St.-Martin-Str.;51;81541;München;;48.1195465000;11.5991731000;https://go.wemolo.de/lot/003-605;;;;;Recherche;Nein;2025-08-20 14:13:41;2025-08-20 14:13:41;
Hagebaumarkt München - Eingang Gartenabteilung;Parkhaus;kommerzielle Bewirtschaftung;Einzelhandel;Ja;Ja;;;Nein;Ja;;10.00;;Nein;freigegeben;eingeschränkt;Lerchenauer Str.;134;80809;München;;48.1882793000;11.5519187000;https://go.wemolo.de/lot/A214;;;;;Recherche;Nein;2025-08-20 14:13:41;2025-08-20 14:13:41;
Hagebaumarkt München Nord Hauptparkplatz;Parkhaus;kommerzielle Bewirtschaftung;Einzelhandel;Ja;Ja;;;Nein;Ja;;10.00;;Nein;freigegeben;eingeschränkt;Lerchenauer Str.;134;80809;München;;48.1882793000;11.5519187000;https://go.wemolo.de/lot/A104;;;;;Recherche;Nein;2025-08-20 14:13:41;2025-08-20 14:13:41;
Clever Fit Giesing;Parkhaus;kommerzielle Bewirtschaftung;Sonstiges Gewerbe;Ja;Ja;;;Ja;Ja;79.00;10.00;1.50;Nein;freigegeben;ganztägig;Chiemgaustraße;148;81549;München;;48.1083878000;11.6049133000;https://go.wemolo.de/lot/A002;;;;;Recherche;Nein;2025-08-20 14:13:41;2025-08-20 14:13:41;
Flughafen Parkplatz München;Parkhaus;kommerzielle Bewirtschaftung;nur Parken;Ja;Ja;;;Ja;Ja;89.00;12.00;;Nein;freigegeben;ganztägig;Münchner Straße;32;85354;München;;48.0302353000;11.6030905000;https://go.wemolo.de/lot/001-050;;;;;Recherche;Nein;2025-08-20 14:13:41;2025-08-20 14:13:41;
Autohändler aufgepasst! 20 Garagenstellplätze in Parkhaus mit Büro in der Leonrodstraße - Neuhausen;Parkhaus;kommerzielle Bewirtschaftung;Büro;Nein;Ja;;;Ja;Nein;100.00;;;Nein;aktiv;;Alte Kaserne;;80636;München;;48.1503498000;11.5421682000;https://www.immobilienscout24.de/expose/159467883;;;;;Anzeige;Nein;2025-08-20 14:13:41;2025-08-20 14:13:41;
Am Ostbahnhof;Parkhaus;kommerzielle Bewirtschaftung;nur Parken;Ja;Ja;120;;Nein;Ja;;42.00;3.00;Nein;;;Pariser Straße;48;81667;München;;48.1290338000;11.6013979000;;;;;;Recherche;Nein;2025-09-01 06:02:09;2025-09-01 06:02:09;
Macherei;Parkhaus;kommerzielle Bewirtschaftung;Büro;Ja;Ja;799;;Ja;Ja;275.00;;;Ja;;;Levelingstraße;2;81673;München;;48.1310193000;11.6239395000;;;;;;Recherche;Nein;2025-10-15 19:03:30;2025-10-15 19:03:30;
PKW-Stellplatz in Regus Laim zu vermieten;Tiefgarage;kommerzielle Bewirtschaftung;Büro;Ja;Ja;558;;Ja;Ja;130.90;20.00;2.50;Ja;freigegeben;ganztägig;Elsenheimerstr.;57;80687;München;2.10;48.1366674000;11.5235185000;https://bavaria-parkgaragen.de/facility/west4-elsenheimerstr/;https://www.muenchen.de/verkehr/orte/1253404.html;1224110;;;OpenData LHM;Nein;2025-08-20 14:13:41;2025-08-20 14:13:41;
Tiefgarage ZOB;Tiefgarage;kommerzielle Bewirtschaftung;nur Parken;Ja;Ja;102;;Ja;Nein;166.00;15.00;3.00;Ja;freigegeben;ganztägig;Bernhard-Wicki-Str.;11;80636;München;;48.1422926000;11.5488768000;https://www.muenchen-zob.de/de/directions/;;1253404;;;OpenData LHM;Nein;2025-08-20 14:13:41;2025-08-20 14:13:41;
CarPark Cristal;Tiefgarage;kommerzielle Bewirtschaftung;Büro;Ja;Ja;0;;Nein;Nein;;;;Nein;geschlossen;eingeschränkt;Schwanthalerstr.;36;;München;;48.1375212000;11.5591694000;;;121102;;;Recherche;Nein;2025-08-20 14:13:41;2025-08-20 14:13:41;
Sonnenhof-Garage;Tiefgarage;kommerzielle Bewirtschaftung;Wohnen;Ja;Ja;90;;Nein;Ja;;35.00;4.20;Nein;freigegeben;ganztägig;Landwehrstr.;10;80336;München;2.10;48.1364432000;11.5632753000;https://www.apcoa.de/einmal-parken/standorte/muenchen/sonnenhof-garage;;121095;;;OpenData LHM;Nein;2025-08-20 14:13:41;2025-08-20 14:13:41;
Tiefgarage am Hauptbahnhof;Tiefgarage;kommerzielle Bewirtschaftung;;Ja;Ja;0;;Nein;Nein;;;;Nein;keine Infos;;Bahnhofplatz;2;;München;;48.1407190000;11.5596542000;;https://www.muenchen.de/verkehr/orte/121094.html;121104;;;Recherche;Nein;2025-08-20 14:13:41;2025-08-20 14:13:41;
Tiefgarage Stachus;Tiefgarage;kommerzielle Bewirtschaftung;;Ja;Ja;700;;Ja;Nein;399.00;45.00;6.00;Ja;freigegeben;ganztägig;Herzog-Wilhelm-Str.;11;80331;München;2.20;48.1373413000;11.5663848000;https://www.mein-contipark.de/parkplatz-finden/parken-in-muenchen/tiefgarage-stachus-muenchen--ci3cp1124416;;121094;;;OpenData LHM;Nein;2025-08-20 14:13:41;2025-08-20 14:13:41;
Tiefgarage Hotel ibis City;Tiefgarage;kommerzielle Bewirtschaftung;Hotel;Ja;Ja;88;;Ja;Ja;149.00;19.00;4.00;Ja;freigegeben;ganztägig;Dachauer Str.;21;80335;München;2.00;48.1440195000;11.5594018000;https://www.parkopedia.de/parking/underground/hotel_ibis_m%C3%BCnchen_city/80335/m%C3%BCnchen/?arriving=202506221330&leaving=202506221530;;121100;;;OpenData LHM;Nein;2025-08-20 14:13:41;2025-08-20 14:13:41;
Pschorr Garage;Tiefgarage;kommerzielle Bewirtschaftung;;Ja;Ja;213;;Ja;Ja;357.00;40.00;4.00;Ja;freigegeben;ganztägig;Altheimer Eck;16;80331;München;2.00;48.1374946000;11.5696197000;https://bavaria-parkgaragen.de/facility/pschorr-garage-altstadt/;https://www.muenchen.de/verkehr/orte/121096.html;121088;;;OpenData LHM;Nein;2025-08-20 14:13:41;2025-08-20 14:13:41;
Marienplatz Großgarage;Tiefgarage;kommerzielle Bewirtschaftung;;Ja;Ja;265;;Nein;Ja;;45.00;6.00;Nein;freigegeben;ganztägig;Rindermarkt;16;80331;München;1.80;48.1364143000;11.5747983000;https://www.mein-contipark.de/parkplatz-finden/parken-in-muenchen/tiefgarage-marienplatz-muenchen--ci3cp1124222?utm_source=uberall&utm_medium=listings&utm_campaign=permanent;https://www.muenchen.de/verkehr/orte/121098.html;121096;;;OpenData LHM;Nein;2025-08-20 14:13:41;2025-08-20 14:13:41;
Tiefgarage vor der Oper;Tiefgarage;kommerzielle Bewirtschaftung;nur Parken;Ja;Ja;500;;Ja;Ja;;32.00;4.00;Ja;freigegeben;ganztägig;Max-Joseph-Platz;4;80539;München;2.10;48.1401681000;11.5778026000;https://www.operngarage.de/parken.html;;121098;;;OpenData LHM;Nein;2025-08-20 14:13:41;2025-08-20 14:13:41;
Parkgarage Gasteig;Tiefgarage;kommerzielle Bewirtschaftung;Sonstiges Gewerbe;Ja;Ja;271;;Ja;Ja;129.00;30.00;4.00;Ja;freigegeben;ganztägig;Rosenheimer Str.;5;81667;München;2.00;48.1315583000;11.5908417000;https://www.ps-huefner.de/standort.php?ort=M%C3%BCnchen&id=174;;;Park Service Hüfner GmbH & Co. KG;;OpenData LHM;Nein;2025-08-20 14:13:41;2025-08-20 14:13:41;
Park One Hilton München City;Tiefgarage;kommerzielle Bewirtschaftung;Hotel;Ja;Ja;440;;Ja;Ja;139.00;35.00;3.00;Ja;freigegeben;ganztägig;Rosenheimer Str.;15;81667;München;;48.1298108000;11.5927247000;https://www.park-one.com/standorte/muenchen/hilton-munich-city/;;1224045;;Warteliste für Dauerparker;OpenData LHM;Nein;2025-08-20 14:13:41;2025-08-20 14:13:41;
Regerstraße;Tiefgarage;kommerzielle Bewirtschaftung;Wohnen;Ja;Ja;128;;Ja;Nein;130.90;30.00;3.00;Ja;freigegeben;ganztägig;Regerstraße;76;81541;München;2.10;48.1218086000;11.5856086000;https://bavaria-parkgaragen.de/facility/regerstr/;;;;;Recherche;Nein;2025-08-20 14:13:41;2025-08-20 14:13:41;
Welfenhöfe;Tiefgarage;kommerzielle Bewirtschaftung;Wohnen;Ja;Ja;897;;Ja;Nein;107.10;30.00;3.00;Ja;freigegeben;ganztägig;Welfenstrasse;62;81541;München;;48.1226045000;11.5917989000;https://bavaria-parkgaragen.de/facility/welfenhoefe-welfenstr/;;;;;Recherche;Nein;2025-08-20 14:13:41;2025-08-20 14:13:41;
Arabellapark Bogenhausen;Tiefgarage;kommerzielle Bewirtschaftung;nur Parken;Ja;Ja;2031;;Ja;Ja;89.25;35.00;3.50;Ja;freigegeben;ganztägig;Arabellastrasse;15;81925;München;;48.1504436000;11.6200338000;https://bavaria-parkgaragen.de/facility/arabellapark-bogenhausen/;;;;;Recherche;Nein;2025-08-20 14:13:41;2025-08-20 14:13:41;
Orleanskarree;Tiefgarage;kommerzielle Bewirtschaftung;Büro;Ja;Ja;285;;Ja;Nein;148.75;;;Ja;;;Orleansstraße;2;81669;München;;48.1240921000;11.5976700000;https://www.orleanskarree.de;;;;;Recherche;Nein;2025-10-18 12:29:10;2025-10-18 12:29:10;
Landwehrstraße 68;Tiefgarage;kommerzielle Bewirtschaftung;Büro;Ja;Ja;10;;Nein;Ja;;;1.25;Nein;;;Landwehrstraße;68;80336;München;;48.1367675000;11.5541250000;https://www.ampido.com/parken_in/muenchen/parken-hauptbahnhof-muenchen?referral_token=Landwehr68li;;;;;Recherche;Nein;2025-12-12 19:22:52;2025-12-12 19:22:52;
Schertlinstraße 12;Tiefgarage;kommerzielle Bewirtschaftung;Büro;Ja;Ja;250;10;Ja;Nein;60.00;;;Ja;;;Schertlinstraße;12;81379;München;;48.0958053000;11.5176871000;https://stadt.muenchen.de/infos/24-20-garagen-schertlin.html;https://www.immobilienscout24.de/expose/132349637#/;;im-vs.kom@muenchen.de;Die Landeshauptstadt München vermietet mehrere Tiefgaragenstellplätze in München - Obersendling.;Crowdsourcing;Nein;2025-12-13 19:08:03;2025-12-13 19:08:03;
RnB Kustermannpark - RHYTHM;Tiefgarage;kommerzielle Bewirtschaftung;Büro;Ja;Ja;532;;Ja;Nein;125.00;;;Ja;;;Balanstraße;55;80539;München;;48.1227370000;11.5989064000;https://rnb-kustermannpark.de/rhythm/;;;;;Recherche;Nein;2026-02-16 19:41:06;2026-02-16 19:41:06;
RnB Kustermannpark - BLOOM;Tiefgarage;kommerzielle Bewirtschaftung;Büro;Ja;Ja;369;;Ja;Nein;125.00;;;Ja;;;Balanstraße;59;80539;München;;48.1226724000;11.5994801000;https://rnb-kustermannpark.de/bloom/;;;;;Recherche;Nein;2026-02-16 19:46:17;2026-02-16 19:46:17;
EDEKA Südbayern - Landsberger Straße;Außenstellplatz;kommerzielle Bewirtschaftung;;Ja;Ja;;;Nein;Nein;25.00;3.00;;Nein;freigegeben;eingeschränkt;Landsberger Str.;390;80687;München;;48.1452702000;11.4844698000;https://go.wemolo.de/lot/003-052;;;;;Recherche;Nein;2025-08-20 14:13:41;2025-08-20 14:13:41;
Scheck Allwetteranlagen;Außenstellplatz;kommerzielle Bewirtschaftung;;Ja;Ja;124	;;Nein;Nein;;;;Nein;aktiv;eingeschränkt;Münchner Str.;15;85774;Unterföhring;;48.1806371000;11.6299167000;https://go.wemolo.de/lot/001-503;;;;;Recherche;Nein;2025-08-20 14:13:41;2025-08-20 14:13:41;
Parkfläche Untermarkt;Außenstellplatz;kommerzielle Bewirtschaftung;;Ja;Ja;;;Nein;Nein;;;;Nein;freigegeben;eingeschränkt;Untermarkt;7-11;82515;Wolfratshausen;;47.9153482000;11.4244506000;https://go.wemolo.de/lot/003-470;;;;;Recherche;Nein;2025-08-20 14:13:41;2025-08-20 14:13:41;
Wyndham Garden Munich Messe;Außenstellplatz;kommerzielle Bewirtschaftung;;Ja;Ja;;;Nein;Nein;;;;Nein;freigegeben;eingeschränkt;Stahlgruberring;4;81829;München;;48.1328787000;11.6629034000;https://go.wemolo.de/lot/003-760;;;;;Recherche;Nein;2025-08-20 14:13:41;2025-08-20 14:13:41;
Parkplatz Loisachhalle;Außenstellplatz;kommerzielle Bewirtschaftung;;Ja;Ja;;;Nein;Nein;;;;Nein;freigegeben;eingeschränkt;Hammerschmiedweg;3;82515;Wolfratshausen;;47.9142417000;11.4209803000;https://go.wemolo.de/lot/003-439;;;;;Recherche;Nein;2025-08-20 14:13:41;2025-08-20 14:13:41;
Außenstellplatz in Neuhausen Verfügbar;Außenstellplatz;Privat;;Nein;Ja;;;Ja;Nein;100.00;;;Nein;aktiv;;Maria-Luiko-Straße;28;80636;München;;48.1565195000;11.5455250000;https://www.kleinanzeigen.de/s-anzeige/aussenstellplatz-in-neuhausen-verfuegbar/3162238382-197-16360;;;;;Anzeige;Nein;2025-08-20 14:13:41;2025-08-20 14:13:41;
Außenstellplatz in Neuhausen Verfügbar;Außenstellplatz;Privat;;Nein;Ja;;;Ja;Nein;100.00;;;Nein;aktiv;;Maria-Luiko-Straße;28;80636;München;;48.1565195000;11.5455250000;https://www.kleinanzeigen.de/s-anzeige/aussenstellplatz-in-neuhausen-verfuegbar/3161030107-197-16360;;;;;Anzeige;Nein;2025-08-20 14:13:41;2025-08-20 14:13:41;
Außenstellplatz in Neuhausen Verfügbar;Außenstellplatz;Privat;;Nein;Ja;;;Ja;Nein;100.00;;;Nein;aktiv;;Maria-Luiko-Straße;28;80636;München;;48.1565195000;11.5455250000;https://www.kleinanzeigen.de/s-anzeige/aussenstellplatz-in-neuhausen-verfuegbar/3154804452-197-16360;;;;;Anzeige;Nein;2025-08-20 14:13:41;2025-08-20 14:13:41;
Außenstellplatz in Schwabing;Außenstellplatz;Privat;;Nein;Ja;;;Ja;Nein;100.00;;;Nein;aktiv;;Leopoldstraße;206;80804;München;;48.1751098000;11.5872259000;https://www.immobilienscout24.de/expose/127414762;;;;;Anzeige;Nein;2025-08-20 14:13:41;2025-08-20 14:13:41;
Außenstellplätze München-Olympiapark;Außenstellplatz;Privat;;Nein;Ja;;;Ja;Nein;100.00;;;Nein;aktiv;;Gärtnerstraße;39;80992;München;;48.1780384000;11.5313127000;https://www.immobilienscout24.de/expose/156530922;;;;;Anzeige;Nein;2025-08-20 14:13:41;2025-08-20 14:13:41;
Großzügiger Stellplatz zu vermieten;Außenstellplatz;Privat;;Nein;Ja;;;Ja;Nein;250.00;;;Nein;aktiv;;Klenzestr.;45;80469;München;;48.1302709000;11.5740109000;https://www.immobilienscout24.de/expose/154486056;;;;;Anzeige;Nein;2025-08-20 14:13:41;2025-08-20 14:13:41;
Außenstellplatz München Schwabing ab 01.10.2025;Außenstellplatz;Privat;;Nein;Ja;;;Ja;Nein;990.00;;;Nein;aktiv;;Schwere-Reiter-Straße;39;80797;München;;48.1617187000;11.5599956000;https://www.immobilienscout24.de/expose/160026811;;;;;Anzeige;Nein;2025-08-20 14:13:41;2025-08-20 14:13:41;
Außenstellplatz in München Schwabing;Außenstellplatz;Privat;;Nein;Ja;;;Ja;Nein;990.00;;;Nein;aktiv;;Schwere-Reiter-Straße;39;80797;München;;48.1617187000;11.5599956000;https://www.immobilienscout24.de/expose/160026677;;;;;Anzeige;Nein;2025-08-20 14:13:41;2025-08-20 14:13:41;
**AB SOFORT ** STELLPLATZ ** LAIM FÜRSTENRIEDER STR.;Außenstellplatz;Privat;;Nein;Ja;;;Ja;Nein;85.00;;;Nein;aktiv;;Fürstenrieder Str.;35;80686;München;;48.1387039000;11.5033806000;https://www.immobilienscout24.de/expose/156553874;;;;;Anzeige;Nein;2025-08-20 14:13:41;2025-08-20 14:13:41;
Nicht überdacht!**Wohnmobilstellplatz in Pasing;Außenstellplatz;Privat;;Nein;Ja;;;Ja;Nein;113.05;;;Nein;aktiv;;Bodenseestr.;217;81243;München;;48.1429260000;11.4270697000;https://www.immobilienscout24.de/expose/156014077;;;;;Anzeige;Nein;2025-08-20 14:13:41;2025-08-20 14:13:41;
Kfz-Stellplätze im Hof zu vermieten;Außenstellplatz;Privat;;Nein;Ja;15;;Ja;Nein;75.00;;;Ja;aktiv;;Bodenseestraße;217;81243;München;;48.1429260000;11.4270697000;https://www.immobilienscout24.de/expose/148346119;;;;;Anzeige;Nein;2025-08-20 14:13:41;2025-08-20 14:13:41;
Sendling**Außenstellplätze im Innenhof zu vermieten;Außenstellplatz;Privat;;Nein;Ja;;;Ja;Nein;77.35;;;Nein;aktiv;;Albert-Bayerle-Platz;2;81379;München;;48.1001881000;11.5299016000;https://www.immobilienscout24.de/expose/149854203;;;;;Anzeige;Nein;2025-08-20 14:13:41;2025-08-20 14:13:41;
Autohändler Fläche für 10 Stellplätze;Außenstellplatz;Privat;;Nein;Ja;10;;Ja;Nein;;;;Ja;aktiv;;Aubinger Straße;86;81243;München;;48.1510495000;11.4348163000;https://www.immobilienscout24.de/expose/149984989;;;;;Anzeige;Nein;2025-08-20 14:13:41;2025-08-20 14:13:41;
Karstadt am Nordbad;Parkhaus;;;Nein;Ja;;;Nein;;;;;Nein;geschlossen;;Schleißheimer Str. 93;;;München;;48.1594515000;11.5623092000;;;1224061;;;OpenData LHM;Nein;2025-08-20 14:13:41;2025-08-20 14:13:41;
BMW Parkhaus Nordost;Parkhaus;;;Ja;Ja;;;;;;;;;keine Infos;;Riesenfeldstr.;;;München;;48.1895443000;11.5613301000;;;1224100;;;OpenData LHM;Nein;2025-08-20 14:13:41;2025-08-20 14:13:41;
BMW Parkhaus Nordwest;Parkhaus;;;Ja;Ja;;;;;;;;;keine Infos;;Moosacher Str.;61;;München;;48.1855582000;11.5549986000;;;1224099;;;OpenData LHM;Nein;2025-08-20 14:13:41;2025-08-20 14:13:41;
Parkhaus Rosenkavalierplatz;Parkhaus;;;Ja;Ja;;;;;;;;;geschlossen;;Elektrastr.;3;;München;;48.1529421000;11.6219444000;;;1224091;;;OpenData LHM;Nein;2025-08-20 14:13:41;2025-08-20 14:13:41;
BMW Parkhaus FIZ;Parkhaus;;;Ja;Ja;;;;;;;;;keine Infos;;Knorrstr.;147;;München;;48.1940680000;11.5704020000;;;1224095;;;OpenData LHM;Nein;2025-08-20 14:13:41;2025-08-20 14:13:41;
BMW Parkhaus Hufelandstr.;Parkhaus;;;Ja;Ja;;;;;;;;;keine Infos;;Hufelandstr.;5;;München;;48.1925461000;11.5749878000;;;1224094;;;OpenData LHM;Nein;2025-08-20 14:13:41;2025-08-20 14:13:41;
Paulaner am Nockherberg;Tiefgarage;kommerzielle Bewirtschaftung;Sonstiges Gewerbe;Ja;Ja;240;;Nein;Ja;;24;3;;aktiv;eingeschränkt;Hochstraße;77;81541;München;2;48.1218587;11.5827495;;;;;Öffnungszeiten: 7 bis 0:30;Recherche;Nein;2026-05-26 17:30:00;;
Salesianum;Tiefgarage;Privat;Hotel;Ja;Ja;22;;ja;Nein;;;;;aktiv;eingeschränkt;Auerfeldstraße;15;81541;München;;48.1235956;11.5938181;https://www.salesianum.de/Kontakt-Service/FAQs#Gibt%20es%20Parkpl%C3%A4tze?;;;;Dauerparken für Bewohner des Wohnheims;Recherche;Nein;2026-05-26 17:30:00;;
Tiefgarage;Tiefgarage;Privat;Wohnen;Ja;Ja;10;5;Nein;Nein;;;;;;;Fürstenstraße;3;80333;München;;48.1461006;11.5770981;;;;;;Crowdsourcing;;2026-06-01 15:03:06;2026-06-01 15:03:06;18
Hinterhof Stellplätze;Stellplatz;Privat;Wohnen;Ja;Ja;7;;Nein;Nein;;;;;;;Oskar-von-Miller-Ring;29;80333;München;;48.1460040;11.5760896;;;;;;Crowdsourcing;;2026-06-01 15:03:06;2026-06-01 15:03:06;17
Tiefgarage mit KFZ Aufzug;Tiefgarage (Wohnanlage);Privat;;Ja;Ja;16;;Nein;Nein;;;;;;;Amalienstraße;17;80333;München;;48.1468453;11.5759398;;;;;;Crowdsourcing;;2026-06-01 15:03:06;2026-06-01 15:03:06;16
Tiefgarage Hotel Antares;Tiefgarage;Kunden / Besucherparkplatz;Hotel;Ja;Ja;14;;Nein;Nein;;;;;;;Amalienstraße;20;80333;München;;48.1468487;11.5763730;;;;;;Crowdsourcing;;2026-06-01 15:03:06;2026-06-01 15:03:06;15
Hotelparkplatz Leonardo;Stellplatz;Kunden / Besucherparkplatz;Hotel;Ja;Ja;5;1;Nein;Nein;;;;;;;Amalienstraße;25;80333;München;;48.1474338;11.5763471;;;;;;Crowdsourcing;;2026-06-01 15:03:06;2026-06-01 15:03:06;14
Stellplätze im Hinterhof;Stellplatz;Privat;Wohnen;Ja;Ja;10;5;Nein;Nein;;;;;;;Amalienstraße;14;80333;München;;48.1464850;11.5761286;;;;;;Crowdsourcing;;2026-06-01 15:03:06;2026-06-01 15:03:06;13
Garage im Hinterhof;Stellplatz;Privat;;Ja;Ja;4;;Nein;Nein;;;;;;;Amalienstraße;17;80333;München;;48.1469811;11.5760413;;;;;;Crowdsourcing;;2026-06-01 15:03:06;2026-06-01 15:03:06;12
Hinterhof;Außenstellplatz;Privat;Wohnen;Ja;Ja;4;4;Nein;Nein;;;;;;;Amalienstraße;19;80333;München;;48.1471141;11.5761334;;;;;;Crowdsourcing;;2026-06-01 15:03:06;2026-06-01 15:03:06;11
V-Markt;Außenstellplatz;Kunden / Besucherparkplatz;Einzelhandel;Ja;Ja;150;;Nein;Nein;;;;;;7 bis 20 Uhr;Balanstraße;;81541;München;;48.1213568;11.5984136;;;;;;Crowdsourcing;;2026-06-01 15:48:17;2026-06-01 15:48:17;19
Obi;Außenstellplatz;Kunden / Besucherparkplatz;Einzelhandel;Ja;Ja;60;;Nein;Nein;;;;;;;Riemer Straße;199;81929;München;;48.1401826;11.6560113;;;;;;Crowdsourcing;;2026-06-20 15:40:06;2026-06-21 12:23:11;26
Hyperion;Tiefgarage;Kunden / Besucherparkplatz;Hotel;Ja;Ja;;;Nein;Nein;;;;;;;Truderinger Straße;13;81677;München;;48.1367824;11.6222906;https://www.h-hotels.com/de/hyperion/hotels/hyperion-hotel-muenchen;;;;;Crowdsourcing;;2026-06-20 15:36:06;2026-06-21 12:23:11;25
REWE Tiefgarage;Tiefgarage;Kunden / Besucherparkplatz;Wohnen, Einzelhandel;Ja;Ja;;;Nein;Ja;;;;;;;Falkenstraße;9;81541;München;2.0;48.1229415;11.5798861;;;;;;Crowdsourcing;;2026-06-17 07:45:04;2026-06-21 12:23:11;24
Motel One München-East Side;Tiefgarage;Privat;Hotel;Ja;Ja;105;;Nein;Nein;;;;;;;Orleansstraße;87;81667;München;;48.1317702;11.6089869;https://www.parkopedia.de/parken/tiefgarage/motel_one_m%C3%BCnchen_east_side/81667/m%C3%BCnchen/?arriving=202606170900&leaving=202606171100;;;;;Crowdsourcing;;2026-06-17 07:02:20;2026-06-21 12:23:11;23
Tiefgarage des Landtags;Tiefgarage;Kunden / Besucherparkplatz;Verwaltung;Ja;Ja;227;;Nein;Nein;;;;;;;Max-Planck-Straße;1;81675;München;;48.1365923;11.5937948;https://www.bayern.landtag.de/fileadmin/Internet_Dokumente/Sonstiges_Z/Parkregelung.pdf;;;;;Crowdsourcing;;2026-06-17 05:34:38;2026-06-21 12:23:11;22
Microsoft Tiefgarage;Tiefgarage;Mitarbeiterparkplatz;Büro;Ja;Ja;150;;Nein;Nein;;;;;;;Walter-Gropius-Straße;5;80807;München;;48.1773543;11.5935278;https://www.microsoft.com/de-de/rechtliche-hinweise/impressum_de;;;;;Crowdsourcing;;2026-06-15 16:48:40;2026-06-21 12:23:11;21
Tiefgarage über 2 Etagen;Tiefgarage;Privat;Wohnen, Büro;Ja;Ja;176;;Nein;Nein;;;;;;;Oskar-von-Miller-Ring;25;80333;München;;48.1462324;11.5755728;;;;;;Crowdsourcing;;2026-06-15 15:52:49;2026-06-21 12:23:11;20
Einsteinstr. 185;Sonstige;Privat;Wohnen;Ja;Ja;;;Nein;Nein;;;;;;;Einsteinstraße;185;81677;München;;48.1374619;11.6190290;;;;;;Crowdsourcing;;2026-06-21 14:28:39;2026-07-04 15:37:11;27
Mühldorfstr. 8;Tiefgarage;Mitarbeiterparkplatz;Büro;Ja;Ja;;;Nein;Nein;;;;;;;Mühldorfstraße;8a;81671;München;;48.1283234;11.6106793;;;;;;Crowdsourcing;;2026-06-22 18:44:58;2026-07-04 15:37:11;28
toom Baumarkt;Tiefgarage;Kunden / Besucherparkplatz;Einzelhandel;Ja;Ja;;;Nein;Nein;;;;;;;Grillparzerstraße;20;81675;München;;48.1342112;11.6104567;;;;;;Crowdsourcing;;2026-06-23 18:51:49;2026-07-04 15:37:11;29
Grillparzer 18;Tiefgarage;Mitarbeiterparkplatz;Büro;Ja;Ja;;;Nein;Nein;;;;;;;Grillparzerstraße;22;81675;München;;48.1348700;11.6102099;;;;;;Crowdsourcing;;2026-06-23 18:55:59;2026-07-04 15:37:11;30
Haidenauplatz 5;Tiefgarage;Mitarbeiterparkplatz;Büro;Ja;Ja;;;Nein;Nein;;;;;;;Haidenauplatz;5;81667;München;;48.1335734;11.6116530;;;;;;Crowdsourcing;;2026-06-23 19:03:00;2026-07-04 15:37:11;31
Einstein 113;Tiefgarage;Privat;Wohnen;Ja;Ja;;;Nein;Nein;;;;;;;Einsteinstraße;92;81675;München;;48.1356775;11.6067982;;;;;;Crowdsourcing;;2026-06-23 19:07:43;2026-07-04 15:37:11;32
Sixt;Tiefgarage;Kunden / Besucherparkplatz;Wohnen, Büro;Ja;Ja;;;Nein;Nein;;;;;;;Einsteinstraße;106;81675;München;;48.1360324;11.6086194;;;;;;Crowdsourcing;;2026-06-23 19:09:50;2026-07-04 15:37:11;33
Kirchenstr. 86;Tiefgarage;Privat;Wohnen;Ja;Ja;;;Nein;Nein;;;;;;;Kirchenstraße;86;81675;München;;48.1327339;11.6078619;;;;;;Crowdsourcing;;2026-06-24 16:26:34;2026-07-04 15:37:11;35
Kirchenstr. 88;Tiefgarage;Privat;Wohnen;Ja;Ja;;;Nein;Nein;;;;;;;Kirchenstraße;88;81675;München;;48.1327157;11.6084201;;;;;;Crowdsourcing;;2026-06-24 16:27:56;2026-07-04 15:37:11;36
Tiefgarage Baugenossenschaft München West;Tiefgarage (Wohnanlage);Privat;Wohnen;Ja;Ja;94;;Nein;Nein;;;;;;;Heimeranstraße;48;80339;München;;48.1340443;11.5378164;;;;;;Crowdsourcing;;2026-06-27 11:59:37;2026-07-04 15:37:11;38
MGS-Block Kirchen/Seerieder/Einsteinstraße;Tiefgarage;Privat;Wohnen;Ja;Ja;;;Ja;Nein;;;;;;;Seeriederstraße;26;81675;München;;48.1341011;11.6019380;;;;;;Crowdsourcing;;2026-06-28 17:00:26;2026-07-04 15:37:11;39
Spicherenstraße 9;Tiefgarage;Privat;Wohnen;Ja;Ja;;;Nein;Nein;;;;;;;Spicherenstraße;9;81667;München;;48.1320416;11.6056073;;;;;;Crowdsourcing;;2026-07-01 08:38:01;2026-07-04 15:37:11;40
Spicherenstr. 15;Tiefgarage;Privat;Wohnen;Ja;Ja;300;;Nein;Nein;;;;;;;Spicherenstraße;15;81667;München;;48.1310280;11.6070610;;;;;;Crowdsourcing;;2026-07-01 08:39:36;2026-07-04 15:37:11;41
