{"type":"FeatureCollection","features":[{"type":"Feature","id":"vablock_stadtbezirk.1","geometry":{"type":"Polygon","coordinates":[[[11.58045737864061,48.177591333952904],[11.579726269627367,48.177645480724806],[11.579131515113945,48.17770384541034],[11.576807876127162,48.177932160175594],[11.575692300189262,48.1780151839524],[11.574566383360922,48.17804977154561],[11.573394806652452,48.1780302533587],[11.573321653476734,48.17802359237782],[11.572993335636342,48.17799603810099],[11.572856557273129,48.177984919926494],[11.572246633399121,48.17791882007549],[11.571636603068766,48.17780491351033],[11.570869602643269,48.17759693890669],[11.570795040984683,48.177576518552726],[11.56851624746967,48.17693092641681],[11.567653489581307,48.17667308689546],[11.566888888829348,48.17644590442308],[11.566247756328528,48.176261623145024],[11.56537244722361,48.17608927324799],[11.564137197531258,48.17600392050922],[11.561255666137681,48.1760534235609],[11.558457531910834,48.17609996305827],[11.558316235204533,48.17590673432563],[11.559440064107648,48.174976632562],[11.559867642079611,48.17465445548213],[11.560321226092945,48.17420659577259],[11.560397573231915,48.174119142382004],[11.560399587376002,48.17391290162202],[11.560397966410935,48.173804270113855],[11.560400623749716,48.17362433296725],[11.5604099878903,48.17344441279411],[11.56042671874924,48.173264958275844],[11.560426733083844,48.17326486797734],[11.560451258650794,48.17308580388641],[11.560482379619923,48.172907144351726],[11.560517129183504,48.17272871615159],[11.560545758824464,48.17258943294873],[11.560554175265207,48.172548812379056],[11.560593469236638,48.172370885710734],[11.560644652760775,48.172194463887735],[11.56070637145129,48.17201963467094],[11.560755973584804,48.171880713504166],[11.56076824816461,48.17184488017398],[11.560816339240928,48.1717262334426],[11.560838587765843,48.1716713559508],[11.560658787404757,48.17165559376234],[11.560633089080566,48.171653325053526],[11.560921194354329,48.17016049845972],[11.561585573202452,48.16843250029883],[11.559995864851949,48.16856067509957],[11.559200584439578,48.16860537098679],[11.55839807823415,48.16860982618895],[11.557600755252352,48.168574580396104],[11.556896932458832,48.16850888567498],[11.55620573506079,48.1683971765583],[11.555523781415307,48.1682273750408],[11.55506355284282,48.16803908181144],[11.554499922875141,48.167736550718416],[11.554146567636735,48.16746172072182],[11.553733139517716,48.16706467670923],[11.553416275686448,48.16662743629355],[11.553203212981765,48.16616540038814],[11.553049926520373,48.165508862258314],[11.552989233733088,48.16478988563584],[11.55295754527024,48.16149040031337],[11.55140060205248,48.16147140663131],[11.550779732403361,48.161302979243246],[11.549632762467851,48.16068149110463],[11.549640861121752,48.160675491503746],[11.552113620653978,48.15863024345534],[11.5542668360211,48.15685257855584],[11.55598807917652,48.15543133046455],[11.560042482960371,48.15763432327492],[11.560509956893558,48.15756472194124],[11.560633365147375,48.15751930469295],[11.560744085956022,48.1574842244246],[11.562108560700326,48.157211592510805],[11.562368003866554,48.15716401460363],[11.563760452570014,48.156947685004276],[11.563996098434881,48.15692810969136],[11.565744376629173,48.15678384495867],[11.566029869641225,48.156799897779976],[11.568112949394731,48.156770480176526],[11.568590855100702,48.15671355702441],[11.568760444777508,48.15669411459089],[11.570118452610757,48.15659532223517],[11.570603731569562,48.156516087202334],[11.570726138891446,48.15648014186448],[11.570852174623193,48.156443262184624],[11.575154260635713,48.15520710280323],[11.575355676701014,48.15515923873857],[11.575499809325404,48.15512561573836],[11.57607659505848,48.15502812290302],[11.576316572814074,48.155011854186114],[11.57682472059492,48.15495210560515],[11.578859378020226,48.154727785450774],[11.579287635999842,48.15468087796281],[11.579590788078823,48.15574280773034],[11.579846163813562,48.15768631073213],[11.579865098865787,48.157815005835914],[11.579888509391704,48.15795179213797],[11.580022980292553,48.15873769462091],[11.580053612463418,48.15891691489207],[11.58020297695353,48.1598683738482],[11.580229118203974,48.160028582416444],[11.580387482662182,48.160999241993906],[11.580399566347134,48.161076979917404],[11.579667188269886,48.1611355802731],[11.579826078250042,48.16212986710284],[11.579927646050933,48.16279718039982],[11.579939494943249,48.162874986609864],[11.579527634261208,48.16387956343425],[11.57950317657396,48.16396171395038],[11.579481580004954,48.164036849313895],[11.579077419083626,48.16646556074711],[11.579070922061852,48.16652756374128],[11.579053383789601,48.166675499152234],[11.579168014575359,48.16711324154166],[11.579316371409611,48.167110544835715],[11.581099958478609,48.16708705076919],[11.58132829535043,48.16709697351832],[11.582624129092215,48.16714449337582],[11.582629882155006,48.16776129057578],[11.582703915780419,48.16830441982707],[11.582859882850416,48.16887677753095],[11.583044681101411,48.169032202279006],[11.583149142694541,48.16932040255388],[11.582895751963559,48.17008124099463],[11.582740786510323,48.17090204962195],[11.582708959005352,48.171067338072376],[11.582425426728518,48.17229363860292],[11.582118401256306,48.17365325749421],[11.581634536780044,48.17627011677225],[11.583273760925199,48.176405621736514],[11.583981298583565,48.176464421307344],[11.584379563698164,48.17649666189605],[11.584967126011561,48.17654539537202],[11.585363379511971,48.17657853891721],[11.585274821354398,48.1775689241193],[11.585268340768867,48.1776414977755],[11.58485427366011,48.177634647093825],[11.583254225003305,48.17760827948969],[11.581187705822744,48.17757969181903],[11.58045737864061,48.177591333952904]]]},"geometry_name":"shape","properties":{"sb_nummer":"04","sb_name":"Schwabing-West","flaeche_qm":4363287.49516}},{"type":"Feature","id":"vablock_stadtbezirk.2","geometry":{"type":"Polygon","coordinates":[[[11.490938447593422,48.07407149688106],[11.490979423651934,48.07410158897664],[11.490855569833512,48.07417782763947],[11.490761155621877,48.074235915776825],[11.49072722716779,48.07425678913554],[11.490535871835759,48.07411698077559],[11.490586242786252,48.07408572442376],[11.490567987946847,48.0740722832523],[11.490224516070894,48.073819506961826],[11.490302392413685,48.073772275835836],[11.490645512059109,48.074023567670324],[11.490670879719145,48.07400864141229],[11.490771875852865,48.07394920575677],[11.490846356763178,48.07400387438415],[11.490938447593422,48.07407149688106]]]},"geometry_name":"shape","properties":{"sb_nummer":"19","sb_name":"Thalkirchen-Obersendling-Forstenried-Fürstenried-Solln","flaeche_qm":17763489.71034}},{"type":"Feature","id":"vablock_stadtbezirk.3","geometry":{"type":"Polygon","coordinates":[[[11.552008044010943,48.10675871251836],[11.551934720167148,48.10676075932499],[11.551933250335953,48.10674402425297],[11.551871211798737,48.10674531276994],[11.551871461598205,48.10674756211276],[11.551681701473024,48.106753388114385],[11.551659307513544,48.10671805571524],[11.55165908319214,48.1067129300522],[11.551655762984677,48.106645571174],[11.551647574302125,48.10664526901755],[11.551646458353261,48.10663456462254],[11.551600962880235,48.10663429411016],[11.55157435926278,48.106226763873835],[11.551627687363164,48.10622455059176],[11.551546867064518,48.10577675949602],[11.551540180115902,48.105712161302115],[11.551585588415637,48.10570919629896],[11.551553079319504,48.105603564246046],[11.551517921102754,48.105507725051886],[11.55146996573304,48.10538224377332],[11.551425232668251,48.1052878059001],[11.551379156905735,48.10519489870071],[11.55133064635827,48.105109004608984],[11.55130781395827,48.105064038742384],[11.551249550302296,48.10496992387486],[11.551178579264157,48.1048691061264],[11.551116057974742,48.104787564167474],[11.551014830363563,48.10466834179528],[11.5509171475248,48.10454977753336],[11.55074403081279,48.10460357398912],[11.55064207696412,48.10463553888009],[11.550290254191081,48.10474594340592],[11.550477163439805,48.10490634327105],[11.550485419150885,48.10491383970535],[11.550513268645057,48.10493777761084],[11.55052576345778,48.10495071275744],[11.54925728095526,48.10536764124511],[11.54896531425754,48.105474460823814],[11.548863588250073,48.105512879608945],[11.548053644773427,48.105723301949176],[11.547628761812673,48.1050026005355],[11.546937747106778,48.105175667087465],[11.546476184363765,48.10526171371637],[11.54623824809858,48.10529029304642],[11.545501019161344,48.10532217329869],[11.544898731257558,48.10541214147097],[11.54412289526324,48.10541688464617],[11.543708323296574,48.105195293887924],[11.54342742105219,48.105017404924276],[11.543176231921967,48.104742299152626],[11.542814663562918,48.104322250871675],[11.542610882697165,48.104118968781975],[11.542338118627413,48.10388811487457],[11.541671638793815,48.10338147099802],[11.541362599437065,48.103137678581646],[11.541267833580564,48.10300240438246],[11.541252436672687,48.102889662130025],[11.541296855510973,48.10221792517228],[11.541288423689338,48.101880441107255],[11.541201933481128,48.10188510200251],[11.541176799756265,48.101887343458024],[11.541171622267095,48.1019411075522],[11.54116655657845,48.10196712211343],[11.541161208893277,48.10199458259011],[11.541148974231788,48.102049017518766],[11.541141213225199,48.102083547114596],[11.541118671354383,48.102172229648566],[11.541074443643454,48.10232863117097],[11.540932186619427,48.1027793496366],[11.540893740982005,48.10290600091246],[11.540856448302922,48.10302394541859],[11.540862811566143,48.10303287369583],[11.540855102567296,48.10305672331947],[11.540848371344415,48.10307615579974],[11.540725466640263,48.103430227761045],[11.540702608581617,48.10350151690433],[11.540671986897475,48.10359669645043],[11.540639125072207,48.10372365689633],[11.540599771122169,48.10391612492323],[11.540594066808442,48.10395785773969],[11.540400951126554,48.10393424129852],[11.539206485690626,48.103782476978914],[11.537913609113671,48.10366246394112],[11.536389746624232,48.103562520441855],[11.536400618485924,48.10361750267956],[11.536404608780275,48.10363748632573],[11.536414375586709,48.10368824952425],[11.536412498652776,48.103687972448604],[11.536316803490141,48.103667378579964],[11.536265111238924,48.10365625142777],[11.536214680580585,48.103645399623574],[11.536146990858267,48.103630826754376],[11.536132283319223,48.10362766032632],[11.536049079386284,48.10360977052101],[11.536022397949742,48.10360403412602],[11.535868988386879,48.10357105359191],[11.535624631868728,48.103518541509246],[11.535655134444031,48.10357604533202],[11.53567691353196,48.103927870079794],[11.535679957926185,48.10397698126473],[11.535689213349016,48.10412701600799],[11.53558946410765,48.104400185850466],[11.53555792822027,48.104486763206644],[11.53529771190528,48.10519905172669],[11.534098480622182,48.10509215916836],[11.53364165858048,48.105051446281664],[11.53368353054852,48.10482842212982],[11.53357940597672,48.10483528927634],[11.533500885989858,48.10447853613639],[11.533519965765374,48.104477263131905],[11.533640489957588,48.1044693827925],[11.533654717878566,48.104351801101764],[11.533530931611972,48.10434797777927],[11.533538217100862,48.10425351026527],[11.53350290936228,48.104252468863734],[11.533314170112812,48.10424631159101],[11.53328103206308,48.10424401473466],[11.53314230284073,48.10423507233373],[11.533022358469848,48.10422585402397],[11.532856086437658,48.104213654120905],[11.532831669287896,48.10421186484422],[11.532755989806843,48.104205803697866],[11.532454606012633,48.10418273312344],[11.532112635319704,48.10415670908258],[11.531940186060206,48.10414351120329],[11.531775423470249,48.1041317812445],[11.531722973888767,48.10412680175748],[11.531473140993427,48.10410177607785],[11.531312948623624,48.104087305614975],[11.531259562431861,48.10408242844151],[11.53104113610001,48.104064046550896],[11.531022478173977,48.10406280211372],[11.53098457278723,48.10402328969567],[11.530981765101524,48.1040203642464],[11.530872937384261,48.10389481414947],[11.530769390013628,48.10376505711635],[11.530673106188392,48.103633261161],[11.530387936850014,48.103602764480804],[11.529473873272002,48.103940243954945],[11.529451207612167,48.103937184462104],[11.52925676693025,48.10390923604823],[11.529204345640004,48.103901019120464],[11.52909975192412,48.103884946829865],[11.528956896619446,48.10386637963345],[11.528709773066081,48.103830755268895],[11.528596734042678,48.10381671575175],[11.52845740968049,48.10379940999061],[11.528298619875278,48.10377951016754],[11.528149151784456,48.10376387601335],[11.528029488470555,48.10375169227283],[11.527998635890395,48.10374922661131],[11.527813515864882,48.10373461252703],[11.527811308126465,48.10374089940814],[11.527676417301551,48.10372397380872],[11.527447788895667,48.10369514793808],[11.527171901439848,48.10366046190345],[11.527033626707816,48.103642981953676],[11.526912265620883,48.1036277247107],[11.526669166389784,48.103597022879974],[11.52654414970951,48.1035813183918],[11.526536503157107,48.10358038795822],[11.526432477945662,48.103574207492],[11.526179275086534,48.103559030621724],[11.525949763740531,48.103545400755785],[11.5258198385969,48.1035376694552],[11.525693739458408,48.10352788241344],[11.525702517572293,48.10347486232911],[11.524601146059656,48.10343491828606],[11.524373249854508,48.103443211090394],[11.524130784055584,48.10345141244867],[11.522878973608673,48.10341286858049],[11.522424442424775,48.10340278522978],[11.52218735716363,48.10341629007557],[11.521910481956748,48.103411626695085],[11.5217773051042,48.10341261646131],[11.521020602100243,48.10335142132987],[11.520265860313446,48.10332528461213],[11.52006483129147,48.10331813263612],[11.519969316275207,48.10331362395454],[11.519863883303612,48.10330865345765],[11.519664060956536,48.10329136869737],[11.519465918292891,48.10326683757747],[11.519274064266053,48.10322590526041],[11.519090935638701,48.10316971955704],[11.519073414571118,48.103162809222596],[11.518917047794947,48.10310206004524],[11.518868171413175,48.10314503461751],[11.518799342001424,48.10319549037532],[11.518699531448467,48.103255897032575],[11.518492241071623,48.1033700488123],[11.518388746330777,48.103427268827],[11.518360098845609,48.10344684400661],[11.518262115555702,48.10351370763363],[11.518182827585584,48.10357641180921],[11.518113043590972,48.103642489634346],[11.518068841081337,48.10368763606326],[11.51804491649398,48.103748603487084],[11.518026696810562,48.103816790857614],[11.517989563886962,48.10400302497132],[11.517966463389957,48.10411887623533],[11.517955584711064,48.10417344620003],[11.517941482676024,48.10421745034903],[11.517914653797787,48.10425852664721],[11.51768366364167,48.1045096352095],[11.517526131510737,48.104546085799754],[11.515321775181688,48.10352871069005],[11.514455970758805,48.103113038824716],[11.514272638868114,48.10302424221602],[11.51354799205834,48.102619437116836],[11.512863054959496,48.10218376574102],[11.512152720006188,48.101684936732454],[11.512001639050593,48.101709037432656],[11.511978524372172,48.101710557976865],[11.511945062138722,48.10171293739553],[11.511632905298626,48.10173476587627],[11.511488107706452,48.10174447122687],[11.511314851998526,48.10175237193123],[11.511156817011987,48.10175361580874],[11.511001904090385,48.101747006178606],[11.510779642424273,48.10173363830307],[11.510570311995334,48.10172054789271],[11.510369450372139,48.10170544990167],[11.51029206925232,48.10169738841634],[11.510212651864515,48.101689138338585],[11.510191701165173,48.10168696165475],[11.510125196779596,48.10168005071028],[11.510168521752766,48.101232741402995],[11.510114484470591,48.10122567313873],[11.509596121807963,48.1011578634802],[11.509422796495043,48.101135088833004],[11.508968502081649,48.101067122644295],[11.508851498475469,48.101045744110706],[11.508858249794445,48.10089719518509],[11.508863356714414,48.10078056462652],[11.508863762913148,48.10069521196404],[11.5088672536074,48.100695227487876],[11.508844801382244,48.1006143602654],[11.508776746993133,48.1003701379811],[11.508767912251468,48.10033879854227],[11.508684338673286,48.10003838195842],[11.508668346248923,48.09998470577556],[11.508640054983559,48.09988429472552],[11.50862226248905,48.09982233744664],[11.508597529549705,48.09972859892455],[11.508585536225674,48.09967817721627],[11.508572755559642,48.0996259578168],[11.50852911776704,48.09950267352215],[11.508549395872958,48.099501594440895],[11.50856056853413,48.09947053510389],[11.508590812173123,48.099396851592424],[11.508593431255477,48.09938967070276],[11.508596050643453,48.09938257888611],[11.508631333859952,48.09928733865658],[11.508655290701448,48.09919806402444],[11.508659238873665,48.09916490309792],[11.50866624746917,48.09910702812089],[11.508656658134171,48.09904340519156],[11.5085086667812,48.09899491841645],[11.508321564185238,48.09906262416539],[11.508248427092722,48.09908534060829],[11.508171592402533,48.09910174740983],[11.508092403988913,48.099111580367726],[11.508007850763288,48.09911024069343],[11.507746440753088,48.099114178261004],[11.507579855862664,48.09911371166839],[11.507465705691192,48.099114210046444],[11.507425571296888,48.0991144033585],[11.50697546693294,48.09910731789905],[11.50694242102811,48.09912228391333],[11.506518646889326,48.09916271236826],[11.50635721773618,48.099068627440566],[11.506014061522746,48.099331659497096],[11.504887021230811,48.10024062379492],[11.504412314721408,48.10056867341479],[11.504120751144342,48.100751719269596],[11.503657210443642,48.10099240589705],[11.50311273544438,48.101268383680974],[11.502709001387128,48.10148563875933],[11.502313742839634,48.10172980234986],[11.50199380740695,48.1020110885975],[11.501740909477775,48.10232498078882],[11.501672679151984,48.10245037954785],[11.501567974783034,48.10266382310843],[11.501474562234916,48.1026164761124],[11.500939828277943,48.102345435099544],[11.500838379589684,48.10232557224808],[11.500823911165329,48.10232262914364],[11.500583005082355,48.10230344251414],[11.500564365090307,48.10230195699227],[11.500345708303058,48.10229559609393],[11.500315063221764,48.102270727992035],[11.500320242456263,48.10226265655421],[11.500312606523355,48.10226082344993],[11.500311238986296,48.102263425734485],[11.50029180481429,48.102245711668324],[11.500269251473641,48.10223140464131],[11.50000970042262,48.10209809506922],[11.500033260483704,48.102077336835144],[11.499997183598897,48.10205892864096],[11.499969691537173,48.10208317548093],[11.499973167816083,48.102084719440654],[11.499919932973528,48.102132056580444],[11.499639854517326,48.10215747854674],[11.499201540037868,48.10193514588002],[11.499128079388313,48.10189787330856],[11.499088865248744,48.101708107851024],[11.49920048398323,48.101610015521295],[11.495362716087195,48.09966417393111],[11.494573404358576,48.09926399825533],[11.494337376160658,48.09934831924914],[11.489994325012539,48.097510802540526],[11.48750800305463,48.09626912190023],[11.48737045387783,48.09620118377113],[11.487288639080596,48.09616944287026],[11.487159273045469,48.0961512388537],[11.48714278068836,48.09614891643094],[11.48702760682879,48.09613265800019],[11.487035954841247,48.09606335142156],[11.487032064203579,48.09606297408025],[11.486451156635047,48.09591554914366],[11.482147476530283,48.095392058691104],[11.482107098437412,48.09557770407607],[11.482029738873862,48.095636015314476],[11.482013908676167,48.09562146764059],[11.482007164616174,48.09562467628941],[11.482022995159722,48.09563931483587],[11.481983133283277,48.09565880564788],[11.481965567120564,48.09566739589568],[11.481954422993667,48.09567284024199],[11.481909013040225,48.095695022539104],[11.48183034524495,48.09573504480589],[11.48094288787025,48.09659422012134],[11.480676684561272,48.09649736420722],[11.480639751964464,48.096485060943984],[11.480558153074695,48.09665430473543],[11.480536112139536,48.0966973608336],[11.480251113802487,48.09728087769969],[11.480137820966783,48.097504757251215],[11.480108004223474,48.09756027955758],[11.479898693108233,48.097504551028955],[11.479868435927456,48.097496046269896],[11.479573943783354,48.09741325144394],[11.47930153512448,48.09730546515533],[11.478933217762822,48.09721019502212],[11.478673155283566,48.09711033068092],[11.478408397265516,48.097057851235775],[11.47715569589868,48.09672252555059],[11.476789269056821,48.09662768377432],[11.476328398759321,48.09652783727592],[11.476209289084247,48.096451944363864],[11.475660344977571,48.096276036007175],[11.475215003105614,48.09615090084549],[11.474769667092897,48.09602587001127],[11.474325090039255,48.09587841264823],[11.474242641279258,48.09585438196758],[11.473967940840996,48.09577418951892],[11.47393618388403,48.095665226579655],[11.473922145748132,48.09559581928089],[11.473912720177944,48.095390558082975],[11.474114275528095,48.09537494178391],[11.474110932035869,48.09536351895032],[11.474101469241067,48.09533119886952],[11.47409181758295,48.09529821790906],[11.474078702291916,48.09525391297908],[11.47394912780262,48.09481195972593],[11.47384310222892,48.09439529973605],[11.47382246145622,48.094298350688945],[11.473750337445226,48.09395780810965],[11.473613924262118,48.09356806468723],[11.473595782487171,48.093516453658],[11.473565622686133,48.09332502249051],[11.473532569856168,48.09311435934382],[11.473468102670754,48.09270373135777],[11.47301319322677,48.09185859433888],[11.473000283805444,48.09183416128453],[11.472935839591472,48.091714976591454],[11.472754526692173,48.09137777866852],[11.472502705677963,48.09090998980711],[11.472291888624337,48.09051890241822],[11.47222381085723,48.0903924928092],[11.472152065330356,48.09025921660175],[11.472074767681763,48.0901153181197],[11.472717619873857,48.08984248731028],[11.473041677429014,48.089693256593435],[11.473666876602095,48.0893727443336],[11.473981402973674,48.08921655476182],[11.474211080356703,48.08911717337825],[11.474342952703228,48.08907225154377],[11.474486826886983,48.089023152354514],[11.47475759927282,48.088943930592194],[11.474758417661388,48.088929813179334],[11.474760049804358,48.088902209209216],[11.474727299421936,48.08887678221387],[11.475024603982071,48.08881486699286],[11.47520145110867,48.08879037290133],[11.475269071054573,48.08878320718521],[11.475470004170026,48.08877226632566],[11.47578917981097,48.08876656832871],[11.476224315725458,48.08876744362419],[11.476345514554655,48.08876774203759],[11.476328687146014,48.08874616699294],[11.47628825699276,48.08869641992836],[11.476191388821203,48.08857697154666],[11.476095034372621,48.088461302841054],[11.475922436119816,48.088253805376965],[11.475717155324812,48.08802718433505],[11.475683767200813,48.087985287122045],[11.47555793577943,48.0878498271633],[11.475298372200726,48.08756560629866],[11.47525604829396,48.08751855588104],[11.475127893046325,48.08738695346804],[11.474961577738565,48.08721315682088],[11.47481763276982,48.087062095262816],[11.474724488883831,48.086984759452825],[11.47461682050123,48.086935890213724],[11.47451080604161,48.08689576183354],[11.47437765892746,48.08685684061165],[11.474040428328907,48.0867629421152],[11.473861005457971,48.0867138381515],[11.473842403553062,48.08670844958109],[11.473768899091834,48.08669040750848],[11.473739812784101,48.08668650177345],[11.473627962584905,48.086664332212344],[11.473425681565397,48.086439342186075],[11.473135515025415,48.086052169609566],[11.473093275281085,48.085995774917265],[11.472997673056089,48.085862752874625],[11.472974101880247,48.08582999324388],[11.472650141594313,48.08537951864589],[11.472493096358294,48.08519524048459],[11.472340812843939,48.08503098530446],[11.471871701478841,48.08452713874493],[11.471713905784489,48.084357316475355],[11.471672824694176,48.084304607074635],[11.471650203332294,48.08427221454028],[11.47149793078981,48.08408179467462],[11.471441084575268,48.08401031102988],[11.471403695937331,48.08395169679805],[11.471313475722962,48.08380995008875],[11.47129763117227,48.08378442645165],[11.471273746394028,48.083744295801516],[11.471235444354368,48.08368359475017],[11.471150291220427,48.083544975435906],[11.471145277569754,48.083536498377164],[11.471058705685135,48.08335251757462],[11.471002343010621,48.083259878128636],[11.470917135439489,48.08318034123683],[11.470922107461735,48.083179824852365],[11.471133526815807,48.08308943533607],[11.471360544123918,48.08299366911093],[11.47158780316206,48.08289792062402],[11.471815118155233,48.08280220826914],[11.47192848769653,48.08275424834417],[11.472042409020476,48.082706458187],[11.472269601664786,48.08261072146154],[11.47245868776556,48.08253120019244],[11.472553712853948,48.082491163171944],[11.472577306865174,48.08248120103799],[11.472589036972874,48.08247630913956],[11.472838070169843,48.08237144410669],[11.472872842081882,48.08235667116073],[11.473063810432745,48.08227633992803],[11.473188778661466,48.08222376586273],[11.473243522442456,48.08220054101756],[11.47325525262237,48.08219573722864],[11.472925847304067,48.08196200710311],[11.472840664395207,48.08200900297794],[11.472524283682386,48.08218343702827],[11.47246954816486,48.0822136176666],[11.472375118050174,48.082265690067274],[11.471942675599514,48.08180470331875],[11.472326335233507,48.0815927991796],[11.47254870563328,48.081419934461486],[11.472555049359084,48.081416635998764],[11.47292817490671,48.08122220748883],[11.473395945441347,48.08162558513703],[11.473018583842377,48.081821868172064],[11.473029677517646,48.08190475684929],[11.473369186805144,48.08214848983899],[11.473729120364474,48.08200014334789],[11.474014844579987,48.08188235344444],[11.474288883254772,48.08176948093097],[11.47455221783611,48.081660847893495],[11.47482680937973,48.08154773631998],[11.474975034014367,48.08148673550929],[11.475123150348162,48.08142561176773],[11.475235714534582,48.08137915505863],[11.475364179333033,48.08132622159847],[11.475626942991164,48.08121790070573],[11.475633006732616,48.08121531984562],[11.475896217946115,48.08110303138132],[11.476192009665615,48.080976927987116],[11.476350086839982,48.08090948815402],[11.476512375987667,48.08084017567484],[11.476739143807743,48.08074365004419],[11.476761648395932,48.0807341316403],[11.476784556669871,48.08072443536396],[11.47690772365298,48.0806723963388],[11.47700353515746,48.08063182034922],[11.477011079717796,48.08062870538943],[11.477114435996716,48.08058499454583],[11.477148931828935,48.08057039450677],[11.477222104672094,48.08053923352949],[11.477447925899904,48.080443155204485],[11.477560884332185,48.08039512563939],[11.477673809580468,48.08034708048148],[11.477899388947426,48.08025106136387],[11.478124986725362,48.08015496761732],[11.478350472012579,48.08005889744506],[11.478575820047942,48.07996300614708],[11.479213994153374,48.079691719000785],[11.479490383998382,48.079574069141835],[11.47965845672529,48.07950236700305],[11.479805250992662,48.07944003387824],[11.47997950273156,48.079366080616005],[11.480082797414136,48.079321834820334],[11.48009570658655,48.07931630482161],[11.480184000100307,48.079279268141136],[11.480691539135911,48.079064062766186],[11.481148209323885,48.07887076196464],[11.481438370231286,48.078747263486974],[11.481523449803246,48.07871125529393],[11.481895337009915,48.07855507891538],[11.482525522028405,48.07828445509246],[11.48268744280654,48.07821505446569],[11.483068613635268,48.07805138339019],[11.483156383432497,48.078013736661454],[11.48376055087375,48.07775434554036],[11.484139306226126,48.077591623807244],[11.484768724842112,48.07731998373552],[11.485105313724608,48.07717535904812],[11.485740222570934,48.07690292352958],[11.485898676987558,48.07683493584889],[11.485957290668463,48.07680975042169],[11.48610188747176,48.07674779684498],[11.486216297924615,48.076698661870616],[11.486303210513901,48.07666145956951],[11.486377733833907,48.07662887686326],[11.486390128091209,48.07662380629564],[11.486395786124007,48.07662149368587],[11.486488124215674,48.076581979168736],[11.486678839256042,48.076500747812],[11.486697423926621,48.07649257293469],[11.486740562359802,48.0764735960777],[11.48681278853432,48.07644297759672],[11.487002783857962,48.07636510762558],[11.487036462255034,48.07635140768421],[11.4864425060281,48.07536548685826],[11.486223625256764,48.075127877238394],[11.486113433010335,48.07494981127495],[11.486135520183845,48.07494311280852],[11.486161264893866,48.07493530398657],[11.486255752287157,48.07490662074946],[11.486314822342655,48.07488869470199],[11.486187710559944,48.074702108731316],[11.48580339228009,48.07421467093945],[11.487132102932927,48.07376951569864],[11.488007991022451,48.074962211862896],[11.486700925278297,48.07536161439659],[11.486646401935797,48.07537827784953],[11.487234616092069,48.076258581471855],[11.487256585530536,48.076248876421765],[11.487486013466723,48.07614800396397],[11.487493316744876,48.07615550213945],[11.487520821477258,48.07614339345334],[11.487621779637312,48.07609910052766],[11.487695054772447,48.07606695160256],[11.487706294025283,48.076062019286304],[11.487726502566135,48.07605383515677],[11.488006782972676,48.07594264969201],[11.488056389149659,48.075921746110374],[11.488282484933878,48.07582570146355],[11.488406868294591,48.0757728299814],[11.488536004867338,48.07571796398668],[11.488674287475389,48.0756592878527],[11.488806325298881,48.075603232130305],[11.488939725342188,48.07554653036892],[11.489066296819132,48.075492843212466],[11.48926925867424,48.07540686286442],[11.489316549556206,48.075386747653134],[11.489535382925778,48.075293802973455],[11.48955843207189,48.07528400838558],[11.489742691929045,48.075205705692866],[11.48994986841861,48.07511785385207],[11.489985047876953,48.07510299034367],[11.491610515662027,48.07441135342375],[11.49161384625886,48.0744137061135],[11.493146245148885,48.07376694903352],[11.493698422580765,48.0735307561455],[11.494722223329658,48.07309271739594],[11.496722267377558,48.07224661698052],[11.498866433681163,48.07133377536544],[11.500847010821735,48.07048833989369],[11.502398857011212,48.069811797190354],[11.502758775720947,48.06965486486899],[11.503563071152314,48.06929275376738],[11.50287947062461,48.068608963324245],[11.50273279854368,48.06810568119934],[11.502740765936084,48.068019369789056],[11.50277643482291,48.06762512554542],[11.503022476207484,48.06698537019217],[11.502843774101873,48.06694356985983],[11.502572974437458,48.06694635129641],[11.502893808880826,48.066210201075485],[11.50304483781931,48.06570070270554],[11.50367425340275,48.06546941156902],[11.50367622292336,48.0654597065809],[11.50381804580041,48.06468543934481],[11.503833280719393,48.06456509098894],[11.503917730835473,48.06390129486969],[11.504116568439192,48.06287066987999],[11.504208646092565,48.06239391219391],[11.505443514889713,48.062169059175325],[11.506239434499388,48.062076687614635],[11.50625340249163,48.062075221110845],[11.507183756027507,48.061871089642494],[11.508320393651768,48.06166919503622],[11.508764087892974,48.06162443606123],[11.51150300550473,48.06439760807307],[11.512819659817282,48.06406515325112],[11.512946825860771,48.06403307202094],[11.513346752322654,48.06393208889274],[11.514413911645168,48.06366260945091],[11.515608807592784,48.06336071019537],[11.515634817058826,48.06341982506926],[11.515700106617922,48.06359333664928],[11.515755067347953,48.06376095943499],[11.515964117730435,48.064569427315554],[11.516019445517328,48.06474960043205],[11.516105218852205,48.064959773414515],[11.516313312306867,48.065434681242536],[11.516464278183488,48.065404841476216],[11.516611592637448,48.06537552603584],[11.516679904541574,48.06554419285708],[11.516682397881397,48.06555022986065],[11.516746918528419,48.0657096892916],[11.516782720668724,48.06579797135113],[11.51681799687763,48.06588526614765],[11.516880292766146,48.066038866171795],[11.516947120723586,48.06620426398338],[11.517004754806738,48.06634580441571],[11.517014065246347,48.066368960054106],[11.517052778648397,48.06636157082925],[11.517163801355894,48.06634127166486],[11.517413392078245,48.066295702415346],[11.517574820535044,48.06626614921498],[11.517602569805778,48.066340728150834],[11.51762966731622,48.0664133382091],[11.517636604799186,48.06643198563597],[11.5176985293698,48.066597745161566],[11.518234350743805,48.06662252690051],[11.51822401983372,48.066770166850205],[11.518219111404866,48.066838141932564],[11.518217242309486,48.06686673538595],[11.518212782127994,48.06692967525223],[11.518785923616655,48.067055076799136],[11.518802513167438,48.067030323822706],[11.518834092219189,48.06697928190802],[11.518865014993414,48.06698768889427],[11.51893649352092,48.06700831634048],[11.519005790767467,48.06702831404252],[11.518943746887572,48.06712698396796],[11.518818336703315,48.06732626029507],[11.518838728015094,48.06732688287389],[11.52048116213308,48.067376467355004],[11.520610165240424,48.06736694122322],[11.521955601059641,48.06735349590671],[11.522119921157225,48.06734501632413],[11.522132442422718,48.06713583730731],[11.522261971623799,48.067131076599665],[11.522113557179797,48.06661866967935],[11.522102254101691,48.066534893650285],[11.522919390293332,48.06646412875703],[11.522960617144177,48.06646052446178],[11.52299710262381,48.06675585264818],[11.52307827931753,48.067417914996675],[11.523092384647775,48.067592821448265],[11.523097815147628,48.067659581608034],[11.523589465510254,48.06813257819937],[11.523887947273872,48.068372750756886],[11.524377394543759,48.068461484880885],[11.525187208975389,48.068369015963704],[11.525703616255546,48.06835039022116],[11.52621847020498,48.06833643029828],[11.526252818944284,48.06833558376266],[11.526261487187726,48.06847138894808],[11.526266729190185,48.068542711504655],[11.52627994041824,48.068748309659895],[11.526280956865607,48.06876854451132],[11.526283688276418,48.06880587023969],[11.526285709726922,48.06883429096284],[11.526286813222727,48.068845803930465],[11.526296810501917,48.06898727830318],[11.526739675823686,48.06898215038961],[11.52680850407273,48.068981355722386],[11.526960652297912,48.06897964711888],[11.527129160474857,48.06898027497982],[11.527153846402733,48.06898047044403],[11.527623571473676,48.06898231442351],[11.527630948561821,48.06898234369956],[11.52769278225329,48.068982230646164],[11.527763193498243,48.06898278265484],[11.52783334590829,48.068982929109204],[11.527961188425737,48.0689831957079],[11.528250871734441,48.06898383115323],[11.528254685852453,48.06905244966899],[11.528266039981412,48.06925269599653],[11.528266624304454,48.069262317298396],[11.528269980062984,48.06926206075454],[11.528318293628786,48.06925901385497],[11.528339786054028,48.06937532218538],[11.528380681517811,48.06958935265992],[11.528568964541554,48.06955802568619],[11.528577152399224,48.06960291281232],[11.528591884127094,48.06971140402604],[11.528611381895555,48.069706976869796],[11.528650762143123,48.06999789078916],[11.52866984264669,48.07013941148904],[11.528693746895176,48.070268223352386],[11.528722380557085,48.070422002208566],[11.528742628307747,48.0705107814642],[11.528754818923527,48.07054231106707],[11.528822464328096,48.0707166271578],[11.528838718749851,48.07075869660348],[11.528884680804135,48.07091232685271],[11.528918940952268,48.071094780758955],[11.528923287415228,48.07111782341044],[11.52896193134832,48.071364710854574],[11.528983677667323,48.07150038525425],[11.52899013091752,48.07154440804309],[11.529041007283393,48.07188263384031],[11.529052143765965,48.071939613186096],[11.529088555521357,48.07193328648105],[11.529137469400677,48.07201011841348],[11.529168918440728,48.0720038613932],[11.529176590747364,48.072015406014955],[11.529392873869993,48.072339950293156],[11.52956152385467,48.07259286025912],[11.529736190072404,48.07285438709916],[11.529847406673252,48.07301835417179],[11.52985268018073,48.07302880614902],[11.529871083353472,48.07305648348465],[11.529889352143341,48.07308380205814],[11.529864465929538,48.07309054004993],[11.529931538550725,48.07318046409585],[11.52996824910165,48.07322953664288],[11.529974733652207,48.07323927628528],[11.530003442892166,48.073282474845406],[11.530013764317664,48.07329762773203],[11.530052543951852,48.07335534853725],[11.530063790275745,48.07337230403732],[11.530161424730318,48.0735183202985],[11.530253822535135,48.07365689893669],[11.530271037598594,48.07368232499174],[11.530332210040816,48.07377365382502],[11.530483518223912,48.07399992354047],[11.53052828089326,48.074066932350725],[11.53072281221615,48.07435689001141],[11.53075961377941,48.074412079840094],[11.530781458133017,48.074444908130125],[11.531082312738485,48.07493793191878],[11.531086517445802,48.07494829132177],[11.531115819899629,48.07501973385339],[11.531243314840838,48.075331209433706],[11.531328185895779,48.07565073016643],[11.531527416583094,48.07614690253126],[11.53175452240398,48.07645429017442],[11.53213537475767,48.076834304233735],[11.53216125091997,48.0768216367426],[11.532228436618485,48.07688477349234],[11.532332153630826,48.076979252680374],[11.532343734574509,48.07699000185271],[11.532625674956876,48.077215699525446],[11.53275959179639,48.077307134111635],[11.53279852426684,48.07733453994507],[11.532823194454576,48.077350927355695],[11.532977257989852,48.077450889234775],[11.533015205193681,48.07746894710925],[11.53314267323962,48.077532422740134],[11.533274221125197,48.07758953662189],[11.533345471123361,48.07761987712777],[11.533414170673337,48.07766638387687],[11.533462947601455,48.07767548452236],[11.533504816156418,48.07767682111934],[11.533551813368058,48.077675031119526],[11.533594946707499,48.07766980723047],[11.533635823224897,48.07766133715021],[11.533672458995243,48.07766067460779],[11.533681559667853,48.077663319881886],[11.53370444539417,48.07766988736592],[11.533723813956186,48.07767985900925],[11.533707339017246,48.07769202518951],[11.533717348947341,48.077698091234666],[11.53372005048091,48.07769612315208],[11.53372522629199,48.07770261978441],[11.5337445707233,48.07771171735098],[11.533773721819365,48.0777254763525],[11.533779733063271,48.07772828876336],[11.533789606022953,48.07773435422524],[11.533800271687674,48.07772720302756],[11.533835773462776,48.077733192482334],[11.53385475681994,48.077740734144896],[11.5338581458108,48.07773688020575],[11.533941146697709,48.07774271234368],[11.533976006685636,48.0777455594179],[11.534039277463387,48.077752125585604],[11.534259616023453,48.07775358611134],[11.534364177108053,48.07774015700844],[11.53463259694037,48.07775193994516],[11.534739193120068,48.07775983853517],[11.534832091612994,48.077769227121706],[11.534964244838608,48.07778498439192],[11.535095314915361,48.077805938373146],[11.535291109863488,48.07784199797772],[11.535422560187932,48.07786123087122],[11.535555558881716,48.07787246439488],[11.535596362740408,48.07787164082242],[11.535642970770997,48.07786769543981],[11.535657979022535,48.07787027489939],[11.53576076652351,48.07788787190603],[11.535818801186537,48.07789728001082],[11.535869730456772,48.077905492593096],[11.535927611026093,48.07791580744524],[11.53605355527388,48.077937743635715],[11.536223685910558,48.07795334189575],[11.536307084491117,48.077959493767516],[11.536864472130533,48.0780014189248],[11.536887286809334,48.07800088072243],[11.536948348178031,48.0779995047706],[11.537090130744655,48.0779964173976],[11.537257295161242,48.07799262597688],[11.537510388340765,48.07798696976868],[11.5380801171743,48.07797024266885],[11.538486355530216,48.077959523964545],[11.539674486114103,48.077928180489764],[11.540612056875894,48.07790336985449],[11.541327107765468,48.07788444798327],[11.541362622306094,48.078039987096986],[11.541421045835452,48.07826059666797],[11.541487407667288,48.07848193121748],[11.541560774331598,48.07870076851067],[11.54164207348886,48.078918383715504],[11.541724534682656,48.07913681265297],[11.541836968604423,48.079405721857356],[11.541962223713291,48.07967774658769],[11.543332548415632,48.08235402836873],[11.543429762517158,48.082532287935294],[11.543641989753885,48.08289490552661],[11.54385297074186,48.08323987645139],[11.544012684656835,48.08348811506342],[11.54415947219782,48.08371338359468],[11.544277525428843,48.08388813312703],[11.54439099052815,48.08404946109817],[11.544584355646336,48.08432833203982],[11.54480802023985,48.084626522077116],[11.545258649536574,48.085200065454586],[11.545565284596755,48.08557377173713],[11.54596035159516,48.086028441363595],[11.547945054767426,48.088279391978446],[11.54857978449687,48.089006552616794],[11.54923500155005,48.08974935058327],[11.549871180983008,48.090475878033345],[11.54994592215701,48.09056808018404],[11.550079680197864,48.09074745090467],[11.55020554014405,48.09094290981606],[11.550319648149314,48.091155856235005],[11.550411634702815,48.09136390492111],[11.550432247535346,48.09141831332466],[11.55048513285495,48.09157664358736],[11.55051389919115,48.091693388070794],[11.550610177705037,48.09218325387018],[11.550578086255843,48.092183944121984],[11.550575575727294,48.092190235490925],[11.550558579565369,48.092232836962474],[11.550490427791548,48.09240358935502],[11.550483059766883,48.09241741014774],[11.5504964581601,48.092420522823815],[11.550485655762268,48.09244367972725],[11.550478214699867,48.09246604033909],[11.550450542796279,48.09253941088372],[11.550430165843954,48.092593440185766],[11.550421759278576,48.09261572415737],[11.550409401371514,48.09272530354513],[11.550419443456397,48.09272605591058],[11.550435401343133,48.09272725726528],[11.550453874649694,48.092728643900095],[11.55046360127986,48.09272937267431],[11.550486237822396,48.09277982468815],[11.550470488824141,48.09361159000579],[11.550454852017053,48.09434600974771],[11.550441127934556,48.09497017952883],[11.550434147553503,48.095260629555895],[11.550418789423974,48.095932854217835],[11.550372422799864,48.09647780252802],[11.550140984684804,48.09864100778687],[11.550085031697371,48.09918586448635],[11.550080015523477,48.09930159999125],[11.550076758659845,48.09936841397053],[11.550076193608504,48.099512911675575],[11.550076088351851,48.09957234750824],[11.550078119435739,48.09969528327705],[11.550078217337838,48.09976156566326],[11.550113984696656,48.0999302773023],[11.550126293987123,48.09998446787874],[11.550141266836892,48.10004269789086],[11.550321373149979,48.10069270078181],[11.550332524662759,48.10073616535092],[11.550346433821284,48.10077943550971],[11.550374366572942,48.100881693658806],[11.550401847405345,48.10098450801372],[11.550426664092676,48.101067962975996],[11.550449358600705,48.101134269913835],[11.550480575145256,48.10121620604473],[11.550543277676447,48.101364863003575],[11.550577605963124,48.10143651908719],[11.55061760863868,48.10150592291276],[11.550658492666804,48.101565611822465],[11.550695511324843,48.1016145412974],[11.550703708441961,48.10162314397117],[11.55081085443158,48.10176781645449],[11.550863579801131,48.10183658039023],[11.550918472880097,48.10190256436511],[11.55095768323309,48.1019469118896],[11.551046128868373,48.10203917326651],[11.551115367054352,48.10210497256921],[11.551192586792135,48.102172463407726],[11.551273764997294,48.10223820522984],[11.55135544159182,48.10230003619681],[11.551410909635608,48.10233995350304],[11.551510694866893,48.10240725863811],[11.551596071017729,48.102460043450854],[11.551695449312167,48.10251887776796],[11.551829021190475,48.10258480207289],[11.551969774491868,48.102655433654455],[11.552337584081299,48.10281173232485],[11.552369041669214,48.10282219430107],[11.552462870747744,48.102854481262504],[11.552514393714082,48.10287338904673],[11.552535145817231,48.10286456778887],[11.552551130050778,48.102863822911665],[11.55266674529669,48.10290880753132],[11.553381133997231,48.103201202007895],[11.55386826446795,48.10352153409419],[11.553980450544541,48.103602140187064],[11.554066552761846,48.10366880171149],[11.554151450924623,48.10374032906519],[11.5542374722887,48.10381700251677],[11.554349843707467,48.10392058767737],[11.554441087460798,48.10401614586413],[11.554524585235196,48.104111266210076],[11.55461549550236,48.10422547189832],[11.55473420422257,48.10438118410182],[11.554768850204258,48.10441397677701],[11.555066597459051,48.10463886475181],[11.555128903450926,48.104679455055816],[11.555052263576572,48.104713775127614],[11.554947676423303,48.10476061401949],[11.554274024514292,48.10506227790452],[11.554372480086887,48.10512208872316],[11.554343960876775,48.1051434804794],[11.554232190318507,48.105085779761865],[11.554035106415853,48.10517514696769],[11.553741494891877,48.10530827144062],[11.553695151947121,48.1053292855372],[11.553959917710074,48.105436113875086],[11.554004033823128,48.10545985386345],[11.553936629288552,48.105457337916434],[11.553684914743274,48.10539373355963],[11.553616686355427,48.10536630053888],[11.553391182598226,48.10546824875781],[11.55305777057883,48.10561787953528],[11.553055367423735,48.10562338843321],[11.553046714062962,48.105623411636444],[11.552990251388152,48.10564845925199],[11.552571635461414,48.105838226730775],[11.552336150380915,48.105944960269504],[11.552456175536532,48.106332836575206],[11.552470589282644,48.1063902607605],[11.552480587784133,48.10647760777346],[11.552351823885287,48.10656668542024],[11.552274022769458,48.106570174445984],[11.552276565135225,48.10660229201806],[11.552273612613147,48.10660192123079],[11.552270788917356,48.106602360997776],[11.552268361860891,48.106603430806565],[11.552266735581819,48.10660504429332],[11.552266047541321,48.106607020243295],[11.552266698660977,48.10660945142389],[11.552268966376438,48.10661134819053],[11.55227244996108,48.10661235053143],[11.552275808851201,48.106612273186535],[11.552277528619001,48.1066471759176],[11.55226933136075,48.10664759563397],[11.552271364598724,48.10666127416555],[11.552277811798891,48.106661298250145],[11.552279354556845,48.106669578097026],[11.552271158698266,48.10666972784305],[11.552272249443547,48.106683852924185],[11.552279774816476,48.10668343014319],[11.552280244041926,48.10669143691418],[11.552273391917678,48.106691591890254],[11.552275586344882,48.106718042169206],[11.552259162365518,48.10673821891112],[11.552066313480156,48.10674284817562],[11.552066742034329,48.10673970195734],[11.552007382746398,48.106741621156104],[11.552008044010943,48.10675871251836]]]},"geometry_name":"shape","properties":{"sb_nummer":"19","sb_name":"Thalkirchen-Obersendling-Forstenried-Fürstenried-Solln","flaeche_qm":17763489.71034}},{"type":"Feature","id":"vablock_stadtbezirk.4","geometry":{"type":"Polygon","coordinates":[[[11.669638565394981,48.15871073330754],[11.668368650992406,48.158907250688046],[11.667017079412526,48.15918205112326],[11.666988784148876,48.158835582268445],[11.666976745993974,48.15770969147687],[11.666983712881105,48.157335132654644],[11.66700797014355,48.1566304989341],[11.667023316819918,48.1561007881205],[11.667007724211004,48.155698260838065],[11.667044281471284,48.155653939932854],[11.666990975909979,48.1555549371565],[11.66696002489235,48.15533282286662],[11.666944288134655,48.15519745961708],[11.666963511645811,48.154986156668315],[11.666978730447438,48.15437047094319],[11.66698785417206,48.153977177502284],[11.66699514082006,48.153657290161895],[11.667052950989858,48.153096485802834],[11.667026835912287,48.15283568470263],[11.666941603229548,48.1524211629427],[11.66686387775487,48.152115941097684],[11.666718363265838,48.15171593516915],[11.66660858361982,48.151338716506864],[11.666538563048897,48.15109818310167],[11.666403684527037,48.15077361930126],[11.666282710445287,48.15042348864384],[11.666095392485197,48.14986169800992],[11.665884757782168,48.14919037013027],[11.665731072951937,48.148700750515054],[11.665620258308502,48.14834717822179],[11.665395290012722,48.14767065363094],[11.66512076411993,48.146774423985164],[11.664961307780889,48.1463039031816],[11.664945187752618,48.146167870868894],[11.664927901524047,48.14611448989889],[11.66490624329093,48.14611766931993],[11.664823141377887,48.14585592041632],[11.664793686197296,48.14567569597214],[11.664885341785,48.145493215891506],[11.665089035418212,48.145093435311956],[11.665141839200027,48.144970838502175],[11.665183809485319,48.144798452368555],[11.665190996717515,48.14460411734913],[11.665163679527764,48.144336965682264],[11.665150684935023,48.14420590152936],[11.665088292508354,48.14400770751639],[11.665063649992494,48.143956376031795],[11.664932139815182,48.1436910426016],[11.664613862926512,48.143127329767786],[11.664543163525675,48.142994203887994],[11.664529406396912,48.14283786300415],[11.664616786222899,48.14233600210911],[11.66456186956012,48.14232899975959],[11.664535552098549,48.14232559178182],[11.66434086023704,48.14230083948548],[11.664357951752493,48.142172719699985],[11.664372349157489,48.14206635843477],[11.664374044762425,48.14205359139993],[11.664353401073276,48.14188021950908],[11.664282161967135,48.141717592465454],[11.664051481612214,48.14126554952264],[11.66387176561293,48.1409134753582],[11.663820815800886,48.14081357595365],[11.663693159084215,48.14056442280619],[11.664203253080656,48.14056060177083],[11.664587343293046,48.14051834774372],[11.66500727416362,48.14043893039601],[11.665295674357154,48.14037783348544],[11.66545466755397,48.140344999229825],[11.665319795241903,48.14026683829146],[11.664555076297608,48.13987619202218],[11.663767207041024,48.13947367202582],[11.663519991236374,48.13934751676091],[11.66354595238818,48.139343189529434],[11.66307276076121,48.13915581327639],[11.663066024303744,48.13915347611805],[11.66282746936899,48.13903321831599],[11.662594619791278,48.138916264103266],[11.66258524154768,48.13891007761828],[11.662354723180986,48.138758028775165],[11.661885928800285,48.13833445018111],[11.661629264873946,48.13825793868268],[11.661336524513427,48.138131473213754],[11.661200734911754,48.13806354147551],[11.66110276266916,48.13798620415395],[11.660779157237197,48.137823549695945],[11.65967740643418,48.13726087277726],[11.659199208927717,48.13701660668429],[11.658478960536916,48.13665395415344],[11.658274096382995,48.13655083567236],[11.655773579465869,48.135293922908886],[11.654487501317925,48.13456404349934],[11.653652526710928,48.134123951540104],[11.653743132544319,48.1338534317646],[11.653784046389225,48.13351958655663],[11.653819579737844,48.13343180952087],[11.65389247735737,48.133458024378925],[11.65403931185127,48.13305412125412],[11.654335718142024,48.13223993716619],[11.654404685050393,48.1320555087798],[11.654425077570862,48.13200088915735],[11.654660596863124,48.13137051204706],[11.65469462396864,48.13128483276335],[11.65488068488755,48.13079632923934],[11.655063281530163,48.13031684409116],[11.655101924632051,48.130303112370385],[11.655054787097576,48.13024326562483],[11.655119477748672,48.13009417456967],[11.65512786720832,48.130104901530295],[11.655179993829702,48.1299858195804],[11.65522708321098,48.129935432537344],[11.655247367689821,48.12991517511649],[11.655258814499465,48.12991062471567],[11.65546801954416,48.12958655670082],[11.655661018449395,48.12932033522664],[11.655698173806853,48.129269006138045],[11.655979151821553,48.12897073949625],[11.65630791003708,48.12869558527191],[11.6563275773242,48.12864762799033],[11.656365618439345,48.12860512415408],[11.656419583840579,48.128570666046514],[11.65646742035581,48.128547695291196],[11.65652897542438,48.12851810498048],[11.656412167723254,48.12835914178362],[11.655796408507452,48.12751497537847],[11.655032715314913,48.12631236071418],[11.654145212953475,48.12497691994933],[11.654085883899004,48.12484528117755],[11.65400674433563,48.12467587741972],[11.652719960819827,48.12270844907686],[11.65283009474346,48.12258530181306],[11.651813161282995,48.12113751274734],[11.651752888036116,48.12105752168612],[11.650725292725875,48.11964000277281],[11.650017519734433,48.11987588487518],[11.650003902563112,48.11985799695185],[11.649918949219582,48.11974644331208],[11.649801207974289,48.11959164210955],[11.649741535782814,48.11951474585067],[11.649436479643066,48.11919484449423],[11.648495043943981,48.11774219622528],[11.648132868208195,48.11719757430392],[11.647760029566976,48.116639072843284],[11.647344817410271,48.11598149593361],[11.646598983801907,48.114703239050584],[11.646456009656935,48.11445819326486],[11.645087042389184,48.11497109039341],[11.644248427392542,48.11524633873877],[11.643691911429066,48.115083163630686],[11.644350606254244,48.114682613728775],[11.646094635253643,48.11355295886862],[11.647304891172952,48.11281621946982],[11.648238856763019,48.112203805604715],[11.64876136548908,48.11187658105632],[11.64913300693417,48.11164657054781],[11.649585969953018,48.11112484023367],[11.649949623460847,48.111129330380834],[11.651026868752204,48.111146034874956],[11.651349064028581,48.11114582232406],[11.651458782226237,48.111145808690424],[11.651464312419217,48.11114204849843],[11.651480627359039,48.11113193863216],[11.6514982785066,48.11112291187184],[11.651516996535607,48.111114878155576],[11.651536782047295,48.11110792744986],[11.65155723040161,48.11110223825963],[11.651578476680847,48.11109772018498],[11.651600118375109,48.111094462601336],[11.651622288529913,48.11109246603592],[11.651644448907707,48.11109181939936],[11.652059509013574,48.11109151308341],[11.652059187174633,48.1108668005172],[11.65285870950278,48.110866229721694],[11.653053287584966,48.11086613936351],[11.653316481008973,48.110866004778735],[11.653499194270951,48.110865871955724],[11.653682077678791,48.110865807794326],[11.653865024467757,48.11086561770357],[11.654047742088242,48.110865517198846],[11.654230467188883,48.11086532714946],[11.654413225043665,48.11086522513265],[11.654690187408326,48.11086503278986],[11.65469005078632,48.11080656930437],[11.654885576515282,48.11080641254021],[11.655080287305664,48.11080616360743],[11.655080296078708,48.11072665391266],[11.657549749814278,48.10944228687811],[11.65783398378568,48.109442402733],[11.657834065596887,48.109349677667645],[11.658070113845215,48.10934987603167],[11.658070139650048,48.109260656102656],[11.658306256600234,48.1092608136971],[11.658306319487322,48.10917161720147],[11.658542369657587,48.10917181634501],[11.658542434872293,48.10908262069226],[11.658778620284684,48.109082766727724],[11.658778683704787,48.10899354411927],[11.659014868317962,48.10899368248651],[11.659209831456996,48.10899382108355],[11.65940479912693,48.108994021330915],[11.659599896802867,48.10899413725356],[11.659727992225987,48.10899413549595],[11.661137997672412,48.10847244094837],[11.662713601493698,48.107123411043716],[11.662787974711762,48.107070122286366],[11.662862130354656,48.10701577225422],[11.663063618465168,48.106865419621265],[11.663072252749544,48.10685896754349],[11.663317492456583,48.10662147130548],[11.665129107842034,48.10543776013197],[11.66614706046024,48.105057886346266],[11.666074589801982,48.10497046185499],[11.666053676042516,48.104945222803025],[11.666045414293219,48.10493575607692],[11.666022129086171,48.104907811466006],[11.666889760449493,48.10448120780941],[11.666867444502136,48.104453591782956],[11.666839743383106,48.10441916239751],[11.666068045605167,48.103462759616086],[11.665915722556655,48.10327405474256],[11.665806976756185,48.103139722116495],[11.665685933053147,48.10299809937751],[11.665614465394547,48.102921729729786],[11.66557646141885,48.102881054278285],[11.665459427628855,48.102771187795284],[11.665408126720815,48.102726533335805],[11.665340278826921,48.102667455677064],[11.665279395095627,48.1026127126834],[11.66522320769503,48.102562119449765],[11.665199735334975,48.10253849898695],[11.665121450207474,48.102459613028415],[11.664997216986364,48.10229469649607],[11.664926587028175,48.10218547392027],[11.66488822439804,48.10207545753145],[11.664878999566698,48.102028397533374],[11.664864967779081,48.10195686365192],[11.66482267074321,48.10187635233375],[11.664801491665516,48.10185111470895],[11.664774312448683,48.10179887722869],[11.664812166076375,48.10179272777184],[11.664850504606417,48.10178649956466],[11.66492875245442,48.10168501933225],[11.66497566497728,48.101530663815566],[11.66503980520278,48.101251766571366],[11.665066912901436,48.10115632839114],[11.665054324116765,48.10103459678233],[11.66507466674283,48.100935395134584],[11.665105722054214,48.100928745588874],[11.665476092385928,48.10084635997816],[11.665542330336784,48.10083673775053],[11.665611283359576,48.10082667814234],[11.666258846994095,48.10073237740891],[11.666376009077002,48.100715251199006],[11.66655866217174,48.10068871825372],[11.666635707632723,48.1006715838922],[11.666826612935612,48.10062907087274],[11.667017673876728,48.100586560217955],[11.667208629604062,48.100544047187874],[11.667399402004019,48.10050147600974],[11.667682584332542,48.10043843237445],[11.667757762071622,48.10042174375653],[11.667939074049869,48.100385765685466],[11.668131665975721,48.100347458389926],[11.668324524362593,48.100309113984714],[11.668337565947445,48.10030645345709],[11.668608170050991,48.10026372140956],[11.668719476580312,48.1002462411732],[11.668954185132863,48.1002091366597],[11.66902180149224,48.10019843030369],[11.66919257708788,48.100162911080815],[11.669429147518912,48.10011386775739],[11.669652205119966,48.10006757386145],[11.669770521222558,48.10004300742598],[11.669846500370104,48.10002659123842],[11.670036244132623,48.099985504454885],[11.67022545145077,48.09994441453272],[11.670332764364295,48.09992107515636],[11.670411616992771,48.09989774783651],[11.670593947254124,48.09984380240152],[11.670776011347401,48.09978978278202],[11.6709889646622,48.099726644715474],[11.671117274104555,48.09968861367205],[11.671222984132804,48.099662928049774],[11.671460638656304,48.09960515685328],[11.671755671057905,48.09953343043051],[11.67200962808388,48.099471592285745],[11.672245241138212,48.099414327656675],[11.672267964119898,48.09940872667235],[11.672394206602636,48.09937770320444],[11.672634710033075,48.099318553142766],[11.672753029490787,48.09928937201949],[11.672828243374942,48.09926476810665],[11.673018614965434,48.09920273761122],[11.673208869667103,48.099140663628106],[11.673378656577693,48.09908535547638],[11.673399091907692,48.099080018078],[11.67359391913482,48.09902922227468],[11.673788796902825,48.09897842406178],[11.673983671655385,48.09892744562421],[11.674177634438644,48.09887466507895],[11.67437146241321,48.09882188284394],[11.674465073628843,48.09879634280757],[11.67456670028567,48.09877217717956],[11.674763131753695,48.09872544334046],[11.674839914174223,48.09870704983289],[11.674958392522043,48.098675468329226],[11.675152740226585,48.09862356706849],[11.675347091786898,48.098571566407564],[11.675460883070283,48.0985413092177],[11.675542913103325,48.09852229358326],[11.675739573102597,48.09847707251383],[11.67593669618533,48.09843167025066],[11.676133704914326,48.098386271211545],[11.6763298422555,48.09833884327656],[11.676525851987916,48.09829139638313],[11.67659682884532,48.09827424376975],[11.676720418163553,48.09824006053561],[11.676915583254324,48.09818619453001],[11.677014686101423,48.09815884534198],[11.67703796503971,48.098149822871555],[11.677075376332972,48.09813508288647],[11.677119094960508,48.0981179778205],[11.677156953730554,48.09810316439007],[11.677196368790963,48.09808774598573],[11.677248992314839,48.09806721105221],[11.677488199227312,48.098000987785326],[11.677730173028516,48.09793412541991],[11.677965281544196,48.09786903509674],[11.677972139747784,48.0978673454882],[11.678213914846822,48.09780578120346],[11.678216471681477,48.09780488834952],[11.678450297884314,48.09772396330437],[11.678498719581869,48.09770718981813],[11.678695403670693,48.09766168774628],[11.678943054533427,48.09760445420384],[11.679004355519275,48.09759014335889],[11.679088249701058,48.09756978056107],[11.679263603849476,48.09752718392011],[11.679441396246423,48.09748387415741],[11.679540624893827,48.09745581798581],[11.67981401482665,48.09737851999266],[11.679899422332666,48.09735438887543],[11.680087316560645,48.09730041987239],[11.680360754559524,48.09722195959141],[11.680524042128217,48.0971751148181],[11.680730560048971,48.09713980577615],[11.680967356145475,48.097099263442324],[11.68087295349329,48.09695194789574],[11.680936800235706,48.09693764226481],[11.681191522559057,48.09688068954812],[11.681806012501136,48.09678445079751],[11.682210182335831,48.09673497604083],[11.68269131958332,48.09667584378406],[11.682935012571436,48.09666575135577],[11.682963923776056,48.096806295538855],[11.68310300339206,48.09678294159826],[11.683656074373935,48.096777021003156],[11.683686019000023,48.09677673511234],[11.683753293036776,48.09677600241799],[11.683987723664183,48.09651003310013],[11.684089048871048,48.09639504467867],[11.684118774759526,48.09636139705721],[11.684470727994016,48.096028028396255],[11.68473582877548,48.09571718866016],[11.684934943132019,48.095509034221884],[11.685050493366887,48.095424810636636],[11.685440414626683,48.09517122085182],[11.685636226267402,48.095024866633835],[11.685800804013605,48.0948741109822],[11.685972829229502,48.094700479591246],[11.685980260055276,48.09469249723434],[11.686008357552467,48.09466380465351],[11.686196262043943,48.094473299880306],[11.686276421987591,48.094354338797224],[11.686315020815506,48.094297058274186],[11.686623922539741,48.09403550402152],[11.686707184284263,48.093965045387066],[11.686916060811429,48.09375503123405],[11.687108262498858,48.09354327883185],[11.687308831012423,48.09358922841984],[11.688137744933444,48.09377920852696],[11.689061052917104,48.094006742066036],[11.6888800005242,48.09492710424915],[11.689288710627832,48.09508088935768],[11.690069605740701,48.09541493385277],[11.69091800304819,48.09573557048591],[11.69194740869515,48.09612613003217],[11.692619506534175,48.09638686177086],[11.693558234342257,48.096751169304085],[11.693853521581818,48.096904459203806],[11.694210668882905,48.097110889391544],[11.694250870268034,48.097121334183846],[11.694290268257822,48.09713159625433],[11.694637685578149,48.09722263681665],[11.694878619732984,48.09722669097265],[11.695425173246665,48.09728651043679],[11.695534164525283,48.09731234291056],[11.695663050285768,48.09731518422406],[11.696187353013173,48.097277647334856],[11.696639641475771,48.097432993547294],[11.696841748757105,48.09755131343619],[11.697117847300031,48.0977731756475],[11.69753583201641,48.09798918121139],[11.697562461852138,48.09800292562337],[11.697663631623334,48.09805509100084],[11.698509124263323,48.09843831461679],[11.698966844142868,48.098634113611745],[11.698980626829988,48.09864215161108],[11.698995236724667,48.09864623529646],[11.69900595129276,48.09865075876032],[11.700086046521673,48.09912621648939],[11.700191870206782,48.09917279217875],[11.701411449402292,48.099583537468305],[11.701433017795074,48.099591150871596],[11.701468384094744,48.099603928520786],[11.701492229242895,48.0996123584692],[11.702442117464873,48.09995085570362],[11.702466621688862,48.09996003837832],[11.702701063166222,48.10004790052251],[11.703324859934854,48.10030850360499],[11.703749756561411,48.10035128231133],[11.704113171776049,48.10041089307665],[11.704370171510085,48.10046098107072],[11.705062262123873,48.100785772243874],[11.70536788334268,48.10094329279884],[11.705407775274114,48.10096380896854],[11.705479919036621,48.10100104410322],[11.70584663720418,48.10118647216571],[11.705925255379158,48.10122112677731],[11.706099937147114,48.10129821661267],[11.70632691821417,48.101392604351474],[11.706928897222415,48.101609886748285],[11.70714787680938,48.101688999140755],[11.707497708718313,48.101807444023166],[11.707746366681233,48.1018911104344],[11.708184489464466,48.10205420571277],[11.70847440618338,48.10214627805762],[11.70891199212539,48.10232738574377],[11.709342959556102,48.102571895608236],[11.710120101325325,48.10313154111079],[11.71056444312674,48.1034388147],[11.710976350879852,48.10372252678844],[11.711430993897011,48.10409596437595],[11.711607206079231,48.10424065479907],[11.711826401360463,48.10437832998927],[11.712315269673644,48.104677174101454],[11.71232610888158,48.104683405723954],[11.712419956673823,48.10472994802164],[11.712483681340341,48.104761758320045],[11.712495465015225,48.10476781105088],[11.71270469465627,48.104869476497456],[11.712723995412455,48.104900641709186],[11.71275935138565,48.10496728689943],[11.712782602820885,48.10501114778232],[11.712805188633515,48.1050535675913],[11.712823787761193,48.10508860144972],[11.713061510157312,48.10557476784708],[11.713072396537038,48.10559673597087],[11.713082990831959,48.10562274934384],[11.71309386050092,48.105671694179144],[11.713104076673533,48.10571731165657],[11.713205815367559,48.106169183573094],[11.713208427837435,48.10635030048011],[11.713208504645618,48.10636073736613],[11.71321111894395,48.106542576773016],[11.71321266152568,48.10664818166663],[11.713227806328517,48.106721965521295],[11.713247523187349,48.106816360383505],[11.71327001913723,48.10692426051948],[11.713275701795778,48.106941725645385],[11.713382644928927,48.10711460606481],[11.71348930889659,48.10737120863364],[11.713593583609166,48.10762132863555],[11.713673473656355,48.10781341742119],[11.713794574831953,48.108103896520035],[11.713810607411055,48.10814233005948],[11.713882695982578,48.10828933630133],[11.713917533615414,48.10837495867138],[11.71399450767481,48.108564389711994],[11.714022620396214,48.108633804332136],[11.714023806719323,48.10863821505891],[11.71407642725817,48.108849528203486],[11.714094157487429,48.10892098690399],[11.714112152764066,48.10899316548405],[11.714147901297906,48.10913680220727],[11.71418383139283,48.109280438225575],[11.71419844036199,48.10933875696583],[11.71420323285499,48.10937294805693],[11.714210984856592,48.10942811575846],[11.71421873616728,48.10948319349446],[11.714231916883518,48.10957651620654],[11.714302998312442,48.109818210495426],[11.714351135285689,48.10998177306498],[11.714400241591038,48.110149369044045],[11.714418538478483,48.110211828788934],[11.71443777734843,48.11027740030335],[11.714438304787304,48.11027919915391],[11.714446080430061,48.11030546347748],[11.714543336962727,48.11066156431144],[11.71454557306988,48.11066993277646],[11.714551761522754,48.1106921593703],[11.714555446367308,48.110705836661715],[11.714574914599464,48.110778811764206],[11.714586405763873,48.11081940860403],[11.71458795331994,48.11082488425853],[11.71459437745009,48.11085313670511],[11.714588071959245,48.11090060496334],[11.714585415131088,48.11091966365448],[11.714583163464836,48.11093710480779],[11.71458303014352,48.11093809325119],[11.714582468884238,48.11094240850983],[11.714581073340522,48.110952028073385],[11.714579250792779,48.1109657824594],[11.714580951328939,48.11097388014324],[11.714587491782217,48.11100546093654],[11.714592338301227,48.11102858486554],[11.714610909264028,48.11111721356777],[11.714425394705328,48.11108095067282],[11.714271791753143,48.11105341813429],[11.714112259318812,48.11102973004611],[11.714056150093645,48.11102590470999],[11.714021517781877,48.11102357025638],[11.713935741608982,48.11101778074798],[11.713916621830867,48.11102708402527],[11.713884170365649,48.11104301002304],[11.713863427174608,48.11105330185521],[11.713431645517696,48.11126538710115],[11.713058443486391,48.11146351733691],[11.712947530641385,48.1115223981877],[11.712610713626825,48.111744697389575],[11.712497896535295,48.111819155293226],[11.712266229184175,48.11199000124287],[11.712137043445834,48.11208526475594],[11.712126119720114,48.1120933285869],[11.712110071290603,48.11210524405525],[11.712056402092404,48.11214466165039],[11.711941777523492,48.112228969605354],[11.71189121015459,48.11226608324354],[11.711822474819112,48.112310077513136],[11.711747672373663,48.11235791682213],[11.711686752640173,48.11239688098162],[11.711574618730204,48.11246856930855],[11.711487014281532,48.11252458945431],[11.71144402108218,48.112552016669326],[11.711225812727548,48.11269161354121],[11.711163678768525,48.112731289938985],[11.711059852270292,48.112805294797326],[11.711035042263083,48.1128229444782],[11.710900066518162,48.1129190774965],[11.71089723506729,48.11292113831308],[11.71076227762105,48.11301737331189],[11.710733028084674,48.11303816547608],[11.710702144497265,48.11306326939786],[11.71063403687686,48.11311876928367],[11.710507668051305,48.11322142924934],[11.710381298724597,48.113324089083854],[11.710325867485084,48.11336918834196],[11.710285002766158,48.11340236145104],[11.710240379970713,48.113433547376054],[11.710190758427936,48.11346804827459],[11.71010956661805,48.11352549337544],[11.709974303971974,48.11362147548242],[11.709839100573788,48.1137175460092],[11.709821576659088,48.11372991257798],[11.709666087682743,48.113825840693096],[11.709491823424523,48.11393332421349],[11.709321591217924,48.11403838813289],[11.709133254524744,48.114141965893495],[11.708985066425146,48.114223979852774],[11.708984917499484,48.114224060749386],[11.708911537355835,48.11423313503671],[11.709019188303033,48.11431346179169],[11.709030556171626,48.114321946073744],[11.70913152016382,48.114397577794826],[11.709296043080556,48.11452059300889],[11.709464772679528,48.11464685332992],[11.70979830085932,48.11489640213891],[11.709860084516992,48.11494269443945],[11.709884424056403,48.1149607389558],[11.710333241193839,48.1152956705159],[11.710624656193048,48.11551318333862],[11.710683234862762,48.115556864916506],[11.710234343568013,48.115657384671465],[11.710117614376417,48.11568334007651],[11.709979513816663,48.11571229844671],[11.709721195993712,48.11576648682648],[11.709231452641935,48.11586920018502],[11.708916655253162,48.1159351254329],[11.708717635079315,48.11597688473672],[11.708591089918373,48.11600452959478],[11.708262601015331,48.11607625759398],[11.707925947644805,48.116149819314174],[11.707765780039987,48.116184828260806],[11.707605528858181,48.116219836253656],[11.707284596385517,48.116289939087125],[11.706964151157035,48.11635994585077],[11.706881857990425,48.11637790486731],[11.706729099954897,48.11641151127185],[11.706463794082705,48.11646883624725],[11.706002171164059,48.11656892674701],[11.705738735687824,48.11662620326525],[11.705584764791558,48.11665969454364],[11.705212842712928,48.11674040031057],[11.705148865518318,48.11675435078699],[11.704990263884115,48.11678882585552],[11.70482890066216,48.11682294373595],[11.704660543688238,48.11685891773894],[11.704429769279312,48.116908309940364],[11.704241384285131,48.11694848017171],[11.704018711859861,48.1169960530072],[11.703840403619983,48.11703410831369],[11.70366209623842,48.117072184916864],[11.703534481670367,48.11709947502316],[11.703406058922043,48.11712683350087],[11.703119745545568,48.117188002403886],[11.70293132159386,48.11722915847922],[11.702561202034849,48.11731000393883],[11.70233135273724,48.117360225843946],[11.702030980378249,48.11742578906589],[11.701720613702841,48.11749312169065],[11.701503269658751,48.11754068573935],[11.70135882580765,48.11757232665119],[11.70125139492486,48.11759595051694],[11.701010625213632,48.11764843319543],[11.700662669244405,48.11772432956793],[11.700532899226175,48.11775270448402],[11.700405005221647,48.117780596933635],[11.700152204300837,48.11783579738098],[11.700075562228767,48.11785252175595],[11.699895269630948,48.11788885032947],[11.699748337264174,48.117918404363785],[11.699727901606877,48.1178758199594],[11.69961856570542,48.11790006834755],[11.699606057574352,48.11790291063201],[11.698950160835793,48.118049014967745],[11.698767375405588,48.11799537547112],[11.698691746347828,48.117973135928466],[11.69846375246916,48.11797016739691],[11.698333622151475,48.11802349905192],[11.698094568186853,48.11812141155527],[11.698037216756024,48.118144910407445],[11.697960890719557,48.11817620282445],[11.697688523760716,48.11830271103164],[11.697676536773296,48.1183087072862],[11.697523550174536,48.11834178844759],[11.69703219282526,48.11844770238043],[11.696709147298112,48.11851753085896],[11.696674985988997,48.11852498889331],[11.696583611016296,48.118531321265955],[11.696423570695455,48.118542254949],[11.696416123688305,48.11857577576701],[11.69640039981219,48.11864703808696],[11.695299321198739,48.118887785938504],[11.69488405509399,48.1189786902134],[11.694724425876764,48.119013637627326],[11.69403999786935,48.1193468259687],[11.694058796128196,48.11936330496913],[11.694072351158491,48.119375245063495],[11.69408451675163,48.11938579965428],[11.694130509832547,48.119426030862684],[11.694139334798818,48.11943378803144],[11.694145618870714,48.11943929050248],[11.69460771290109,48.119843568129816],[11.694754216497703,48.1199718425888],[11.694823313344862,48.120032268360596],[11.694788611433973,48.12003982039332],[11.695022175907837,48.12025025288463],[11.695119016811384,48.120337549818],[11.695124493267885,48.12034250970875],[11.695158051131463,48.1203252422105],[11.695360834488321,48.120221099413094],[11.695696639061527,48.12004832259773],[11.69606175875851,48.11986061174059],[11.696355584998221,48.12011822362906],[11.696363596619795,48.120125350063034],[11.696559198138562,48.120296819188766],[11.696885052009854,48.12058272529309],[11.69700368670315,48.120686760870875],[11.697076904507837,48.120751003580956],[11.697226603922388,48.12088224030288],[11.697376101526114,48.12101343208117],[11.697567450329029,48.12118116530285],[11.69746126132758,48.12124157021178],[11.6971039170231,48.121444907978734],[11.696755273134466,48.121643040984395],[11.696555320524954,48.12175663610924],[11.696356734605006,48.121869579725015],[11.696258452767248,48.12192536180599],[11.696160170103681,48.12198113212325],[11.69596607997274,48.12209137086279],[11.69577258433631,48.1222014549439],[11.69567702262688,48.12225572217948],[11.695581595128587,48.12230998978322],[11.695391816755633,48.12241784622055],[11.695350695570324,48.12244119941617],[11.695203868385587,48.12252468310136],[11.695017945038577,48.12263022051743],[11.694833314242965,48.1227352018103],[11.694650823169075,48.12283894305147],[11.6944644440614,48.12294490506011],[11.69443372332152,48.122962262344025],[11.694186457244443,48.12310200132518],[11.695012617292582,48.12371032707911],[11.6959288499632,48.124385140139616],[11.69643263618233,48.12438682722112],[11.696506846599974,48.12444073069264],[11.697145416607874,48.12491147039325],[11.697740791387137,48.12534813775613],[11.698546492680332,48.12486653458537],[11.698699656935068,48.12477503522949],[11.699239358624855,48.124452307116684],[11.699281686432284,48.124427235234826],[11.699329681076566,48.12439848670414],[11.699341815647552,48.12439123248752],[11.699387118622466,48.124364182146756],[11.699492810581448,48.12430106436663],[11.699598344339156,48.124238035687775],[11.699648618325448,48.124207858537],[11.699809457757674,48.124111509954574],[11.700041918045029,48.12397264499553],[11.700292066372853,48.12382312656364],[11.700505375030039,48.123695958537695],[11.700585873425664,48.12364785244851],[11.700675540707527,48.12359420023065],[11.700845675691907,48.12349256116291],[11.701050735179296,48.123369924972934],[11.701256276667786,48.12324688835595],[11.701461818649573,48.1231241356916],[11.701672371033462,48.12299833321268],[11.7018830091919,48.12287231506805],[11.702093794272612,48.12274632456612],[11.702243666604966,48.12265668756342],[11.702457761133848,48.122528721716726],[11.702539061833335,48.12248009505998],[11.702702593004968,48.12238241117706],[11.702904066429607,48.12226197865341],[11.703104492146245,48.12214226508105],[11.70320596491108,48.12208155743109],[11.703305012976424,48.122022281670475],[11.703405850221841,48.12196202070759],[11.703505617471983,48.12190247589511],[11.70360685595572,48.12184203344369],[11.703706054473217,48.121782645811805],[11.704010727969136,48.1216004087766],[11.704221317362748,48.12147413726278],[11.704249215114904,48.12145766173319],[11.704272260059994,48.1214440511799],[11.704514735528369,48.12156849309209],[11.705214242979887,48.12198151428411],[11.705660878507372,48.12220928253463],[11.705867627687034,48.12229856017458],[11.706111188515504,48.122373672687104],[11.706328025215472,48.12242802781135],[11.706668934550791,48.12247821220443],[11.706991394973956,48.12251530273343],[11.707092269872883,48.12251286828831],[11.70711214889148,48.122512380806626],[11.707126953171663,48.122506753566306],[11.707300978074096,48.122441009058285],[11.70742164334219,48.12236640838997],[11.707417663630048,48.12238078846191],[11.707391322960778,48.1224764930407],[11.70764611790081,48.12257695320231],[11.707947885590073,48.1226959741325],[11.708063802345858,48.12274160642622],[11.708555163282426,48.122935356058754],[11.708626607184499,48.12296342321984],[11.708740183273688,48.12279777572348],[11.708852880518634,48.12263329249305],[11.70930731008167,48.12297102718952],[11.71060949910771,48.12394160625652],[11.710688261036262,48.12400036013581],[11.710718347982178,48.12402274356344],[11.710737752676259,48.12403457512615],[11.711977479639883,48.122990441699464],[11.711993678924097,48.122976811285334],[11.713266192352789,48.123797859794294],[11.713595116984886,48.12400998526596],[11.713944958892792,48.1242606032921],[11.714127513417202,48.12457648501149],[11.714446357834955,48.125127992111345],[11.714544263789843,48.1252971463519],[11.715149680840533,48.1263431435973],[11.71556708155761,48.12710229399247],[11.716169081623773,48.128174607691356],[11.716161670328184,48.12817908765276],[11.71606206990899,48.12823929814806],[11.715171881643034,48.12877747396038],[11.715388412794509,48.128937564719976],[11.715317868959158,48.1289925246225],[11.714521698122098,48.12960791547903],[11.714017668960942,48.12938342559351],[11.713688957316272,48.12923704973429],[11.713647281381387,48.12921813612764],[11.713396217491379,48.129106652171565],[11.713389476344702,48.129110593330275],[11.711840973731865,48.12999045579951],[11.711767939176198,48.130032093062354],[11.711705281444637,48.130067641018904],[11.711782433879296,48.13010579236709],[11.711868835810161,48.130147474755695],[11.713105270276351,48.13074852104386],[11.714086081110903,48.13122541201755],[11.714375341040842,48.13136591754597],[11.714193375371332,48.131576275766406],[11.714129862518982,48.131638534435595],[11.71374443071632,48.13201676770197],[11.713378159466965,48.132352058949046],[11.712627245779853,48.13304289718453],[11.712538533508196,48.13312425106074],[11.712264988868787,48.133384259924746],[11.712302252557416,48.13339525105815],[11.712363057652196,48.13341318880191],[11.713379142606225,48.13371350606763],[11.714459064611159,48.13403264034884],[11.714840023575706,48.13345352961745],[11.715016582674028,48.133185131111894],[11.71527135096295,48.13279790025599],[11.716373656465352,48.1331240295067],[11.71642287748765,48.13313853637942],[11.7169899333994,48.133306281111494],[11.71731048215297,48.13340114319022],[11.718052714819176,48.1336205799498],[11.718875030536063,48.13386382181399],[11.71985924381136,48.13415499069038],[11.719918936001404,48.13417258277786],[11.720444333379868,48.134328095110234],[11.720457311206838,48.13433194841248],[11.720135217491007,48.13481837495722],[11.71970395203942,48.135470465132485],[11.719687023639148,48.135495691691084],[11.721313024977505,48.136287469535404],[11.722900703956649,48.13706084746879],[11.7229096985185,48.13710951986214],[11.722445395603662,48.13748213237879],[11.722168152816023,48.13770469813424],[11.72172870652712,48.13805652054707],[11.721456291417274,48.13827424884123],[11.72063949788048,48.13892962446389],[11.720463453864893,48.139070487812454],[11.719014482872401,48.13832830100689],[11.717859105507863,48.13773626041094],[11.717800711343875,48.13775130132028],[11.71565948648695,48.13830591269264],[11.715056965535917,48.13846192856926],[11.715007853249077,48.13847466827306],[11.71494555488054,48.13849070341818],[11.714336688408657,48.138770977605986],[11.713877974745435,48.13910944531576],[11.713828168734755,48.13914621133723],[11.713785990363778,48.13917736767413],[11.71370010859284,48.13921425990932],[11.713658521166952,48.139232178680224],[11.713642567136898,48.13923904863607],[11.713587421994383,48.139208103393386],[11.713418016433932,48.139113062297994],[11.713349739847288,48.13916478735913],[11.712556004622208,48.13977169935123],[11.711757782723115,48.14038137417437],[11.7116514396549,48.14046259101318],[11.711496377763893,48.14058119043261],[11.710838887311592,48.14108372912339],[11.710026786320256,48.14170494516387],[11.709991289329155,48.14173201657007],[11.70997738867358,48.14174259424731],[11.70995579300624,48.14175917792982],[11.70992029728337,48.14178624928356],[11.709977701289192,48.141782169329744],[11.709998807520552,48.1417806941339],[11.710023998978242,48.141793350270895],[11.710219450564127,48.14189105703754],[11.710668418337926,48.14211544695349],[11.710864852509852,48.14221363872749],[11.711021838494522,48.142292094576476],[11.711085603496455,48.14232406491352],[11.711181198070067,48.142371753010416],[11.711228880315957,48.142395619540586],[11.711248027424475,48.142405206686206],[11.712594084271299,48.14307858434443],[11.712794030348935,48.143178652369095],[11.710950525529816,48.1446130450446],[11.712808889527949,48.14528367862071],[11.71325128061287,48.14544335856046],[11.713333556339764,48.145433132191094],[11.71329860538493,48.145460476042125],[11.713262718501412,48.14548835308172],[11.71322763857432,48.14551559827933],[11.712587893757522,48.14601281699663],[11.711709911245096,48.1466945104665],[11.711675756521794,48.14672140670418],[11.711637428069883,48.14675090022922],[11.711602479988196,48.146778153501856],[11.710842813612585,48.14736866431381],[11.710322776140128,48.14777278429686],[11.71032236011774,48.14779645448977],[11.710320987925472,48.147874857196676],[11.710270893540567,48.14789374835619],[11.710056641203677,48.14797526393542],[11.710033666371844,48.14798404194619],[11.709699720455625,48.148113597071244],[11.709408807936864,48.148076062671194],[11.708574448858457,48.14796895571887],[11.707550280779895,48.14783928357847],[11.706683559886178,48.14773060788241],[11.705559399079002,48.14758635805096],[11.704131708469045,48.14740062108575],[11.702933763005452,48.14725167611261],[11.702859248478186,48.14731074990652],[11.702766218676897,48.1473846301277],[11.702653596765202,48.14747398812836],[11.702593727720725,48.14743785883103],[11.70266013056529,48.147368514960014],[11.702723563261001,48.147302398355066],[11.702791314720178,48.147232063478754],[11.701322777336918,48.14703456019391],[11.700490320289017,48.14693439351829],[11.699509747676547,48.14681247971489],[11.6989781473079,48.14674270649223],[11.69861935581345,48.14669569745001],[11.698551911441934,48.14675775702698],[11.698530284121372,48.1467776649407],[11.69840621285816,48.14689163105592],[11.69834842068556,48.14686736687138],[11.698468945523166,48.14672003751425],[11.698499957297457,48.14668225676747],[11.697577727082546,48.146561827916635],[11.69721735909531,48.14652001280338],[11.69569690657118,48.14633213656084],[11.694868661609629,48.146218721079464],[11.694639851766802,48.14621398551566],[11.694637972482774,48.14621371017509],[11.69458266802551,48.146205188997016],[11.693642426767445,48.14606164285078],[11.692682358141107,48.145938445818544],[11.691674543791821,48.14581101127591],[11.691482485668459,48.14597101972923],[11.69141519771179,48.14594043841269],[11.691484585907075,48.14586617576034],[11.691551132515388,48.1457952198481],[11.690488931365149,48.14566515865487],[11.690267609515008,48.14563713291689],[11.689828358770779,48.14557537333028],[11.688874067328836,48.145448858992026],[11.688177601212303,48.145357820530236],[11.687928508861932,48.14532838509638],[11.6874544571154,48.145267035856165],[11.687060988786754,48.14521605206519],[11.686915005259289,48.14519746166276],[11.686447615316295,48.14513794099292],[11.685750275533815,48.14505109325013],[11.685193022977257,48.14498128296179],[11.68497782704293,48.14495441303983],[11.68481104058642,48.144933637454734],[11.684517881784068,48.14489699959222],[11.68372975847737,48.144791812499115],[11.683508021854033,48.144832394345265],[11.6834820601262,48.14483619071658],[11.683417428103347,48.14484820865358],[11.683311448112027,48.14486791857676],[11.683063477905657,48.144912563180725],[11.680874349381844,48.14463297428691],[11.679199958194037,48.14441869749214],[11.678163127805565,48.14428494235779],[11.678167033961515,48.14430599934474],[11.678240673009912,48.144708242468205],[11.67827858059152,48.14491584375906],[11.678364868064712,48.14538711534547],[11.678454190871296,48.14587318980024],[11.678456143465338,48.14588399048868],[11.67853554574993,48.146317727924654],[11.678539178637761,48.14633797154695],[11.678633572203289,48.14685398816882],[11.678741673559726,48.147446002648124],[11.678764420670369,48.147571403105815],[11.678850258877402,48.14804397769107],[11.678895854823454,48.14829314392724],[11.679033619870523,48.149045717075985],[11.679038164290908,48.149070545504216],[11.679039205092687,48.14907594253749],[11.679130454398447,48.14957836124456],[11.679175658895314,48.149827775807864],[11.679229227101489,48.15012318300617],[11.679312919962069,48.15058219135431],[11.679406859634662,48.151097911766946],[11.679595536233448,48.152132506381115],[11.67960307693221,48.1521740794798],[11.67961543198358,48.1522410298555],[11.67978049147938,48.153137869147365],[11.679801830264202,48.15325391454821],[11.67847491659107,48.15397912515197],[11.676935798903745,48.15481969410153],[11.675277879496722,48.15572699495371],[11.674679984025815,48.15605395011142],[11.67463802405396,48.15607677975847],[11.674579202877059,48.15610909359855],[11.674531450342643,48.156135223587206],[11.674494355741752,48.156155442943366],[11.6739256385611,48.156466583646605],[11.67422042856068,48.15671269260951],[11.674023252872745,48.15671365598339],[11.67403445407582,48.15675002341885],[11.674043813503793,48.15677991107239],[11.674028712507695,48.156787872246994],[11.672106551588119,48.15781262724247],[11.672047732148842,48.15784395533797],[11.67149819460726,48.15813659300252],[11.670927435907185,48.158453954884706],[11.67076772764294,48.15852265118831],[11.67062679835458,48.158556415892896],[11.669680867882128,48.158715709490224],[11.669678793795654,48.15870446160114],[11.669638565394981,48.15871073330754]]]},"geometry_name":"shape","properties":{"sb_nummer":"15","sb_name":"Trudering-Riem","flaeche_qm":22453921.62629}},{"type":"Feature","id":"vablock_stadtbezirk.5","geometry":{"type":"Polygon","coordinates":[[[11.460566599863315,48.175020836552896],[11.46072315563383,48.1755444624082],[11.460789889349195,48.17599605893447],[11.460749112800007,48.17652644153082],[11.460186492537995,48.176363211795106],[11.459560479180036,48.17617836328203],[11.459422949831483,48.17613764115279],[11.458787557601482,48.17595001364337],[11.456755280891294,48.17542731328513],[11.454309338229278,48.174938955443885],[11.45426208392123,48.174958739794356],[11.453284106812681,48.17477626577614],[11.452667860086718,48.17468587687489],[11.45213844465045,48.17459160412525],[11.451773453242435,48.17448201849155],[11.451401180656406,48.174379858204475],[11.450637996418394,48.17421150988762],[11.449871274185707,48.174050194469814],[11.448722755609424,48.17383091994567],[11.448624591429644,48.17380927871775],[11.448522105831188,48.1737852236173],[11.447901684344307,48.17431033159168],[11.447513483870313,48.174578633979195],[11.44689401088974,48.17493173466699],[11.446209433428495,48.17522146188085],[11.445470389566513,48.175450748955534],[11.444457768212256,48.1756460804847],[11.443685366749682,48.17570844196741],[11.443239513035394,48.17570335369437],[11.442796675094653,48.17565181046319],[11.441888558193002,48.17539601268773],[11.440574480645303,48.174973446407584],[11.439838743464824,48.174821865777965],[11.438969718021673,48.17478156976594],[11.437535823704383,48.17474742295165],[11.437548420257638,48.17470481201197],[11.437607763535128,48.1744964305894],[11.437699018415968,48.174175994458665],[11.437795539671976,48.17392427071314],[11.437877733585976,48.173783499643015],[11.437988983127507,48.17361551799475],[11.43805534770652,48.17355740274951],[11.438055754479613,48.173557045002084],[11.438255483103013,48.17343013009693],[11.43859041111095,48.173225446441236],[11.438841128545354,48.17307460633275],[11.439104517414,48.172870581422025],[11.439314106767139,48.17257705878649],[11.43933458854582,48.172548570524455],[11.439451406626953,48.17231760955654],[11.43943111838487,48.172303660057516],[11.439410562199091,48.17228961996782],[11.43916564937839,48.17212172745571],[11.438208853615734,48.171466997821575],[11.438193655805762,48.171455593522964],[11.438179811020635,48.17144347577353],[11.438167722449087,48.17143046685803],[11.438157117885565,48.171416925268225],[11.438148400982552,48.17140285323518],[11.438141571696196,48.17138824986052],[11.438136493336089,48.171373296202106],[11.438133432694213,48.17135817195307],[11.438132255492688,48.171342967242026],[11.438132960386048,48.171327682097626],[11.438135679700203,48.17131249726681],[11.43814027915733,48.171297502877955],[11.438146755188777,48.171282878962785],[11.438154290173307,48.171269878272746],[11.438163432586077,48.171257245669835],[11.438173913746509,48.171245158714136],[11.438185732585064,48.171233708305856],[11.438198888783688,48.171222802673654],[11.438213244542078,48.171212712876454],[11.43888209567302,48.17077572192193],[11.439836143992114,48.17015220308178],[11.439886249347378,48.170119628606045],[11.439947324867456,48.170079729940014],[11.44013198607567,48.169959041404525],[11.44014403922657,48.1699505586903],[11.440152241580787,48.169925420033785],[11.440096270899902,48.16991875557076],[11.440146511246013,48.16987035905446],[11.4401887278755,48.169818590506274],[11.440222377591784,48.16976407782338],[11.440262587224414,48.16968836730315],[11.44029244226499,48.169632155434606],[11.440380252027163,48.16946667300955],[11.44030117619955,48.16939700457652],[11.44006740436081,48.169191005506704],[11.439613547555519,48.16881679404599],[11.438441049253617,48.16806878017272],[11.438408865565174,48.16804847228642],[11.438380129086939,48.168032498353476],[11.438222221802185,48.16794361595026],[11.437698522716298,48.16765028767057],[11.437424624722762,48.16748913310098],[11.437198465318277,48.16733194271156],[11.43698563135643,48.16718559140516],[11.436772766034414,48.16703931865224],[11.43665098714723,48.16695506285472],[11.43639350399103,48.16675115726889],[11.436249172766665,48.16661816398314],[11.436057552132572,48.16645655159248],[11.435903986241174,48.16632628118185],[11.435869892465364,48.16629755064267],[11.435736767851495,48.166185308299994],[11.435446973708535,48.16599990313698],[11.43512436306776,48.16576871464447],[11.434942672740114,48.16557617586323],[11.434852182677973,48.16546653348289],[11.434708674269203,48.16529048247414],[11.43461509651565,48.16516909661136],[11.434527464483573,48.16504578780745],[11.434346429084183,48.16480408543085],[11.434289957841365,48.164722399572796],[11.434149982054452,48.16456871986077],[11.43401426538481,48.16446172038935],[11.433879429651652,48.16437451168749],[11.433839537826287,48.16431359672544],[11.433805627258959,48.164258650153876],[11.433787915581783,48.16412607814348],[11.433773297456673,48.164099290909],[11.433791317723156,48.16406156640201],[11.433934188729273,48.16376240425537],[11.433822690325005,48.163705661630964],[11.43376383997469,48.16366490659696],[11.433725403397665,48.16363818755989],[11.433235882732376,48.163288385169245],[11.433181157778968,48.16324037209809],[11.433028595403206,48.16310669971489],[11.432924956806348,48.16303415785173],[11.434082355261243,48.162402406563594],[11.43460058163373,48.162119685554345],[11.434924737051343,48.161942832133406],[11.435179251665243,48.16180325006728],[11.435605647348487,48.16156936946438],[11.436267647344954,48.16120619413912],[11.436617398237095,48.16101430205675],[11.436825322872492,48.16090029911642],[11.43701284483322,48.160797535001215],[11.437210404379138,48.16068901406273],[11.437231092722612,48.16067777955623],[11.437414454441745,48.160584599341],[11.437618875027077,48.160480840428676],[11.43782350826458,48.160376761710694],[11.438203442013343,48.160183832804634],[11.4384774050389,48.16004456835604],[11.438732858199572,48.15990634313429],[11.438892089422023,48.159818499221224],[11.43909919460905,48.15970333168186],[11.439305538668297,48.15958744750161],[11.439510992303362,48.15947064427966],[11.439715272694379,48.159352970317144],[11.439918450809609,48.15923444750718],[11.44012041505221,48.15911484968118],[11.440321308170617,48.15899452112928],[11.44052073121168,48.15887304653492],[11.440719222398975,48.15875080047729],[11.440916258994104,48.15862784805534],[11.441112451949017,48.1585038010844],[11.441306808616849,48.15837896769475],[11.441500490300974,48.15825316485251],[11.441692564598766,48.158126524851966],[11.44188330683554,48.15799904004913],[11.441964180356964,48.15794425622118],[11.442072710679208,48.157870718683256],[11.442261318408239,48.15774142596187],[11.44237274606295,48.15766392687736],[11.442448317628662,48.15761135731864],[11.442576587569075,48.157520931767124],[11.44263384471786,48.157480580944444],[11.442818572642286,48.157349646699906],[11.442845403228265,48.15733035256167],[11.442830077392538,48.15731768469485],[11.44293321135893,48.15724219607591],[11.443038378804397,48.15716518847232],[11.443253109031941,48.157013809429515],[11.443464770011628,48.15686156938356],[11.443632837156061,48.156740623059804],[11.444068904153566,48.156428607825994],[11.444491149242864,48.15613457296649],[11.445016761277092,48.15576839272342],[11.445875397080462,48.155182151900384],[11.446271919709261,48.15491963127708],[11.446465608571707,48.154794387497844],[11.447120119022294,48.15441232079243],[11.44733545804273,48.15428654413139],[11.447357103436138,48.15427387471887],[11.44759745729192,48.15413115166563],[11.448558396522518,48.15368165346015],[11.448895446467215,48.15359103712757],[11.448962205665179,48.153582237502256],[11.44928025151507,48.15353988919238],[11.449341126968147,48.153529891213005],[11.449555768575262,48.15348817224609],[11.449978465436901,48.15339950366095],[11.450375594351545,48.15331574645639],[11.450493562664642,48.15329275092688],[11.450640179157936,48.15326481165812],[11.451174748818785,48.15314807213325],[11.451513088486303,48.15305683749111],[11.451626021280807,48.153025069181616],[11.45180915498284,48.152992922681186],[11.451978765735737,48.15295839307504],[11.45200677287626,48.152952953519886],[11.452175629361387,48.15292040575054],[11.45218722160684,48.1529170450396],[11.452435380335016,48.15287028890832],[11.452448546641193,48.15288285134475],[11.452687784777751,48.15283505960521],[11.452726989774034,48.15282724199799],[11.452735070655221,48.1528259321311],[11.45293116101369,48.15278765498881],[11.453559267638463,48.152668963631335],[11.453416655563123,48.15220191167968],[11.453276361285416,48.151693124804375],[11.452013514216416,48.15164256405799],[11.451674959881954,48.1516023570848],[11.451537887823726,48.15156572252449],[11.451173387801333,48.15155352651147],[11.449801968467831,48.151278996510186],[11.448729056386364,48.15105201141932],[11.448702916992662,48.1510463088242],[11.448610144489018,48.15102625335704],[11.448189524006798,48.15092725870008],[11.44755737894506,48.150731533929466],[11.447113503541061,48.15057852008559],[11.447038812559077,48.150553073564076],[11.44657476310514,48.15036924508],[11.446105096303446,48.15015620137336],[11.445801818597687,48.15000558541208],[11.445652272820372,48.14992165582594],[11.445518154200087,48.149846977623895],[11.445427983254826,48.14979643890128],[11.445190045469362,48.14965568395118],[11.445044749074508,48.149569797871735],[11.444702155192537,48.149337234787026],[11.444607806229449,48.149273183198325],[11.444305448397023,48.14903948193056],[11.44428491835037,48.14902355529654],[11.444250519903008,48.14899740257172],[11.444203854639403,48.14896193264001],[11.444089054386122,48.14886733710093],[11.44407641752852,48.148855494870816],[11.44403463476818,48.14881787667798],[11.4438427412902,48.14864489788269],[11.443921715919506,48.14863582058823],[11.443580993555928,48.14825881964793],[11.44327848586761,48.147853458891234],[11.443086927527931,48.14759756916146],[11.442823602238146,48.147245590380436],[11.442759150073236,48.147264259337405],[11.442752408524308,48.14726621126366],[11.442646008593899,48.14710104460816],[11.442372575012657,48.14667646646819],[11.442360870227379,48.14671607100909],[11.442182156311416,48.14641510549506],[11.441877618621044,48.14590250916598],[11.44177268838492,48.14573730865036],[11.441718618386833,48.14562979639018],[11.441661525110414,48.14551622623083],[11.441647549820567,48.14551660696413],[11.441640140004427,48.145518638715075],[11.441627216704603,48.14549815267386],[11.441615442934712,48.1454794795579],[11.441524348082375,48.14531961198977],[11.44152369746184,48.14531763099576],[11.441496037113259,48.14522965039329],[11.44140547283702,48.145082249665705],[11.441388436348939,48.145054552862945],[11.441337081148172,48.14496894466554],[11.441207416071267,48.1447571214909],[11.441078197660666,48.14454550822328],[11.440961166579415,48.14435467010053],[11.440833917077494,48.144145831941536],[11.440730270322025,48.14397565257205],[11.440624936355219,48.143803192009585],[11.440506311259442,48.14361163866346],[11.44040560644537,48.14344839231998],[11.440299541518668,48.14327532613248],[11.440193644142353,48.143102120418824],[11.440135148412748,48.14300658217294],[11.44010651076888,48.142958411369094],[11.44000971482818,48.14280116238611],[11.43991676095478,48.14264925381608],[11.439838060232978,48.1425214571972],[11.439713179700194,48.14231517413851],[11.439586721062126,48.14210669029141],[11.439252889917304,48.14155498261581],[11.4392369215111,48.141600389235016],[11.438881254403995,48.1410204590031],[11.438724408366813,48.14076478229814],[11.438589380563453,48.14054040640472],[11.438482287595198,48.14036288570926],[11.438376918675685,48.14018814194325],[11.438283180449192,48.14003283489795],[11.438184180307283,48.13986582168569],[11.438240757431089,48.13969818751487],[11.437868072657755,48.139093887411434],[11.437542651973107,48.13856673397944],[11.437434193274239,48.138385498162336],[11.43741339792652,48.138353302414295],[11.437394029194373,48.138323326753984],[11.437353781044493,48.13825656821033],[11.437352197234054,48.13825395194912],[11.437195923481472,48.1379982006915],[11.43701787208507,48.13770712229001],[11.436858545071066,48.13744856412924],[11.43671102249551,48.13720738482956],[11.436691078191267,48.137174830776814],[11.436546412013813,48.13693841261953],[11.436376278733736,48.136660501870296],[11.436864857735229,48.136373443966306],[11.437168019675495,48.13619558585733],[11.437471043475435,48.136017749660766],[11.437774065209494,48.13584002696738],[11.438077077797633,48.13566212639691],[11.438448413357412,48.13544435828686],[11.438482334563146,48.135424467350234],[11.438508476252988,48.13540913340953],[11.438538781611383,48.135391117888545],[11.438570165667645,48.13537274743817],[11.438409205647647,48.135219401967205],[11.43815120594212,48.13496518867908],[11.438136686048017,48.13461038111848],[11.438407704852649,48.1345945937775],[11.438724753389085,48.13457717440356],[11.438978489364048,48.134542519720135],[11.439363170736856,48.134490135574694],[11.43945707786742,48.13447735553713],[11.439768805251076,48.134434929655924],[11.439821274471468,48.13442781361967],[11.440036799997408,48.13442365933221],[11.440151682481025,48.134421416842756],[11.440289338826437,48.13440030509061],[11.44034493230511,48.134391582906765],[11.440706360303633,48.13433524872136],[11.440721434452305,48.13433262136909],[11.440969378988402,48.134287064750666],[11.441169412044749,48.13424966563765],[11.44125443919028,48.134225618568266],[11.441862492305866,48.1340476020958],[11.442003639002767,48.13400149900051],[11.442058373087532,48.133983602937604],[11.44218280346152,48.133943028780266],[11.442191281022303,48.13394172200453],[11.44219706893284,48.133940671266586],[11.442293448768934,48.133922532087034],[11.442555855250284,48.1339562974113],[11.443389020382659,48.13399183414448],[11.444240166121439,48.134055102345336],[11.445021377022648,48.13408907389684],[11.445622893021023,48.133936700823995],[11.445820545671904,48.13388667346992],[11.44582958419995,48.133884388109756],[11.445871471947186,48.133873791090146],[11.445877098402391,48.133872371092494],[11.445974566033298,48.13384776318101],[11.44623340117875,48.1337823011133],[11.446447730092693,48.13372580347586],[11.446918928836155,48.133599335253116],[11.446958771105223,48.133588641941145],[11.447333386902034,48.13348808099997],[11.447466642582643,48.13358818544921],[11.447648058090158,48.13348268893377],[11.44743438573182,48.133453497152374],[11.447380951962868,48.13341181840664],[11.447224612313478,48.133289861266896],[11.447122519869776,48.13317407249186],[11.44708716839423,48.133187302066965],[11.447043134237461,48.13308530276977],[11.447073411463059,48.132994803254945],[11.447183511669268,48.13288605336368],[11.44730045961637,48.13266317068428],[11.44731359130025,48.132477958631306],[11.447444311706173,48.13226885411414],[11.447612973840451,48.13216129890514],[11.44769785571941,48.13201007335132],[11.447817757178882,48.13193861617903],[11.447893455770771,48.13189356487002],[11.447975086763579,48.13177417265718],[11.447930912230246,48.131650944397805],[11.44788523884742,48.13153994647356],[11.44805016311439,48.13126438555272],[11.448104001281074,48.1311693102483],[11.448114301400448,48.13114885361196],[11.44812683536774,48.13115727931531],[11.448219267047572,48.13121646058319],[11.448224753366306,48.13121837536638],[11.448223847844643,48.13122745552177],[11.44833083333186,48.13119721519405],[11.448415895316295,48.13135679235903],[11.448494001417275,48.13148151512147],[11.448541490481865,48.131553233495765],[11.448667349240088,48.13159575131711],[11.448777765289494,48.131803151262496],[11.44926018972144,48.13234367369249],[11.449776243426285,48.13292280925641],[11.450624207587508,48.13264879119226],[11.450996504821608,48.1325343803735],[11.451119471970916,48.13249287931983],[11.451151965072476,48.13248161344055],[11.451276574696513,48.13290144656176],[11.451329355821109,48.13316088588355],[11.451337815595293,48.13319816167492],[11.45135179415092,48.13323438570962],[11.451358505095607,48.13327273177657],[11.451372093512555,48.1332708185667],[11.451488764154917,48.133254649137626],[11.451490108368416,48.13325456556193],[11.451501123521203,48.13325506829717],[11.451523310703964,48.13325400540524],[11.451778277761747,48.13324875240059],[11.45193047236858,48.13323680098297],[11.452162343848453,48.13321848303433],[11.452741290468552,48.133183206305965],[11.45349691544458,48.13312294947754],[11.454320098520531,48.13304258977902],[11.454768425772473,48.1329838270968],[11.454877386966967,48.1329695942529],[11.454848294843867,48.13292547498285],[11.454785361252721,48.132840633840104],[11.45476474803567,48.13280113370952],[11.454729892723085,48.13273433246574],[11.454705662313556,48.13262476041067],[11.454738898591897,48.13261979143819],[11.455347500763159,48.1325303007172],[11.456031325083393,48.132461136097305],[11.456957529718071,48.132363590187275],[11.457366750740766,48.132318387582785],[11.45784675979817,48.132253560600034],[11.457885248287644,48.132478873427004],[11.457943964027258,48.13246684564514],[11.458996211719441,48.132265135881106],[11.4601388187816,48.132045291277116],[11.460002152691793,48.13177365795519],[11.45988516560338,48.13155691928247],[11.459688569175473,48.13122198584417],[11.459493131966802,48.130930443805454],[11.45947117741358,48.13089769913295],[11.459744931645167,48.13080566175742],[11.460028580563767,48.13072423625779],[11.460065182000498,48.13071642501468],[11.460886531954694,48.13054114939961],[11.461549248986872,48.13040014556553],[11.462106165436637,48.13029468805037],[11.462022360532188,48.129999476026356],[11.462380792573018,48.12993434749329],[11.463455411671712,48.12991928274176],[11.46370261025113,48.12992664533863],[11.463739755897382,48.12984364843217],[11.46376547051326,48.129712301837216],[11.463792871974036,48.129483091363014],[11.463966737162819,48.12940519047992],[11.464125255668154,48.12935051727611],[11.464542250665286,48.1292390102059],[11.464719579869737,48.128898319005685],[11.464799044622989,48.128705761477605],[11.464854530568088,48.12855869438747],[11.4649456127388,48.128301251129606],[11.464968940850897,48.128228685536065],[11.46500062593489,48.128231258296346],[11.465010745636706,48.128231745655825],[11.46501513043032,48.12823195388417],[11.465576916487144,48.12827328244906],[11.465669097852727,48.12828584426937],[11.465809041033419,48.12830581801173],[11.46593233609438,48.12832175802966],[11.466195666389059,48.12835776188923],[11.466441437061736,48.12839126558253],[11.466458730515011,48.12839431793289],[11.46693143921572,48.12847793604124],[11.467893349280667,48.12867871611621],[11.46830204175455,48.12876681278372],[11.468594039026542,48.12882551584232],[11.468569157436766,48.128913540652704],[11.469669317655317,48.1288580467275],[11.469665207166479,48.12894499982403],[11.470089204263093,48.1289900723927],[11.470218958844628,48.129008190359436],[11.470313955816588,48.12902148061864],[11.47040704231291,48.129033889605566],[11.47059643361857,48.129059166305915],[11.470786896839485,48.12908448172191],[11.470978572020726,48.12910998130062],[11.4710331668324,48.129117330511654],[11.471171616717768,48.12913575522438],[11.471207311495672,48.12914050117778],[11.471278419193803,48.12915098078559],[11.47135355091624,48.12916201801793],[11.471460324524742,48.1291777038234],[11.471604093151976,48.12919878762241],[11.471669404812218,48.12920844243042],[11.471747445626917,48.12922111110832],[11.471936111408287,48.12925171086994],[11.472122764341787,48.12928212149825],[11.472490443728342,48.12934200030998],[11.47255400465229,48.129352275364845],[11.47258135985769,48.12935671452581],[11.47270543732099,48.12937264393722],[11.47285677366037,48.1293920399125],[11.472996211963784,48.129409970559514],[11.473026140052154,48.12941379995001],[11.472916197181219,48.12949992207555],[11.47302520787541,48.129563715873914],[11.47309784490863,48.12960763088239],[11.473722898944409,48.1299594098876],[11.473908033975484,48.130063764383166],[11.474863904677962,48.13024468956362],[11.475024704059186,48.130274175982926],[11.475577838865341,48.13037535571728],[11.476444164306061,48.13053697254419],[11.476557906108555,48.13055860845573],[11.476775545670767,48.13060112223632],[11.47697689649612,48.130641038260194],[11.47724463495408,48.13069418602731],[11.477627676246847,48.13077598690309],[11.477737433426968,48.13080146781797],[11.47789616172671,48.13083839746709],[11.477907109373536,48.13081603097993],[11.478033476360855,48.130547577255264],[11.478657875742872,48.129313054590085],[11.478744138476657,48.1293311323834],[11.481990996185484,48.129975190399506],[11.482978201633324,48.13011651087987],[11.482876645554894,48.13051733819216],[11.4827656287513,48.13114699200808],[11.482769259932322,48.13165069846232],[11.482871163324173,48.132156623053305],[11.483184618313581,48.13304723931734],[11.483568463720152,48.13388855389415],[11.484632357566486,48.135973301682895],[11.485024817350466,48.13663444100202],[11.485159368929537,48.13683793077814],[11.485229729430523,48.13694375149373],[11.485716782778562,48.13777913738556],[11.48629668652969,48.13863734561091],[11.486649659899957,48.13904830730942],[11.487417093483813,48.139704581042494],[11.48779412216175,48.14011716430428],[11.488047304344969,48.14046924939657],[11.488247667726561,48.140849309806654],[11.488305754085966,48.14097150162667],[11.488811847897951,48.14204584516957],[11.489622028476912,48.14423613702324],[11.48958950128354,48.14424073179235],[11.48952307293138,48.14425011754157],[11.48946937165479,48.14425815217841],[11.489448613890158,48.14443318978038],[11.489426684241495,48.14461843747466],[11.489302122240703,48.14463074306536],[11.48866587221751,48.14468757624421],[11.4885744875431,48.144695746640885],[11.488472589980853,48.14470487984078],[11.48861805090169,48.14541636459091],[11.488803870112532,48.14602232033428],[11.488966123290789,48.14654118031121],[11.489226249127722,48.14737900669598],[11.488968569240031,48.14749361855698],[11.488732193680782,48.14761681562675],[11.488516365754016,48.147737484953886],[11.48834420055967,48.1478377420291],[11.488175880567077,48.14794203927867],[11.487917905542476,48.14810909297258],[11.487678704108726,48.14827069349647],[11.487498029773581,48.14839986737782],[11.48726824016883,48.14857656410385],[11.487145015934807,48.14868760712375],[11.487034109297158,48.14878036057577],[11.486883835077844,48.14891273176293],[11.486766237856678,48.14901329328742],[11.486543327185544,48.1491907654865],[11.485748545772584,48.14987618063402],[11.485327411703988,48.15024631738195],[11.485127511276099,48.15043056458659],[11.484872728451487,48.150672644757506],[11.48453202375822,48.150999230917364],[11.484275863252453,48.151244917070485],[11.484131885728981,48.15140650212285],[11.483994877514505,48.1515769881392],[11.483657262837514,48.152017928896754],[11.483359144876811,48.15242091024427],[11.482845134539772,48.15316340571642],[11.482676947406192,48.15343985791166],[11.482542026703914,48.15369355514139],[11.482296127107801,48.15422310724268],[11.482205726230267,48.15441179878596],[11.481800559026814,48.15545630079016],[11.481766768828457,48.15545124068657],[11.481732724167736,48.155557561623574],[11.48172848085386,48.155570813571295],[11.481776884509191,48.155569937905945],[11.48179691949896,48.15557508463399],[11.481815126214364,48.155585398740385],[11.481825865379104,48.15559559794537],[11.481833262580059,48.155607324306885],[11.481837612597475,48.155622980184845],[11.481836502621285,48.155642140821534],[11.481831726113926,48.155660282934086],[11.481782636289111,48.155806730978725],[11.481765166717858,48.15586887782835],[11.481731590473869,48.15596264471717],[11.481574888078441,48.156359690995096],[11.48153456646264,48.15647008131918],[11.48152407525415,48.15650537891932],[11.481463158936782,48.15674281761665],[11.48140985366666,48.15694547529218],[11.481394280061009,48.15701482529472],[11.48132590966562,48.157344544111105],[11.481310615121227,48.157412156881136],[11.481267488493769,48.15760558234735],[11.481254346636405,48.15830895268269],[11.48126927040758,48.15848413267987],[11.481291859927081,48.158747220834435],[11.481299686746183,48.15887567706702],[11.48138537752077,48.15931283163053],[11.481502218875082,48.15974651757299],[11.481534929899624,48.159836337501275],[11.481601392076602,48.160019130202414],[11.481643506012286,48.16013543551543],[11.481687196508762,48.16025525550788],[11.481819559460204,48.160524192430444],[11.481941747923234,48.160772137473245],[11.48203230711712,48.16095583274352],[11.482073730621261,48.16102246844387],[11.482372857292265,48.161505248099054],[11.482607548548211,48.161820655722735],[11.482904800048987,48.162174658501336],[11.482930574708236,48.162205446342156],[11.483373405404558,48.162662380594895],[11.483397517240304,48.16268398597457],[11.483758218723914,48.16256592264611],[11.484114778269651,48.16249926341526],[11.48422307219251,48.16247888988543],[11.484685719181321,48.16240094580445],[11.48483154726915,48.1623763496691],[11.484848513688492,48.162373458776734],[11.484933996079722,48.16236107861302],[11.485001305543543,48.162351225795106],[11.485144214785448,48.16233586661652],[11.485285619583044,48.16232310779601],[11.485303108130202,48.1623218377516],[11.485421276035456,48.162313018664136],[11.485558123666237,48.16230545359116],[11.485694483778635,48.16230071343362],[11.485831615986697,48.16229859097913],[11.485967767082649,48.1623005998139],[11.486077559651875,48.16230365131243],[11.486101883450255,48.16230430812778],[11.486223757656251,48.162308725732615],[11.486484412251723,48.162334172681234],[11.486700660444503,48.16236384922578],[11.486915466921829,48.162393521483345],[11.487124081211613,48.16243147136556],[11.487359537292125,48.16248709003683],[11.487609738447263,48.162555942402086],[11.48785642993812,48.162633938274396],[11.488036195849501,48.16269440395614],[11.48814984493331,48.162741359582675],[11.488207148817983,48.16276504157025],[11.488281792205141,48.162801712467626],[11.488374355410437,48.16284718736349],[11.488420587524521,48.1628745561538],[11.488435278337956,48.16287030496006],[11.488875187470484,48.162741981521584],[11.488876939728051,48.16274144957517],[11.48891712739435,48.16279623153347],[11.488915238241887,48.16279685282593],[11.489013098030771,48.16293314302021],[11.489015254898083,48.16293252312393],[11.489015520138162,48.16293297356845],[11.489167211972056,48.16314357938533],[11.48916478636306,48.16314428788788],[11.489209905401886,48.16320268440366],[11.489207477424646,48.16320348293701],[11.489351886523046,48.16340311416348],[11.489353909942785,48.16340240447476],[11.489354173844854,48.163402854947485],[11.489420341357329,48.16349476847747],[11.489418186516266,48.16349520838017],[11.489710595609887,48.163901234264294],[11.489712617656687,48.163900523699326],[11.489753827256209,48.163960067376436],[11.489749358072263,48.16396337557392],[11.489740505188571,48.16397511799522],[11.489738828868454,48.16398149601705],[11.48974117263018,48.163989150986396],[11.48974808351196,48.16399718655747],[11.489750623107952,48.16399863685796],[11.489761211787005,48.164001741972854],[11.489769805819737,48.164002679543735],[11.489777339021924,48.16400226343349],[11.489788263911528,48.163998535483564],[11.489795282629526,48.16399568850403],[11.490837281718738,48.16459123118562],[11.491166681176136,48.164777967117416],[11.491165055211154,48.16477921888777],[11.49138429645282,48.164904307021956],[11.491385921072599,48.16490305527767],[11.491740718705536,48.165105371008096],[11.491731961660152,48.16517575414675],[11.49172967806391,48.16517556433583],[11.491728372115075,48.16518536163734],[11.49178937014395,48.16518895947978],[11.491828602560476,48.16519129192872],[11.491828201462786,48.16520505025669],[11.491827505866702,48.165235626571516],[11.49193527125606,48.1652676715736],[11.492010103920052,48.165285805764064],[11.491946130763736,48.165351750439875],[11.491913976456898,48.16538489871127],[11.491907589493911,48.16539148512224],[11.49188538867309,48.16541645706938],[11.491766537128747,48.165550134795666],[11.49176305602976,48.16554877064573],[11.491737342136332,48.16564542911616],[11.49169770836114,48.16605107000466],[11.491692731210291,48.16610869856167],[11.49169046996609,48.16613558461711],[11.491689656141908,48.16613566615369],[11.491689647304675,48.166136566131115],[11.491686219533372,48.16617243575489],[11.491685761751654,48.16617756006617],[11.49168567957502,48.16617844543816],[11.49164231373214,48.16661158279074],[11.491646754378403,48.16661115265477],[11.491640566482145,48.166679907220754],[11.491637605324991,48.16668025307959],[11.491541783699258,48.16763440438224],[11.491452276298144,48.1676446173602],[11.491124396397176,48.16768200745232],[11.491115381431225,48.16768313871746],[11.490863158569462,48.167719726927075],[11.490735019117778,48.16773826679561],[11.490747981614508,48.167746235881324],[11.491096381166136,48.16795960671356],[11.490813413788244,48.16816539309267],[11.491298486927896,48.168463312985104],[11.490906613553461,48.16881516780545],[11.490794693832576,48.168914863086414],[11.490825442467049,48.168932178602304],[11.490865826725118,48.16895439326688],[11.490945795318423,48.1689997171892],[11.490802726073404,48.16934318917508],[11.490603237781158,48.16981280762202],[11.49044064701404,48.17052305252558],[11.490469384937544,48.17098292960936],[11.490443661844775,48.17152729030195],[11.490377648792531,48.172108630024816],[11.490322791010378,48.17224698152179],[11.490211097263092,48.172529072926736],[11.490172249967808,48.17256429127216],[11.489759828326266,48.172506310561914],[11.489183871677538,48.17242503131712],[11.488588763133416,48.17233192429481],[11.48843099752235,48.17233152308075],[11.488279747005748,48.17247734400811],[11.487329584029006,48.172458217310876],[11.486068045147038,48.17242604691155],[11.485246469889995,48.172411268998154],[11.484692183226176,48.17237270429766],[11.484124956305003,48.17226774811448],[11.483684742284543,48.172133388018054],[11.482195803628331,48.17109745635461],[11.481867183825807,48.17085020885343],[11.480882421729635,48.171579013924564],[11.480476084812617,48.17183940381505],[11.479354008356534,48.172429652138405],[11.47775796203505,48.17348380723283],[11.47731934894609,48.173821240209044],[11.474678239322087,48.175742183673115],[11.474516876242156,48.175709998351294],[11.474380660784805,48.17575200266355],[11.473891202957882,48.17588753436956],[11.473670023253296,48.1759487251366],[11.473640755695536,48.175956950392845],[11.473525844496834,48.17598876020884],[11.473448537357307,48.17601016140923],[11.473162727201434,48.1760892312005],[11.472867010349256,48.17617108689722],[11.472680642038618,48.17622269595246],[11.472279147454742,48.17641182514745],[11.471922796404359,48.17657389957887],[11.46628676196161,48.17524969707838],[11.465930832542744,48.17516339752991],[11.46581320119939,48.17513262863102],[11.465792662106963,48.175086117915185],[11.465764540440501,48.17502240323749],[11.465681396788892,48.174853679826306],[11.465608584411678,48.17472316074378],[11.46553342214157,48.17460279030698],[11.465507715494127,48.17456643921384],[11.464615850501174,48.17445778086819],[11.464592869752632,48.17445632224964],[11.464101056688618,48.17442434297302],[11.464106339657128,48.17451382731114],[11.463957121479025,48.174524381692216],[11.463498485096984,48.174664429421036],[11.463480954063742,48.17466965427484],[11.463374789240694,48.1746912805796],[11.463358218436452,48.174694619575654],[11.463238924928971,48.17472140408387],[11.463188495375592,48.17479777554514],[11.462383333846889,48.17467313854166],[11.461621552479356,48.174576114693814],[11.46076045662415,48.17449525513022],[11.4606421235791,48.17448409593658],[11.460585809202085,48.17448221584671],[11.460540548468558,48.174481399170986],[11.460522825557586,48.174734928908705],[11.460533044077152,48.1749071515277],[11.460566599863315,48.175020836552896]]]},"geometry_name":"shape","properties":{"sb_nummer":"21","sb_name":"Pasing-Obermenzing","flaeche_qm":16497538.92504}},{"type":"Feature","id":"vablock_stadtbezirk.6","geometry":{"type":"Polygon","coordinates":[[[11.550510928763343,48.14317046658155],[11.548483995110725,48.143629200679065],[11.548425207454091,48.14350875760814],[11.548538746919744,48.143421798345294],[11.548575632305022,48.143385253667915],[11.548617804719816,48.14334351323745],[11.548534475032014,48.142842416569536],[11.548563985362485,48.142817614061],[11.548555711399757,48.14276622690566],[11.548500661705546,48.14242649154956],[11.548466015470396,48.14221188488449],[11.548450588138119,48.14211676992201],[11.5484403816019,48.142117533548614],[11.548433901846133,48.14207731259564],[11.54842182924397,48.142003675041614],[11.548417713932968,48.1419781852288],[11.548231027681664,48.14084644702986],[11.548242143855951,48.14084475534886],[11.548229086620978,48.14078455822473],[11.548223287806419,48.140781072401964],[11.548193815172226,48.14076337226514],[11.548142192716679,48.140446727605955],[11.548134261307387,48.14041719778354],[11.548124155234715,48.14039044707611],[11.54811001374579,48.14036449042761],[11.548092110003969,48.14033878999897],[11.54806762760262,48.14031288458699],[11.54806560831435,48.14031323621164],[11.547829403665625,48.1401304892351],[11.547764807529076,48.14008023163708],[11.547552824901452,48.13991565262494],[11.547478504474,48.13985736033847],[11.547324633208397,48.139735179730145],[11.547193807560733,48.13960759928031],[11.547166120000265,48.13957898349354],[11.547170298648929,48.1395772001168],[11.547139297446902,48.13954353528322],[11.547134995485186,48.13954396810425],[11.547009665037702,48.139407233460574],[11.546967081230685,48.13939304140426],[11.5469828951003,48.139267544791046],[11.547329162753199,48.139211018951734],[11.548608776108201,48.13901447824027],[11.549790264166662,48.13885357383575],[11.549748304446686,48.137680359139836],[11.54972676681461,48.13713703338277],[11.549480187171861,48.136570395384375],[11.548416510349542,48.13575927849355],[11.548282706070088,48.13569922378009],[11.5481594685911,48.13562995454618],[11.548043134097469,48.13555511978599],[11.547936526826403,48.13547431224952],[11.547837711617804,48.13538903615477],[11.547750093246908,48.13529839268792],[11.547653857877508,48.135179817225904],[11.547571952551719,48.13505671101177],[11.547506075019523,48.13492926586828],[11.54743314885428,48.13475603533701],[11.5473688290973,48.13458139826263],[11.5473441183808,48.13449959445422],[11.54731554072437,48.13440500394702],[11.547284892014813,48.13428355822201],[11.547272351418114,48.13422702874556],[11.547217959928165,48.13395969776737],[11.547188081641306,48.13378088295408],[11.54716983413417,48.13360205494513],[11.547163484396565,48.13342217396127],[11.547161793660397,48.13324221214796],[11.54715534940002,48.13311905897144],[11.547138823419063,48.133027347724244],[11.547102765407393,48.13289519196785],[11.547046794903423,48.13276547441098],[11.546976021782948,48.13263902199981],[11.546885992796499,48.1325181946368],[11.546782083162837,48.13240279930898],[11.546662798961732,48.132294235889844],[11.54653096463344,48.13219245700797],[11.546433129450323,48.13210665138947],[11.546351636301779,48.13201377453038],[11.546288064826134,48.13191475692537],[11.546240396945077,48.13180833953963],[11.546230120993393,48.13178687330274],[11.546193443547903,48.13165261646687],[11.546187356949144,48.13156516992367],[11.5462280027488,48.13138506495735],[11.54629444735178,48.13121202549445],[11.546366043614771,48.131038281511614],[11.546391014424069,48.13096565349065],[11.546397878204223,48.13093347224259],[11.54643905439215,48.130800844767755],[11.546618950721019,48.13048599081252],[11.546358820025059,48.1303413547703],[11.545569522254215,48.12948186137863],[11.545505400610063,48.12938007335367],[11.54546610093949,48.12930023635262],[11.545333975791202,48.12904555776617],[11.54529042170337,48.1289417796741],[11.545260171464255,48.12883580368458],[11.54511455621713,48.128147077651505],[11.545066040326057,48.127920457881125],[11.54504758186956,48.127835213643586],[11.544997684617506,48.12765738611689],[11.544994541477491,48.127648289554536],[11.54498156345559,48.127611721531835],[11.544828885918015,48.12718260283748],[11.544803842627623,48.12711226018502],[11.544768340972386,48.12702325175485],[11.544726231234794,48.12693745712004],[11.544671903194798,48.12685342772818],[11.544610309220795,48.126771102433025],[11.544599958245922,48.12675694673698],[11.544606855121236,48.1267537544327],[11.54459276021104,48.12673775882021],[11.54458614772709,48.12673909124599],[11.544554116785818,48.1267008460574],[11.544527518302697,48.12667089359019],[11.544503570338524,48.12664526709756],[11.544482943763269,48.12662427024636],[11.54446595882713,48.126607095126424],[11.544444103952308,48.126585284171334],[11.544420949257205,48.12656265350048],[11.544397675833938,48.126540584227754],[11.544377801995626,48.12652230695822],[11.544353331491461,48.126500354174574],[11.544332050407686,48.12648161228429],[11.5443102668307,48.12646276454787],[11.544292190636831,48.12644716572195],[11.544270962591657,48.126429251356264],[11.544250792018088,48.12641266415398],[11.54422566685541,48.12639271889029],[11.544197827917495,48.126370945964965],[11.544211300743193,48.126313196531264],[11.54430195389694,48.12624126086521],[11.544365739174307,48.126230103095764],[11.544459072690739,48.12620503672286],[11.544443533319418,48.12612285629333],[11.54471589970021,48.12610177758924],[11.544881383052813,48.12610136653359],[11.545393793347236,48.12587906484633],[11.545490146798064,48.125871608072586],[11.54549432131351,48.12588574491165],[11.545573126887374,48.12584635993728],[11.545662427466363,48.12580175653416],[11.545747034914678,48.125759711723035],[11.545817190885973,48.1257266171042],[11.54721720196291,48.12505250323615],[11.54849647308306,48.12444144995702],[11.548506626017634,48.1244481450011],[11.548663186749051,48.124373938979566],[11.548820282103975,48.12429837928246],[11.548837277453847,48.12429053202606],[11.54889957396536,48.12426424680378],[11.549031988959543,48.12420063763112],[11.549139236504116,48.12431404575596],[11.549854953821505,48.12396963879807],[11.550260154548907,48.123771561130305],[11.550741954536075,48.12351996795955],[11.55256004453285,48.12261104873651],[11.554056802959922,48.1218910483589],[11.55424623355776,48.121801986775004],[11.554971478516226,48.12146108593971],[11.556467914502369,48.120741528764725],[11.557053109018305,48.12046007978914],[11.558296925583486,48.1198543328327],[11.559356225469758,48.119354993706324],[11.559410742753702,48.119327772909365],[11.559480620133808,48.11929428822497],[11.559565540076022,48.11925361361194],[11.559630665557043,48.11922229166991],[11.559653724025843,48.11921131764166],[11.559655688861541,48.11921318682037],[11.559923942146355,48.11908589566452],[11.55992693613397,48.11908457101588],[11.559905254798627,48.11904585371704],[11.560712446894497,48.11867247040738],[11.560772861454584,48.11864475215216],[11.560838630946062,48.11863411138648],[11.560845088240661,48.118632875955015],[11.560851805344893,48.11863281166467],[11.560858379031867,48.11863391670861],[11.5608641358695,48.118636187206704],[11.560868811169783,48.11863935372297],[11.56087213692453,48.118643323255725],[11.560987840007185,48.11858825458781],[11.561352821548692,48.11841429648343],[11.56139647358099,48.11839342306277],[11.561385944516044,48.118383849191375],[11.561385312664852,48.11837916994127],[11.561386694609707,48.1183745879481],[11.561389685816286,48.11837037227489],[11.56139441705391,48.11836688262338],[11.561400215870453,48.11836429685351],[11.561408275955053,48.118364055012826],[11.5614161912824,48.118365252476025],[11.561423288923546,48.118367706295494],[11.561429166995993,48.11837141463661],[11.561433561220044,48.11837592719643],[11.56169985963552,48.118249167621755],[11.561720696541128,48.11823925859436],[11.56195768204572,48.11812436279462],[11.561949027552402,48.11811551918468],[11.561947451246875,48.11811146656834],[11.561947620454596,48.11810733182526],[11.561949535975172,48.118103293097434],[11.561953056672916,48.11809988981214],[11.561958048984739,48.118097300409],[11.56196383558459,48.118095793739556],[11.561970015889637,48.11809536704215],[11.561976185326996,48.11809628848277],[11.561981673298499,48.11809828688521],[11.561992879174353,48.11810695930468],[11.562514443375449,48.117855919950536],[11.56257546076115,48.117910725682435],[11.562650007264425,48.11797768000509],[11.562659366473872,48.1179830229239],[11.562666623809502,48.117982420991275],[11.56266928846906,48.117985039331494],[11.562739733917358,48.11797757469571],[11.562748266878705,48.11798543208127],[11.563022138108792,48.118237234078364],[11.563624027273633,48.11880742183349],[11.56409014093378,48.119243975644494],[11.564200259463833,48.11933451751044],[11.564443580211233,48.11953281241442],[11.564542864664089,48.119609698491566],[11.564688337039033,48.11970944811275],[11.564827398177338,48.1198033345777],[11.564976098686293,48.11989491987117],[11.565037036885151,48.11993103728211],[11.565288002680628,48.12006919088555],[11.565976364470089,48.12044626581509],[11.56644478208008,48.120702042480794],[11.566724288146517,48.12085130295975],[11.567454230809455,48.121240708225315],[11.567862782967174,48.121460237343534],[11.568031291685042,48.121550933128994],[11.568194833947633,48.12163561840197],[11.568336414224751,48.12169353160456],[11.568393178270162,48.121716678230065],[11.568549611320892,48.121798240419366],[11.56869948965429,48.12187638579708],[11.568761956193377,48.12190890746192],[11.568765338250067,48.121906042448664],[11.568775905313464,48.12191156750966],[11.56877252330186,48.12191443342201],[11.568839400450479,48.12194970065704],[11.568904269501557,48.121983908717134],[11.568907649282519,48.12198113283051],[11.568918212394095,48.12198665886665],[11.568914832613368,48.12198943475358],[11.568945980677096,48.1220060996471],[11.569040220839753,48.122056449888674],[11.569102491457803,48.12208972258319],[11.569277968837874,48.1221834414515],[11.569326869308078,48.122215822684694],[11.569486782059522,48.12232218695208],[11.569596012508804,48.12237952662556],[11.569730981649936,48.12245022637777],[11.569861661546605,48.122518639282006],[11.571050603511898,48.12314131677875],[11.57220952542151,48.12376869353537],[11.572355326269172,48.12383964252381],[11.572506220101534,48.12392714149898],[11.572546477881174,48.123949041553495],[11.572791467429441,48.124088946728946],[11.573012157886781,48.12420487807372],[11.573807950540068,48.12462195914482],[11.573838985620847,48.1246385307708],[11.574629814772385,48.12505603323346],[11.574657101790779,48.12507007294757],[11.575217664995959,48.12536708979033],[11.575249497836339,48.12538430360106],[11.575281198064305,48.12540133771762],[11.57531370162798,48.1254180955709],[11.57534539417716,48.125435029064725],[11.57646125351278,48.12602546702872],[11.57723967594964,48.126439200626415],[11.577419208193325,48.12653760664778],[11.577605808438133,48.12664168715301],[11.577610484156024,48.12665078534508],[11.577602847246228,48.12665893973663],[11.577612595974065,48.12667935330297],[11.577602381287655,48.126699667818926],[11.57761280701002,48.12670608874141],[11.57771374594545,48.126768471116364],[11.577817544503075,48.126831537852446],[11.577828766407494,48.12683850505865],[11.577821333539555,48.12684405087178],[11.57782801682252,48.12684785277999],[11.577846593343292,48.126858715700116],[11.577847790083725,48.12686006912891],[11.578013650844603,48.126961691917884],[11.578178968924222,48.1270496209386],[11.578324371210595,48.12712221256224],[11.578435863164069,48.12717441374542],[11.578570676908907,48.12723281631688],[11.578631305803526,48.12725984014268],[11.57869876738288,48.127286883291596],[11.578759402942032,48.12731111302995],[11.578841191042768,48.12734342397102],[11.578885942172569,48.127360096578975],[11.57889287077259,48.127362675491604],[11.578956754681828,48.127387005850146],[11.579022001779478,48.127409812799726],[11.579162571037104,48.1274559111842],[11.579414391721595,48.12753649352877],[11.579647708106478,48.127608885271414],[11.579978231038336,48.127710995350135],[11.580169426359193,48.12777642837279],[11.580289282621782,48.12782326152972],[11.580355285238626,48.12785229624458],[11.580488072785178,48.127913607050395],[11.580498234706285,48.12790357274706],[11.580592140789774,48.12795276302143],[11.58058128080596,48.127966755029306],[11.580629026304976,48.127991204115744],[11.580634776690394,48.127994191810416],[11.580731731998515,48.1280448962027],[11.580804971305655,48.12808320333003],[11.580830604854892,48.12809660748906],[11.580836090036586,48.12809950575438],[11.580856708329339,48.12810839314508],[11.580878276162206,48.12811611375321],[11.580887924183685,48.128119206408954],[11.580892407526031,48.128112925856286],[11.580946312153513,48.12812534738818],[11.580983741975237,48.12813150490687],[11.581031143304706,48.128133830145906],[11.581201664118426,48.128128325336256],[11.581267240892915,48.12812622711326],[11.58219227659077,48.128096301045304],[11.582294396142014,48.12809352733321],[11.582395008805046,48.128094071671676],[11.582494126590834,48.12809686033634],[11.582594166015198,48.1281024274616],[11.582694445899268,48.128111501002074],[11.582792814640571,48.12812389719356],[11.582892385423989,48.12813774823535],[11.582990192036767,48.12815428786953],[11.583085832098284,48.128173425272585],[11.583181154709148,48.12819643976492],[11.583274577928924,48.12822116152414],[11.58336677547357,48.128248213357814],[11.583456958770974,48.12827856679183],[11.583545106075803,48.128311520478015],[11.583629876535303,48.12834590605295],[11.5837128409513,48.12838345629027],[11.583794043464506,48.12842306884879],[11.583872409029148,48.12846456006412],[11.583949973477779,48.128508457311966],[11.584024049799902,48.12855421998196],[11.58409474746225,48.12860186001475],[11.584162861569622,48.12865192819918],[11.584226773202918,48.12870414333686],[11.584254211503865,48.12872806525199],[11.584287585021313,48.12875715072372],[11.58506880228539,48.12945874610332],[11.585078803004315,48.12946759367287],[11.585104044090633,48.129491185124465],[11.585143053587585,48.12952764240883],[11.585149586316536,48.12953375436238],[11.585163316569064,48.12954658326562],[11.585404466193951,48.12976205999701],[11.585527493326362,48.1298692350334],[11.585651292251022,48.12997570961747],[11.585776426016466,48.13008110665275],[11.585903575753836,48.13018640957485],[11.586031035677156,48.130290946843516],[11.58615988885942,48.13039423157476],[11.58629031521991,48.13049797202708],[11.586422070147682,48.1306000015925],[11.586555096279652,48.130700649984384],[11.586689608768978,48.13080211235755],[11.586772928651932,48.13086364728892],[11.586785074786487,48.13085649388296],[11.586858923015551,48.13090990095046],[11.58684555392312,48.13091885001023],[11.58708263844488,48.13109462574656],[11.587158470634051,48.13115649731873],[11.58720234050728,48.131198194620545],[11.587237374073355,48.13123518345697],[11.58727025852555,48.13127171950696],[11.587272004383005,48.131271636089316],[11.587285573172988,48.1312880513703],[11.587315332737184,48.13133033912051],[11.587342814984464,48.13137307317479],[11.587368143829833,48.13141633892346],[11.58735899823507,48.131417833456254],[11.587369040018027,48.131439996003884],[11.58742451259495,48.13156762523791],[11.58653012146247,48.13174156532776],[11.58572434872781,48.131963312585576],[11.585258085220973,48.13218490538715],[11.5835360174929,48.132975452123965],[11.583354693533115,48.13321275614461],[11.582837930504288,48.13389592869792],[11.582760787431992,48.13387043196545],[11.582239007967251,48.13370249874892],[11.582165920980259,48.13368828295958],[11.582097362134816,48.13367979151097],[11.582024936639064,48.13367680372108],[11.58195482967393,48.13367834013179],[11.58188514069513,48.133682822935874],[11.581542050427336,48.13372454977814],[11.580928642828239,48.13379870427287],[11.579977125416097,48.1339410061398],[11.579892954840119,48.13395103813996],[11.579812499529428,48.133957207484556],[11.579717065019615,48.133961027315685],[11.57963132419708,48.133960865504896],[11.579512092926105,48.13395317044859],[11.579425537119409,48.13394404231948],[11.579320027520787,48.133927014848666],[11.579176615825055,48.133896871753905],[11.578353861660045,48.133697980268664],[11.577623233809282,48.133522312328175],[11.57698231022092,48.13336757465948],[11.576354788293298,48.13321765085535],[11.576290624339151,48.13320498038467],[11.576226617145021,48.13319643462768],[11.576142820104979,48.13318940076198],[11.576047013799782,48.133188642322295],[11.575941588682188,48.13319465364301],[11.575849677263001,48.133206078208836],[11.575039162233047,48.133313820750956],[11.574965425824372,48.13331846387576],[11.574899182888215,48.13331410026506],[11.574837952348734,48.133303340973384],[11.574783349143612,48.13328711078883],[11.574737681483656,48.13326678505473],[11.574682522144702,48.13323269193774],[11.574295325426569,48.132952062029894],[11.573807527075964,48.13259891935344],[11.57366716223642,48.13249930253811],[11.573599930571262,48.132456270899326],[11.573516496456762,48.1324072415984],[11.573449422079703,48.13236966271197],[11.57308291977197,48.13217649584871],[11.572976705866296,48.132118159701555],[11.57244278282629,48.13183514796013],[11.572116740522123,48.13166469509271],[11.571818991629156,48.13151293809796],[11.571519345004159,48.13135652138797],[11.571233960610176,48.13120681652794],[11.570925547916017,48.13103671606014],[11.570845757395409,48.13099530552657],[11.570762583305765,48.130959023925385],[11.570689610671051,48.13093287869116],[11.57060743572927,48.13090769069753],[11.570552384448877,48.130893444491534],[11.57048295715307,48.13088087868597],[11.570416798413097,48.13087398488916],[11.570342494492117,48.13086965059423],[11.570263035364928,48.13087120020756],[11.570188241366642,48.130877481777176],[11.569877328456986,48.13094902161956],[11.568446606190898,48.1313558147556],[11.568294991321258,48.131401630459884],[11.568188335474227,48.13143598866531],[11.568121720249005,48.13146235660874],[11.568063189563611,48.13149038833489],[11.56797982028867,48.13153983084425],[11.567942953547353,48.131566611517336],[11.567898389435511,48.131600865214736],[11.567824083919737,48.13166583879791],[11.5675328095426,48.13193347379348],[11.567368678545714,48.13208498272057],[11.567122109461627,48.13230900212271],[11.567081344210111,48.13234894457685],[11.567052722186048,48.132388109932144],[11.567032309784862,48.13242982717683],[11.567308694863835,48.13265045493845],[11.567093851506051,48.13264903124185],[11.566650667721301,48.13337504786006],[11.566158132201501,48.13412134619915],[11.565150694745425,48.13571580834606],[11.564863036479597,48.13631484089949],[11.564832594608177,48.13637822739223],[11.564982024854118,48.13755841873566],[11.565018845241042,48.13785082974014],[11.565239751580506,48.139103706004306],[11.565663229796144,48.13964449086957],[11.561438204209246,48.14096790953351],[11.561125752540173,48.141049045059965],[11.560737577486728,48.141158269693584],[11.556842778589509,48.14199674809532],[11.556162332600795,48.14205003415296],[11.55577148089947,48.14208245638118],[11.550510928763343,48.14317046658155]]]},"geometry_name":"shape","properties":{"sb_nummer":"02","sb_name":"Ludwigsvorstadt-Isarvorstadt","flaeche_qm":4401650.66894}},{"type":"Feature","id":"vablock_stadtbezirk.7","geometry":{"type":"Polygon","coordinates":[[[11.469590826366158,48.204007933386464],[11.469520228723274,48.20403526546165],[11.468150689663316,48.20452231925999],[11.4681334015898,48.204528458215826],[11.468065485921569,48.20455258704766],[11.468007662006183,48.20457317258309],[11.467745807396321,48.204666278895694],[11.466137322724851,48.20521092078167],[11.46605341572797,48.20511786074094],[11.465845540142984,48.20488736927748],[11.465674954326646,48.20469833172329],[11.466395786132068,48.20447690919047],[11.467122567070492,48.204160509548764],[11.467567255853705,48.20390604202039],[11.4676204627163,48.203911509090446],[11.46786001561161,48.2039358740376],[11.467902914002625,48.2039402613116],[11.468074276292459,48.20395770184333],[11.468238652461752,48.20397303375221],[11.468511550900914,48.203901290912185],[11.469577081090527,48.20339025143703],[11.470341950561352,48.20307761220006],[11.471457208513263,48.20259395758802],[11.472614022782588,48.202076150847],[11.472843540162085,48.20188044446946],[11.473174798199228,48.20157875084791],[11.47347387418599,48.20128886134655],[11.473546818221568,48.201215808861036],[11.473583232169084,48.20117933603771],[11.473618497514614,48.20114402705251],[11.47370223857556,48.20106746051328],[11.475264880532228,48.19963715824132],[11.47605709891781,48.19916027240354],[11.477740369427014,48.19826760004543],[11.478889525111699,48.19781273219054],[11.478990710959849,48.19777270511794],[11.479138896048564,48.19771404521645],[11.480321103559133,48.197270704708146],[11.481201905163532,48.19706551544727],[11.481270843765996,48.19704943308975],[11.481331438249896,48.197035330460814],[11.481542418350255,48.196986094203616],[11.482471901362981,48.19676919026422],[11.483742918152284,48.19647250586773],[11.484150473672981,48.19637358238636],[11.484551050118103,48.196262986146145],[11.484752729596623,48.19620022611555],[11.484912217963188,48.196150634179105],[11.484944094323104,48.196140721084824],[11.485012665224616,48.19611800673274],[11.485332540011127,48.19608162432121],[11.485606696272946,48.196056873630006],[11.485898169373764,48.19601995686527],[11.486307556973673,48.19594054819359],[11.487007785894159,48.19577772512685],[11.48754516886981,48.19563671446411],[11.48806456069836,48.195463500790524],[11.488640091204505,48.195244541249],[11.489099477787015,48.1950353698315],[11.489624444803374,48.19479627758617],[11.489400348847301,48.19478470338977],[11.489392284343927,48.19478427437358],[11.48926804452379,48.19477765802212],[11.489579636403105,48.1935098944703],[11.489585559198893,48.193482579212656],[11.489843235975709,48.19223572775881],[11.48983309742871,48.191959506470376],[11.490212303238115,48.1899928807949],[11.490274739469433,48.18974446966801],[11.490279543127407,48.18968009497393],[11.490307967589445,48.1896617846274],[11.490421396952078,48.18958872714624],[11.490462951472887,48.189562022400494],[11.490364607521656,48.189285226059866],[11.490360878263722,48.18927472365294],[11.490357511488252,48.18927505666954],[11.490329375613529,48.18927783142587],[11.490148208416235,48.18910066172194],[11.490110109691294,48.18902260354006],[11.490095380397003,48.18885226999925],[11.490123366445927,48.188851128053024],[11.489973165638206,48.18818128568392],[11.48991558510896,48.187965504208556],[11.489866822284696,48.18778283346326],[11.489879050681948,48.18741644500617],[11.489900345204724,48.187256020101366],[11.489912304499645,48.187166232514066],[11.489952578823218,48.18686195915121],[11.489909424825669,48.186569087389806],[11.489905551097554,48.18655207186797],[11.489881284651684,48.18644547771867],[11.489857156147062,48.18633942314272],[11.489856641719811,48.186337082258724],[11.489852665683951,48.18633094822828],[11.489839678717887,48.18631110423704],[11.490113921591398,48.18595940626027],[11.490117624588839,48.1857807127584],[11.490112345100249,48.1856082163964],[11.490104760957873,48.18543661217926],[11.49010091408088,48.18525411156093],[11.490102535898272,48.185089720214684],[11.490104703995403,48.18491094838614],[11.490097788034586,48.18474551927844],[11.490082253975002,48.18463455458328],[11.4900633725722,48.18454183355836],[11.490062459964413,48.18453877248054],[11.490027417034574,48.18441971776309],[11.490024933888282,48.1844121522178],[11.490023626391835,48.18440818911772],[11.489992699571818,48.1842734213393],[11.489977410586578,48.18416570042996],[11.489980223751811,48.18414070826331],[11.490003978066815,48.18407454073311],[11.490036806067215,48.18400767355552],[11.490022712327626,48.18349865395786],[11.48993415981312,48.182821057665805],[11.489846145217756,48.18191714143083],[11.489831260721884,48.18181779858679],[11.4898105329151,48.18115469337535],[11.489791343472804,48.17966218983825],[11.489561103509976,48.17947653052126],[11.489365863707068,48.17931908718694],[11.489327858845815,48.17873043526394],[11.489299402778183,48.17827639461561],[11.489173874432439,48.177165720813086],[11.489031989309314,48.17641941511832],[11.48873954637288,48.17503942615516],[11.488839616648747,48.17504963117675],[11.48944564924607,48.17510053703441],[11.489399868480223,48.17470909529489],[11.489372926839597,48.17447953852359],[11.489346073280748,48.17425007250869],[11.48934508140665,48.174241703510845],[11.489854531253746,48.174215462242636],[11.489957303891343,48.1742101692123],[11.490456514345015,48.17418370180536],[11.49054413311006,48.17332823240125],[11.490558382926476,48.17305100842154],[11.490556414564239,48.1728179177601],[11.490552207632296,48.172657946246716],[11.490129562878831,48.17260024787801],[11.490172249967808,48.17256429127216],[11.490211097263092,48.172529072926736],[11.490322791010378,48.17224698152179],[11.490377648792531,48.172108630024816],[11.490443661844775,48.17152729030195],[11.490469384937544,48.17098292960936],[11.49044064701404,48.17052305252558],[11.490603237781158,48.16981280762202],[11.490802726073404,48.16934318917508],[11.490945795318423,48.1689997171892],[11.490865826725118,48.16895439326688],[11.490825442467049,48.168932178602304],[11.490794693832576,48.168914863086414],[11.490906613553461,48.16881516780545],[11.491298486927896,48.168463312985104],[11.490813413788244,48.16816539309267],[11.491096381166136,48.16795960671356],[11.490747981614508,48.167746235881324],[11.490735019117778,48.16773826679561],[11.490863158569462,48.167719726927075],[11.491115381431225,48.16768313871746],[11.491124396397176,48.16768200745232],[11.491452276298144,48.1676446173602],[11.491541783699258,48.16763440438224],[11.491637605324991,48.16668025307959],[11.491640566482145,48.166679907220754],[11.491646754378403,48.16661115265477],[11.49164231373214,48.16661158279074],[11.49168567957502,48.16617844543816],[11.491685761751654,48.16617756006617],[11.491686219533372,48.16617243575489],[11.491689647304675,48.166136566131115],[11.491689656141908,48.16613566615369],[11.49169046996609,48.16613558461711],[11.491692731210291,48.16610869856167],[11.49169770836114,48.16605107000466],[11.491737342136332,48.16564542911616],[11.49176305602976,48.16554877064573],[11.491766537128747,48.165550134795666],[11.491768142981396,48.16555077120385],[11.491774566761585,48.165553407706646],[11.491777913001444,48.16555468120371],[11.491821280126603,48.165572134850215],[11.491892495124022,48.16560067533114],[11.492109275872867,48.16568765734395],[11.492452562769653,48.1658154187011],[11.49249343331405,48.16583061111331],[11.492736911728139,48.16588823753335],[11.4930643206518,48.165976248048196],[11.493241813189783,48.16600050258744],[11.493616494849094,48.16601420067854],[11.493714599415387,48.166014004744085],[11.493812346672627,48.16600841146849],[11.49390882168261,48.165996250298456],[11.494003951567839,48.16597906955115],[11.49409616905461,48.16595647495869],[11.494185335528291,48.16592882585272],[11.49509947078517,48.16560041023242],[11.495182561403169,48.16557172258911],[11.495266317469975,48.165543667376966],[11.495351268322027,48.165516786464785],[11.495437142841496,48.16549197832714],[11.495524217848983,48.16546879425381],[11.49561208031769,48.16544714873718],[11.495701271781854,48.165426948130175],[11.495790984656383,48.16540845741629],[11.495880950936845,48.165391586140075],[11.495888219296663,48.1653908091705],[11.496929312883967,48.16548668684981],[11.497164310963774,48.165511788188226],[11.497109067842056,48.16551930283469],[11.496529641471719,48.16559744322689],[11.496418764943709,48.16570537878188],[11.496783472420052,48.16682579972264],[11.497198021465726,48.166914646173986],[11.49765602644474,48.16685227665429],[11.49806449655165,48.166796526053],[11.498356717805345,48.166654423157226],[11.498731450860355,48.167664166693974],[11.499124455397336,48.1675879708821],[11.499394443102858,48.16753561772923],[11.500028106432124,48.167476478349535],[11.500310843905787,48.16746660520563],[11.500479996139129,48.16745050913497],[11.500822020064636,48.16738191630146],[11.50105115160106,48.167362934529955],[11.501204046077172,48.16735928986938],[11.501205945657988,48.16737806844013],[11.501487477685208,48.16737530895575],[11.501921946170162,48.16737388616576],[11.5032747113899,48.16738061467857],[11.503879892865946,48.16739262509952],[11.505266580542708,48.16740121093105],[11.506234591712658,48.16739561760147],[11.506741066967791,48.16740782279172],[11.50823426628442,48.16748439835323],[11.50910204870576,48.16753152102136],[11.509737875333593,48.16756267511948],[11.510217269890854,48.16860243825627],[11.510734429008373,48.16991443222795],[11.511853330790599,48.16936808533364],[11.513042294904361,48.16876746811569],[11.513751615937833,48.16852262919732],[11.514173364067002,48.168383113234995],[11.514479814602135,48.168286465906185],[11.514682098605933,48.16821677558789],[11.514834786799659,48.16815386090248],[11.51498986975049,48.168095143278734],[11.515156855036574,48.16803758201523],[11.515452795092692,48.167930182081655],[11.515616750792516,48.16788076837124],[11.515791130873202,48.167837381454135],[11.515957326987575,48.16780382822879],[11.516132516464316,48.1677766318327],[11.516309940724438,48.16775714598309],[11.516488906087915,48.1677454317548],[11.516539914335844,48.167746402764955],[11.516596386086935,48.16774813945489],[11.516718056536924,48.167754692289364],[11.516829442170536,48.167764588088204],[11.518542349826625,48.168063988052616],[11.519845166442185,48.16828363061876],[11.520064670767844,48.16831666150885],[11.52029529823333,48.16834673598922],[11.52094060764588,48.1684228703613],[11.521206400851906,48.16845428940714],[11.521542224853988,48.16849395497888],[11.52197787993949,48.16855049174952],[11.522991984403784,48.16864317536762],[11.526759140164668,48.16883889026975],[11.52688595179698,48.1688447640875],[11.527261783550859,48.169129350508626],[11.530124639370042,48.16928290991092],[11.530498291234466,48.16931306830344],[11.531004689192374,48.16937003255384],[11.531041662515964,48.16924887845152],[11.531127228317905,48.16896844750026],[11.531181514115138,48.16882140108846],[11.53124140836258,48.16868292572274],[11.531333460057839,48.16844183798867],[11.53153692668587,48.16807867977942],[11.531859947861632,48.16753561351768],[11.532424197980554,48.16739294246776],[11.533925363592777,48.16774635555601],[11.534836880239924,48.16803276418948],[11.534865526871254,48.1680023040757],[11.534887049127311,48.16797163674895],[11.534905486609976,48.16794014129844],[11.535128260330122,48.167511880011766],[11.53517916319182,48.16741404914657],[11.53519969372713,48.167374026943186],[11.535196741972932,48.16737338575142],[11.535217813498448,48.167333096965116],[11.535304582068056,48.16735709593449],[11.535867457289964,48.16751158903459],[11.535914429707478,48.167520859195456],[11.535935917828587,48.1675234630144],[11.536157007388,48.167591257190765],[11.53618341330213,48.16759934457932],[11.53624388941741,48.16761786503513],[11.536455190695637,48.16768283076058],[11.536390598300983,48.16774868002956],[11.537808291435852,48.168129884863],[11.537856040937182,48.168142670536405],[11.538076402303059,48.168210810940536],[11.538119510552175,48.16863374187387],[11.53828674044079,48.16989702520365],[11.538385353546811,48.17050173304609],[11.538477773968543,48.17098303842218],[11.538512556473329,48.17115682611487],[11.538603793216407,48.171553921103516],[11.53873890541203,48.17200974825518],[11.538898281794722,48.172460829761064],[11.539168630954514,48.173144519865176],[11.539417557301789,48.173673248913616],[11.540082658185419,48.1749254404488],[11.54027401472805,48.17535831285275],[11.540418151934123,48.17578352728396],[11.540515583594436,48.17624445763943],[11.54054794535827,48.17669645056532],[11.540542584935363,48.176975231678334],[11.54051386172959,48.17724296626358],[11.54047187735604,48.17752887917623],[11.54040952729033,48.17780987518506],[11.540107468567792,48.178875180889946],[11.539992400207167,48.17933286292882],[11.539914460131813,48.17976765665495],[11.539877525659325,48.180236779403515],[11.539892101438268,48.18067019704926],[11.53992939813963,48.18111146055928],[11.540009582571326,48.18157095567194],[11.540104181265281,48.181973656843454],[11.540238480790181,48.18245177034523],[11.540717677105437,48.183953342525896],[11.540894802748927,48.1845631654546],[11.54102285774519,48.185095682195936],[11.54112665411807,48.185630265886275],[11.541223532430763,48.18623671099989],[11.541242303052965,48.18639496961987],[11.541262437769483,48.18656472522968],[11.541521659383816,48.18875048459091],[11.541543871545427,48.18893776157947],[11.541411940833159,48.18892095681549],[11.541280419591281,48.18890151996468],[11.540363365428822,48.1887762414393],[11.539985222334446,48.18873866829144],[11.539835799324107,48.18876902295621],[11.539781196048171,48.188768903805695],[11.53958647134776,48.188708547987666],[11.539557533002213,48.188703307574094],[11.539448712952458,48.18868361065471],[11.539411783011023,48.18867681926229],[11.53928766945167,48.188654387465284],[11.539223260564382,48.18864427400429],[11.539021831753473,48.18861274790141],[11.538893258390846,48.18859525599396],[11.538777840790017,48.18858121273472],[11.538628553107367,48.18856339366909],[11.538465571320739,48.18854263686014],[11.538363398688848,48.18853030525174],[11.538229539733447,48.1885136213221],[11.538002219904351,48.18848678378003],[11.537856978519647,48.188470506535886],[11.537707161299194,48.188454702696035],[11.537582760787876,48.18844228912124],[11.537402934530798,48.188425627981324],[11.537314706218826,48.1884183474874],[11.537070001185697,48.188401656546304],[11.536869064493285,48.18839040238871],[11.53669887976523,48.188382865227126],[11.536564844798118,48.18837843023732],[11.536430565278474,48.188375664195156],[11.536234718505929,48.18837415101212],[11.53602964050945,48.18837453916631],[11.535693820817807,48.18838298647019],[11.535492678715096,48.188391444255366],[11.535358528548644,48.18839825052882],[11.53522497712533,48.18840710124361],[11.53509132308542,48.18841695462929],[11.53502459178757,48.18842247166083],[11.53494157346995,48.188429522248306],[11.5347417408662,48.188447834872505],[11.534675269797322,48.188454236747255],[11.534608873537955,48.18846133696662],[11.534542462473079,48.18846843747407],[11.534497663838591,48.188473420840815],[11.534212663368312,48.188506419863174],[11.534207154311721,48.188539039859975],[11.53420433720746,48.18855522706806],[11.534085164588154,48.1885729451934],[11.533913764941756,48.18859763134343],[11.533798718647473,48.188614630109356],[11.53363224656623,48.188638965117555],[11.533573453783823,48.188651462228755],[11.533499003926384,48.1886670273392],[11.532669567365554,48.18884350946531],[11.531109554115124,48.18926596448782],[11.528906126527797,48.18968495237466],[11.527880882094925,48.18980218397514],[11.527813550214628,48.18980987669931],[11.52745704730503,48.189850605541274],[11.526821391094456,48.190073797970115],[11.526197281762519,48.1902513198853],[11.5260642299721,48.190289147202144],[11.52409113193115,48.19094611304293],[11.523345351586903,48.19113314067067],[11.522544396437686,48.19129059865051],[11.522283687584995,48.19134188955854],[11.522059057726985,48.191386030875684],[11.521294754795989,48.19159462815357],[11.519768973931978,48.191905334158015],[11.519038920308756,48.192041663772656],[11.518675773454353,48.19214494334525],[11.518234030520421,48.1922769416687],[11.517702718273183,48.192406494026834],[11.517227992604592,48.19248303051117],[11.516353568361922,48.19266632735978],[11.516114734125955,48.19271719345699],[11.51599819607195,48.19274626767971],[11.514741334451832,48.19306762161345],[11.51379020899985,48.19325034711797],[11.512014477117075,48.193658135900655],[11.511950806821899,48.19367274313869],[11.511769644952663,48.193714329300946],[11.511173150204609,48.19391181710625],[11.509683560992663,48.19462825534347],[11.508911375199276,48.19504858526309],[11.50816640224432,48.19551942261463],[11.507854281453259,48.19568388801089],[11.506453723534554,48.19617502585196],[11.505575656124659,48.19637565564126],[11.504016045747031,48.196726672624905],[11.501783224854542,48.19719242680075],[11.501483158671258,48.197254812614645],[11.501197479746587,48.197314591783424],[11.500384417520104,48.19753592000438],[11.499698462987878,48.19765845584778],[11.499079104966206,48.197769570326024],[11.498617377585955,48.19785237809469],[11.49787730657643,48.198019533977956],[11.496996322437925,48.198223305944865],[11.496787057308694,48.198269059316566],[11.496701706422346,48.198287192950794],[11.49658862125401,48.19831150243607],[11.4960213025998,48.19843498244524],[11.494418915052036,48.19881401157474],[11.494288690304986,48.198827759448214],[11.49385878808124,48.198873151369874],[11.49378465719125,48.19888189030215],[11.493141735567038,48.199011947573844],[11.493141406433278,48.19901196011465],[11.49258448536887,48.19903521099907],[11.492113816963895,48.1989907765003],[11.492112755620656,48.19899067715138],[11.490399939418548,48.19886522348906],[11.490270970131721,48.19885906341335],[11.489693785911994,48.19883787097077],[11.489017136698083,48.19885700908499],[11.488318694368767,48.198918557604195],[11.487700588964659,48.19901246951843],[11.487152280823507,48.19913331375624],[11.486731124499398,48.19925798707376],[11.486599040678154,48.199299028912854],[11.48653946632451,48.1993175472562],[11.485987655840676,48.199351768693305],[11.484830730865413,48.19955248780781],[11.483869383186294,48.19976854645103],[11.48368357210225,48.19979750255291],[11.483457791534178,48.1998326958027],[11.483200460376217,48.19990736546312],[11.482077962008251,48.200178467298564],[11.481851455919188,48.20023663365015],[11.481628008259362,48.200314231737735],[11.479809192542017,48.200919503938486],[11.478059659496454,48.20152188423949],[11.4757421602947,48.20231609876126],[11.47520163759404,48.20247426652992],[11.475180315873207,48.202480379180784],[11.475149008987716,48.20248932529427],[11.47494822553604,48.20254642980994],[11.474013091115724,48.20280854648977],[11.47393008388518,48.202847174411154],[11.473837016050371,48.2028715711265],[11.47377657360128,48.20288937626674],[11.473523293123774,48.20294180677693],[11.472809391680611,48.203129790155685],[11.472041191050645,48.20333945772412],[11.47118853432264,48.203505718220555],[11.470297054946304,48.20375717126639],[11.469590826366158,48.204007933386464]]]},"geometry_name":"shape","properties":{"sb_nummer":"10","sb_name":"Moosach","flaeche_qm":11093673.13504}},{"type":"Feature","id":"vablock_stadtbezirk.8","geometry":{"type":"Polygon","coordinates":[[[11.484437562205954,48.212782480006744],[11.484442568926491,48.212792937855184],[11.484449149713145,48.212807629320544],[11.48447032826372,48.21282922586752],[11.484519433775475,48.21285742037096],[11.483292485391935,48.213971308690155],[11.48188226635379,48.215261578613],[11.479479886647992,48.21740569014214],[11.477054064582804,48.21955374817085],[11.476961998123393,48.21953178439513],[11.476831259269005,48.21952766356678],[11.476537614854736,48.219518598640065],[11.473860744607551,48.21943550060343],[11.47302723919442,48.219370738952776],[11.47232112605741,48.219211046286574],[11.47091944630344,48.21876197739414],[11.469748508787282,48.21828685478667],[11.468002749209148,48.21745661908732],[11.467700968360855,48.21733087118208],[11.466449840470359,48.21679279637296],[11.465181777032678,48.21623059650217],[11.464311933383106,48.21587177269034],[11.463458243210734,48.21549923610414],[11.462992982333848,48.21524817580622],[11.462680475717884,48.21507164890682],[11.462234916604862,48.21477639631942],[11.461867048584786,48.21451635751102],[11.461792379441013,48.21446365127947],[11.461759051415084,48.21443371802059],[11.461593049206288,48.21428482072136],[11.461548896932987,48.21424603784214],[11.461438213020749,48.214145867662744],[11.461366197011063,48.214081538582015],[11.461306600781123,48.21401611831677],[11.461219603656437,48.21392070872581],[11.46110586801759,48.21379600548347],[11.460952250081704,48.213639778745716],[11.460606858013522,48.213288305933226],[11.460514166563614,48.21331169568529],[11.460414072286003,48.21319739709318],[11.460436317226995,48.2131805061149],[11.460365907791319,48.21306880921862],[11.460334164742651,48.2129014564014],[11.460500166346572,48.2125721742263],[11.46052219382016,48.212524691853375],[11.460530041265491,48.212507818537524],[11.460563912488974,48.21243449195805],[11.460637495367616,48.212276144351925],[11.460635795904695,48.2122716404694],[11.46059062131741,48.21214635651072],[11.460496627670945,48.21202666633658],[11.46033198400235,48.21192013383628],[11.460269982347173,48.21190499551476],[11.460204886682726,48.211889651674824],[11.45982087765449,48.2117979529935],[11.459476350844248,48.21171592541007],[11.4591392513935,48.21163565076051],[11.459061320190171,48.21157464284648],[11.458958511099778,48.211334599599645],[11.458925685446115,48.21119460208531],[11.458884746120601,48.21102020064395],[11.45885462221354,48.21089193957065],[11.458773266952138,48.21054948233686],[11.458757690028827,48.21048402393454],[11.458667097681047,48.21028951945535],[11.4584243323477,48.209929162231404],[11.458380155817135,48.209945593507925],[11.458370563513363,48.20994914591596],[11.458297340535871,48.209850410746554],[11.458292961855106,48.20984454430211],[11.458249168444947,48.209774637268254],[11.457899646499255,48.20922527198529],[11.457813582834225,48.209100661850705],[11.457720163385037,48.208965405362434],[11.457659030354138,48.208882195076555],[11.457598577986646,48.208800067028086],[11.457491197448837,48.208788140071796],[11.457457595170213,48.20878375522091],[11.457360019306726,48.20877043613219],[11.45718975738111,48.20874733152089],[11.457073421149737,48.20873149451052],[11.456340747743056,48.20863180410308],[11.456254368454744,48.20862006406353],[11.455224418701174,48.20848005241115],[11.455165177614083,48.2084719642016],[11.45471433659462,48.208410682713996],[11.45422403449155,48.208343958300894],[11.453747829345833,48.20827918469196],[11.453236890973324,48.20820969896184],[11.452631847329897,48.20812743822314],[11.452522182060108,48.208112434069946],[11.451692833675748,48.20799927348304],[11.450908855282853,48.20789227617537],[11.450490998478083,48.2078353816841],[11.450444521404576,48.20782904152029],[11.450398581581904,48.20782270427646],[11.449343685853187,48.20767577761502],[11.448308182268335,48.207531349645606],[11.447105760635747,48.20736361362564],[11.446057130209763,48.207217453761984],[11.445870685531373,48.20719144670858],[11.444163873024138,48.20695335584531],[11.444073185206753,48.20694076704286],[11.443979476674668,48.20684524249885],[11.443850132236713,48.20671343832511],[11.443572652098194,48.206430527663215],[11.443509014286894,48.20636574923347],[11.441829184142232,48.20630998449388],[11.440149437250321,48.20625421861084],[11.438427673684842,48.20619702992932],[11.438361148273305,48.2061667632997],[11.438365175622065,48.20600736968367],[11.438369855662524,48.20582481815756],[11.432363766300446,48.20575547436069],[11.432398356315364,48.20547071693673],[11.43241943623492,48.20523941058072],[11.43239095962989,48.20523549655169],[11.432336239058081,48.20522777237147],[11.432188527826757,48.205206909390256],[11.432091561859268,48.20519324913693],[11.43208041796463,48.20508393636113],[11.432040033659668,48.2048570577953],[11.432008511825746,48.20473193357985],[11.4319429399708,48.204494227525416],[11.431905084399073,48.20430871927856],[11.432581667610574,48.20426901696196],[11.433436033517623,48.204216625145705],[11.4347200354377,48.204141182555325],[11.437111194911328,48.20400995486848],[11.438275332207889,48.20396761266553],[11.439388352556168,48.2039260559888],[11.440390722265738,48.20389970285644],[11.442445286869194,48.203868559459615],[11.442227354052237,48.20381034433137],[11.441925676493142,48.20371976570561],[11.441621935846964,48.20361742505521],[11.441030422859562,48.20339139140805],[11.440618880478217,48.203211475919844],[11.44020899589958,48.203012400791394],[11.439793573872782,48.20278314539611],[11.439494745902145,48.20260373418789],[11.43920219903592,48.20241027020922],[11.438729439445162,48.20206208636745],[11.43841653987206,48.20179527515916],[11.438151565248283,48.201547749600564],[11.437919684827417,48.20130144855629],[11.43760203530721,48.20092494690584],[11.437437473658361,48.20070602392801],[11.437314722575735,48.200515473644785],[11.437190675900199,48.20030679410563],[11.437040200082414,48.20004473066795],[11.436977902459619,48.19990710842127],[11.436882083854874,48.19969571173864],[11.436796616215219,48.19947572571391],[11.436744061239988,48.199319830975504],[11.436685106156931,48.19910693697895],[11.436629443181355,48.19884958621137],[11.436607151462514,48.19869607554656],[11.436566422288578,48.198363963144196],[11.436548711807307,48.19810117540383],[11.43655079767807,48.19792005364317],[11.436561519259177,48.19773696178398],[11.436580904705126,48.197493153647514],[11.43662371993301,48.197178664162315],[11.436697506610775,48.196814261275016],[11.436754078704816,48.1965594159413],[11.436802981642272,48.19635616002102],[11.436885290382017,48.19604000225588],[11.436992208073535,48.19563449007403],[11.43714686991388,48.195050761851526],[11.437236809429285,48.19467644130241],[11.437331512829902,48.194248517894025],[11.437385611516024,48.19401647638943],[11.437444321752418,48.19373208959951],[11.437502939196879,48.19336641697318],[11.437543018222588,48.19309434293001],[11.437570947201456,48.19289734589818],[11.437591470928998,48.19271754146681],[11.43761176117251,48.19255913420937],[11.43763679396347,48.19216024784093],[11.437646336376186,48.19184870136996],[11.437650921241742,48.19161853705286],[11.437649324667875,48.19138762029601],[11.437639597895213,48.191145651291656],[11.437630499761193,48.19094091617219],[11.4376114786574,48.19070098709192],[11.437585305019368,48.19037648390182],[11.437567622181474,48.190194635005675],[11.437551797724817,48.1900728176953],[11.437518179735816,48.189888608428994],[11.436534890462816,48.189694190761585],[11.435551752868829,48.189549443652645],[11.43498611025935,48.18948269982501],[11.434218653125878,48.18942200901667],[11.433312900481043,48.18928742087524],[11.432378588928069,48.189135549834305],[11.43038835854765,48.18876981551734],[11.43040121220824,48.18874311622598],[11.430421866226764,48.18870031595134],[11.430752803388069,48.18801118205404],[11.430839140168182,48.18778196699519],[11.43084477249669,48.187662324860646],[11.430906619792658,48.1875511425436],[11.431091116757777,48.18709906806711],[11.431239331941072,48.18679849013735],[11.431404263563596,48.18646438339231],[11.431533822807632,48.186089109720484],[11.431489938743576,48.18606686557306],[11.431648518290478,48.18600899985675],[11.432364994707225,48.185753111095096],[11.433627295171716,48.185302114123],[11.43379079561079,48.18524338896919],[11.434937706199339,48.184831261933304],[11.435137189542685,48.18475962520852],[11.43528605488781,48.18470613799266],[11.435317703821047,48.18469412901546],[11.435593300007502,48.1845956428904],[11.436016010164053,48.184417937181486],[11.43650055875213,48.184167987980565],[11.436585763715438,48.18412345045196],[11.437539057131826,48.18359104384744],[11.437491834608021,48.18355646485675],[11.437476094437123,48.18354487672313],[11.43685214627766,48.18293477698735],[11.436548261306205,48.18235470629556],[11.436510078385702,48.18162537733306],[11.436499712191498,48.18077010104884],[11.436482935778985,48.180192521988815],[11.436574173104736,48.17943354373838],[11.436936430623463,48.17894256322165],[11.43712359297378,48.17873735993883],[11.437603604954422,48.17821081767513],[11.43826577352245,48.177737045961514],[11.43830276150618,48.177710781868825],[11.438416501633137,48.177634449079314],[11.438452356657185,48.17761039545019],[11.438487417525751,48.177586872440386],[11.438589450360722,48.17751839740813],[11.43988832909947,48.17667661386417],[11.439898895243799,48.176669561929764],[11.440841005750096,48.17606026009725],[11.441659426759276,48.17555454094249],[11.441678129764535,48.17554159510094],[11.441856548469302,48.175418228408134],[11.441888558193002,48.17539601268773],[11.442796675094653,48.17565181046319],[11.443239513035394,48.17570335369437],[11.443685366749682,48.17570844196741],[11.444457768212256,48.1756460804847],[11.445470389566513,48.175450748955534],[11.446209433428495,48.17522146188085],[11.44689401088974,48.17493173466699],[11.447513483870313,48.174578633979195],[11.447901684344307,48.17431033159168],[11.448522105831188,48.1737852236173],[11.448624591429644,48.17380927871775],[11.448722755609424,48.17383091994567],[11.449871274185707,48.174050194469814],[11.450637996418394,48.17421150988762],[11.451401180656406,48.174379858204475],[11.451773453242435,48.17448201849155],[11.45213844465045,48.17459160412525],[11.452667860086718,48.17468587687489],[11.453284106812681,48.17477626577614],[11.45426208392123,48.174958739794356],[11.454309338229278,48.174938955443885],[11.456755280891294,48.17542731328513],[11.458787557601482,48.17595001364337],[11.459422949831483,48.17613764115279],[11.459560479180036,48.17617836328203],[11.460186492537995,48.176363211795106],[11.460749112800007,48.17652644153082],[11.460789889349195,48.17599605893447],[11.46072315563383,48.1755444624082],[11.460566599863315,48.175020836552896],[11.460533044077152,48.1749071515277],[11.460522825557586,48.174734928908705],[11.460540548468558,48.174481399170986],[11.460585809202085,48.17448221584671],[11.4606421235791,48.17448409593658],[11.46076045662415,48.17449525513022],[11.461621552479356,48.174576114693814],[11.462383333846889,48.17467313854166],[11.463188495375592,48.17479777554514],[11.463238924928971,48.17472140408387],[11.463358218436452,48.174694619575654],[11.463374789240694,48.1746912805796],[11.463480954063742,48.17466965427484],[11.463498485096984,48.174664429421036],[11.463957121479025,48.174524381692216],[11.464106339657128,48.17451382731114],[11.464101056688618,48.17442434297302],[11.464592869752632,48.17445632224964],[11.464615850501174,48.17445778086819],[11.465507715494127,48.17456643921384],[11.46553342214157,48.17460279030698],[11.465608584411678,48.17472316074378],[11.465681396788892,48.174853679826306],[11.465764540440501,48.17502240323749],[11.465792662106963,48.175086117915185],[11.46581320119939,48.17513262863102],[11.465930832542744,48.17516339752991],[11.46628676196161,48.17524969707838],[11.471922796404359,48.17657389957887],[11.472279147454742,48.17641182514745],[11.472680642038618,48.17622269595246],[11.472867010349256,48.17617108689722],[11.473162727201434,48.1760892312005],[11.473448537357307,48.17601016140923],[11.473525844496834,48.17598876020884],[11.473640755695536,48.175956950392845],[11.473670023253296,48.1759487251366],[11.473891202957882,48.17588753436956],[11.474380660784805,48.17575200266355],[11.474516876242156,48.175709998351294],[11.474678239322087,48.175742183673115],[11.47731934894609,48.173821240209044],[11.47775796203505,48.17348380723283],[11.479354008356534,48.172429652138405],[11.480476084812617,48.17183940381505],[11.480882421729635,48.171579013924564],[11.481867183825807,48.17085020885343],[11.482195803628331,48.17109745635461],[11.483684742284543,48.172133388018054],[11.484124956305003,48.17226774811448],[11.484692183226176,48.17237270429766],[11.485246469889995,48.172411268998154],[11.486068045147038,48.17242604691155],[11.487329584029006,48.172458217310876],[11.488279747005748,48.17247734400811],[11.48843099752235,48.17233152308075],[11.488588763133416,48.17233192429481],[11.489183871677538,48.17242503131712],[11.489759828326266,48.172506310561914],[11.490172249967808,48.17256429127216],[11.490129562878831,48.17260024787801],[11.490552207632296,48.172657946246716],[11.490556414564239,48.1728179177601],[11.490558382926476,48.17305100842154],[11.49054413311006,48.17332823240125],[11.490456514345015,48.17418370180536],[11.489957303891343,48.1742101692123],[11.489854531253746,48.174215462242636],[11.48934508140665,48.174241703510845],[11.489346073280748,48.17425007250869],[11.489372926839597,48.17447953852359],[11.489399868480223,48.17470909529489],[11.48944564924607,48.17510053703441],[11.488839616648747,48.17504963117675],[11.48873954637288,48.17503942615516],[11.489031989309314,48.17641941511832],[11.489173874432439,48.177165720813086],[11.489299402778183,48.17827639461561],[11.489327858845815,48.17873043526394],[11.489365863707068,48.17931908718694],[11.489561103509976,48.17947653052126],[11.489791343472804,48.17966218983825],[11.4898105329151,48.18115469337535],[11.489831260721884,48.18181779858679],[11.489846145217756,48.18191714143083],[11.48993415981312,48.182821057665805],[11.490022712327626,48.18349865395786],[11.490036806067215,48.18400767355552],[11.490003978066815,48.18407454073311],[11.489980223751811,48.18414070826331],[11.489977410586578,48.18416570042996],[11.489992699571818,48.1842734213393],[11.490023626391835,48.18440818911772],[11.490024933888282,48.1844121522178],[11.490027417034574,48.18441971776309],[11.490062459964413,48.18453877248054],[11.4900633725722,48.18454183355836],[11.490082253975002,48.18463455458328],[11.490097788034586,48.18474551927844],[11.490104703995403,48.18491094838614],[11.490102535898272,48.185089720214684],[11.49010091408088,48.18525411156093],[11.490104760957873,48.18543661217926],[11.490112345100249,48.1856082163964],[11.490117624588839,48.1857807127584],[11.490113921591398,48.18595940626027],[11.489839678717887,48.18631110423704],[11.489852665683951,48.18633094822828],[11.489856641719811,48.186337082258724],[11.489857156147062,48.18633942314272],[11.489881284651684,48.18644547771867],[11.489905551097554,48.18655207186797],[11.489909424825669,48.186569087389806],[11.489952578823218,48.18686195915121],[11.489912304499645,48.187166232514066],[11.489900345204724,48.187256020101366],[11.489879050681948,48.18741644500617],[11.489866822284696,48.18778283346326],[11.48991558510896,48.187965504208556],[11.489973165638206,48.18818128568392],[11.490123366445927,48.188851128053024],[11.490095380397003,48.18885226999925],[11.490110109691294,48.18902260354006],[11.490148208416235,48.18910066172194],[11.490329375613529,48.18927783142587],[11.490357511488252,48.18927505666954],[11.490360878263722,48.18927472365294],[11.490364607521656,48.189285226059866],[11.490462951472887,48.189562022400494],[11.490421396952078,48.18958872714624],[11.490307967589445,48.1896617846274],[11.490279543127407,48.18968009497393],[11.490274739469433,48.18974446966801],[11.490212303238115,48.1899928807949],[11.48983309742871,48.191959506470376],[11.489843235975709,48.19223572775881],[11.489585559198893,48.193482579212656],[11.489579636403105,48.1935098944703],[11.48926804452379,48.19477765802212],[11.489392284343927,48.19478427437358],[11.489400348847301,48.19478470338977],[11.489624444803374,48.19479627758617],[11.489099477787015,48.1950353698315],[11.488640091204505,48.195244541249],[11.48806456069836,48.195463500790524],[11.48754516886981,48.19563671446411],[11.487007785894159,48.19577772512685],[11.486307556973673,48.19594054819359],[11.485898169373764,48.19601995686527],[11.485606696272946,48.196056873630006],[11.485332540011127,48.19608162432121],[11.485012665224616,48.19611800673274],[11.484944094323104,48.196140721084824],[11.484912217963188,48.196150634179105],[11.484752729596623,48.19620022611555],[11.484551050118103,48.196262986146145],[11.484150473672981,48.19637358238636],[11.483742918152284,48.19647250586773],[11.482471901362981,48.19676919026422],[11.481542418350255,48.196986094203616],[11.481331438249896,48.197035330460814],[11.481270843765996,48.19704943308975],[11.481201905163532,48.19706551544727],[11.480321103559133,48.197270704708146],[11.479138896048564,48.19771404521645],[11.478990710959849,48.19777270511794],[11.478889525111699,48.19781273219054],[11.477740369427014,48.19826760004543],[11.47605709891781,48.19916027240354],[11.475264880532228,48.19963715824132],[11.47370223857556,48.20106746051328],[11.473618497514614,48.20114402705251],[11.473583232169084,48.20117933603771],[11.473546818221568,48.201215808861036],[11.47347387418599,48.20128886134655],[11.473174798199228,48.20157875084791],[11.472843540162085,48.20188044446946],[11.472614022782588,48.202076150847],[11.471457208513263,48.20259395758802],[11.470341950561352,48.20307761220006],[11.469577081090527,48.20339025143703],[11.468511550900914,48.203901290912185],[11.468238652461752,48.20397303375221],[11.468074276292459,48.20395770184333],[11.467902914002625,48.2039402613116],[11.46786001561161,48.2039358740376],[11.4676204627163,48.203911509090446],[11.467567255853705,48.20390604202039],[11.467122567070492,48.204160509548764],[11.466395786132068,48.20447690919047],[11.465674954326646,48.20469833172329],[11.465845540142984,48.20488736927748],[11.46605341572797,48.20511786074094],[11.466137322724851,48.20521092078167],[11.467745807396321,48.204666278895694],[11.468007662006183,48.20457317258309],[11.468065485921569,48.20455258704766],[11.4681334015898,48.204528458215826],[11.468150689663316,48.20452231925999],[11.469520228723274,48.20403526546165],[11.469590826366158,48.204007933386464],[11.470297054946304,48.20375717126639],[11.47118853432264,48.203505718220555],[11.472041191050645,48.20333945772412],[11.472809391680611,48.203129790155685],[11.473523293123774,48.20294180677693],[11.47377657360128,48.20288937626674],[11.473837016050371,48.2028715711265],[11.47393008388518,48.202847174411154],[11.474013091115724,48.20280854648977],[11.47494822553604,48.20254642980994],[11.475149008987716,48.20248932529427],[11.475180315873207,48.202480379180784],[11.47520163759404,48.20247426652992],[11.4757421602947,48.20231609876126],[11.478059659496454,48.20152188423949],[11.479809192542017,48.200919503938486],[11.481628008259362,48.200314231737735],[11.481631823815398,48.20092663085117],[11.481635707856285,48.20156455610321],[11.481656830260931,48.20159090793145],[11.481950855020944,48.20195853792653],[11.482721915309314,48.202751123430545],[11.482868015530881,48.20288403739996],[11.482709065066853,48.20482838182003],[11.482563935160185,48.206565849054186],[11.482556250142764,48.20665995841958],[11.482407150778318,48.2084294690977],[11.482391717447003,48.208612945480375],[11.482373987708295,48.20882167429545],[11.482373051365395,48.20883273751981],[11.482365759098862,48.208918861808016],[11.482336978165714,48.20925833338854],[11.482314756835349,48.20952008334172],[11.482304611407196,48.209638795385466],[11.482304603257067,48.20963884954832],[11.482295717778092,48.20974339163538],[11.482293433174634,48.20977027961377],[11.48228405117795,48.20988067289293],[11.482347087689506,48.2098866991123],[11.482711467335587,48.209921859961725],[11.483280333646883,48.21013087180647],[11.483962180177949,48.210381299059506],[11.484253507724135,48.210459811965656],[11.484510306292677,48.21053131377957],[11.484508343672456,48.21055262070745],[11.484564805587214,48.21055818322677],[11.484663015529488,48.21056051880055],[11.484658299453013,48.210616438607076],[11.484642782558023,48.21079903079165],[11.484622655280068,48.21102468353607],[11.484617077211524,48.21105748504817],[11.48457704608741,48.211518116378855],[11.484574313685965,48.21154957956448],[11.484549741173925,48.21175340976792],[11.484475359130625,48.212367685095224],[11.484437995052598,48.212686069201226],[11.48443431154743,48.21271779948261],[11.48443229179715,48.21277130263766],[11.484437562205954,48.212782480006744]]]},"geometry_name":"shape","properties":{"sb_nummer":"23","sb_name":"Allach-Untermenzing","flaeche_qm":15451185.15409}},{"type":"Feature","id":"vablock_stadtbezirk.9","geometry":{"type":"Polygon","coordinates":[[[11.525870422115625,48.24033698012855],[11.525518558505672,48.24081497082088],[11.525468530353045,48.24100884794444],[11.525389375046455,48.24131670130159],[11.525278775353293,48.2413274233607],[11.525138836457442,48.241340961206866],[11.525067928342514,48.24136234060403],[11.52499293103187,48.24139053835639],[11.52495175419265,48.241405988073154],[11.524936994309432,48.24141152571174],[11.524838957283194,48.24144830512714],[11.524775604364345,48.24147206651078],[11.524745064188622,48.24148370312752],[11.524073085544668,48.241735555323785],[11.523986765040211,48.24176793046467],[11.523945522917048,48.24178436470877],[11.523535141108683,48.241947888630285],[11.522907862831767,48.24219698420699],[11.520436153967992,48.24315226889393],[11.520134403021242,48.24325872098737],[11.520049189957291,48.24328876181939],[11.519744131461941,48.24339638674151],[11.519706390914891,48.243409706814596],[11.5189372410222,48.24368108261545],[11.51892089427836,48.24368659127325],[11.518871048621742,48.243704189427476],[11.518336297148673,48.24388235894518],[11.518336087807553,48.24388243011652],[11.518329780241142,48.243884529864474],[11.518263729703818,48.24390746405613],[11.518152816424438,48.24394600721686],[11.51739797973348,48.24420825552946],[11.516642420630786,48.244448917292544],[11.516343671648041,48.244545869317555],[11.516215779956802,48.24458732965143],[11.516142054163335,48.2446113259537],[11.516018874621922,48.244651173961365],[11.515556454985058,48.24480269148037],[11.515549701775132,48.24480491060272],[11.51518968277047,48.244922813293975],[11.514914413761254,48.2450409943618],[11.514738786958377,48.24511643498141],[11.51392231245928,48.24546488419238],[11.513494935223003,48.245646868777584],[11.51325336979665,48.24573558502455],[11.51311386624566,48.24577081383715],[11.51235849331861,48.245935245460934],[11.512007588652628,48.24600374350536],[11.51190808366508,48.24602316196889],[11.511201190282714,48.24616110570764],[11.51117378168377,48.24616649777538],[11.5102015480284,48.2463579027141],[11.51013434266508,48.24637111823091],[11.509095320747829,48.24657366593408],[11.508578149508512,48.24668914662836],[11.507765322701998,48.24687990495654],[11.507639567286093,48.2469193034433],[11.507017421517055,48.24712576053654],[11.50637456555137,48.24728695909109],[11.506192230769932,48.24732772137519],[11.506036905179121,48.24735134836962],[11.505487309892386,48.247420726583265],[11.504464576976309,48.247558979401084],[11.503932303217727,48.2476179851232],[11.503230132656833,48.2477067541381],[11.501413593420235,48.24809026747573],[11.50119872963337,48.248115484408466],[11.500998217683696,48.24811837376853],[11.500056894940379,48.24810218457462],[11.499983115809593,48.24810086809358],[11.499842403545752,48.24809842077958],[11.499820953782942,48.24779086440595],[11.499834886403006,48.247635087235885],[11.499882016181125,48.24752412734851],[11.499927089622558,48.24745713833756],[11.499911384737235,48.247452393556465],[11.499829330999587,48.24744610577252],[11.499678112803906,48.247434571427284],[11.498743832900011,48.24736595843889],[11.498378145910609,48.2473391331273],[11.497752633175827,48.24722156774667],[11.497033679792933,48.247063325158535],[11.49524280535891,48.24664667302826],[11.495000915970277,48.24659381221237],[11.494672890846278,48.24652699287924],[11.494050838011903,48.246406006713244],[11.49326947464965,48.24625398631098],[11.491563828407987,48.245920646431614],[11.491168457165875,48.24583269292184],[11.491055309157579,48.245798463689994],[11.490979481956781,48.245773663903144],[11.49090894389447,48.245703289160645],[11.490844474315708,48.245644993690526],[11.49078542610744,48.24556954432601],[11.490753495386134,48.24550257960336],[11.490698585996707,48.245430655783736],[11.49068731059264,48.24538581691777],[11.49069953617936,48.245333977702515],[11.490660409663638,48.24517695382169],[11.49064024793027,48.24467917066932],[11.49062892151286,48.24439508255783],[11.490620082016505,48.244177934231516],[11.490618914113696,48.24402872184906],[11.490606673432858,48.24402758799933],[11.490602797168705,48.2438672114114],[11.490589976369114,48.2436000723377],[11.490590643358125,48.243532331760655],[11.490599650951477,48.243465276895634],[11.490609171861424,48.24341441856474],[11.490624416356779,48.24335657179079],[11.49064177610881,48.243302782145605],[11.490672317285116,48.24323691433767],[11.490726955780437,48.243135166627546],[11.4907918241454,48.24303354266687],[11.491510919322742,48.24200927339558],[11.491536776159895,48.241940766184115],[11.49156960379825,48.24188919726964],[11.491579211841563,48.24184409281954],[11.491579459820514,48.24180506595492],[11.491575220778417,48.24175666713601],[11.491564381701961,48.24170869035102],[11.491545937401716,48.24166733795458],[11.491519478460313,48.241619388512746],[11.491483944986651,48.24157707046258],[11.491418147964783,48.241520411081424],[11.491115400645182,48.241306096614714],[11.49100884390355,48.24122971662485],[11.490947638681147,48.24116909739753],[11.490907217620878,48.2411172935041],[11.490876939455095,48.24106085813427],[11.49086323068526,48.24100350753421],[11.490864082556582,48.24094415333356],[11.490878886338136,48.24088989716303],[11.490905745250123,48.24082823005538],[11.49095863862164,48.24074779162315],[11.491064250180143,48.2406323661724],[11.491757989596515,48.23990682587131],[11.491908443215696,48.23974821423889],[11.491920548895644,48.23973558699497],[11.491840615298722,48.239428727670564],[11.491810050102996,48.23942922221023],[11.491654645404397,48.238830181793446],[11.491505259913547,48.23820535889428],[11.490811470056652,48.237982033495676],[11.490322436834733,48.23797705581647],[11.489640516728443,48.23797041571921],[11.489572949551267,48.23796912448203],[11.489536751061813,48.23796770427265],[11.489761781356679,48.23731752801781],[11.489867697408371,48.236869158083465],[11.489936751363025,48.23656907635013],[11.490132034264136,48.235738385428384],[11.49021030844439,48.23544517950773],[11.490177381002749,48.23530976584647],[11.490036397846568,48.23481547024265],[11.489975903014038,48.23473911328601],[11.489673315149957,48.23454569877057],[11.489403063007295,48.23435115464973],[11.4891262428656,48.23403480631336],[11.488637979674081,48.233484797501134],[11.488520291453554,48.233307813786894],[11.488489930727207,48.233259652093416],[11.488236198858283,48.23287999627481],[11.48791146178835,48.23240139826954],[11.487766235079608,48.23219182264198],[11.48774805536259,48.23208317495651],[11.487891916462106,48.23128654330313],[11.487974960938036,48.23089335480096],[11.488313606647013,48.22996426225278],[11.488424059994863,48.22971716149232],[11.488561987336992,48.22933773189593],[11.488420173273031,48.22880455824176],[11.488373194837424,48.228457211444635],[11.488339733677615,48.22812358322955],[11.488153434363927,48.22684199539474],[11.488068183798509,48.226252970823616],[11.48808158505204,48.22621873292783],[11.48812403662838,48.22611119723497],[11.48828034405124,48.2257110599664],[11.48838146510782,48.22546328566569],[11.48850590795926,48.225180671557396],[11.488527164135453,48.22512824093481],[11.488605535145068,48.2249278204448],[11.488779161146008,48.22450696332922],[11.488980739875148,48.22400410919492],[11.4888876542231,48.223464629121175],[11.488942367831084,48.22345555382713],[11.49109526788612,48.223094212040756],[11.489584663819782,48.222755832733625],[11.48882583105694,48.22258520589838],[11.488529868274005,48.22251867466616],[11.48826725196965,48.222459575243704],[11.488077613772742,48.22241699314912],[11.487885704267416,48.22237377069037],[11.487704853462311,48.22233312209452],[11.487499167108574,48.22228689777741],[11.487438059695501,48.22227313676508],[11.485565098145566,48.22185253198011],[11.485564695169474,48.22185244082181],[11.484261388592396,48.22155475626165],[11.481004338494325,48.2208106003012],[11.477421787297246,48.21999653519422],[11.47744025835152,48.219888315669785],[11.477451683227498,48.219821114172206],[11.477467121294001,48.219730365336915],[11.47727963250739,48.21963535115717],[11.477258342433458,48.21962455034388],[11.477146745012014,48.219574873540445],[11.477054064582804,48.21955374817085],[11.479479886647992,48.21740569014214],[11.48188226635379,48.215261578613],[11.483292485391935,48.213971308690155],[11.484519433775475,48.21285742037096],[11.48447032826372,48.21282922586752],[11.484449149713145,48.212807629320544],[11.484442568926491,48.212792937855184],[11.484437562205954,48.212782480006744],[11.48443229179715,48.21277130263766],[11.48443431154743,48.21271779948261],[11.484437995052598,48.212686069201226],[11.484475359130625,48.212367685095224],[11.484549741173925,48.21175340976792],[11.484574313685965,48.21154957956448],[11.48457704608741,48.211518116378855],[11.484617077211524,48.21105748504817],[11.484622655280068,48.21102468353607],[11.484642782558023,48.21079903079165],[11.484658299453013,48.210616438607076],[11.484663015529488,48.21056051880055],[11.484564805587214,48.21055818322677],[11.484508343672456,48.21055262070745],[11.484510306292677,48.21053131377957],[11.484253507724135,48.210459811965656],[11.483962180177949,48.210381299059506],[11.483280333646883,48.21013087180647],[11.482711467335587,48.209921859961725],[11.482347087689506,48.2098866991123],[11.48228405117795,48.20988067289293],[11.482293433174634,48.20977027961377],[11.482295717778092,48.20974339163538],[11.482304603257067,48.20963884954832],[11.482304611407196,48.209638795385466],[11.482314756835349,48.20952008334172],[11.482336978165714,48.20925833338854],[11.482365759098862,48.208918861808016],[11.482373051365395,48.20883273751981],[11.482373987708295,48.20882167429545],[11.482391717447003,48.208612945480375],[11.482407150778318,48.2084294690977],[11.482556250142764,48.20665995841958],[11.482563935160185,48.206565849054186],[11.482709065066853,48.20482838182003],[11.482868015530881,48.20288403739996],[11.482721915309314,48.202751123430545],[11.481950855020944,48.20195853792653],[11.481656830260931,48.20159090793145],[11.481635707856285,48.20156455610321],[11.481631823815398,48.20092663085117],[11.481628008259362,48.200314231737735],[11.481851455919188,48.20023663365015],[11.482077962008251,48.200178467298564],[11.483200460376217,48.19990736546312],[11.483457791534178,48.1998326958027],[11.48368357210225,48.19979750255291],[11.483869383186294,48.19976854645103],[11.484830730865413,48.19955248780781],[11.485987655840676,48.199351768693305],[11.48653946632451,48.1993175472562],[11.486599040678154,48.199299028912854],[11.486731124499398,48.19925798707376],[11.487152280823507,48.19913331375624],[11.487700588964659,48.19901246951843],[11.488318694368767,48.198918557604195],[11.489017136698083,48.19885700908499],[11.489693785911994,48.19883787097077],[11.490270970131721,48.19885906341335],[11.490399939418548,48.19886522348906],[11.492112755620656,48.19899067715138],[11.492113816963895,48.1989907765003],[11.49258448536887,48.19903521099907],[11.493141406433278,48.19901196011465],[11.493141735567038,48.199011947573844],[11.49378465719125,48.19888189030215],[11.49385878808124,48.198873151369874],[11.494288690304986,48.198827759448214],[11.494418915052036,48.19881401157474],[11.4960213025998,48.19843498244524],[11.49658862125401,48.19831150243607],[11.496701706422346,48.198287192950794],[11.496787057308694,48.198269059316566],[11.496996322437925,48.198223305944865],[11.49787730657643,48.198019533977956],[11.498617377585955,48.19785237809469],[11.499079104966206,48.197769570326024],[11.499698462987878,48.19765845584778],[11.500384417520104,48.19753592000438],[11.501197479746587,48.197314591783424],[11.501483158671258,48.197254812614645],[11.501783224854542,48.19719242680075],[11.504016045747031,48.196726672624905],[11.505575656124659,48.19637565564126],[11.506453723534554,48.19617502585196],[11.507854281453259,48.19568388801089],[11.50816640224432,48.19551942261463],[11.508911375199276,48.19504858526309],[11.509683560992663,48.19462825534347],[11.511173150204609,48.19391181710625],[11.511769644952663,48.193714329300946],[11.511950806821899,48.19367274313869],[11.512014477117075,48.193658135900655],[11.51379020899985,48.19325034711797],[11.514741334451832,48.19306762161345],[11.51599819607195,48.19274626767971],[11.516114734125955,48.19271719345699],[11.516353568361922,48.19266632735978],[11.517227992604592,48.19248303051117],[11.517702718273183,48.192406494026834],[11.518234030520421,48.1922769416687],[11.518675773454353,48.19214494334525],[11.519038920308756,48.192041663772656],[11.519768973931978,48.191905334158015],[11.521294754795989,48.19159462815357],[11.522059057726985,48.191386030875684],[11.522283687584995,48.19134188955854],[11.522544396437686,48.19129059865051],[11.523345351586903,48.19113314067067],[11.52409113193115,48.19094611304293],[11.5260642299721,48.190289147202144],[11.526197281762519,48.1902513198853],[11.526821391094456,48.190073797970115],[11.52745704730503,48.189850605541274],[11.527813550214628,48.18980987669931],[11.527880882094925,48.18980218397514],[11.528906126527797,48.18968495237466],[11.531109554115124,48.18926596448782],[11.532669567365554,48.18884350946531],[11.533499003926384,48.1886670273392],[11.533573453783823,48.188651462228755],[11.53363224656623,48.188638965117555],[11.533798718647473,48.188614630109356],[11.533913764941756,48.18859763134343],[11.534085164588154,48.1885729451934],[11.53420433720746,48.18855522706806],[11.534207154311721,48.188539039859975],[11.534212663368312,48.188506419863174],[11.534497663838591,48.188473420840815],[11.534542462473079,48.18846843747407],[11.534608873537955,48.18846133696662],[11.534675269797322,48.188454236747255],[11.5347417408662,48.188447834872505],[11.53494157346995,48.188429522248306],[11.53502459178757,48.18842247166083],[11.53509132308542,48.18841695462929],[11.53522497712533,48.18840710124361],[11.535358528548644,48.18839825052882],[11.535492678715096,48.188391444255366],[11.535693820817807,48.18838298647019],[11.53602964050945,48.18837453916631],[11.536234718505929,48.18837415101212],[11.536430565278474,48.188375664195156],[11.536564844798118,48.18837843023732],[11.53669887976523,48.188382865227126],[11.536869064493285,48.18839040238871],[11.537070001185697,48.188401656546304],[11.537314706218826,48.1884183474874],[11.537402934530798,48.188425627981324],[11.537582760787876,48.18844228912124],[11.537707161299194,48.188454702696035],[11.537856978519647,48.188470506535886],[11.538002219904351,48.18848678378003],[11.538229539733447,48.1885136213221],[11.538363398688848,48.18853030525174],[11.538465571320739,48.18854263686014],[11.538628553107367,48.18856339366909],[11.538777840790017,48.18858121273472],[11.538893258390846,48.18859525599396],[11.539021831753473,48.18861274790141],[11.539223260564382,48.18864427400429],[11.53928766945167,48.188654387465284],[11.539411783011023,48.18867681926229],[11.539448712952458,48.18868361065471],[11.539557533002213,48.188703307574094],[11.53958647134776,48.188708547987666],[11.539781196048171,48.188768903805695],[11.539835799324107,48.18876902295621],[11.539985222334446,48.18873866829144],[11.540363365428822,48.1887762414393],[11.541280419591281,48.18890151996468],[11.541411940833159,48.18892095681549],[11.541543871545427,48.18893776157947],[11.541967584806368,48.18899176728104],[11.54255666612489,48.18908404449004],[11.542887853386752,48.189122995838375],[11.543573786511844,48.189229656744985],[11.544285072811563,48.18934459878909],[11.54427451860598,48.189456141548575],[11.54461983469574,48.18948338191129],[11.544917041132095,48.18951810784191],[11.545276248191145,48.18956873890657],[11.54600114994725,48.18966684051078],[11.546095721755718,48.18967997173443],[11.546156845485637,48.18968839327325],[11.546238120683375,48.189699699168884],[11.54629924468,48.18970812512509],[11.546725902023049,48.189767185833254],[11.547072502128822,48.189814416024056],[11.547450990662218,48.1898659022095],[11.548176857570283,48.18996543895386],[11.549127683900801,48.190161368737094],[11.549378949372496,48.190213086307445],[11.549641096000336,48.190201683823965],[11.549724694151339,48.190198054124494],[11.549814534605076,48.19019417604572],[11.549825701945638,48.190193681650484],[11.549911008258825,48.19018998151093],[11.5500346611426,48.19018463924666],[11.551311286127111,48.190240170263664],[11.551673179295697,48.190257929852294],[11.551747917220435,48.19027829304286],[11.551760395220585,48.19028167172518],[11.55178578340554,48.19024002892804],[11.552133192571137,48.190271476918674],[11.552612729934104,48.19030624442224],[11.553432133131977,48.190364385870616],[11.55436785112317,48.190345324104],[11.555576391950401,48.19036210187967],[11.558400112099756,48.19040173485942],[11.560014997075514,48.190424312184405],[11.561123309651412,48.19043984394261],[11.561586076351398,48.19042284022724],[11.5616478766997,48.19041345863196],[11.561922628328725,48.19037197753754],[11.562224936647723,48.190372455571485],[11.562355245506618,48.19037258245583],[11.562392092753742,48.19037271979248],[11.562455296267174,48.19037277583466],[11.56291421789341,48.190329540917766],[11.56330693009429,48.19036498057132],[11.563319967081831,48.19036619683395],[11.563472222119566,48.190379906367646],[11.56368765823842,48.19039942121015],[11.56452865272305,48.1904754041363],[11.564635279446001,48.190485072956974],[11.564875156505865,48.1905067150317],[11.564908338223058,48.19050970834323],[11.564961672809888,48.19051448138023],[11.565303157888154,48.19054606409729],[11.565613945498104,48.190575053415024],[11.565316977164043,48.192650683885404],[11.565160772970358,48.193748832104006],[11.565016093678077,48.19476722095852],[11.56463235444798,48.197473293251235],[11.564533033938671,48.198176064021716],[11.56451828026579,48.19828035297024],[11.56426723546853,48.200055588466995],[11.56419567821114,48.201128474566495],[11.564167979207717,48.20154666673758],[11.564143799047727,48.20172239218693],[11.563726608174013,48.20467024602421],[11.563714128379864,48.204752014553875],[11.56316670076775,48.208605397421],[11.563142301017166,48.20878333812814],[11.562663752674908,48.212155289721665],[11.562570046114548,48.21280810177904],[11.562013170773337,48.21669010714403],[11.562246362353894,48.217823347054896],[11.5623915900694,48.21818790158277],[11.56311964123908,48.21974083910544],[11.562350767786587,48.22000562521829],[11.562301227996247,48.22002261298881],[11.562312020396842,48.22001968645519],[11.562322558314834,48.220018054086765],[11.562323341204248,48.220017931352956],[11.562335053070061,48.22001761708108],[11.562346619488771,48.22001865032959],[11.562357636073916,48.220020941140135],[11.56236796949672,48.22002448888742],[11.562377351255247,48.22002920148298],[11.562385244479387,48.22003489744632],[11.562692853470024,48.22029673863826],[11.56350312561275,48.220986334856654],[11.563689227881229,48.221144698020325],[11.564491752988253,48.22182759209986],[11.564358511269514,48.22208198092618],[11.56424030718684,48.222308533880664],[11.56417491288135,48.222433658722125],[11.564013554211648,48.22274269042588],[11.564617591757637,48.22289286051143],[11.564051453363124,48.22390642707207],[11.564038879923649,48.22392885673602],[11.563642776355426,48.22395220247428],[11.563242999497545,48.224825954209905],[11.56452571469124,48.22664208643814],[11.564622956417958,48.22677963712677],[11.56485158042938,48.22710320063197],[11.564952812712027,48.227246515054574],[11.563149266225018,48.227178737139276],[11.560998821308504,48.22712223815055],[11.56073680894134,48.22711532331392],[11.560584288125478,48.227043729002744],[11.560506657868558,48.22704217205865],[11.560385566443266,48.22708748057233],[11.560349116799463,48.227101099399064],[11.557744319301579,48.22707108571669],[11.554417451906764,48.2269995257165],[11.552937507405952,48.226974563879494],[11.552743924136474,48.2269023392024],[11.5510456558487,48.22689984524762],[11.55083033474188,48.226899747859704],[11.54934979999048,48.226878820801936],[11.548005144382248,48.22694636942086],[11.547447068343223,48.22699589202719],[11.546846750367981,48.2271128763245],[11.546236630180116,48.22728566682464],[11.54588793745617,48.22740370029413],[11.545575631468358,48.22754918333891],[11.545215311996389,48.227751695520865],[11.545020105224154,48.22789098217827],[11.544757785438614,48.22813092523176],[11.544340894911613,48.22855495677764],[11.544192821379903,48.22870553070239],[11.544136994024393,48.22888303137083],[11.544146822833804,48.22895969649888],[11.544272560747693,48.22928044691898],[11.544250414663324,48.229243037583394],[11.544208635507342,48.229202945218866],[11.544135467679517,48.22918188268714],[11.544060569417546,48.22917502098668],[11.543841098639216,48.22918664369718],[11.54375813824845,48.22914674214478],[11.543741607369855,48.229129138566606],[11.543682442873886,48.22924052403119],[11.543612196141266,48.22937279218159],[11.543576885679983,48.22944361554387],[11.54356287015234,48.2294134330981],[11.54349563452002,48.22926855485311],[11.543319208791178,48.228850114229495],[11.543278603910107,48.22875543277357],[11.542987631971407,48.228770592572275],[11.542841717278176,48.228778041766425],[11.542623173929766,48.22878957234765],[11.542505125973207,48.22879571883232],[11.541898082139998,48.22882724317063],[11.541790416940996,48.228832847007396],[11.541683983573,48.22883838930312],[11.541693081409958,48.22890605678272],[11.54176764172909,48.229182724304486],[11.541707373138687,48.22919364285269],[11.53774763478061,48.229913014875834],[11.537791085488616,48.229977401832436],[11.537738960964802,48.229994463878036],[11.537690970064343,48.230000840584985],[11.537588006521723,48.23001516528092],[11.53750304586882,48.23002698862885],[11.53746502704563,48.23003447669737],[11.537413646474244,48.230046136075885],[11.537391061968496,48.23001349046635],[11.535888383270198,48.23029156158701],[11.535367234797505,48.230344426615616],[11.53394485717477,48.23048837856241],[11.533949240763704,48.230524281221996],[11.53396301671422,48.230637119458365],[11.533942954478215,48.230638207925416],[11.534009886168052,48.23141643866913],[11.531122056634812,48.23134324189635],[11.5309406205201,48.23150538021131],[11.530731153883595,48.231697444136586],[11.530686888262476,48.231737555899834],[11.530643559339527,48.23177749225364],[11.530578914392922,48.23183488049168],[11.5305449992613,48.231866930760575],[11.530515919387325,48.23189443141933],[11.530459331352834,48.2319459141523],[11.53040073011226,48.23199541038621],[11.530351343238712,48.23203748024312],[11.530095208573426,48.23225431314592],[11.530022715296854,48.23226327674132],[11.529949470857023,48.23233867590709],[11.529848913197558,48.23244221504701],[11.52961790758174,48.232843740331035],[11.529383810927905,48.233320978562894],[11.529351158521715,48.23338748833845],[11.529101180564703,48.23394097285653],[11.528941065767103,48.23420936599312],[11.528759615664466,48.23451386959693],[11.528555696766214,48.2349438089469],[11.528377485248855,48.235220203491046],[11.528256067433267,48.235494635523345],[11.528059679996973,48.23585456639067],[11.527728916861653,48.23670670896919],[11.52710555878813,48.23787982331292],[11.527027384878945,48.23809103811983],[11.526932007047833,48.238348601813335],[11.52679760812956,48.238561865358],[11.526602868038092,48.23887069658886],[11.525870422115625,48.24033698012855]]]},"geometry_name":"shape","properties":{"sb_nummer":"24","sb_name":"Feldmoching-Hasenbergl","flaeche_qm":28938452.23773}},{"type":"Feature","id":"vablock_stadtbezirk.10","geometry":{"type":"Polygon","coordinates":[[[11.557089520093564,48.07941223229235],[11.557762723603243,48.07957877827305],[11.556397794405052,48.08043233816938],[11.556064824225626,48.07993463304615],[11.556477960938329,48.07967606904355],[11.556951530282332,48.079379649372775],[11.556953205214844,48.07937860340039],[11.557089520093564,48.07941223229235]]]},"geometry_name":"shape","properties":{"sb_nummer":"18","sb_name":"Untergiesing-Harlaching","flaeche_qm":8057218.1335}},{"type":"Feature","id":"vablock_stadtbezirk.11","geometry":{"type":"Polygon","coordinates":[[[11.569591286742753,48.1220112454836],[11.56955420863168,48.12206024656607],[11.569508497235192,48.122105852390284],[11.569454829603814,48.12214738464861],[11.569393978426445,48.1221842231799],[11.569326869308078,48.122215822684694],[11.569277968837874,48.1221834414515],[11.569102491457803,48.12208972258319],[11.569040220839753,48.122056449888674],[11.568945980677096,48.1220060996471],[11.568914832613368,48.12198943475358],[11.568918212394095,48.12198665886665],[11.568907649282519,48.12198113283051],[11.568904269501557,48.121983908717134],[11.568839400450479,48.12194970065704],[11.56877252330186,48.12191443342201],[11.568775905313464,48.12191156750966],[11.568765338250067,48.121906042448664],[11.568761956193377,48.12190890746192],[11.56869948965429,48.12187638579708],[11.568549611320892,48.121798240419366],[11.568393178270162,48.121716678230065],[11.568336414224751,48.12169353160456],[11.568194833947633,48.12163561840197],[11.568031291685042,48.121550933128994],[11.567862782967174,48.121460237343534],[11.567454230809455,48.121240708225315],[11.566724288146517,48.12085130295975],[11.56644478208008,48.120702042480794],[11.565976364470089,48.12044626581509],[11.565288002680628,48.12006919088555],[11.565037036885151,48.11993103728211],[11.564976098686293,48.11989491987117],[11.564827398177338,48.1198033345777],[11.564688337039033,48.11970944811275],[11.564542864664089,48.119609698491566],[11.564443580211233,48.11953281241442],[11.564200259463833,48.11933451751044],[11.56409014093378,48.119243975644494],[11.563624027273633,48.11880742183349],[11.563022138108792,48.118237234078364],[11.562748266878705,48.11798543208127],[11.562739733917358,48.11797757469571],[11.56266928846906,48.117985039331494],[11.562666623809502,48.117982420991275],[11.562659366473872,48.1179830229239],[11.562650007264425,48.11797768000509],[11.56257546076115,48.117910725682435],[11.562514443375449,48.117855919950536],[11.562507788933909,48.11784878906194],[11.56250553065144,48.11784572255005],[11.562504887898113,48.11784239234464],[11.562505856596797,48.11783906757597],[11.562508300185597,48.117836109410256],[11.562512080135821,48.11783378547855],[11.56249233747888,48.117817880249895],[11.562410757250106,48.11774480486737],[11.56244469384828,48.11770302235989],[11.562296122697544,48.11756331246237],[11.562298014710027,48.11756188096523],[11.562268423290094,48.11753532497044],[11.561320207123858,48.11662110183217],[11.561267063962017,48.11656855918442],[11.561198416967498,48.116490944778356],[11.561122063929984,48.11639036478549],[11.561089038726239,48.116341669064454],[11.561024612483735,48.11623888848283],[11.56095815559848,48.11611964096389],[11.560941146725595,48.11608054072229],[11.560927456754584,48.116046220880115],[11.560915390560401,48.1160116416799],[11.560905078958195,48.11597689378414],[11.56089638155201,48.11594188314571],[11.560889431796527,48.115906699468354],[11.560881553082432,48.115854698596415],[11.560858680006866,48.115484183465675],[11.560856550249285,48.11535690602419],[11.560856239025702,48.11520553374777],[11.560870305098014,48.11481910983148],[11.560892251322345,48.11418822685073],[11.560896222017066,48.11402673982609],[11.560898349676897,48.11399940512294],[11.560898421199509,48.11394714868394],[11.560915514564982,48.113374109343205],[11.560915793280776,48.11327778338861],[11.56092703157964,48.11315739541056],[11.56095004394063,48.11301106016243],[11.560971050066184,48.11292641658321],[11.560984152475587,48.1128831914698],[11.560998968773534,48.11283433409448],[11.561028630188027,48.11274871197569],[11.561030365756624,48.11274370459104],[11.561063687003257,48.11264786552884],[11.561080083360538,48.11258068901597],[11.56111337824677,48.112444250748545],[11.56113364397939,48.11235177920411],[11.561144422672507,48.11231638373875],[11.56116014622176,48.11225240659854],[11.561334562547472,48.11159776242885],[11.561383239543572,48.11140799640727],[11.561521405973224,48.11089211463493],[11.561552694948162,48.11076255490278],[11.56158449241409,48.11065008537926],[11.561631054940442,48.1104249134369],[11.561644609822308,48.1103475280989],[11.56166677063603,48.11015641068063],[11.561671842152307,48.11007748604374],[11.561672779971707,48.109978227290014],[11.561667263097839,48.10985113688193],[11.561653555694527,48.109695755046616],[11.561644237704613,48.10963914602611],[11.561622120581182,48.1095235761719],[11.561602786984569,48.10944336388357],[11.561578887310421,48.10936232574196],[11.561410272947809,48.10894178566795],[11.561371988571294,48.10884974973473],[11.561331397662109,48.10876074356082],[11.561280101021017,48.10866745554101],[11.56122648760144,48.10857820617087],[11.561167592303015,48.108478593714324],[11.561052781580788,48.10830789065078],[11.560998947472154,48.108227374137975],[11.56084247713691,48.10801862416763],[11.560573022509999,48.10771826157924],[11.56049631320227,48.107641432929945],[11.56044547360783,48.107602021467166],[11.560275195684877,48.107440997027666],[11.560092445335737,48.10728720760541],[11.559912785090704,48.10714907839076],[11.559722569984745,48.10701338145284],[11.559618506530189,48.106947251328826],[11.55948071058028,48.10685679999948],[11.559302138735786,48.10674513924063],[11.557541270512756,48.1056407653899],[11.557519388494205,48.10562431398002],[11.557276562535103,48.10547315991835],[11.557176777480848,48.10541252187254],[11.557026225498209,48.10531840602251],[11.556170757162887,48.10478228489176],[11.555632937363582,48.104453647129226],[11.555128903450926,48.104679455055816],[11.555066597459051,48.10463886475181],[11.554768850204258,48.10441397677701],[11.55473420422257,48.10438118410182],[11.55461549550236,48.10422547189832],[11.554524585235196,48.104111266210076],[11.554441087460798,48.10401614586413],[11.554349843707467,48.10392058767737],[11.5542374722887,48.10381700251677],[11.554151450924623,48.10374032906519],[11.554066552761846,48.10366880171149],[11.553980450544541,48.103602140187064],[11.55386826446795,48.10352153409419],[11.553381133997231,48.103201202007895],[11.55266674529669,48.10290880753132],[11.552551130050778,48.102863822911665],[11.552535145817231,48.10286456778887],[11.552514393714082,48.10287338904673],[11.552462870747744,48.102854481262504],[11.552369041669214,48.10282219430107],[11.552337584081299,48.10281173232485],[11.551969774491868,48.102655433654455],[11.551829021190475,48.10258480207289],[11.551695449312167,48.10251887776796],[11.551596071017729,48.102460043450854],[11.551510694866893,48.10240725863811],[11.551410909635608,48.10233995350304],[11.55135544159182,48.10230003619681],[11.551273764997294,48.10223820522984],[11.551192586792135,48.102172463407726],[11.551115367054352,48.10210497256921],[11.551046128868373,48.10203917326651],[11.55095768323309,48.1019469118896],[11.550918472880097,48.10190256436511],[11.550863579801131,48.10183658039023],[11.55081085443158,48.10176781645449],[11.550703708441961,48.10162314397117],[11.550695511324843,48.1016145412974],[11.550658492666804,48.101565611822465],[11.55061760863868,48.10150592291276],[11.550577605963124,48.10143651908719],[11.550543277676447,48.101364863003575],[11.550480575145256,48.10121620604473],[11.550449358600705,48.101134269913835],[11.550426664092676,48.101067962975996],[11.550401847405345,48.10098450801372],[11.550374366572942,48.100881693658806],[11.550346433821284,48.10077943550971],[11.550332524662759,48.10073616535092],[11.550321373149979,48.10069270078181],[11.550141266836892,48.10004269789086],[11.550126293987123,48.09998446787874],[11.550113984696656,48.0999302773023],[11.550078217337838,48.09976156566326],[11.550078119435739,48.09969528327705],[11.550076088351851,48.09957234750824],[11.550076193608504,48.099512911675575],[11.550076758659845,48.09936841397053],[11.550080015523477,48.09930159999125],[11.550085031697371,48.09918586448635],[11.550140984684804,48.09864100778687],[11.550372422799864,48.09647780252802],[11.550418789423974,48.095932854217835],[11.550434147553503,48.095260629555895],[11.550441127934556,48.09497017952883],[11.550454852017053,48.09434600974771],[11.550470488824141,48.09361159000579],[11.550486237822396,48.09277982468815],[11.55046360127986,48.09272937267431],[11.550453874649694,48.092728643900095],[11.550435401343133,48.09272725726528],[11.550419443456397,48.09272605591058],[11.550409401371514,48.09272530354513],[11.550421759278576,48.09261572415737],[11.550430165843954,48.092593440185766],[11.550450542796279,48.09253941088372],[11.550478214699867,48.09246604033909],[11.550485655762268,48.09244367972725],[11.5504964581601,48.092420522823815],[11.550483059766883,48.09241741014774],[11.550490427791548,48.09240358935502],[11.550558579565369,48.092232836962474],[11.550575575727294,48.092190235490925],[11.550578086255843,48.092183944121984],[11.550610177705037,48.09218325387018],[11.55051389919115,48.091693388070794],[11.55048513285495,48.09157664358736],[11.550432247535346,48.09141831332466],[11.550411634702815,48.09136390492111],[11.550319648149314,48.091155856235005],[11.55020554014405,48.09094290981606],[11.550079680197864,48.09074745090467],[11.54994592215701,48.09056808018404],[11.549871180983008,48.090475878033345],[11.54923500155005,48.08974935058327],[11.54857978449687,48.089006552616794],[11.547945054767426,48.088279391978446],[11.54596035159516,48.086028441363595],[11.545565284596755,48.08557377173713],[11.545258649536574,48.085200065454586],[11.54480802023985,48.084626522077116],[11.544584355646336,48.08432833203982],[11.54439099052815,48.08404946109817],[11.544277525428843,48.08388813312703],[11.54415947219782,48.08371338359468],[11.544012684656835,48.08348811506342],[11.54385297074186,48.08323987645139],[11.543641989753885,48.08289490552661],[11.543429762517158,48.082532287935294],[11.543332548415632,48.08235402836873],[11.541962223713291,48.07967774658769],[11.541836968604423,48.079405721857356],[11.541724534682656,48.07913681265297],[11.54164207348886,48.078918383715504],[11.541560774331598,48.07870076851067],[11.541487407667288,48.07848193121748],[11.541421045835452,48.07826059666797],[11.541362622306094,48.078039987096986],[11.541327107765468,48.07788444798327],[11.54188136330768,48.07786984132256],[11.54237814186119,48.077856678168075],[11.542361256874054,48.0778230647178],[11.54233572929539,48.07773455320343],[11.54232742172581,48.07768748588824],[11.542330621409643,48.077614219857466],[11.542305529927262,48.07752232172736],[11.542266574457294,48.07743441610407],[11.542258512530696,48.07734444624119],[11.542242390146887,48.077255071429846],[11.542228220762127,48.077188098910796],[11.54221945528437,48.07707554701995],[11.542203180541625,48.076787127927936],[11.542119309508012,48.076696951204916],[11.542090958295933,48.07662740515063],[11.542064266819542,48.07656695892583],[11.54205527953529,48.076521428195115],[11.542039250980816,48.076468047805115],[11.542013726597295,48.076426318584936],[11.541973046232068,48.0763690667627],[11.541948273652823,48.07631771731082],[11.541940213287024,48.07628818340791],[11.541914312753027,48.07628744482375],[11.54191560087172,48.07624814539976],[11.541923932235562,48.076216790976694],[11.541912835427718,48.07618157725658],[11.541892842772699,48.07612006311111],[11.54184762868391,48.076072293823515],[11.54183276684782,48.076037783396956],[11.541810469703867,48.07599524485942],[11.541789520179087,48.07595253342014],[11.541752492553238,48.0759218986605],[11.541691614797694,48.0758304775462],[11.541655322416913,48.07573474207927],[11.541631423472058,48.075659994592],[11.541587782887055,48.07549560046362],[11.541581978098584,48.07538045273573],[11.541637840173934,48.07525663915004],[11.541661526536942,48.07512748383638],[11.541675277603654,48.07499909999732],[11.5416967472166,48.074908171394824],[11.541698283783031,48.07490134478657],[11.541718165832537,48.074717367795266],[11.541728120549514,48.07468413735443],[11.541730884711322,48.07467497648379],[11.541755783897122,48.07459125404498],[11.541807930817036,48.07459613296314],[11.541809054297584,48.07459065080142],[11.541841531628876,48.07457512659066],[11.54187248469281,48.074579564006214],[11.541873757992265,48.074572463384435],[11.541903790306929,48.074574918215276],[11.541903370022386,48.074576715423355],[11.541955256277827,48.07458096388512],[11.542001923524472,48.07458474568261],[11.542036488051801,48.074591357110656],[11.542082460912699,48.074598102895216],[11.542298249342153,48.074628185844134],[11.542297404327488,48.0746325883831],[11.542331440663926,48.07463722645485],[11.542337042579197,48.07461054210181],[11.542433960378197,48.074619488209365],[11.542467312208238,48.074580144718475],[11.542524227243304,48.074546737379464],[11.542639861249278,48.074523708388945],[11.5426657447663,48.07451085658541],[11.542693657506712,48.07448110296842],[11.542748873351963,48.07441448818572],[11.54274820922819,48.07439856651227],[11.542756637584445,48.0743713462555],[11.542805955500578,48.074334315234836],[11.542847812861794,48.07432144979629],[11.542868807281707,48.074315152385296],[11.542902672314337,48.074264933199416],[11.542932261908135,48.07421244490304],[11.542983147702595,48.07416498368026],[11.543046644312527,48.074118195150376],[11.543116885186175,48.07408034521758],[11.543188399450031,48.074048798941185],[11.54321924631836,48.07401942021308],[11.543256989849594,48.07399888314682],[11.543273569483128,48.07397475039704],[11.54332651324324,48.07394959360362],[11.543340184340327,48.07392049807237],[11.5433582689713,48.073893669464745],[11.543349836478999,48.073860435809756],[11.543324056902726,48.073847559249415],[11.543367568804815,48.07379763014869],[11.543359638406052,48.07375345008783],[11.543367755479432,48.07374619966868],[11.543402597090894,48.073752366343975],[11.543424043084483,48.07374058443643],[11.543439099290927,48.07369217816993],[11.543442601246749,48.073660359212454],[11.543515071193063,48.073569907658666],[11.54355227314038,48.073567174260475],[11.543606583803685,48.07352673092459],[11.543521960859255,48.073441037567505],[11.54313381829746,48.07304622354502],[11.543967688920269,48.07194762246192],[11.544165127880248,48.07090894152041],[11.54423865165656,48.070522638270546],[11.544292522346606,48.070239896689756],[11.544007658298014,48.0696309226007],[11.544185475307275,48.06912661937105],[11.544065351928607,48.06830990484106],[11.545046736873049,48.06819155260401],[11.545360142536943,48.068136914674064],[11.545425865524095,48.06812504350915],[11.546236718217957,48.069536459906814],[11.546486205654187,48.06998634166737],[11.54661727370367,48.07022995109696],[11.54689746044691,48.07077343417457],[11.54728939857263,48.071522122722584],[11.547366842771437,48.07160930339359],[11.547373018269186,48.07160869940209],[11.547501112870517,48.07157981656981],[11.548091595518875,48.07274782053531],[11.54893515444036,48.07441371966671],[11.549030898668763,48.074605745502254],[11.54911691842052,48.074588619478995],[11.549761651484367,48.07446058681631],[11.549778104273752,48.07448169076417],[11.549886891163771,48.07462097055387],[11.549914507894531,48.07465632688839],[11.549706892054976,48.07473293543605],[11.549370121079143,48.07485729581612],[11.549317471785393,48.07487668923699],[11.549266303389098,48.07489572942847],[11.549234123113491,48.07490747088794],[11.549157994543451,48.07486345725503],[11.549869470795823,48.07632565359061],[11.550237033161881,48.077077265677424],[11.5517798198506,48.080312340182935],[11.551830982651829,48.08041973098467],[11.551904209356069,48.08057827104013],[11.55201905589274,48.08082676333634],[11.552105693332484,48.08101414798506],[11.552224587075917,48.08126897380313],[11.552344887558892,48.08152609691266],[11.552398739240108,48.08164169506157],[11.552572279358863,48.08201314833485],[11.552718226681963,48.082325392341055],[11.552829502863124,48.082563500279434],[11.552892438776855,48.08269819697413],[11.553047992597262,48.083031071775125],[11.55318618816377,48.083328020826166],[11.553255776928966,48.08347860115226],[11.553306481863336,48.08358827525167],[11.553472922177402,48.083948173168416],[11.553629995829482,48.08428503097007],[11.553792470120115,48.08463853533502],[11.55394524762353,48.0849682799262],[11.554240573962861,48.08493214412157],[11.555754235490912,48.08474704744491],[11.556757030416653,48.08462442364182],[11.560321117317615,48.08418841266101],[11.560537687165668,48.08416186454706],[11.560541314089987,48.084161427355205],[11.560500356374558,48.08398754249201],[11.56056944689604,48.08394131153035],[11.561424459871073,48.083790510913424],[11.561454501450871,48.08378521225271],[11.562490225162513,48.08360256974823],[11.562912128211385,48.08511352561322],[11.562912412773052,48.0851764657662],[11.562994506088314,48.0851663500165],[11.563312719221857,48.085262084903356],[11.565532064353883,48.08607416552069],[11.565621285361805,48.08611318518067],[11.566843463853402,48.08655726957265],[11.567772840671843,48.08689493637429],[11.571264049439293,48.088172225774656],[11.57127168067008,48.088174682328436],[11.57132427079196,48.08819430371083],[11.573237954308702,48.08889746321206],[11.57438343642148,48.088814479817785],[11.574434394051977,48.08933740268432],[11.574510132700917,48.08936520564982],[11.574538639146036,48.089375652127266],[11.574571695136123,48.08938791407821],[11.574583072457047,48.08939209233051],[11.575271741597252,48.08965324985118],[11.57573440581721,48.08982876359449],[11.577122899299678,48.09035537512434],[11.578798033169404,48.090988735789665],[11.579256352651567,48.091163631118434],[11.579826567803382,48.09137961805972],[11.580302039052247,48.091559668497744],[11.580302440323509,48.09155982324554],[11.58030364493899,48.091560276673256],[11.580307258875534,48.09156163875396],[11.58038662706028,48.09159213849397],[11.582668578393879,48.09246950957765],[11.585020950640153,48.0933693110522],[11.585420947048801,48.09352784959238],[11.585486127121383,48.093553075673924],[11.585564391841663,48.09358343652822],[11.585572047714384,48.09358638107271],[11.585588910928148,48.09359291547939],[11.586474662266637,48.09393369831958],[11.587048609161696,48.09415440372902],[11.58795739140369,48.09450364356896],[11.588057643089153,48.094542224525085],[11.58808066184875,48.094551123093176],[11.588136300930111,48.09457714306926],[11.588159807931897,48.09458814065393],[11.588208398086847,48.09461086961698],[11.588299042495265,48.094626343118165],[11.588198770999218,48.09478417071571],[11.586519309894566,48.097507176148376],[11.585177366720117,48.09970071911485],[11.584924211072058,48.09959272407896],[11.58215969001562,48.098413636056684],[11.581978103462639,48.09833594757773],[11.581712095417615,48.0986185114854],[11.581657929880858,48.09869866329803],[11.581638556206583,48.09876181315443],[11.58164148296733,48.09886723373824],[11.581710639358178,48.0993562263065],[11.58215969027444,48.10323781660157],[11.581626791067023,48.1042023438804],[11.581556584196539,48.104327417867935],[11.582242974823275,48.104524897362595],[11.582126772422974,48.104709632378395],[11.581946807920497,48.10497539263024],[11.581326925732434,48.105739335892075],[11.580659283666643,48.1064191710837],[11.580264326381046,48.10691792259283],[11.579841892595855,48.10758123522566],[11.578972159814255,48.10932650213577],[11.578411092507501,48.11011706837558],[11.57813418904056,48.11043986116212],[11.5780087500341,48.110586332657654],[11.577613904094404,48.11092370920652],[11.577066065476984,48.111251340805836],[11.576439530641062,48.111508686493444],[11.576129766005632,48.11159059474714],[11.575718339098314,48.11169970124012],[11.574474192784681,48.111936112130465],[11.573798588792034,48.11198482261345],[11.573692475074996,48.1122114187807],[11.57373922567494,48.11236480267463],[11.573923368976823,48.11262128100499],[11.57433739476111,48.11305197231219],[11.574353211204247,48.11307235634523],[11.574387322562025,48.1131220371423],[11.574419549574184,48.11317243141808],[11.574482789861419,48.11327366465633],[11.574542934735739,48.113373717428324],[11.574600233655083,48.11347457000251],[11.574652546939179,48.11357648000305],[11.574705192855193,48.113672998126795],[11.574737819415278,48.11372330777191],[11.574774492951923,48.11377218867874],[11.574818433012311,48.11381875614569],[11.574859952119661,48.11386602752719],[11.574901876468193,48.113913125145025],[11.575006658037939,48.114026392831605],[11.575063510592177,48.11410331513777],[11.5751727816563,48.114250567284266],[11.57520687328135,48.11430025097819],[11.575219027660479,48.11432386090053],[11.575247890645835,48.11440634610671],[11.575269489765137,48.11445929902995],[11.575293778847103,48.11451163105665],[11.57534935807381,48.11461452746478],[11.575407627118611,48.11471709178918],[11.575466838897725,48.11481929121988],[11.575498395234222,48.114869853195394],[11.57556764064791,48.114976940224025],[11.575594435227831,48.11500015250479],[11.575666283132893,48.115096828928095],[11.575704293275791,48.11514445493524],[11.575747289098246,48.11518994096929],[11.575794857627281,48.11523373448858],[11.575844863795462,48.11527591756518],[11.575952065180427,48.11535644133493],[11.575981831804484,48.115377680192665],[11.576181352178672,48.115520045762295],[11.576223036321565,48.11554636023998],[11.576262150785054,48.1155744635571],[11.576377985279244,48.11567585306095],[11.57641071288859,48.11571184596701],[11.576454897705185,48.11575974981708],[11.576559041855228,48.115887095137964],[11.576613546538777,48.11590679447233],[11.576631892494332,48.115913511089474],[11.576750604945088,48.11588203528684],[11.57688597637291,48.116260457720884],[11.577094216857137,48.11763413697003],[11.577192828766414,48.118162838506684],[11.577178318182167,48.11827750778209],[11.57714401995617,48.118508057988166],[11.57709621938401,48.118592331321075],[11.577083687575474,48.1186123702864],[11.57698954463409,48.11876291338793],[11.576924725555978,48.11881262393646],[11.576560512085042,48.11901501758695],[11.575460426349835,48.1194679288188],[11.575351475628663,48.11949757370241],[11.575235641393478,48.11952809806365],[11.572538861282816,48.12062572852812],[11.572453987346154,48.12065753523749],[11.572362906472122,48.12069174389231],[11.571525232193606,48.121036447721906],[11.571306653292359,48.12112631293507],[11.569589524527883,48.12165177271997],[11.569601448963114,48.121671085523545],[11.569612521074772,48.121691765291295],[11.5696231003963,48.121715280546844],[11.569631337299805,48.12173787912731],[11.569633298019205,48.12174444966925],[11.569644356153537,48.12179767361367],[11.569645846864404,48.1218514013475],[11.569637456993446,48.12190603668793],[11.569619181164741,48.12195958760186],[11.569591286742753,48.1220112454836]]]},"geometry_name":"shape","properties":{"sb_nummer":"18","sb_name":"Untergiesing-Harlaching","flaeche_qm":8057218.1335}},{"type":"Feature","id":"vablock_stadtbezirk.12","geometry":{"type":"Polygon","coordinates":[[[11.526098946869753,48.13644741733363],[11.52533668502959,48.13604597166477],[11.524613188305597,48.13562110034055],[11.523638357581415,48.134978378860815],[11.52324080667812,48.134714164491264],[11.522746863967186,48.13437572932379],[11.52241575490579,48.134143600650674],[11.52134357279729,48.13339659541591],[11.520341036573075,48.132687152493816],[11.51982323664896,48.132296381704144],[11.518880542072727,48.13147264345267],[11.517875654284698,48.130580782505774],[11.517658712051286,48.130387059087475],[11.51737858830768,48.13013707123778],[11.51692858875198,48.12980667386277],[11.516290274181868,48.12940076069801],[11.515503653262357,48.12895703099858],[11.514857512965762,48.128637781024906],[11.514206487551007,48.128330785159584],[11.51304530149466,48.127830217246085],[11.512524978303158,48.127621875682465],[11.51187160882009,48.12737500333807],[11.511245223238898,48.12712188932866],[11.51005216017791,48.12664989527923],[11.509771068827042,48.126528314951805],[11.509440461643457,48.126333159125224],[11.509207067166576,48.12615702918755],[11.508999081682664,48.12595107709933],[11.508866204951408,48.12581954437762],[11.508771139434616,48.125571084539764],[11.508634048058493,48.1252213477209],[11.508443698007618,48.12524733309297],[11.506899691636335,48.12545837318696],[11.505093511996273,48.12566646831462],[11.503981853685232,48.125762608174405],[11.503216802947744,48.125803177246404],[11.502808724102076,48.12581425394955],[11.502690533027188,48.125817472665084],[11.502656512341057,48.1243489448448],[11.502580238623146,48.121763601180106],[11.502461039420636,48.11763923903645],[11.502441098155295,48.1164730021835],[11.502430262171702,48.11629958005157],[11.502408817565268,48.11593890820014],[11.50235017858864,48.11307170654972],[11.50232410550728,48.1121023081774],[11.502343377213915,48.11180845756048],[11.502267532097038,48.109053949467935],[11.50216614290438,48.105856331691264],[11.50212385780112,48.10547484308255],[11.502088908774375,48.105271949548694],[11.502040200211816,48.10506852164844],[11.501621644498355,48.10395782546389],[11.50158896886228,48.103862034246106],[11.501557482449314,48.10375149917807],[11.50153618701278,48.103668879601095],[11.501514096584359,48.103552092344785],[11.501484259135992,48.103150332548985],[11.501496861337062,48.102921692016444],[11.501567974783034,48.10266382310843],[11.501672679151984,48.10245037954785],[11.501740909477775,48.10232498078882],[11.50199380740695,48.1020110885975],[11.502313742839634,48.10172980234986],[11.502709001387128,48.10148563875933],[11.50311273544438,48.101268383680974],[11.503657210443642,48.10099240589705],[11.504120751144342,48.100751719269596],[11.504412314721408,48.10056867341479],[11.504887021230811,48.10024062379492],[11.506014061522746,48.099331659497096],[11.50635721773618,48.099068627440566],[11.506518646889326,48.09916271236826],[11.50694242102811,48.09912228391333],[11.50697546693294,48.09910731789905],[11.507425571296888,48.0991144033585],[11.507465705691192,48.099114210046444],[11.507579855862664,48.09911371166839],[11.507746440753088,48.099114178261004],[11.508007850763288,48.09911024069343],[11.508092403988913,48.099111580367726],[11.508171592402533,48.09910174740983],[11.508248427092722,48.09908534060829],[11.508321564185238,48.09906262416539],[11.5085086667812,48.09899491841645],[11.508656658134171,48.09904340519156],[11.50866624746917,48.09910702812089],[11.508659238873665,48.09916490309792],[11.508655290701448,48.09919806402444],[11.508631333859952,48.09928733865658],[11.508596050643453,48.09938257888611],[11.508593431255477,48.09938967070276],[11.508590812173123,48.099396851592424],[11.50856056853413,48.09947053510389],[11.508549395872958,48.099501594440895],[11.50852911776704,48.09950267352215],[11.508572755559642,48.0996259578168],[11.508585536225674,48.09967817721627],[11.508597529549705,48.09972859892455],[11.50862226248905,48.09982233744664],[11.508640054983559,48.09988429472552],[11.508668346248923,48.09998470577556],[11.508684338673286,48.10003838195842],[11.508767912251468,48.10033879854227],[11.508776746993133,48.1003701379811],[11.508844801382244,48.1006143602654],[11.5088672536074,48.100695227487876],[11.508863762913148,48.10069521196404],[11.508863356714414,48.10078056462652],[11.508858249794445,48.10089719518509],[11.508851498475469,48.101045744110706],[11.508968502081649,48.101067122644295],[11.509422796495043,48.101135088833004],[11.509596121807963,48.1011578634802],[11.510114484470591,48.10122567313873],[11.510168521752766,48.101232741402995],[11.510125196779596,48.10168005071028],[11.510191701165173,48.10168696165475],[11.510212651864515,48.101689138338585],[11.51029206925232,48.10169738841634],[11.510369450372139,48.10170544990167],[11.510570311995334,48.10172054789271],[11.510779642424273,48.10173363830307],[11.511001904090385,48.101747006178606],[11.511156817011987,48.10175361580874],[11.511314851998526,48.10175237193123],[11.511488107706452,48.10174447122687],[11.511632905298626,48.10173476587627],[11.511945062138722,48.10171293739553],[11.511978524372172,48.101710557976865],[11.512001639050593,48.101709037432656],[11.512152720006188,48.101684936732454],[11.512863054959496,48.10218376574102],[11.51354799205834,48.102619437116836],[11.514272638868114,48.10302424221602],[11.514455970758805,48.103113038824716],[11.515321775181688,48.10352871069005],[11.517526131510737,48.104546085799754],[11.51768366364167,48.1045096352095],[11.517914653797787,48.10425852664721],[11.517941482676024,48.10421745034903],[11.517955584711064,48.10417344620003],[11.517966463389957,48.10411887623533],[11.517989563886962,48.10400302497132],[11.518026696810562,48.103816790857614],[11.51804491649398,48.103748603487084],[11.518068841081337,48.10368763606326],[11.518113043590972,48.103642489634346],[11.518182827585584,48.10357641180921],[11.518262115555702,48.10351370763363],[11.518360098845609,48.10344684400661],[11.518388746330777,48.103427268827],[11.518492241071623,48.1033700488123],[11.518699531448467,48.103255897032575],[11.518799342001424,48.10319549037532],[11.518868171413175,48.10314503461751],[11.518917047794947,48.10310206004524],[11.519073414571118,48.103162809222596],[11.519090935638701,48.10316971955704],[11.519274064266053,48.10322590526041],[11.519465918292891,48.10326683757747],[11.519664060956536,48.10329136869737],[11.519863883303612,48.10330865345765],[11.519969316275207,48.10331362395454],[11.52006483129147,48.10331813263612],[11.520265860313446,48.10332528461213],[11.521020602100243,48.10335142132987],[11.5217773051042,48.10341261646131],[11.521910481956748,48.103411626695085],[11.52218735716363,48.10341629007557],[11.522424442424775,48.10340278522978],[11.522878973608673,48.10341286858049],[11.524130784055584,48.10345141244867],[11.524373249854508,48.103443211090394],[11.524601146059656,48.10343491828606],[11.525702517572293,48.10347486232911],[11.525693739458408,48.10352788241344],[11.5258198385969,48.1035376694552],[11.525949763740531,48.103545400755785],[11.526179275086534,48.103559030621724],[11.526432477945662,48.103574207492],[11.526536503157107,48.10358038795822],[11.52654414970951,48.1035813183918],[11.526669166389784,48.103597022879974],[11.526912265620883,48.1036277247107],[11.527033626707816,48.103642981953676],[11.527171901439848,48.10366046190345],[11.527447788895667,48.10369514793808],[11.527676417301551,48.10372397380872],[11.527811308126465,48.10374089940814],[11.527813515864882,48.10373461252703],[11.527998635890395,48.10374922661131],[11.528029488470555,48.10375169227283],[11.528149151784456,48.10376387601335],[11.528298619875278,48.10377951016754],[11.52845740968049,48.10379940999061],[11.528596734042678,48.10381671575175],[11.528709773066081,48.103830755268895],[11.528956896619446,48.10386637963345],[11.52909975192412,48.103884946829865],[11.529204345640004,48.103901019120464],[11.52925676693025,48.10390923604823],[11.529451207612167,48.103937184462104],[11.529473873272002,48.103940243954945],[11.530387936850014,48.103602764480804],[11.530673106188392,48.103633261161],[11.530769390013628,48.10376505711635],[11.530872937384261,48.10389481414947],[11.530981765101524,48.1040203642464],[11.53098457278723,48.10402328969567],[11.531022478173977,48.10406280211372],[11.53104113610001,48.104064046550896],[11.531259562431861,48.10408242844151],[11.531312948623624,48.104087305614975],[11.531473140993427,48.10410177607785],[11.531722973888767,48.10412680175748],[11.531775423470249,48.1041317812445],[11.531940186060206,48.10414351120329],[11.532112635319704,48.10415670908258],[11.532454606012633,48.10418273312344],[11.532755989806843,48.104205803697866],[11.532831669287896,48.10421186484422],[11.532856086437658,48.104213654120905],[11.533022358469848,48.10422585402397],[11.53314230284073,48.10423507233373],[11.53328103206308,48.10424401473466],[11.533314170112812,48.10424631159101],[11.53350290936228,48.104252468863734],[11.533538217100862,48.10425351026527],[11.533530931611972,48.10434797777927],[11.533654717878566,48.104351801101764],[11.533640489957588,48.1044693827925],[11.533519965765374,48.104477263131905],[11.533500885989858,48.10447853613639],[11.53357940597672,48.10483528927634],[11.53368353054852,48.10482842212982],[11.53364165858048,48.105051446281664],[11.534098480622182,48.10509215916836],[11.53529771190528,48.10519905172669],[11.53555792822027,48.104486763206644],[11.53558946410765,48.104400185850466],[11.535689213349016,48.10412701600799],[11.535679957926185,48.10397698126473],[11.53567691353196,48.103927870079794],[11.535655134444031,48.10357604533202],[11.535624631868728,48.103518541509246],[11.535868988386879,48.10357105359191],[11.536022397949742,48.10360403412602],[11.536049079386284,48.10360977052101],[11.536056893050116,48.10381158080908],[11.53611144337927,48.10485153212562],[11.536115177758104,48.10512468376828],[11.536093300934835,48.10589953286041],[11.536021410013147,48.10848724901157],[11.53601605498512,48.10888761017625],[11.536030124381112,48.10910847034055],[11.536013262299905,48.109856625558244],[11.5360468277533,48.10985693894879],[11.536056173152064,48.11033594784005],[11.536064167547014,48.1104167277705],[11.53606039250553,48.11061196521328],[11.536063163457225,48.11080589376874],[11.53606434610935,48.11088686729806],[11.53598449818869,48.11088610470955],[11.535996735765286,48.11121702692742],[11.535996772618736,48.11125835554521],[11.535994310169182,48.11147283400936],[11.535987797193245,48.11172247055434],[11.535987333504275,48.11186824953892],[11.535988181954622,48.112205071212166],[11.535990661338813,48.112247023437504],[11.535984334578783,48.11252377389085],[11.535892349044353,48.11297899073348],[11.535889795285794,48.11403095153189],[11.535850728876964,48.11440069432645],[11.535886388235786,48.11546846729919],[11.535883641697092,48.11598608849027],[11.535902082341147,48.1162969511525],[11.535895037838229,48.116639274575974],[11.535915857072915,48.11674838837121],[11.535942661322903,48.11687908477289],[11.535971865670112,48.11701360179063],[11.536143087776479,48.11780397044416],[11.536157992153479,48.11786365677088],[11.536201723442892,48.118062201788],[11.536248641811623,48.118265070105416],[11.536387806901416,48.11894485412951],[11.536412918481213,48.11907905558158],[11.53649405904771,48.11941047755956],[11.536587834400592,48.119802605831815],[11.536662098498345,48.12016095473439],[11.536676268003145,48.12022792755307],[11.536689411254407,48.12028958905115],[11.536703052053952,48.12035583931003],[11.53671888757871,48.12043172288658],[11.53681731227344,48.120872890540376],[11.53690507515135,48.12127215979544],[11.536970860835485,48.121562825991234],[11.536971055529493,48.12157155060008],[11.537020520022251,48.12156823999675],[11.537137311060544,48.122128040877904],[11.537684636630638,48.12469015272273],[11.537698454055391,48.12482665128168],[11.537721710113937,48.12500418336992],[11.537722214704146,48.12502270888599],[11.537727800507852,48.12508864297602],[11.537737889381386,48.125176623310246],[11.537744613058747,48.12517602035482],[11.53775393446749,48.12526023580802],[11.537766610411374,48.12543486046329],[11.537772950207726,48.12546316738347],[11.5377748483816,48.1254716293995],[11.537788630211267,48.12553318124988],[11.537806249749316,48.12561184067303],[11.537808817029923,48.12564009237779],[11.537826022542298,48.12563881061833],[11.537827886100729,48.1256858574796],[11.53782897918756,48.12572894337386],[11.53782942235083,48.12573937839455],[11.537829592107716,48.125780391768444],[11.537829358221282,48.12582131418369],[11.53782806646617,48.12587518371882],[11.537826665865303,48.12592635447603],[11.53782418084081,48.125978510174114],[11.53781987273567,48.12603902295247],[11.537817226187357,48.12607939581305],[11.537812596988632,48.126130914142884],[11.537808017161208,48.12617694533551],[11.537797359858674,48.12625632131843],[11.537787633453764,48.126322028651614],[11.537778126713105,48.126378560426716],[11.537770910214382,48.12641936268265],[11.537759059214704,48.126482540843796],[11.537750699777602,48.12651605302381],[11.537731451786073,48.126580548152816],[11.537716586368882,48.12662194680669],[11.53764029647121,48.12692812722987],[11.537632413448046,48.126938615737004],[11.537630805055567,48.126938159984924],[11.537617634819663,48.126984777767575],[11.5376021403825,48.127036513639105],[11.537584766730575,48.127088244237115],[11.537567292262482,48.1271366487206],[11.537549019534353,48.12718235615818],[11.537529633770397,48.127232286622046],[11.537509297142153,48.12728302270977],[11.53748814909106,48.12733357606565],[11.537465929341973,48.12738376528221],[11.537417029970246,48.12748817342834],[11.537400054449021,48.12752399223752],[11.537381712502775,48.12756268367998],[11.537370773808298,48.12758458607532],[11.537346694286859,48.12763467778298],[11.537301208799946,48.12772128991283],[11.537269113292226,48.12778043335108],[11.537237159311207,48.127838768337604],[11.537187066816918,48.127925094377105],[11.537149962914535,48.12798682284738],[11.53710035132938,48.12806646805009],[11.537047920794011,48.128147360525254],[11.536988731272814,48.12823496896461],[11.53694954310308,48.12829136803384],[11.536908706791364,48.12834928905186],[11.536852638704282,48.12842729065648],[11.536779177649489,48.1285267126609],[11.536720856476153,48.12860122147116],[11.536657937652476,48.12868029566776],[11.536641375325342,48.12869983335686],[11.53660471986635,48.128743028578434],[11.536595624555906,48.128753691348734],[11.536517306023608,48.12884508451631],[11.536505234720636,48.128858252341885],[11.536426950020797,48.12894480110773],[11.536372137019638,48.12900493003788],[11.536300948626943,48.12907947802266],[11.536224359948434,48.129157061439095],[11.536141283144897,48.12923911697251],[11.536061844321331,48.12931631331273],[11.536020644265857,48.12935471920509],[11.535971854549427,48.12940019857259],[11.535868211831248,48.12949293233391],[11.535835576933584,48.12952112715142],[11.535792933931228,48.12955783271387],[11.53570915320269,48.12962846258824],[11.535572883637078,48.12974016508376],[11.535476706896478,48.1298148817586],[11.535450324494146,48.129835822872636],[11.535424358195774,48.12985541590229],[11.53536999182192,48.12989630228878],[11.535273576244219,48.12996659077811],[11.535179167610982,48.13003587930616],[11.534814708945358,48.13030016813186],[11.534682545419956,48.13039848447799],[11.534454344243493,48.13056420077491],[11.534246236060962,48.13066991235098],[11.534135378752946,48.13075963101666],[11.533909262457707,48.13094270131195],[11.533207469513501,48.13143218715257],[11.532502652607494,48.13191943361271],[11.5323664308877,48.132013272058586],[11.532251645998148,48.1320923220263],[11.532201468596595,48.13212687086089],[11.532178373413482,48.13211184058904],[11.53215527694541,48.132096811240714],[11.532092260631366,48.13214060320815],[11.531969498101342,48.13222567561196],[11.531840123695252,48.132315373696215],[11.531822237038424,48.132317639537725],[11.531720297941735,48.13233044737826],[11.531772119904737,48.132391817337435],[11.531789260638721,48.132412123957735],[11.531746704465087,48.13244154583925],[11.531060149125212,48.13291613904354],[11.530600437313723,48.13323380404584],[11.530548123462186,48.13327008092525],[11.530507160375524,48.13329849726247],[11.530331242119011,48.13342027986223],[11.53010333049347,48.13353996193649],[11.530038652049678,48.13357396542742],[11.530015556077208,48.13364798183045],[11.5291113594724,48.134273331145366],[11.528710584354018,48.134550442624516],[11.528595512447193,48.13463036077674],[11.527939358452826,48.13509242077177],[11.52786654763775,48.13514921018201],[11.527552566548701,48.135366897103545],[11.52718088030476,48.13564576455887],[11.526748641173699,48.13599216956135],[11.526294855268011,48.13637706031693],[11.526220239721583,48.13633792372161],[11.526098946869753,48.13644741733363]]]},"geometry_name":"shape","properties":{"sb_nummer":"07","sb_name":"Sendling-Westpark","flaeche_qm":7814853.08893}},{"type":"Feature","id":"vablock_stadtbezirk.13","geometry":{"type":"Polygon","coordinates":[[[11.541991034247648,48.14256381980815],[11.540655919945921,48.142656850797884],[11.539171292225099,48.142773993545156],[11.538925643307032,48.142793327155665],[11.53833935107017,48.14281047163492],[11.537882205502404,48.14282779114127],[11.537535209850684,48.142838112643446],[11.537037405697001,48.1428501409169],[11.536473373724451,48.14285284190723],[11.535808247926395,48.14284217677649],[11.535810612609758,48.14277708760496],[11.535821458865051,48.14254540274717],[11.535538993370086,48.142537706822445],[11.535429260718129,48.14261575655321],[11.534978460138927,48.142605839800815],[11.53497519255824,48.14268425050334],[11.53500252616956,48.14281105870904],[11.53467589282015,48.142802933533495],[11.534394423687251,48.142802116003146],[11.534358610703315,48.142567626790196],[11.534323955516344,48.142343671073306],[11.534297188776108,48.14217423335088],[11.534251515681989,48.141874754607414],[11.53421190435854,48.14161991844837],[11.53417411561438,48.1413827805588],[11.534067822945001,48.1414231193044],[11.534057033529821,48.14142739020264],[11.534056242470475,48.141425768233354],[11.533857635853037,48.141500582623394],[11.53379818814075,48.141523727458186],[11.533704405939334,48.141556807506845],[11.533707859579453,48.14156122848582],[11.533634590994852,48.141584228203826],[11.533631138305214,48.14157971722252],[11.533516200670318,48.14161348150364],[11.533470127277901,48.141625962869895],[11.533393097221216,48.14164451854311],[11.533309618263678,48.141662968951394],[11.533258331740335,48.14167256620026],[11.533235851878695,48.14167679251594],[11.533138425968225,48.141691690280005],[11.533052181231557,48.141703664506316],[11.53296608213491,48.141714201187604],[11.53283535431787,48.14172653532064],[11.532791919760406,48.14172986852684],[11.53272710447378,48.141734823093174],[11.53269322942927,48.14173612609718],[11.532661101067044,48.14173743556771],[11.532624009635292,48.141737825097564],[11.53258732410596,48.14173785744638],[11.532552247946837,48.14173816562758],[11.53251717786891,48.14173802376819],[11.532483054411422,48.14173788532164],[11.53244732237349,48.141737650960245],[11.532408915832274,48.14173587662236],[11.532370775784743,48.141734463511426],[11.532334243212054,48.141733506235234],[11.532296771287779,48.14173236540363],[11.532258224988297,48.14173122035162],[11.53222290102994,48.14172990797121],[11.532187437230771,48.14172859506355],[11.5321515700659,48.141727281139346],[11.532117448638155,48.14172606368887],[11.532080773704804,48.14172483593355],[11.53204543963823,48.14172397361729],[11.532011320155593,48.14172257703383],[11.531973574644754,48.14172098503329],[11.531939060526907,48.141719136433935],[11.531901331267768,48.14171664515935],[11.531864812201299,48.14171415868969],[11.53182802459099,48.1417117609085],[11.531790568078385,48.141708910867266],[11.531753781423532,48.14170642306207],[11.531714847524556,48.14170365684778],[11.531676725753677,48.1417002644612],[11.531638730562326,48.14169660293375],[11.531599929896611,48.14169293755134],[11.531564351851227,48.141689465669245],[11.53152877191113,48.141686173776286],[11.531493462770829,48.1416827022443],[11.531457883788757,48.14167932032909],[11.531421902742892,48.141675936466186],[11.531386994689576,48.14167255593908],[11.531350611964143,48.141668986551096],[11.531314631355539,48.14166541998724],[11.531279722669654,48.14166221760028],[11.53124388034033,48.14165829164943],[11.53120870941731,48.14165445886695],[11.531171657948358,48.14165043986655],[11.531134608340993,48.14164623995503],[11.531097837283028,48.141641416636396],[11.531059852634643,48.14163703845096],[11.531023354541244,48.14163158733751],[11.53098631757957,48.141626222768956],[11.530948338819774,48.14162103460432],[11.530910772757837,48.141614588422755],[11.530876016096894,48.14160950109882],[11.530886654611104,48.141431823248325],[11.530579953375678,48.14144469470774],[11.530254502174092,48.14138301942354],[11.529789375533385,48.14129486678537],[11.529728705988063,48.14127465205616],[11.5293136811285,48.14113629242375],[11.529253550188875,48.14111627883494],[11.529231681263123,48.141113407752975],[11.529030522175228,48.14108651702253],[11.528641156794052,48.14098060336278],[11.528211968743909,48.1408118947506],[11.52797849422752,48.14069098338719],[11.527884707379974,48.14062038297704],[11.527862663614727,48.1406218281846],[11.527650799394888,48.140451176972284],[11.527224076455246,48.14048365064792],[11.527061445235187,48.140323976831105],[11.527001483877173,48.14032922358713],[11.526917449164422,48.140190913570464],[11.526699121727317,48.139890150751526],[11.526575983743356,48.13968619794091],[11.526457249700107,48.13947803338289],[11.526362974144224,48.1392704194979],[11.526369300537157,48.13926918710475],[11.526381274586274,48.139267437283976],[11.526273669497572,48.13893520380602],[11.526229236700976,48.13872269913856],[11.526195333232538,48.138520524633364],[11.526179120332046,48.13810662602817],[11.526197141129922,48.13791081108957],[11.526228836932965,48.13769231575661],[11.526304572218496,48.1373914188293],[11.526339259554328,48.137283904581714],[11.526404232566119,48.1371249804185],[11.526522177914568,48.13686311375963],[11.526510508316157,48.13686045691819],[11.526495486075381,48.13685697762706],[11.526410021505564,48.136811653472606],[11.5263553432121,48.13678264649772],[11.526346386190863,48.136777932438996],[11.526274796661225,48.1367331146201],[11.526036479379906,48.13658399388901],[11.525964089510714,48.136547370788705],[11.526025146149209,48.13651399726023],[11.526098946869753,48.13644741733363],[11.526220239721583,48.13633792372161],[11.526294855268011,48.13637706031693],[11.526748641173699,48.13599216956135],[11.52718088030476,48.13564576455887],[11.527552566548701,48.135366897103545],[11.52786654763775,48.13514921018201],[11.527939358452826,48.13509242077177],[11.528595512447193,48.13463036077674],[11.528710584354018,48.134550442624516],[11.5291113594724,48.134273331145366],[11.530015556077208,48.13364798183045],[11.530038652049678,48.13357396542742],[11.53010333049347,48.13353996193649],[11.530331242119011,48.13342027986223],[11.530507160375524,48.13329849726247],[11.530548123462186,48.13327008092525],[11.530600437313723,48.13323380404584],[11.531060149125212,48.13291613904354],[11.531746704465087,48.13244154583925],[11.531789260638721,48.132412123957735],[11.531772119904737,48.132391817337435],[11.531720297941735,48.13233044737826],[11.531822237038424,48.132317639537725],[11.531840123695252,48.132315373696215],[11.531969498101342,48.13222567561196],[11.532092260631366,48.13214060320815],[11.53215527694541,48.132096811240714],[11.532178373413482,48.13211184058904],[11.532201468596595,48.13212687086089],[11.532251645998148,48.1320923220263],[11.5323664308877,48.132013272058586],[11.532502652607494,48.13191943361271],[11.533207469513501,48.13143218715257],[11.533909262457707,48.13094270131195],[11.534135378752946,48.13075963101666],[11.534246236060962,48.13066991235098],[11.534454344243493,48.13056420077491],[11.534682545419956,48.13039848447799],[11.534814708945358,48.13030016813186],[11.535179167610982,48.13003587930616],[11.535273576244219,48.12996659077811],[11.53536999182192,48.12989630228878],[11.535424358195774,48.12985541590229],[11.535672115206514,48.12988086707224],[11.535702204997,48.12986686604968],[11.536249780427477,48.129612712648154],[11.536526131788323,48.1294743124719],[11.536661355222718,48.129387067631946],[11.537055444619508,48.129324782504646],[11.53712724382283,48.129331090429346],[11.537149254486453,48.12933297608522],[11.537179584769838,48.12933570372449],[11.537200655356353,48.12933749586271],[11.53728496102499,48.1293449463969],[11.537288734375503,48.129343703207],[11.538187725338972,48.12903872989914],[11.538277843510327,48.12900940534651],[11.538343173987586,48.12898816700359],[11.538447298795273,48.128954489097204],[11.538662153493002,48.12888635895285],[11.538653622376428,48.12877382041954],[11.538673426859633,48.1287681485858],[11.538795725996973,48.128732631683945],[11.538913640821393,48.12869837140007],[11.538918953430281,48.12870495743113],[11.538952302123933,48.12874556219387],[11.539237498605335,48.128649006372335],[11.539452367741488,48.12857663818537],[11.539644425944676,48.1285121873767],[11.539663567746173,48.12850542867574],[11.540229767448587,48.128305448283044],[11.540382847382713,48.128251391598205],[11.540923222582979,48.12804095374897],[11.541234376818357,48.127912540919006],[11.541917543575648,48.1275960789714],[11.542130947465226,48.12749180714411],[11.542683630309726,48.127224320473516],[11.543176839575475,48.12697983034544],[11.543793840721364,48.12667412508874],[11.544040554160961,48.126555372066875],[11.544057151188388,48.126547430873806],[11.54415164979828,48.12650200448773],[11.544169817646958,48.12649326905658],[11.544181844630543,48.12643944056709],[11.544197827917495,48.126370945964965],[11.54422566685541,48.12639271889029],[11.544250792018088,48.12641266415398],[11.544270962591657,48.126429251356264],[11.544292190636831,48.12644716572195],[11.5443102668307,48.12646276454787],[11.544332050407686,48.12648161228429],[11.544353331491461,48.126500354174574],[11.544377801995626,48.12652230695822],[11.544397675833938,48.126540584227754],[11.544420949257205,48.12656265350048],[11.544444103952308,48.126585284171334],[11.54446595882713,48.126607095126424],[11.544482943763269,48.12662427024636],[11.544503570338524,48.12664526709756],[11.544527518302697,48.12667089359019],[11.544554116785818,48.1267008460574],[11.54458614772709,48.12673909124599],[11.54459276021104,48.12673775882021],[11.544606855121236,48.1267537544327],[11.544599958245922,48.12675694673698],[11.544610309220795,48.126771102433025],[11.544671903194798,48.12685342772818],[11.544726231234794,48.12693745712004],[11.544768340972386,48.12702325175485],[11.544803842627623,48.12711226018502],[11.544828885918015,48.12718260283748],[11.54498156345559,48.127611721531835],[11.544994541477491,48.127648289554536],[11.544997684617506,48.12765738611689],[11.54504758186956,48.127835213643586],[11.545066040326057,48.127920457881125],[11.54511455621713,48.128147077651505],[11.545260171464255,48.12883580368458],[11.54529042170337,48.1289417796741],[11.545333975791202,48.12904555776617],[11.54546610093949,48.12930023635262],[11.545505400610063,48.12938007335367],[11.545569522254215,48.12948186137863],[11.546358820025059,48.1303413547703],[11.546618950721019,48.13048599081252],[11.54643905439215,48.130800844767755],[11.546397878204223,48.13093347224259],[11.546391014424069,48.13096565349065],[11.546366043614771,48.131038281511614],[11.54629444735178,48.13121202549445],[11.5462280027488,48.13138506495735],[11.546187356949144,48.13156516992367],[11.546193443547903,48.13165261646687],[11.546230120993393,48.13178687330274],[11.546240396945077,48.13180833953963],[11.546288064826134,48.13191475692537],[11.546351636301779,48.13201377453038],[11.546433129450323,48.13210665138947],[11.54653096463344,48.13219245700797],[11.546662798961732,48.132294235889844],[11.546782083162837,48.13240279930898],[11.546885992796499,48.1325181946368],[11.546976021782948,48.13263902199981],[11.547046794903423,48.13276547441098],[11.547102765407393,48.13289519196785],[11.547138823419063,48.133027347724244],[11.54715534940002,48.13311905897144],[11.547161793660397,48.13324221214796],[11.547163484396565,48.13342217396127],[11.54716983413417,48.13360205494513],[11.547188081641306,48.13378088295408],[11.547217959928165,48.13395969776737],[11.547272351418114,48.13422702874556],[11.547284892014813,48.13428355822201],[11.54731554072437,48.13440500394702],[11.5473441183808,48.13449959445422],[11.5473688290973,48.13458139826263],[11.54743314885428,48.13475603533701],[11.547506075019523,48.13492926586828],[11.547571952551719,48.13505671101177],[11.547653857877508,48.135179817225904],[11.547750093246908,48.13529839268792],[11.547837711617804,48.13538903615477],[11.547936526826403,48.13547431224952],[11.548043134097469,48.13555511978599],[11.5481594685911,48.13562995454618],[11.548282706070088,48.13569922378009],[11.548416510349542,48.13575927849355],[11.549480187171861,48.136570395384375],[11.54972676681461,48.13713703338277],[11.549748304446686,48.137680359139836],[11.549790264166662,48.13885357383575],[11.548608776108201,48.13901447824027],[11.547329162753199,48.139211018951734],[11.5469828951003,48.139267544791046],[11.546967081230685,48.13939304140426],[11.547009665037702,48.139407233460574],[11.547134995485186,48.13954396810425],[11.547139297446902,48.13954353528322],[11.547170298648929,48.1395772001168],[11.547166120000265,48.13957898349354],[11.547193807560733,48.13960759928031],[11.547324633208397,48.139735179730145],[11.547478504474,48.13985736033847],[11.547552824901452,48.13991565262494],[11.547764807529076,48.14008023163708],[11.547829403665625,48.1401304892351],[11.54806560831435,48.14031323621164],[11.54806762760262,48.14031288458699],[11.548092110003969,48.14033878999897],[11.54811001374579,48.14036449042761],[11.548124155234715,48.14039044707611],[11.548134261307387,48.14041719778354],[11.548142192716679,48.140446727605955],[11.548193815172226,48.14076337226514],[11.548223287806419,48.140781072401964],[11.548229086620978,48.14078455822473],[11.548242143855951,48.14084475534886],[11.548231027681664,48.14084644702986],[11.548417713932968,48.1419781852288],[11.54842182924397,48.142003675041614],[11.548433901846133,48.14207731259564],[11.546382587873927,48.142238486172005],[11.546328656886097,48.14224147233155],[11.546282252356526,48.142244739716986],[11.546237324721002,48.14224815790234],[11.546193330812509,48.14225256853879],[11.544698160425762,48.14236361188778],[11.543771934158617,48.14243253849178],[11.5422271622659,48.14254638555561],[11.541991034247648,48.14256381980815]]]},"geometry_name":"shape","properties":{"sb_nummer":"08","sb_name":"Schwanthalerhöhe","flaeche_qm":2070313.17767}},{"type":"Feature","id":"vablock_stadtbezirk.14","geometry":{"type":"Polygon","coordinates":[[[11.563996098434881,48.15692810969136],[11.563760452570014,48.156947685004276],[11.562368003866554,48.15716401460363],[11.562108560700326,48.157211592510805],[11.560744085956022,48.1574842244246],[11.560633365147375,48.15751930469295],[11.560509956893558,48.15756472194124],[11.560042482960371,48.15763432327492],[11.55598807917652,48.15543133046455],[11.554019854734076,48.15435367611761],[11.55383890292885,48.154270316915294],[11.553662438337481,48.15418908285867],[11.549472960265724,48.15189654261985],[11.548928320372971,48.15111469903714],[11.548890713837125,48.15107150760599],[11.548844324616761,48.15102178510087],[11.548169724508833,48.15002831836353],[11.547969703953532,48.14957368866741],[11.546757238109453,48.14981435062322],[11.545633448419022,48.14883115218931],[11.54557760799543,48.14877186428368],[11.545475494704089,48.14866862387777],[11.54333316321303,48.14682907087746],[11.542931684202612,48.14648146651921],[11.542569625499876,48.146263228601875],[11.542252322278053,48.145990911274986],[11.541576503321483,48.14530716474848],[11.541432216441622,48.14514366084573],[11.541322124797736,48.145018021096135],[11.540305140869197,48.144005395884626],[11.540196382134344,48.14389569869074],[11.539709474846104,48.14342091869752],[11.539599356551035,48.143414310504106],[11.539274506295639,48.14340348209534],[11.539227667559327,48.143321569291494],[11.53899949996564,48.14292248212864],[11.538925643307032,48.142793327155665],[11.539171292225099,48.142773993545156],[11.540655919945921,48.142656850797884],[11.541991034247648,48.14256381980815],[11.5422271622659,48.14254638555561],[11.543771934158617,48.14243253849178],[11.544698160425762,48.14236361188778],[11.546193330812509,48.14225256853879],[11.546237324721002,48.14224815790234],[11.546282252356526,48.142244739716986],[11.546328656886097,48.14224147233155],[11.546382587873927,48.142238486172005],[11.548433901846133,48.14207731259564],[11.5484403816019,48.142117533548614],[11.548450588138119,48.14211676992201],[11.548466015470396,48.14221188488449],[11.548500661705546,48.14242649154956],[11.548555711399757,48.14276622690566],[11.548563985362485,48.142817614061],[11.548534475032014,48.142842416569536],[11.548617804719816,48.14334351323745],[11.548575632305022,48.143385253667915],[11.548538746919744,48.143421798345294],[11.548425207454091,48.14350875760814],[11.548483995110725,48.143629200679065],[11.550510928763343,48.14317046658155],[11.55577148089947,48.14208245638118],[11.556162332600795,48.14205003415296],[11.556842778589509,48.14199674809532],[11.560737577486728,48.141158269693584],[11.561125752540173,48.141049045059965],[11.561438204209246,48.14096790953351],[11.565663229796144,48.13964449086957],[11.566431648461185,48.14024237513923],[11.56682269528665,48.14038523893495],[11.566888530817701,48.14040929395631],[11.568023252286167,48.140823843175994],[11.56934854651491,48.14171761056391],[11.572772693264312,48.142809687503366],[11.573781325088985,48.1434062352979],[11.575579044148665,48.14303164331375],[11.577314895044504,48.142668075966384],[11.577450177587668,48.14264032838602],[11.5775956958865,48.14261058464865],[11.577813530171857,48.14307915930793],[11.57837154730334,48.14426984873529],[11.581907081656643,48.14351677608329],[11.583448707155485,48.14318371418585],[11.583558277089034,48.14347002381181],[11.583634323867535,48.14366904418432],[11.583664455313533,48.143747667205325],[11.583671428801212,48.143765948956684],[11.5837377400307,48.14393937760904],[11.583740766426745,48.143947302416294],[11.583760499702821,48.14399917174174],[11.583769398024073,48.14402932978028],[11.583773602322482,48.144056773449016],[11.58377413721965,48.14408495920938],[11.583770234526343,48.144106943523205],[11.583746409345054,48.14415596134052],[11.583703765951133,48.144198880732226],[11.583702711728314,48.144212638024875],[11.583858134790384,48.144188313373185],[11.583858772083273,48.14419254337261],[11.583925943743482,48.14417893725348],[11.583941744438915,48.14421310605644],[11.583986327343043,48.144312748838594],[11.584041839731423,48.144435735662924],[11.584168638199582,48.144411089073934],[11.584165387566816,48.14444704245301],[11.584165614235479,48.14446871252776],[11.584169162683276,48.14451125240939],[11.584171415279366,48.144531580299294],[11.584174419477506,48.144558654142585],[11.584186700517556,48.14465023436664],[11.584197715761281,48.14473302147157],[11.584198347530593,48.14473797052981],[11.584215955755417,48.1448534311413],[11.584238087978054,48.14497448027176],[11.584265740918784,48.14511019962383],[11.584273008766628,48.145141880766516],[11.584290523855236,48.14521891949245],[11.584300807467553,48.145259781778584],[11.584317600008344,48.14532647651162],[11.584328650693166,48.14533919573101],[11.58434254543384,48.14534940801514],[11.584361175261886,48.14535568153144],[11.584379712923683,48.14535682828455],[11.584416054568653,48.14544905574601],[11.584414623922491,48.145476031409544],[11.584417570505199,48.14549384494592],[11.584428286661806,48.145531110003205],[11.58449031954613,48.145735800675475],[11.584495444714547,48.14575011717375],[11.584630474403431,48.14605915305885],[11.58467498659954,48.1461572468044],[11.584789869963327,48.146413414858344],[11.584917008661884,48.14669725283832],[11.58499022467103,48.14686688747129],[11.585017485489951,48.14693606208703],[11.585071699046406,48.147145199725664],[11.58510484825231,48.147267090371116],[11.58513544712241,48.14743797196754],[11.585162039355854,48.14762241636125],[11.585178429838495,48.147807834481675],[11.58518727919812,48.14807652020241],[11.585186533164396,48.14829813134018],[11.58517932122553,48.14841106857623],[11.585171976166846,48.14852400610657],[11.585169229936747,48.14858100784708],[11.585154993889264,48.14869605931804],[11.585138670701856,48.14885310980278],[11.585109452398578,48.14901004468928],[11.585081516485628,48.149124702628356],[11.585038285189873,48.149269584276325],[11.585020336835754,48.149312406340414],[11.584873790941497,48.14974641360341],[11.584868775073542,48.14976815754853],[11.584840513856893,48.14987127566521],[11.584859461636645,48.14988766824096],[11.584875418858795,48.149900686396684],[11.584916628447965,48.14993324758867],[11.584957167371178,48.14996415473934],[11.585020464751064,48.15001225496471],[11.585082015200943,48.15005970522795],[11.585368600268861,48.15002177761604],[11.585703174823353,48.14997701482209],[11.58578131597995,48.149971911231376],[11.58583412452172,48.149974268508394],[11.585894516213324,48.14998402502036],[11.585913701824941,48.14998778254711],[11.585935279173373,48.14999487665319],[11.585988703574554,48.15001935225119],[11.586044433583972,48.15005884928166],[11.58606768967771,48.150075476687],[11.586140577469227,48.15014065443872],[11.586220405279718,48.15022934409411],[11.586947986024393,48.151370715395],[11.586961598299348,48.151366177988365],[11.586963082267008,48.15144901837353],[11.586983512420481,48.15151544360037],[11.58702024771416,48.15157865644509],[11.587170729691469,48.151724111222926],[11.587683384768564,48.152155127381796],[11.587738225320484,48.15220309090534],[11.58794931865764,48.15241410321237],[11.588068929673152,48.15260320494838],[11.588192376776098,48.15285090923759],[11.58818408276625,48.15286248032418],[11.587997049989019,48.15312207328686],[11.587907155461837,48.15320574240272],[11.587807577516394,48.15323999782745],[11.587716761378287,48.153271070259336],[11.587698707313056,48.15327721497315],[11.585990462915152,48.15248965070784],[11.585727212646885,48.15233877788655],[11.585431141500703,48.152080763231545],[11.585262911259306,48.15170114987689],[11.585130914749165,48.151721762006275],[11.585129711367882,48.15172195105229],[11.584828822940725,48.151769082659264],[11.58482672954102,48.15176197010123],[11.584594058687667,48.151799696360634],[11.584458780089719,48.151828913417106],[11.583521411960081,48.15197068698609],[11.582469645992441,48.152183851053216],[11.582328929545543,48.15221145124014],[11.582220715301315,48.152133984938565],[11.582131648382019,48.15210768232506],[11.582054247372808,48.15210435099792],[11.58198609610375,48.15212056848615],[11.581922392502946,48.152168304734914],[11.581857808572051,48.15230696785918],[11.581743171138571,48.15233180273741],[11.581758963803875,48.152406531116995],[11.581790423873063,48.15247347414481],[11.582078120286923,48.15308742814032],[11.582148079257426,48.15323663853668],[11.582234237168727,48.153218888724666],[11.582416012677697,48.15359616290629],[11.582523611863646,48.15383184467237],[11.58252626147265,48.15383688963425],[11.582641821664406,48.15406264752873],[11.582652524916732,48.15408526075098],[11.5826827043123,48.15414888148915],[11.58088597653696,48.154488940859686],[11.579287635999842,48.15468087796281],[11.578859378020226,48.154727785450774],[11.57682472059492,48.15495210560515],[11.576316572814074,48.155011854186114],[11.57607659505848,48.15502812290302],[11.575499809325404,48.15512561573836],[11.575355676701014,48.15515923873857],[11.575154260635713,48.15520710280323],[11.570852174623193,48.156443262184624],[11.570726138891446,48.15648014186448],[11.570603731569562,48.156516087202334],[11.570118452610757,48.15659532223517],[11.568760444777508,48.15669411459089],[11.568590855100702,48.15671355702441],[11.568112949394731,48.156770480176526],[11.566029869641225,48.156799897779976],[11.565744376629173,48.15678384495867],[11.563996098434881,48.15692810969136]]]},"geometry_name":"shape","properties":{"sb_nummer":"03","sb_name":"Maxvorstadt","flaeche_qm":4298192.33209}},{"type":"Feature","id":"vablock_stadtbezirk.15","geometry":{"type":"Polygon","coordinates":[[[11.536661355222718,48.129387067631946],[11.536526131788323,48.1294743124719],[11.536249780427477,48.129612712648154],[11.535702204997,48.12986686604968],[11.535672115206514,48.12988086707224],[11.535424358195774,48.12985541590229],[11.535450324494146,48.129835822872636],[11.535476706896478,48.1298148817586],[11.535572883637078,48.12974016508376],[11.53570915320269,48.12962846258824],[11.535792933931228,48.12955783271387],[11.535835576933584,48.12952112715142],[11.535868211831248,48.12949293233391],[11.535971854549427,48.12940019857259],[11.536020644265857,48.12935471920509],[11.536061844321331,48.12931631331273],[11.536141283144897,48.12923911697251],[11.536224359948434,48.129157061439095],[11.536300948626943,48.12907947802266],[11.536372137019638,48.12900493003788],[11.536426950020797,48.12894480110773],[11.536505234720636,48.128858252341885],[11.536517306023608,48.12884508451631],[11.536595624555906,48.128753691348734],[11.53660471986635,48.128743028578434],[11.536641375325342,48.12869983335686],[11.536657937652476,48.12868029566776],[11.536720856476153,48.12860122147116],[11.536779177649489,48.1285267126609],[11.536852638704282,48.12842729065648],[11.536908706791364,48.12834928905186],[11.53694954310308,48.12829136803384],[11.536988731272814,48.12823496896461],[11.537047920794011,48.128147360525254],[11.53710035132938,48.12806646805009],[11.537149962914535,48.12798682284738],[11.537187066816918,48.127925094377105],[11.537237159311207,48.127838768337604],[11.537269113292226,48.12778043335108],[11.537301208799946,48.12772128991283],[11.537346694286859,48.12763467778298],[11.537370773808298,48.12758458607532],[11.537381712502775,48.12756268367998],[11.537400054449021,48.12752399223752],[11.537417029970246,48.12748817342834],[11.537465929341973,48.12738376528221],[11.53748814909106,48.12733357606565],[11.537509297142153,48.12728302270977],[11.537529633770397,48.127232286622046],[11.537549019534353,48.12718235615818],[11.537567292262482,48.1271366487206],[11.537584766730575,48.127088244237115],[11.5376021403825,48.127036513639105],[11.537617634819663,48.126984777767575],[11.537630805055567,48.126938159984924],[11.537632413448046,48.126938615737004],[11.53764029647121,48.12692812722987],[11.537716586368882,48.12662194680669],[11.537731451786073,48.126580548152816],[11.537750699777602,48.12651605302381],[11.537759059214704,48.126482540843796],[11.537770910214382,48.12641936268265],[11.537778126713105,48.126378560426716],[11.537787633453764,48.126322028651614],[11.537797359858674,48.12625632131843],[11.537808017161208,48.12617694533551],[11.537812596988632,48.126130914142884],[11.537817226187357,48.12607939581305],[11.53781987273567,48.12603902295247],[11.53782418084081,48.125978510174114],[11.537826665865303,48.12592635447603],[11.53782806646617,48.12587518371882],[11.537829358221282,48.12582131418369],[11.537829592107716,48.125780391768444],[11.53782942235083,48.12573937839455],[11.53782897918756,48.12572894337386],[11.537827886100729,48.1256858574796],[11.537826022542298,48.12563881061833],[11.537808817029923,48.12564009237779],[11.537806249749316,48.12561184067303],[11.537788630211267,48.12553318124988],[11.5377748483816,48.1254716293995],[11.537772950207726,48.12546316738347],[11.537766610411374,48.12543486046329],[11.53775393446749,48.12526023580802],[11.537744613058747,48.12517602035482],[11.537737889381386,48.125176623310246],[11.537727800507852,48.12508864297602],[11.537722214704146,48.12502270888599],[11.537721710113937,48.12500418336992],[11.537698454055391,48.12482665128168],[11.537684636630638,48.12469015272273],[11.537137311060544,48.122128040877904],[11.537020520022251,48.12156823999675],[11.536971055529493,48.12157155060008],[11.536970860835485,48.121562825991234],[11.53690507515135,48.12127215979544],[11.53681731227344,48.120872890540376],[11.53671888757871,48.12043172288658],[11.536703052053952,48.12035583931003],[11.536689411254407,48.12028958905115],[11.536676268003145,48.12022792755307],[11.536662098498345,48.12016095473439],[11.536587834400592,48.119802605831815],[11.53649405904771,48.11941047755956],[11.536412918481213,48.11907905558158],[11.536387806901416,48.11894485412951],[11.536248641811623,48.118265070105416],[11.536201723442892,48.118062201788],[11.536157992153479,48.11786365677088],[11.536143087776479,48.11780397044416],[11.535971865670112,48.11701360179063],[11.535942661322903,48.11687908477289],[11.535915857072915,48.11674838837121],[11.535895037838229,48.116639274575974],[11.535902082341147,48.1162969511525],[11.535883641697092,48.11598608849027],[11.535886388235786,48.11546846729919],[11.535850728876964,48.11440069432645],[11.535889795285794,48.11403095153189],[11.535892349044353,48.11297899073348],[11.535984334578783,48.11252377389085],[11.535990661338813,48.112247023437504],[11.535988181954622,48.112205071212166],[11.535987333504275,48.11186824953892],[11.535987797193245,48.11172247055434],[11.535994310169182,48.11147283400936],[11.535996772618736,48.11125835554521],[11.535996735765286,48.11121702692742],[11.53598449818869,48.11088610470955],[11.53606434610935,48.11088686729806],[11.536063163457225,48.11080589376874],[11.53606039250553,48.11061196521328],[11.536064167547014,48.1104167277705],[11.536056173152064,48.11033594784005],[11.5360468277533,48.10985693894879],[11.536013262299905,48.109856625558244],[11.536030124381112,48.10910847034055],[11.53601605498512,48.10888761017625],[11.536021410013147,48.10848724901157],[11.536093300934835,48.10589953286041],[11.536115177758104,48.10512468376828],[11.53611144337927,48.10485153212562],[11.536056893050116,48.10381158080908],[11.536049079386284,48.10360977052101],[11.536132283319223,48.10362766032632],[11.536146990858267,48.103630826754376],[11.536214680580585,48.103645399623574],[11.536265111238924,48.10365625142777],[11.536316803490141,48.103667378579964],[11.536412498652776,48.103687972448604],[11.536414375586709,48.10368824952425],[11.536404608780275,48.10363748632573],[11.536400618485924,48.10361750267956],[11.536389746624232,48.103562520441855],[11.537913609113671,48.10366246394112],[11.539206485690626,48.103782476978914],[11.540400951126554,48.10393424129852],[11.540594066808442,48.10395785773969],[11.540599771122169,48.10391612492323],[11.540639125072207,48.10372365689633],[11.540671986897475,48.10359669645043],[11.540702608581617,48.10350151690433],[11.540725466640263,48.103430227761045],[11.540848371344415,48.10307615579974],[11.540855102567296,48.10305672331947],[11.540862811566143,48.10303287369583],[11.540856448302922,48.10302394541859],[11.540893740982005,48.10290600091246],[11.540932186619427,48.1027793496366],[11.541074443643454,48.10232863117097],[11.541118671354383,48.102172229648566],[11.541141213225199,48.102083547114596],[11.541148974231788,48.102049017518766],[11.541161208893277,48.10199458259011],[11.54116655657845,48.10196712211343],[11.541171622267095,48.1019411075522],[11.541176799756265,48.101887343458024],[11.541201933481128,48.10188510200251],[11.541288423689338,48.101880441107255],[11.541296855510973,48.10221792517228],[11.541252436672687,48.102889662130025],[11.541267833580564,48.10300240438246],[11.541362599437065,48.103137678581646],[11.541671638793815,48.10338147099802],[11.542338118627413,48.10388811487457],[11.542610882697165,48.104118968781975],[11.542814663562918,48.104322250871675],[11.543176231921967,48.104742299152626],[11.54342742105219,48.105017404924276],[11.543708323296574,48.105195293887924],[11.54412289526324,48.10541688464617],[11.544898731257558,48.10541214147097],[11.545501019161344,48.10532217329869],[11.54623824809858,48.10529029304642],[11.546476184363765,48.10526171371637],[11.546937747106778,48.105175667087465],[11.547628761812673,48.1050026005355],[11.548053644773427,48.105723301949176],[11.548863588250073,48.105512879608945],[11.54896531425754,48.105474460823814],[11.54925728095526,48.10536764124511],[11.55052576345778,48.10495071275744],[11.550513268645057,48.10493777761084],[11.550485419150885,48.10491383970535],[11.550477163439805,48.10490634327105],[11.550290254191081,48.10474594340592],[11.55064207696412,48.10463553888009],[11.55074403081279,48.10460357398912],[11.5509171475248,48.10454977753336],[11.551014830363563,48.10466834179528],[11.551116057974742,48.104787564167474],[11.551178579264157,48.1048691061264],[11.551249550302296,48.10496992387486],[11.55130781395827,48.105064038742384],[11.55133064635827,48.105109004608984],[11.551379156905735,48.10519489870071],[11.551425232668251,48.1052878059001],[11.55146996573304,48.10538224377332],[11.551517921102754,48.105507725051886],[11.551553079319504,48.105603564246046],[11.551585588415637,48.10570919629896],[11.551540180115902,48.105712161302115],[11.551546867064518,48.10577675949602],[11.551627687363164,48.10622455059176],[11.55157435926278,48.106226763873835],[11.551600962880235,48.10663429411016],[11.551646458353261,48.10663456462254],[11.551647574302125,48.10664526901755],[11.551655762984677,48.106645571174],[11.55165908319214,48.1067129300522],[11.551659307513544,48.10671805571524],[11.551681701473024,48.106753388114385],[11.551871461598205,48.10674756211276],[11.551871211798737,48.10674531276994],[11.551933250335953,48.10674402425297],[11.551934720167148,48.10676075932499],[11.552008044010943,48.10675871251836],[11.552007382746398,48.106741621156104],[11.552066742034329,48.10673970195734],[11.552066313480156,48.10674284817562],[11.552259162365518,48.10673821891112],[11.552275586344882,48.106718042169206],[11.552273391917678,48.106691591890254],[11.552280244041926,48.10669143691418],[11.552279774816476,48.10668343014319],[11.552272249443547,48.106683852924185],[11.552271158698266,48.10666972784305],[11.552279354556845,48.106669578097026],[11.552277811798891,48.106661298250145],[11.552271364598724,48.10666127416555],[11.55226933136075,48.10664759563397],[11.552277528619001,48.1066471759176],[11.552275808851201,48.106612273186535],[11.55227244996108,48.10661235053143],[11.552268966376438,48.10661134819053],[11.552266698660977,48.10660945142389],[11.552266047541321,48.106607020243295],[11.552266735581819,48.10660504429332],[11.552268361860891,48.106603430806565],[11.552270788917356,48.106602360997776],[11.552273612613147,48.10660192123079],[11.552276565135225,48.10660229201806],[11.552274022769458,48.106570174445984],[11.552351823885287,48.10656668542024],[11.552480587784133,48.10647760777346],[11.552470589282644,48.1063902607605],[11.552456175536532,48.106332836575206],[11.552336150380915,48.105944960269504],[11.552571635461414,48.105838226730775],[11.552990251388152,48.10564845925199],[11.553046714062962,48.105623411636444],[11.553055367423735,48.10562338843321],[11.55305777057883,48.10561787953528],[11.553391182598226,48.10546824875781],[11.553616686355427,48.10536630053888],[11.553684914743274,48.10539373355963],[11.553936629288552,48.105457337916434],[11.554004033823128,48.10545985386345],[11.553959917710074,48.105436113875086],[11.553695151947121,48.1053292855372],[11.553741494891877,48.10530827144062],[11.554035106415853,48.10517514696769],[11.554232190318507,48.105085779761865],[11.554343960876775,48.1051434804794],[11.554372480086887,48.10512208872316],[11.554274024514292,48.10506227790452],[11.554947676423303,48.10476061401949],[11.555052263576572,48.104713775127614],[11.555128903450926,48.104679455055816],[11.555632937363582,48.104453647129226],[11.556170757162887,48.10478228489176],[11.557026225498209,48.10531840602251],[11.557176777480848,48.10541252187254],[11.557276562535103,48.10547315991835],[11.557519388494205,48.10562431398002],[11.557541270512756,48.1056407653899],[11.559302138735786,48.10674513924063],[11.55948071058028,48.10685679999948],[11.559618506530189,48.106947251328826],[11.559722569984745,48.10701338145284],[11.559912785090704,48.10714907839076],[11.560092445335737,48.10728720760541],[11.560275195684877,48.107440997027666],[11.56044547360783,48.107602021467166],[11.56049631320227,48.107641432929945],[11.560573022509999,48.10771826157924],[11.56084247713691,48.10801862416763],[11.560998947472154,48.108227374137975],[11.561052781580788,48.10830789065078],[11.561167592303015,48.108478593714324],[11.56122648760144,48.10857820617087],[11.561280101021017,48.10866745554101],[11.561331397662109,48.10876074356082],[11.561371988571294,48.10884974973473],[11.561410272947809,48.10894178566795],[11.561578887310421,48.10936232574196],[11.561602786984569,48.10944336388357],[11.561622120581182,48.1095235761719],[11.561644237704613,48.10963914602611],[11.561653555694527,48.109695755046616],[11.561667263097839,48.10985113688193],[11.561672779971707,48.109978227290014],[11.561671842152307,48.11007748604374],[11.56166677063603,48.11015641068063],[11.561644609822308,48.1103475280989],[11.561631054940442,48.1104249134369],[11.56158449241409,48.11065008537926],[11.561552694948162,48.11076255490278],[11.561521405973224,48.11089211463493],[11.561383239543572,48.11140799640727],[11.561334562547472,48.11159776242885],[11.56116014622176,48.11225240659854],[11.561144422672507,48.11231638373875],[11.56113364397939,48.11235177920411],[11.56111337824677,48.112444250748545],[11.561080083360538,48.11258068901597],[11.561063687003257,48.11264786552884],[11.561030365756624,48.11274370459104],[11.561028630188027,48.11274871197569],[11.560998968773534,48.11283433409448],[11.560984152475587,48.1128831914698],[11.560971050066184,48.11292641658321],[11.56095004394063,48.11301106016243],[11.56092703157964,48.11315739541056],[11.560915793280776,48.11327778338861],[11.560915514564982,48.113374109343205],[11.560898421199509,48.11394714868394],[11.560898349676897,48.11399940512294],[11.560896222017066,48.11402673982609],[11.560892251322345,48.11418822685073],[11.560870305098014,48.11481910983148],[11.560856239025702,48.11520553374777],[11.560856550249285,48.11535690602419],[11.560858680006866,48.115484183465675],[11.560881553082432,48.115854698596415],[11.560889431796527,48.115906699468354],[11.56089638155201,48.11594188314571],[11.560905078958195,48.11597689378414],[11.560915390560401,48.1160116416799],[11.560927456754584,48.116046220880115],[11.560941146725595,48.11608054072229],[11.56095815559848,48.11611964096389],[11.561024612483735,48.11623888848283],[11.561089038726239,48.116341669064454],[11.561122063929984,48.11639036478549],[11.561198416967498,48.116490944778356],[11.561267063962017,48.11656855918442],[11.561320207123858,48.11662110183217],[11.562268423290094,48.11753532497044],[11.562298014710027,48.11756188096523],[11.562296122697544,48.11756331246237],[11.56244469384828,48.11770302235989],[11.562410757250106,48.11774480486737],[11.56249233747888,48.117817880249895],[11.562512080135821,48.11783378547855],[11.562508300185597,48.117836109410256],[11.562505856596797,48.11783906757597],[11.562504887898113,48.11784239234464],[11.56250553065144,48.11784572255005],[11.562507788933909,48.11784878906194],[11.562514443375449,48.117855919950536],[11.561992879174353,48.11810695930468],[11.561981673298499,48.11809828688521],[11.561976185326996,48.11809628848277],[11.561970015889637,48.11809536704215],[11.56196383558459,48.118095793739556],[11.561958048984739,48.118097300409],[11.561953056672916,48.11809988981214],[11.561949535975172,48.118103293097434],[11.561947620454596,48.11810733182526],[11.561947451246875,48.11811146656834],[11.561949027552402,48.11811551918468],[11.56195768204572,48.11812436279462],[11.561720696541128,48.11823925859436],[11.56169985963552,48.118249167621755],[11.561433561220044,48.11837592719643],[11.561429166995993,48.11837141463661],[11.561423288923546,48.118367706295494],[11.5614161912824,48.118365252476025],[11.561408275955053,48.118364055012826],[11.561400215870453,48.11836429685351],[11.56139441705391,48.11836688262338],[11.561389685816286,48.11837037227489],[11.561386694609707,48.1183745879481],[11.561385312664852,48.11837916994127],[11.561385944516044,48.118383849191375],[11.56139647358099,48.11839342306277],[11.561352821548692,48.11841429648343],[11.560987840007185,48.11858825458781],[11.56087213692453,48.118643323255725],[11.560868811169783,48.11863935372297],[11.5608641358695,48.118636187206704],[11.560858379031867,48.11863391670861],[11.560851805344893,48.11863281166467],[11.560845088240661,48.118632875955015],[11.560838630946062,48.11863411138648],[11.560772861454584,48.11864475215216],[11.560712446894497,48.11867247040738],[11.559905254798627,48.11904585371704],[11.55992693613397,48.11908457101588],[11.559923942146355,48.11908589566452],[11.559655688861541,48.11921318682037],[11.559653724025843,48.11921131764166],[11.559630665557043,48.11922229166991],[11.559565540076022,48.11925361361194],[11.559480620133808,48.11929428822497],[11.559410742753702,48.119327772909365],[11.559356225469758,48.119354993706324],[11.558296925583486,48.1198543328327],[11.557053109018305,48.12046007978914],[11.556467914502369,48.120741528764725],[11.554971478516226,48.12146108593971],[11.55424623355776,48.121801986775004],[11.554056802959922,48.1218910483589],[11.55256004453285,48.12261104873651],[11.550741954536075,48.12351996795955],[11.550260154548907,48.123771561130305],[11.549854953821505,48.12396963879807],[11.549139236504116,48.12431404575596],[11.549031988959543,48.12420063763112],[11.54889957396536,48.12426424680378],[11.548837277453847,48.12429053202606],[11.548820282103975,48.12429837928246],[11.548663186749051,48.124373938979566],[11.548506626017634,48.1244481450011],[11.54849647308306,48.12444144995702],[11.54721720196291,48.12505250323615],[11.545817190885973,48.1257266171042],[11.545747034914678,48.125759711723035],[11.545662427466363,48.12580175653416],[11.545573126887374,48.12584635993728],[11.54549432131351,48.12588574491165],[11.545490146798064,48.125871608072586],[11.545393793347236,48.12587906484633],[11.544881383052813,48.12610136653359],[11.54471589970021,48.12610177758924],[11.544443533319418,48.12612285629333],[11.544459072690739,48.12620503672286],[11.544365739174307,48.126230103095764],[11.54430195389694,48.12624126086521],[11.544211300743193,48.126313196531264],[11.544197827917495,48.126370945964965],[11.544181844630543,48.12643944056709],[11.544169817646958,48.12649326905658],[11.54415164979828,48.12650200448773],[11.544057151188388,48.126547430873806],[11.544040554160961,48.126555372066875],[11.543793840721364,48.12667412508874],[11.543176839575475,48.12697983034544],[11.542683630309726,48.127224320473516],[11.542130947465226,48.12749180714411],[11.541917543575648,48.1275960789714],[11.541234376818357,48.127912540919006],[11.540923222582979,48.12804095374897],[11.540382847382713,48.128251391598205],[11.540229767448587,48.128305448283044],[11.539663567746173,48.12850542867574],[11.539644425944676,48.1285121873767],[11.539452367741488,48.12857663818537],[11.539237498605335,48.128649006372335],[11.538952302123933,48.12874556219387],[11.538918953430281,48.12870495743113],[11.538913640821393,48.12869837140007],[11.538795725996973,48.128732631683945],[11.538673426859633,48.1287681485858],[11.538653622376428,48.12877382041954],[11.538662153493002,48.12888635895285],[11.538447298795273,48.128954489097204],[11.538343173987586,48.12898816700359],[11.538277843510327,48.12900940534651],[11.538187725338972,48.12903872989914],[11.537288734375503,48.129343703207],[11.53728496102499,48.1293449463969],[11.537200655356353,48.12933749586271],[11.537179584769838,48.12933570372449],[11.537149254486453,48.12933297608522],[11.53712724382283,48.129331090429346],[11.537055444619508,48.129324782504646],[11.536661355222718,48.129387067631946]]]},"geometry_name":"shape","properties":{"sb_nummer":"06","sb_name":"Sendling","flaeche_qm":3938931.87105}},{"type":"Feature","id":"vablock_stadtbezirk.16","geometry":{"type":"Polygon","coordinates":[[[11.598039598639442,48.12258565530942],[11.598050825400149,48.1225929758605],[11.597883979814771,48.122765902321824],[11.597839540289863,48.122815136755484],[11.597818816120045,48.1227853893559],[11.59780117837907,48.122773370171394],[11.597782826392587,48.12276674523983],[11.5973242798844,48.1225949471524],[11.596626161869866,48.122377052153055],[11.595878833172144,48.122165538022344],[11.595020205317045,48.12193013914969],[11.594973650116774,48.121957141245254],[11.594312630903822,48.12184533873324],[11.59372299866614,48.121744047783196],[11.593733105049948,48.121722767847096],[11.592698115340426,48.1215401493739],[11.591748307899339,48.12137035699141],[11.591680462319111,48.12135814625339],[11.590615046098744,48.12117119634629],[11.587793318478852,48.12066268123845],[11.58763115983257,48.12063421741826],[11.585236262726118,48.12020873115993],[11.58512976371529,48.12018929743087],[11.585077720847748,48.120179764822964],[11.584804498884473,48.12012948602781],[11.584725010900476,48.12015796565938],[11.58448060776943,48.1200829454153],[11.584407965362654,48.12006291380519],[11.584273039415166,48.12003745234187],[11.583293117929218,48.11987194073704],[11.583305320417018,48.11984195132426],[11.58316663008006,48.119816996140194],[11.58251287874057,48.119699115482284],[11.582473179191451,48.11969195405352],[11.582463664626433,48.11972177046281],[11.582385042403764,48.11971023746102],[11.582350970043361,48.119704534909474],[11.582241038422328,48.11968459261723],[11.582146961343538,48.1196675456419],[11.582123620511592,48.11966368658327],[11.581600133056096,48.11957085125745],[11.581589218441717,48.119555704641314],[11.581579505685045,48.119554612854955],[11.581471214931957,48.11953993995571],[11.581275366267963,48.11950952681747],[11.581057977602935,48.11947122749335],[11.580696332469277,48.11940370905686],[11.58047052841977,48.119359403503694],[11.580347965616408,48.11933413475607],[11.580041021644622,48.11926226028125],[11.579758453176838,48.119191471507236],[11.579391701730122,48.119095659734114],[11.57930693480996,48.119070663078084],[11.579262585103274,48.11905633460371],[11.578757315730742,48.11890799516046],[11.578014325157712,48.11869738794044],[11.577992156210994,48.1186870735802],[11.577975988738828,48.118676358164684],[11.577960948931512,48.1186622917807],[11.577952057745293,48.11865033417877],[11.577508355836201,48.1185835399007],[11.57749158840377,48.118581051240284],[11.577486796073405,48.11863994620916],[11.577482760976995,48.11868867985805],[11.577469360999187,48.11868530400383],[11.577444032461909,48.118679007860116],[11.577360541241905,48.11865820209629],[11.577306665003514,48.118644787595535],[11.577285220522667,48.118639493912475],[11.577252919173985,48.11863137374238],[11.57709621938401,48.118592331321075],[11.57714401995617,48.118508057988166],[11.577178318182167,48.11827750778209],[11.577192828766414,48.118162838506684],[11.577094216857137,48.11763413697003],[11.57688597637291,48.116260457720884],[11.576750604945088,48.11588203528684],[11.576631892494332,48.115913511089474],[11.576613546538777,48.11590679447233],[11.576559041855228,48.115887095137964],[11.576454897705185,48.11575974981708],[11.57641071288859,48.11571184596701],[11.576377985279244,48.11567585306095],[11.576262150785054,48.1155744635571],[11.576223036321565,48.11554636023998],[11.576181352178672,48.115520045762295],[11.575981831804484,48.115377680192665],[11.575952065180427,48.11535644133493],[11.575844863795462,48.11527591756518],[11.575794857627281,48.11523373448858],[11.575747289098246,48.11518994096929],[11.575704293275791,48.11514445493524],[11.575666283132893,48.115096828928095],[11.575594435227831,48.11500015250479],[11.57556764064791,48.114976940224025],[11.575498395234222,48.114869853195394],[11.575466838897725,48.11481929121988],[11.575407627118611,48.11471709178918],[11.57534935807381,48.11461452746478],[11.575293778847103,48.11451163105665],[11.575269489765137,48.11445929902995],[11.575247890645835,48.11440634610671],[11.575219027660479,48.11432386090053],[11.57520687328135,48.11430025097819],[11.5751727816563,48.114250567284266],[11.575063510592177,48.11410331513777],[11.575006658037939,48.114026392831605],[11.574901876468193,48.113913125145025],[11.574859952119661,48.11386602752719],[11.574818433012311,48.11381875614569],[11.574774492951923,48.11377218867874],[11.574737819415278,48.11372330777191],[11.574705192855193,48.113672998126795],[11.574652546939179,48.11357648000305],[11.574600233655083,48.11347457000251],[11.574542934735739,48.113373717428324],[11.574482789861419,48.11327366465633],[11.574419549574184,48.11317243141808],[11.574387322562025,48.1131220371423],[11.574353211204247,48.11307235634523],[11.57433739476111,48.11305197231219],[11.573923368976823,48.11262128100499],[11.57373922567494,48.11236480267463],[11.573692475074996,48.1122114187807],[11.573798588792034,48.11198482261345],[11.574474192784681,48.111936112130465],[11.575718339098314,48.11169970124012],[11.576129766005632,48.11159059474714],[11.576439530641062,48.111508686493444],[11.577066065476984,48.111251340805836],[11.577613904094404,48.11092370920652],[11.5780087500341,48.110586332657654],[11.57813418904056,48.11043986116212],[11.578411092507501,48.11011706837558],[11.578972159814255,48.10932650213577],[11.579841892595855,48.10758123522566],[11.580264326381046,48.10691792259283],[11.580659283666643,48.1064191710837],[11.581326925732434,48.105739335892075],[11.581946807920497,48.10497539263024],[11.582126772422974,48.104709632378395],[11.582242974823275,48.104524897362595],[11.581556584196539,48.104327417867935],[11.581626791067023,48.1042023438804],[11.58215969027444,48.10323781660157],[11.581710639358178,48.0993562263065],[11.58164148296733,48.09886723373824],[11.581638556206583,48.09876181315443],[11.581657929880858,48.09869866329803],[11.581712095417615,48.0986185114854],[11.581978103462639,48.09833594757773],[11.58215969001562,48.098413636056684],[11.584924211072058,48.09959272407896],[11.585177366720117,48.09970071911485],[11.586519309894566,48.097507176148376],[11.588198770999218,48.09478417071571],[11.588299042495265,48.094626343118165],[11.588208398086847,48.09461086961698],[11.588159807931897,48.09458814065393],[11.588136300930111,48.09457714306926],[11.58808066184875,48.094551123093176],[11.588057643089153,48.094542224525085],[11.58795739140369,48.09450364356896],[11.587048609161696,48.09415440372902],[11.586474662266637,48.09393369831958],[11.585588910928148,48.09359291547939],[11.585572047714384,48.09358638107271],[11.585564391841663,48.09358343652822],[11.585486127121383,48.093553075673924],[11.585420947048801,48.09352784959238],[11.58546012078843,48.09351440371527],[11.585539267791107,48.09348733285518],[11.585671612294494,48.09345613802182],[11.585809953970092,48.09344853307847],[11.585947951216644,48.093463510857816],[11.586081248159564,48.093493410459324],[11.586201348563252,48.09353178809675],[11.586314947833227,48.093579121984654],[11.586420279271362,48.09363534845497],[11.586921530808944,48.093876834112976],[11.587348062771152,48.09355516737957],[11.587502152660376,48.09350007214651],[11.587714323878185,48.093477139689725],[11.58802317167683,48.09350113217188],[11.588225712082922,48.093543053101754],[11.588377930997556,48.09352723833144],[11.588559993900493,48.093430116675805],[11.58883581703148,48.09293410337781],[11.588912085740288,48.09279841693361],[11.588829528174129,48.09278076856096],[11.588860125188132,48.09273214363034],[11.588941235029136,48.09274618671769],[11.58907000607743,48.09251350556701],[11.589303586675396,48.09209030702954],[11.58951279306225,48.09171426377078],[11.58976026289055,48.09126699444246],[11.589992957198731,48.090842518649495],[11.590228146217155,48.090421015708905],[11.59047276564192,48.08997768985089],[11.590694431281808,48.08958374775581],[11.590920496342562,48.08917596954525],[11.591015685830234,48.089004349368714],[11.59104183047786,48.08895740522266],[11.591161802551301,48.08874107331216],[11.591391235780144,48.08832998870103],[11.591617240545792,48.0879099757347],[11.59183434394365,48.08748525025975],[11.592029909225458,48.08705208173692],[11.592184409446801,48.08667615670372],[11.592232409169142,48.08635891557133],[11.59224963315811,48.086080608074134],[11.592326659729727,48.08566265617475],[11.592535536441755,48.085242574311366],[11.592620645207631,48.08506995110593],[11.592912530238822,48.0850417322819],[11.593117676248287,48.08502195720977],[11.593615781908852,48.08497388019699],[11.593824938088787,48.08504054830852],[11.59451545105357,48.08526067809055],[11.594438244915116,48.085367685056745],[11.594327501794726,48.085517396682114],[11.59452428119202,48.08557257460737],[11.594438510978314,48.085712035720476],[11.594680756144715,48.08580347043988],[11.594724230719603,48.08581989933179],[11.594848077296863,48.08566230949231],[11.594925248868385,48.0855640158334],[11.595033164034566,48.08542672093657],[11.59508070807518,48.085439933612925],[11.595386468740992,48.08552382631275],[11.595590848042702,48.0855794659089],[11.59597968897147,48.08569846739158],[11.59643778423386,48.085785494660556],[11.596910385783564,48.085831698184705],[11.597415129889304,48.08583823463405],[11.597708541048641,48.08587115576304],[11.597886450889105,48.085933991013526],[11.598045844481314,48.08606131094423],[11.5981388922813,48.08633775627069],[11.5981863920673,48.086444865900425],[11.598283713260711,48.08653119473556],[11.598362240745917,48.08658273940771],[11.598400127399723,48.08659564374508],[11.598545911431655,48.08664571323445],[11.599662236304702,48.086887004990615],[11.601775528001177,48.087343265943986],[11.60312198108672,48.085573034494075],[11.603134436604103,48.08557667439302],[11.603529239991383,48.08506187203098],[11.60424595195407,48.08542283108436],[11.604709868485735,48.08568884622417],[11.605920161100357,48.086391722935566],[11.606518436643448,48.08682086573072],[11.607073788045211,48.08683034383152],[11.607123444317587,48.08683114206482],[11.607181148886493,48.08683241620722],[11.607216846647596,48.08683316688911],[11.607436528427819,48.08683814434311],[11.607504970298926,48.08683963612087],[11.607524035320527,48.08684006613033],[11.607603785456925,48.086841885947585],[11.607622728864913,48.08684227461179],[11.60770448141444,48.086843962507785],[11.607749592605009,48.08684493656538],[11.607853210647983,48.08684727416708],[11.607864618132835,48.0868474929031],[11.608097723135232,48.08685268523975],[11.608341568689772,48.0868577339219],[11.608604843725063,48.086866883837516],[11.608720735388083,48.086871055486604],[11.609342136755595,48.086893276826224],[11.60981889947814,48.086920377413485],[11.609996887905123,48.08693054999049],[11.610353923625159,48.08695798410345],[11.610810083259095,48.08699284632768],[11.611837351146864,48.087090753087416],[11.611883891666395,48.08709549288695],[11.611876335426444,48.08713592831845],[11.611871293677128,48.087162801387365],[11.61182838891954,48.08739570192238],[11.611720078860614,48.087759389224566],[11.611612488041784,48.08809480797453],[11.611653154519217,48.08809404778275],[11.61168872892126,48.08809335209661],[11.611714914143121,48.088092889735385],[11.611926141373665,48.088088837797855],[11.612042692071412,48.08808671317573],[11.61212379558556,48.088084746889415],[11.612162328280352,48.08808452184789],[11.61271082469864,48.088074329344785],[11.612882529923098,48.08806879215499],[11.61306120348382,48.08806327250596],[11.613173289622704,48.08805976364721],[11.613285370908052,48.0880563447698],[11.613400947125566,48.08805277606077],[11.61356230313551,48.088048087945225],[11.613583514011598,48.08804725787398],[11.614192166710104,48.08802422022903],[11.614487557249761,48.08802555759639],[11.614529434736893,48.08802569201274],[11.614619230094977,48.0880259789354],[11.61466835637706,48.088026046335244],[11.614710503005842,48.08802627083655],[11.614953705027606,48.08803137502915],[11.615195980749483,48.08803269992498],[11.61515257726418,48.08830625908495],[11.615146105367932,48.088347424978004],[11.615132463346841,48.088432724922846],[11.615550706002235,48.088442226814124],[11.615612844168174,48.08844359909676],[11.615668270615801,48.08844503694189],[11.615773657081498,48.08844277051082],[11.616204511702865,48.08843413690326],[11.61631406148395,48.08843202977025],[11.616304670029898,48.08846751789381],[11.61611396247124,48.089185525857076],[11.616086340330689,48.089288993827545],[11.616071691279254,48.089344368614285],[11.616056638181265,48.0894004625493],[11.616041999043876,48.08945592798547],[11.616026951207564,48.089512470798105],[11.616011769056357,48.08956946387104],[11.615997139979335,48.08962483819038],[11.615962292317144,48.08975559983782],[11.61586097991227,48.09013672011467],[11.615788221733819,48.090410564797004],[11.615782136047068,48.09043329301716],[11.615658365337268,48.09089958815002],[11.615624943470173,48.09102512981484],[11.615610163027458,48.09108092412722],[11.61557991201879,48.091194927342265],[11.615528529043337,48.09138836430767],[11.615451534086413,48.09136131698529],[11.61536209958172,48.09132990272909],[11.615325287725495,48.09148749065674],[11.615481408056267,48.091557359061284],[11.615312094383079,48.09216714353279],[11.615304289401852,48.09220655275941],[11.615289626862381,48.09228022074827],[11.615057023381262,48.09323895053732],[11.615030463673952,48.09334816172841],[11.614863077186012,48.09416026741557],[11.614841207520998,48.09423621216883],[11.61483379315977,48.094261862547235],[11.614797812641559,48.09438636979182],[11.614673576134528,48.094392528703885],[11.614666054754608,48.09439277373755],[11.614274663743553,48.09440493719254],[11.613507557577803,48.09440429279895],[11.612965557597013,48.0944254463711],[11.612647597787639,48.09443778702522],[11.611976481767995,48.094452060073216],[11.611978625965335,48.09448795397146],[11.611726990156294,48.09449264145643],[11.611085656373902,48.094504603309964],[11.610712220201092,48.09451150901336],[11.609794615301235,48.09455243707542],[11.609609549219902,48.09456070712647],[11.60958940266888,48.094561628338916],[11.60945424763308,48.09456162760263],[11.608911349741225,48.09456545038743],[11.608839581211154,48.094571281097636],[11.608753947516359,48.09457823385963],[11.608323835937513,48.09461330538517],[11.608254919444654,48.09461882980303],[11.60798100961512,48.09467435987187],[11.607641324398868,48.09474322338396],[11.607350498236123,48.094802143202735],[11.60704059631962,48.094864953281565],[11.6070241924377,48.09486822574508],[11.606803642368002,48.09495170335107],[11.606688774912122,48.09499517173069],[11.606573773117285,48.09503867003748],[11.606337710558273,48.09512799123652],[11.606116869619342,48.09521133824036],[11.605941629642617,48.09527774691311],[11.605888614266044,48.09531228405166],[11.605690377604015,48.09544153454741],[11.605492798465077,48.095570419752356],[11.605301968803236,48.09569469926137],[11.605139288177073,48.095800813517435],[11.605065634007554,48.09584886020867],[11.60506360803589,48.09585047272425],[11.604988202998493,48.09593143249275],[11.604858077953377,48.09607039840324],[11.604729440861052,48.09620775035698],[11.604659195107994,48.09628243192782],[11.6045995191685,48.09634635502839],[11.604585175324925,48.09636177634866],[11.60446931292402,48.096485588664],[11.604347728081063,48.09661567808706],[11.604246623214685,48.09672398031475],[11.604212431474538,48.096790059791466],[11.60413682644261,48.09693622503937],[11.604061219346365,48.097082570240005],[11.603969754879103,48.09725935176415],[11.603850800579629,48.097238886243794],[11.603821582656419,48.09728240813545],[11.603105882155612,48.09835645416225],[11.602557920343765,48.09917806525027],[11.602412734043067,48.09939540136103],[11.60196314894942,48.100066876807944],[11.60193057914167,48.10021273937755],[11.60151710992592,48.10083549729009],[11.600967623351474,48.101655810302354],[11.600417589205097,48.102476230089486],[11.600157400049921,48.10288035662541],[11.599904009248363,48.10311465027899],[11.599839870217444,48.10324775861084],[11.599774380629015,48.10338365986819],[11.59983779694116,48.10339827311692],[11.599831245742312,48.10341210111239],[11.59968862524222,48.103713802964954],[11.599603195170051,48.103912258921056],[11.59950197301149,48.104147492640344],[11.599490502494511,48.104172272775585],[11.599410901424049,48.104344128960975],[11.599303840879598,48.104575351045355],[11.599363654866085,48.10458734308857],[11.599171285109332,48.10503331607778],[11.599052228244974,48.105309735590644],[11.598949092585144,48.10554870844287],[11.598758283742065,48.105991137898194],[11.598676413911,48.106181210937436],[11.598365060053514,48.106903598782694],[11.598258817659373,48.10714992601444],[11.59822953567013,48.10721754810308],[11.598227490771976,48.107221408624206],[11.598182127999628,48.10730945467749],[11.598142532334808,48.107386331479546],[11.598169289635823,48.10743337601742],[11.598170102095024,48.10745001745685],[11.598053065096995,48.107426488149784],[11.59799150184538,48.10741412917594],[11.597882029444545,48.10765928107296],[11.597863535854682,48.107706165145174],[11.597761870729263,48.108090571690994],[11.597605858542552,48.10858640241003],[11.59747417478882,48.108890280563855],[11.597385056532621,48.10908825748993],[11.597226483599467,48.10944517215884],[11.597195512918578,48.10943903586787],[11.596979615587388,48.10992575248257],[11.597011124080321,48.10993189106777],[11.596965350103966,48.11003489067748],[11.59649651807769,48.111096484579086],[11.596492414783045,48.11110600096038],[11.596408589227275,48.11129631704454],[11.596306423612635,48.11148734190508],[11.596015742633854,48.112030807672326],[11.595829243105957,48.112517682450985],[11.595797071189017,48.11263157571101],[11.595765453628001,48.11274332750234],[11.595706430836268,48.11297822269879],[11.59564050442946,48.1132199279056],[11.595542402690008,48.11347116207435],[11.595489778982172,48.11369391727143],[11.595460727863722,48.113836729647616],[11.595437094193674,48.11396706172821],[11.595429895503969,48.114025948071955],[11.595423554052362,48.11407854163513],[11.595415796165067,48.11414326322119],[11.595393374505841,48.11436782826226],[11.59537977297603,48.11451120925891],[11.595377163070514,48.114605348641376],[11.595366158428796,48.11486460119115],[11.595372816981701,48.115005580763956],[11.595373659095637,48.115023464155975],[11.595324414544066,48.11508696552644],[11.59526792251394,48.115149811830804],[11.595263088702502,48.11514961513012],[11.595258020291917,48.11516254821409],[11.595263553131241,48.1152105067018],[11.59526550352182,48.11546415044896],[11.595297034205721,48.11591688404132],[11.595351834727685,48.11627716999009],[11.595413077254559,48.116559986915334],[11.595427326468432,48.11662560583819],[11.595509861937124,48.116937729382954],[11.59561766256534,48.11730821245264],[11.595651242441242,48.11742398030903],[11.595688272402793,48.11755100765695],[11.595758409911054,48.117791189671735],[11.59586793895744,48.11818316832009],[11.595927448080426,48.1184165099197],[11.595956825648411,48.11847040075514],[11.5959632495306,48.11850613056902],[11.595980866156417,48.118596669731765],[11.596003353477894,48.11868615670619],[11.596007243070142,48.11870442830023],[11.596009838452483,48.118716219997054],[11.596016408921564,48.11871759214254],[11.596018346431563,48.11872758291372],[11.596011543918182,48.11873880061144],[11.596011927939738,48.11875867930327],[11.596064130998327,48.118991543504684],[11.596119551366671,48.11924276644663],[11.59612030583679,48.119249335025586],[11.596174864914758,48.119488953792235],[11.59620212295506,48.11960921219973],[11.596293539436141,48.12028412155797],[11.596300823105938,48.120315171848176],[11.596305194777464,48.12034054724566],[11.596327578984113,48.120468870017255],[11.596388323117708,48.12067990977015],[11.596568330808157,48.12104076651776],[11.596656360111009,48.121217276708705],[11.596680936985386,48.12126673999793],[11.596687248897068,48.12128331016479],[11.596790299554435,48.12143687946825],[11.596858846903533,48.121537024912385],[11.596924578690706,48.121617471685255],[11.596979083967915,48.121687527645086],[11.597084629760396,48.121807936645375],[11.59712693881224,48.121858258584695],[11.597166576196333,48.121909484035825],[11.597236152736139,48.121981144427444],[11.597432973713666,48.12215434974809],[11.597569713766287,48.122253591384435],[11.59772520861259,48.12239580148454],[11.597936967197986,48.12257038310045],[11.597978797000955,48.12254552653561],[11.598039598639442,48.12258565530942]]]},"geometry_name":"shape","properties":{"sb_nummer":"17","sb_name":"Obergiesing-Fasangarten","flaeche_qm":5720866.26585}},{"type":"Feature","id":"vablock_stadtbezirk.17","geometry":{"type":"Polygon","coordinates":[[[11.594791812808053,48.14170540931862],[11.594778210763884,48.1416747905873],[11.594765288133596,48.14167753086514],[11.594720874535913,48.14158278412179],[11.59470835537414,48.141585526976236],[11.594223051110589,48.14048775590931],[11.594236382538815,48.1404841165587],[11.594206439382852,48.14041225393565],[11.594221746542102,48.14039639301277],[11.594168086004906,48.140320579670764],[11.594098839536633,48.14022269537518],[11.594051273671033,48.14015803498087],[11.59392220967899,48.14000197095589],[11.593397159745006,48.139406376137714],[11.593249879532621,48.13925641207397],[11.59313916135641,48.13915359954824],[11.59300515274109,48.139039254534204],[11.592880795981884,48.138945085375944],[11.592787914934123,48.13888088954061],[11.591804329548443,48.13827268175057],[11.591784539447616,48.13826047357134],[11.591765019662716,48.138248267387276],[11.59174536542782,48.138236060634526],[11.59172570951345,48.13822403387571],[11.591706054753494,48.13821173624862],[11.591686532381672,48.13819979824913],[11.591666344932502,48.13818722649952],[11.591646424631687,48.13817483407668],[11.59162664064045,48.13816253215365],[11.591607257501778,48.138150501919256],[11.591587474917276,48.138138200857554],[11.591567425158972,48.13812571956279],[11.59154777764096,48.13811351082525],[11.591528533116877,48.138101482848874],[11.591509154188175,48.13808945520241],[11.591488975017949,48.13807688593437],[11.591469597541042,48.13806486004812],[11.59145623517121,48.138056451498116],[11.591449955033141,48.13805256300079],[11.591430313922661,48.1380402668184],[11.591410539253102,48.1380278809669],[11.591390896471415,48.13801576477488],[11.591371916516781,48.13800391706125],[11.591352000974137,48.13799161625954],[11.591344515644824,48.137986912737134],[11.591332620196969,48.13797949684586],[11.591312699920884,48.13796710166547],[11.591292644607746,48.13795461414973],[11.591289302720341,48.13795253273178],[11.591272990144093,48.13794239832373],[11.591253335734992,48.13793018339297],[11.591233548567388,48.13791778789533],[11.591213894222294,48.13790557385621],[11.591194105473425,48.13789336014656],[11.591174584805152,48.137881237563604],[11.591154796965624,48.13786893474672],[11.591135277206568,48.13785672305688],[11.591116022539206,48.13784478342057],[11.591095562590782,48.13783202696155],[11.59107898022526,48.1378217123543],[11.591060927418626,48.1378104942273],[11.591053840203664,48.13780606064225],[11.591041404927893,48.13779828078353],[11.591022417347883,48.137786518665166],[11.591002763102857,48.137774304587914],[11.590983242479409,48.137762181071786],[11.590963856323134,48.13775005811844],[11.590943936721342,48.13773775283881],[11.590924286044878,48.13772544868801],[11.590905170277482,48.13771359586306],[11.59088511932576,48.13770111087742],[11.590865332967208,48.1376888079776],[11.59084621427089,48.13767686972826],[11.590826426904922,48.13766457314296],[11.590806905970965,48.13765254858177],[11.590787120361123,48.13764007289058],[11.590767465788822,48.13762795685841],[11.590747946980889,48.13761584045999],[11.59072829402889,48.137603542625655],[11.590708773851407,48.137591425351715],[11.59068898561428,48.13757921694263],[11.590679760954515,48.137573339682284],[11.590669600668521,48.137567008431766],[11.590649946817024,48.13755479878447],[11.590629757729387,48.13754231777001],[11.590610639096703,48.137530378580415],[11.590590985182626,48.1375181671249],[11.590571332620646,48.13750595563554],[11.590552746979752,48.137494376031135],[11.590532823546594,48.13748207076706],[11.590513569824273,48.13747003743015],[11.590493246119392,48.13745755132981],[11.590473994254342,48.137445607924086],[11.590454608832987,48.13743357484824],[11.590434823085449,48.13742136004084],[11.590415838558666,48.137409599553436],[11.590395914129083,48.13739756692667],[11.590376928818381,48.13738589733001],[11.59035753969454,48.13737413695983],[11.590338819972844,48.1373628293841],[11.590320233067718,48.13735170326841],[11.590301512560613,48.13734048658385],[11.590283593675945,48.137329812391584],[11.590264338430531,48.13731814706438],[11.590244816469935,48.137306390570735],[11.590192994115824,48.13726763344882],[11.590187390400388,48.13726275784805],[11.590293962412957,48.13724227486231],[11.590344421616388,48.137232559129316],[11.590522443827714,48.1371982794791],[11.590528434364309,48.13720189292215],[11.590536572266569,48.13720319404384],[11.590546068315776,48.1372010588016],[11.590550921387925,48.13719729796821],[11.590552853609891,48.13719244767313],[11.590733432926886,48.137157671819224],[11.590738501180056,48.13716245779436],[11.590934812519595,48.137347076082236],[11.591123729053667,48.137498269638265],[11.592138556805512,48.13816064866942],[11.592226705662211,48.13817679469586],[11.592329014387762,48.13818606065219],[11.59234530782776,48.13818153315176],[11.592360804175913,48.13817583320796],[11.592375367285904,48.13816914025419],[11.592388728738854,48.138161543130394],[11.592401021696075,48.13815304333045],[11.59241184328021,48.138143729129936],[11.592421193945894,48.13813368959893],[11.592429069321703,48.13812310479585],[11.592435202378255,48.13811206442912],[11.592439866094082,48.13809984969854],[11.592442517731495,48.138087268274745],[11.59244315391984,48.13807468015277],[11.592441775458072,48.13806199443513],[11.592438244561622,48.138049571451],[11.59243269619049,48.138037501732974],[11.592211709028728,48.137519521931104],[11.59225046231489,48.13751210578758],[11.592205486952846,48.137389811747106],[11.592179514177717,48.13739475203355],[11.592177274972348,48.13738952885856],[11.592170711018868,48.137387077483],[11.592143528328148,48.13739228351333],[11.592106710910365,48.13732831102661],[11.592056874733789,48.13727894719928],[11.591885869007225,48.13716341575913],[11.591767123673884,48.137078436169496],[11.591735605513547,48.13703748676645],[11.591704955665996,48.13697091043777],[11.59162022621166,48.1367751224641],[11.591584879635706,48.136708649378114],[11.591544207634692,48.13661896200111],[11.591509658298847,48.13657029138447],[11.59147012225423,48.13652312435568],[11.591339819762878,48.13638568597072],[11.591105513528568,48.13614752646874],[11.5908334198739,48.135880072059365],[11.590766054929661,48.13581821527176],[11.590709396423849,48.135763502487734],[11.59064590239056,48.13570544814122],[11.590549717949953,48.135620582888585],[11.590263545865637,48.13539787574597],[11.58994484717352,48.135186597235084],[11.589823448289609,48.13511275828134],[11.589640454399465,48.13501350751319],[11.589514711274928,48.13494558786968],[11.58931515045553,48.13485225554313],[11.589305379404657,48.134847634910024],[11.58916896173406,48.13480481152816],[11.588996672124361,48.13479580833426],[11.58899239372256,48.134793274666464],[11.588949064722707,48.1347683803671],[11.588944919031627,48.13476602636499],[11.588805889587444,48.13474529295579],[11.588713011009427,48.13474919492746],[11.58863889790004,48.13475828592684],[11.588632919894502,48.13475026309761],[11.588539415635815,48.13478176050985],[11.588449084683363,48.13466147334625],[11.588451956056872,48.13465786793488],[11.588450920008253,48.13465423990693],[11.588446688729166,48.13465170695653],[11.58844151283194,48.134651372802956],[11.588350728946567,48.134530516299776],[11.58835409683527,48.13452678722701],[11.588353040490503,48.13452291581052],[11.58834867447449,48.134520402989025],[11.58834301896997,48.134520234404256],[11.588252365036807,48.13439946667387],[11.588255650579814,48.13439602469523],[11.588254848786576,48.13439208275621],[11.588250148595947,48.1343893129211],[11.588244655100295,48.13438918477082],[11.588153338986762,48.13426753568595],[11.588157339178316,48.134263683495284],[11.588155879226264,48.13425905634414],[11.588149859478964,48.13425661587183],[11.58814353197883,48.13425743779991],[11.588112888042213,48.1342191041121],[11.588116387426018,48.13421574459914],[11.588115584541614,48.134211192621244],[11.588109979528648,48.13420823171676],[11.588103837840222,48.13420855186793],[11.588072828920156,48.134172207746914],[11.588076598519233,48.13416788656184],[11.58807532542609,48.13416406141737],[11.588070148338392,48.13416137700401],[11.588063778780075,48.13416165639799],[11.588032623158778,48.134125307473546],[11.588036254843217,48.13412158506305],[11.588034933835129,48.13411696737671],[11.58802924992642,48.134114361866295],[11.588023567574359,48.134114754444546],[11.5879925400114,48.134078491703654],[11.587996246346862,48.13407448957503],[11.587995028108535,48.1340703383669],[11.587989693882946,48.134067629596885],[11.587983482875037,48.13406793420745],[11.5879516576813,48.13403067085756],[11.587954943111557,48.13402645146516],[11.587953174832778,48.13402232164801],[11.587947905970209,48.13402000371487],[11.587941794540239,48.13402047074242],[11.58783055063154,48.13390574174939],[11.58783349680369,48.13390196640579],[11.587831686282426,48.133897637783555],[11.58782618404626,48.13389543667781],[11.587820962427864,48.13389590254654],[11.587711581801438,48.133783092115266],[11.587713780870152,48.13377924182747],[11.587711813829182,48.133775515994614],[11.587708051299547,48.13377372198731],[11.587702516079501,48.13377361814612],[11.587592934985702,48.13366082021674],[11.587595772638469,48.13365697174099],[11.58759387801709,48.1336527610835],[11.58758917876431,48.133650702939896],[11.587583472103647,48.13365098536916],[11.587474207373987,48.133538266580004],[11.587539854305513,48.13351007990199],[11.587498953963097,48.1334678452412],[11.58751027672981,48.13346294000953],[11.587529096498354,48.133461386788774],[11.587927162620385,48.133465851428326],[11.587963985299089,48.13346625536527],[11.588003081163206,48.13346810623242],[11.588014364783632,48.133469747857475],[11.588048723485675,48.13347474766344],[11.588104071377671,48.13349211911078],[11.588072181459925,48.133419882133516],[11.588052746137723,48.133375378796714],[11.587993971952452,48.133313657039984],[11.587810703482116,48.13311400028754],[11.587638700138074,48.13291109942226],[11.5874606109626,48.132720373786945],[11.587303207732566,48.13252300389024],[11.587057963995134,48.13230953452719],[11.58680468158918,48.132063836791815],[11.586772625333156,48.13203926365978],[11.586744115561453,48.132024865636154],[11.586693193265127,48.13202343365519],[11.58656834392256,48.13189633530198],[11.586595117482352,48.13189121897417],[11.58658575542871,48.13186941806872],[11.58653012146247,48.13174156532776],[11.58742451259495,48.13156762523791],[11.587369040018027,48.131439996003884],[11.58735899823507,48.131417833456254],[11.587368143829833,48.13141633892346],[11.587342814984464,48.13137307317479],[11.587315332737184,48.13133033912051],[11.587285573172988,48.1312880513703],[11.587272004383005,48.131271636089316],[11.58727025852555,48.13127171950696],[11.587237374073355,48.13123518345697],[11.58720234050728,48.131198194620545],[11.587158470634051,48.13115649731873],[11.58708263844488,48.13109462574656],[11.58684555392312,48.13091885001023],[11.586858923015551,48.13090990095046],[11.586785074786487,48.13085649388296],[11.586772928651932,48.13086364728892],[11.586689608768978,48.13080211235755],[11.586555096279652,48.130700649984384],[11.586422070147682,48.1306000015925],[11.58629031521991,48.13049797202708],[11.58615988885942,48.13039423157476],[11.586031035677156,48.130290946843516],[11.585903575753836,48.13018640957485],[11.585776426016466,48.13008110665275],[11.585651292251022,48.12997570961747],[11.585527493326362,48.1298692350334],[11.585404466193951,48.12976205999701],[11.585163316569064,48.12954658326562],[11.585149586316536,48.12953375436238],[11.585143053587585,48.12952764240883],[11.585104044090633,48.129491185124465],[11.585078803004315,48.12946759367287],[11.58506880228539,48.12945874610332],[11.584287585021313,48.12875715072372],[11.584254211503865,48.12872806525199],[11.584226773202918,48.12870414333686],[11.584162861569622,48.12865192819918],[11.58409474746225,48.12860186001475],[11.584024049799902,48.12855421998196],[11.583949973477779,48.128508457311966],[11.583872409029148,48.12846456006412],[11.583794043464506,48.12842306884879],[11.5837128409513,48.12838345629027],[11.583629876535303,48.12834590605295],[11.583545106075803,48.128311520478015],[11.583456958770974,48.12827856679183],[11.58336677547357,48.128248213357814],[11.583274577928924,48.12822116152414],[11.583181154709148,48.12819643976492],[11.583085832098284,48.128173425272585],[11.582990192036767,48.12815428786953],[11.582892385423989,48.12813774823535],[11.582792814640571,48.12812389719356],[11.582694445899268,48.128111501002074],[11.582594166015198,48.1281024274616],[11.582494126590834,48.12809686033634],[11.582395008805046,48.128094071671676],[11.582294396142014,48.12809352733321],[11.58219227659077,48.128096301045304],[11.581267240892915,48.12812622711326],[11.581201664118426,48.128128325336256],[11.581031143304706,48.128133830145906],[11.580983741975237,48.12813150490687],[11.580946312153513,48.12812534738818],[11.580892407526031,48.128112925856286],[11.580887924183685,48.128119206408954],[11.580878276162206,48.12811611375321],[11.580856708329339,48.12810839314508],[11.580836090036586,48.12809950575438],[11.580830604854892,48.12809660748906],[11.580804971305655,48.12808320333003],[11.580731731998515,48.1280448962027],[11.580634776690394,48.127994191810416],[11.580629026304976,48.127991204115744],[11.58058128080596,48.127966755029306],[11.580592140789774,48.12795276302143],[11.580498234706285,48.12790357274706],[11.580488072785178,48.127913607050395],[11.580355285238626,48.12785229624458],[11.580289282621782,48.12782326152972],[11.580169426359193,48.12777642837279],[11.579978231038336,48.127710995350135],[11.579647708106478,48.127608885271414],[11.579414391721595,48.12753649352877],[11.579162571037104,48.1274559111842],[11.579022001779478,48.127409812799726],[11.578956754681828,48.127387005850146],[11.57889287077259,48.127362675491604],[11.578885942172569,48.127360096578975],[11.578841191042768,48.12734342397102],[11.578759402942032,48.12731111302995],[11.57869876738288,48.127286883291596],[11.578631305803526,48.12725984014268],[11.578570676908907,48.12723281631688],[11.578435863164069,48.12717441374542],[11.578324371210595,48.12712221256224],[11.578178968924222,48.1270496209386],[11.578013650844603,48.126961691917884],[11.577847790083725,48.12686006912891],[11.577846593343292,48.126858715700116],[11.57782801682252,48.12684785277999],[11.577821333539555,48.12684405087178],[11.577828766407494,48.12683850505865],[11.577817544503075,48.126831537852446],[11.57771374594545,48.126768471116364],[11.57761280701002,48.12670608874141],[11.577602381287655,48.126699667818926],[11.577612595974065,48.12667935330297],[11.577602847246228,48.12665893973663],[11.577610484156024,48.12665078534508],[11.577605808438133,48.12664168715301],[11.577419208193325,48.12653760664778],[11.57723967594964,48.126439200626415],[11.57646125351278,48.12602546702872],[11.57534539417716,48.125435029064725],[11.57531370162798,48.1254180955709],[11.575281198064305,48.12540133771762],[11.575249497836339,48.12538430360106],[11.575217664995959,48.12536708979033],[11.574657101790779,48.12507007294757],[11.574629814772385,48.12505603323346],[11.573838985620847,48.1246385307708],[11.573807950540068,48.12462195914482],[11.573012157886781,48.12420487807372],[11.572791467429441,48.124088946728946],[11.572546477881174,48.123949041553495],[11.572506220101534,48.12392714149898],[11.572355326269172,48.12383964252381],[11.57220952542151,48.12376869353537],[11.571050603511898,48.12314131677875],[11.569861661546605,48.122518639282006],[11.569730981649936,48.12245022637777],[11.569596012508804,48.12237952662556],[11.569486782059522,48.12232218695208],[11.569326869308078,48.122215822684694],[11.569393978426445,48.1221842231799],[11.569454829603814,48.12214738464861],[11.569508497235192,48.122105852390284],[11.56955420863168,48.12206024656607],[11.569591286742753,48.1220112454836],[11.569619181164741,48.12195958760186],[11.569637456993446,48.12190603668793],[11.569645846864404,48.1218514013475],[11.569644356153537,48.12179767361367],[11.569633298019205,48.12174444966925],[11.569631337299805,48.12173787912731],[11.5696231003963,48.121715280546844],[11.569612521074772,48.121691765291295],[11.569601448963114,48.121671085523545],[11.569589524527883,48.12165177271997],[11.571306653292359,48.12112631293507],[11.571525232193606,48.121036447721906],[11.572362906472122,48.12069174389231],[11.572453987346154,48.12065753523749],[11.572538861282816,48.12062572852812],[11.575235641393478,48.11952809806365],[11.575351475628663,48.11949757370241],[11.575460426349835,48.1194679288188],[11.576560512085042,48.11901501758695],[11.576924725555978,48.11881262393646],[11.57698954463409,48.11876291338793],[11.577083687575474,48.1186123702864],[11.57709621938401,48.118592331321075],[11.577252919173985,48.11863137374238],[11.577285220522667,48.118639493912475],[11.577306665003514,48.118644787595535],[11.577360541241905,48.11865820209629],[11.577444032461909,48.118679007860116],[11.577469360999187,48.11868530400383],[11.577482760976995,48.11868867985805],[11.577486796073405,48.11863994620916],[11.57749158840377,48.118581051240284],[11.577508355836201,48.1185835399007],[11.577952057745293,48.11865033417877],[11.577960948931512,48.1186622917807],[11.577975988738828,48.118676358164684],[11.577992156210994,48.1186870735802],[11.578014325157712,48.11869738794044],[11.578757315730742,48.11890799516046],[11.579262585103274,48.11905633460371],[11.57930693480996,48.119070663078084],[11.579391701730122,48.119095659734114],[11.579758453176838,48.119191471507236],[11.580041021644622,48.11926226028125],[11.580347965616408,48.11933413475607],[11.58047052841977,48.119359403503694],[11.580696332469277,48.11940370905686],[11.581057977602935,48.11947122749335],[11.581275366267963,48.11950952681747],[11.581471214931957,48.11953993995571],[11.581579505685045,48.119554612854955],[11.581589218441717,48.119555704641314],[11.581600133056096,48.11957085125745],[11.582123620511592,48.11966368658327],[11.582146961343538,48.1196675456419],[11.582241038422328,48.11968459261723],[11.582350970043361,48.119704534909474],[11.582385042403764,48.11971023746102],[11.582463664626433,48.11972177046281],[11.582473179191451,48.11969195405352],[11.58251287874057,48.119699115482284],[11.58316663008006,48.119816996140194],[11.583305320417018,48.11984195132426],[11.583293117929218,48.11987194073704],[11.584273039415166,48.12003745234187],[11.584407965362654,48.12006291380519],[11.58448060776943,48.1200829454153],[11.584725010900476,48.12015796565938],[11.584804498884473,48.12012948602781],[11.585077720847748,48.120179764822964],[11.58512976371529,48.12018929743087],[11.585236262726118,48.12020873115993],[11.58763115983257,48.12063421741826],[11.587793318478852,48.12066268123845],[11.590615046098744,48.12117119634629],[11.591680462319111,48.12135814625339],[11.591748307899339,48.12137035699141],[11.592698115340426,48.1215401493739],[11.593733105049948,48.121722767847096],[11.59372299866614,48.121744047783196],[11.594312630903822,48.12184533873324],[11.594973650116774,48.121957141245254],[11.595020205317045,48.12193013914969],[11.595878833172144,48.122165538022344],[11.596626161869866,48.122377052153055],[11.5973242798844,48.1225949471524],[11.597782826392587,48.12276674523983],[11.59780117837907,48.122773370171394],[11.597818816120045,48.1227853893559],[11.597839540289863,48.122815136755484],[11.597883979814771,48.122765902321824],[11.598050825400149,48.1225929758605],[11.59813814644318,48.12265196194542],[11.598241271933118,48.12272165256032],[11.598258097262624,48.122734215539445],[11.598321035702723,48.1227759064654],[11.598284842750829,48.122799149163306],[11.598514107005668,48.12293914761225],[11.599073261336851,48.12328738331614],[11.59908488171448,48.123295786315744],[11.599342375987176,48.123465634872815],[11.600384436747916,48.12411433295219],[11.600742878947738,48.124261111894185],[11.600759689574426,48.12427610160037],[11.600862767311854,48.124252716610435],[11.600864760490955,48.12425551214063],[11.6008856353322,48.124302533529324],[11.600913602698387,48.12436834587201],[11.600919209077249,48.124380970867264],[11.601029046831975,48.12433055563597],[11.601079719504128,48.12437280897346],[11.601162108273652,48.12444153322573],[11.601242514027184,48.124498908172676],[11.601491892840418,48.12466297366798],[11.601553483069145,48.12468711308983],[11.601625687593698,48.124711379162854],[11.60170478194433,48.124731801740374],[11.601785891635762,48.12475276977755],[11.601956459031568,48.12479032799199],[11.601956357263417,48.1248030993503],[11.602044494210137,48.12481804761063],[11.602303167430087,48.124858307939846],[11.602310903937884,48.12486526085767],[11.602303619221153,48.12490470845541],[11.602409906980446,48.12491437276256],[11.60255908600434,48.12492020999676],[11.602629088609918,48.12491961978909],[11.602710133701313,48.124915557119465],[11.602827228598324,48.12490568803477],[11.602942610282057,48.12489178606531],[11.603042978806112,48.12487297211386],[11.603139990911574,48.12485010856753],[11.603237176042557,48.12482221653673],[11.603318101368187,48.12479652047308],[11.603434369957245,48.12487316991932],[11.603916586102365,48.125194195795274],[11.60488091873049,48.12583285241953],[11.605872616918198,48.126489514044984],[11.605981996410522,48.126561634673934],[11.606602820010703,48.12697117134223],[11.606761074755259,48.12707550066539],[11.607412173111845,48.127504195420904],[11.60813280176692,48.12797936859091],[11.608377893319442,48.128140829765904],[11.608704080141013,48.1283555018332],[11.608823729094352,48.12843421689262],[11.608984986071334,48.128553897535284],[11.609095729830003,48.12864933761785],[11.609217527842487,48.128774586965875],[11.609316683077063,48.128877247350324],[11.61028704435165,48.12988191410682],[11.6109050826883,48.13052819665289],[11.610978040992318,48.13063084915499],[11.611008242044608,48.130668982634205],[11.611043004129808,48.13070776015044],[11.611356227297623,48.13102762343464],[11.61165235240165,48.13133610888158],[11.611665944184075,48.131350544831314],[11.611714050532743,48.13140135045956],[11.611751918529484,48.13145607266292],[11.611762196757297,48.13149990480991],[11.61181233363585,48.131477774182194],[11.612036008976817,48.13170514709935],[11.611926633534939,48.131745166001245],[11.611985422068711,48.13178682687608],[11.612001989303414,48.13179857400405],[11.612641858350631,48.13225182520344],[11.612699045677003,48.1322923973889],[11.613005755670276,48.13246633363652],[11.61307985780227,48.13250840229239],[11.613157303827297,48.13255236718117],[11.613626875056505,48.132774086390995],[11.614131519005694,48.13301185237358],[11.61423438743491,48.13305186816831],[11.614706005857148,48.13323551537092],[11.615273778996434,48.13341602373755],[11.6153591635727,48.13344320238948],[11.615597285132598,48.13350949480441],[11.615982308465172,48.1336168865267],[11.61604424600129,48.13363391628826],[11.616119089556273,48.133649552495356],[11.61625643882645,48.13367826693723],[11.61637182646367,48.13369745503283],[11.616496656275963,48.13371818612073],[11.61666378057751,48.13374588434877],[11.617028676205747,48.13379562747924],[11.617423976355038,48.13383898983856],[11.617813490067261,48.1338663043303],[11.617863457085257,48.133867187306834],[11.61837133402512,48.13387583868398],[11.618611043049167,48.13388037862526],[11.619014207327707,48.13386425312778],[11.619018847172011,48.133928037593954],[11.618712596689832,48.13493418216591],[11.618672080384398,48.13503694522637],[11.61867002484526,48.13504251506057],[11.618651682767245,48.13508895529069],[11.61850440065961,48.135462697553706],[11.618033170542217,48.136659480393895],[11.618004804969702,48.13673158720051],[11.618203512516988,48.136752487874816],[11.618193097128588,48.13679687664123],[11.618805863685933,48.13686161852761],[11.61965374484165,48.13695092670591],[11.619854038195792,48.136972025905386],[11.61980495797936,48.137188324289355],[11.619740502918061,48.13718353094608],[11.619607168977124,48.137172284141116],[11.619474517935688,48.13715950454538],[11.619425431368951,48.137339585082344],[11.619380224650206,48.1375053359892],[11.619371154907032,48.13765906835587],[11.619362770970417,48.13780995341046],[11.619354409638198,48.13795851016536],[11.619347558100175,48.13808845163458],[11.617004748231942,48.138103428396384],[11.614647837269809,48.13819209198547],[11.613010576254712,48.13825360993859],[11.610862080847452,48.138485736317485],[11.609009357173697,48.13875955930146],[11.607493010898787,48.13900915469601],[11.60652787108644,48.13916759281303],[11.606514825653878,48.139107773358155],[11.606479470039806,48.138954885701665],[11.606478560917887,48.138882054191384],[11.606477099448485,48.13877504289212],[11.606453992337368,48.13877433543592],[11.606441287617796,48.13876619713282],[11.606440551882821,48.1387566615734],[11.606423694343546,48.13875207543049],[11.606416533401504,48.13874088068024],[11.606423201491205,48.13872955297408],[11.60643984674536,48.138724640268194],[11.606457654673155,48.13872980950595],[11.60646538719706,48.138741725518],[11.606476676350123,48.13874158360814],[11.606476303826845,48.13871936705197],[11.60630541254238,48.138644737586645],[11.605303373458224,48.13816708706476],[11.605019358354129,48.138198409287604],[11.604883774730853,48.13821297380925],[11.604756643609152,48.13767093753453],[11.604626066141316,48.13768754774346],[11.604611003244642,48.13768956474687],[11.60405176088411,48.13776382019284],[11.604044716863234,48.13775399303729],[11.60331569789571,48.13795744925023],[11.603175800284614,48.13799653544437],[11.602689143630974,48.13813495030347],[11.602692105549432,48.13816850053013],[11.602693141435727,48.13818135316264],[11.602693331431167,48.13818370092865],[11.602733640420384,48.138181493608265],[11.602731642082302,48.13819668248762],[11.60273320076775,48.13830837595238],[11.602733901127305,48.13832240862404],[11.602737001117216,48.138388827130534],[11.60273933717881,48.13843889292745],[11.602737837247423,48.138459842714454],[11.602736314341616,48.138465773598554],[11.602764567539527,48.13846029335418],[11.60277869035424,48.138494248415704],[11.602716485292332,48.13851193175506],[11.602578982245785,48.13868863829237],[11.602644943412365,48.138862902936495],[11.60268540687412,48.13898653063686],[11.602713177969298,48.13908250271771],[11.602733001095505,48.139191995294524],[11.602765398603221,48.13932544797098],[11.602792534392979,48.13942788237556],[11.602808134285407,48.13942631774079],[11.60283750541386,48.13953506844683],[11.602928318412419,48.13977948213339],[11.602991484507363,48.13992198586525],[11.603064191549327,48.14009262505453],[11.601567389134075,48.14040682078936],[11.601264354985895,48.140470467636796],[11.600223654891476,48.14068456502856],[11.600098238241587,48.14071026172904],[11.599954151770977,48.14073978213586],[11.598861786117983,48.140961577228744],[11.598822691430376,48.14087618744845],[11.598797737466066,48.140855060647034],[11.598771947243868,48.14083725951545],[11.598742246401617,48.14082124477448],[11.598735552323078,48.1408182550387],[11.598719219783636,48.14081064786505],[11.59871266017346,48.14080765868468],[11.598677689094428,48.14079504472684],[11.598642970418686,48.140784499980036],[11.598603263868249,48.14077573359382],[11.598500641128751,48.14077541619703],[11.598401968826613,48.14077511191697],[11.59837774134363,48.140779973625726],[11.598329244178409,48.14079437242834],[11.598296894331417,48.14080523145089],[11.59826964862128,48.140816827110186],[11.598242520849016,48.140830492327716],[11.59821646060115,48.14084533102043],[11.598192399516176,48.14086251434589],[11.598172229969885,48.14088070109194],[11.598154366459179,48.140896287446004],[11.598109034706017,48.140935970832885],[11.597501494984908,48.14105937353554],[11.597426359170141,48.14107466680524],[11.597314067397669,48.141097473129754],[11.597272476074982,48.14110434148494],[11.59724960978538,48.14110623883599],[11.59723050962678,48.1411078800607],[11.597211161073558,48.14110745016757],[11.597190068484293,48.14110701291758],[11.597150318602395,48.14110354051415],[11.597111798869083,48.14109764502244],[11.597072900057473,48.14108842074224],[11.597036177918135,48.14107578919113],[11.59700215867689,48.141061279825294],[11.596971513606242,48.14104471460657],[11.596943304726713,48.141026181329885],[11.596917279390446,48.141004323416745],[11.59689650337181,48.140981496506484],[11.596877615892211,48.14095759752652],[11.596646440929606,48.140538542694664],[11.596601695589376,48.14048325035327],[11.596576322966039,48.1404609448049],[11.596544676826714,48.140432950387336],[11.59652515143013,48.14041965997988],[11.596478743900821,48.140388195798614],[11.596403479575663,48.14035060214107],[11.59631998293783,48.140321703000694],[11.596230781834802,48.14030150780624],[11.596138292952116,48.140289395048555],[11.596044244254756,48.14028809253996],[11.595950931422154,48.140296152806435],[11.59586037061431,48.140313036295225],[11.595775224252403,48.14033998125006],[11.595697526030234,48.140375223111405],[11.595629700782746,48.14041851454057],[11.595572028194882,48.140468417657736],[11.59556048544162,48.14048312833612],[11.595528452317238,48.1405242062968],[11.595499764492294,48.14058400451116],[11.595485030953286,48.14064601042394],[11.595487089984388,48.140708976671114],[11.595504477287239,48.14077092439519],[11.595749260986672,48.1413058664949],[11.595748150557762,48.14132771886086],[11.595740821476946,48.141337136203],[11.595703771507843,48.14138449209029],[11.595695899186396,48.14139462714671],[11.595666927544267,48.14140504646121],[11.595659113175486,48.141390267531484],[11.595628289471366,48.141396992733625],[11.595626172207341,48.14139275844697],[11.595572467988598,48.14140416764817],[11.595574449989222,48.14140849227274],[11.595560722100588,48.141411231042234],[11.595542553035854,48.14141494297216],[11.595585628915805,48.14150971513622],[11.595574457342565,48.14151201372645],[11.595588466729566,48.141542463896876],[11.594791812808053,48.14170540931862]]]},"geometry_name":"shape","properties":{"sb_nummer":"05","sb_name":"Au-Haidhausen","flaeche_qm":4219982.79992}},{"type":"Feature","id":"vablock_stadtbezirk.18","geometry":{"type":"Polygon","coordinates":[[[11.600919209077249,48.124380970867264],[11.600913602698387,48.12436834587201],[11.6008856353322,48.124302533529324],[11.600864760490955,48.12425551214063],[11.600862767311854,48.124252716610435],[11.600759689574426,48.12427610160037],[11.600742878947738,48.124261111894185],[11.600384436747916,48.12411433295219],[11.599342375987176,48.123465634872815],[11.59908488171448,48.123295786315744],[11.599073261336851,48.12328738331614],[11.598514107005668,48.12293914761225],[11.598284842750829,48.122799149163306],[11.598321035702723,48.1227759064654],[11.598258097262624,48.122734215539445],[11.598241271933118,48.12272165256032],[11.59813814644318,48.12265196194542],[11.598050825400149,48.1225929758605],[11.598039598639442,48.12258565530942],[11.597978797000955,48.12254552653561],[11.597936967197986,48.12257038310045],[11.59772520861259,48.12239580148454],[11.597569713766287,48.122253591384435],[11.597432973713666,48.12215434974809],[11.597236152736139,48.121981144427444],[11.597166576196333,48.121909484035825],[11.59712693881224,48.121858258584695],[11.597084629760396,48.121807936645375],[11.596979083967915,48.121687527645086],[11.596924578690706,48.121617471685255],[11.596858846903533,48.121537024912385],[11.596790299554435,48.12143687946825],[11.596687248897068,48.12128331016479],[11.596680936985386,48.12126673999793],[11.596656360111009,48.121217276708705],[11.596568330808157,48.12104076651776],[11.596388323117708,48.12067990977015],[11.596327578984113,48.120468870017255],[11.596305194777464,48.12034054724566],[11.596300823105938,48.120315171848176],[11.596293539436141,48.12028412155797],[11.59620212295506,48.11960921219973],[11.596174864914758,48.119488953792235],[11.59612030583679,48.119249335025586],[11.596119551366671,48.11924276644663],[11.596064130998327,48.118991543504684],[11.596011927939738,48.11875867930327],[11.596011543918182,48.11873880061144],[11.596018346431563,48.11872758291372],[11.596016408921564,48.11871759214254],[11.596009838452483,48.118716219997054],[11.596007243070142,48.11870442830023],[11.596003353477894,48.11868615670619],[11.595980866156417,48.118596669731765],[11.5959632495306,48.11850613056902],[11.595956825648411,48.11847040075514],[11.595927448080426,48.1184165099197],[11.59586793895744,48.11818316832009],[11.595758409911054,48.117791189671735],[11.595688272402793,48.11755100765695],[11.595651242441242,48.11742398030903],[11.59561766256534,48.11730821245264],[11.595509861937124,48.116937729382954],[11.595427326468432,48.11662560583819],[11.595413077254559,48.116559986915334],[11.595351834727685,48.11627716999009],[11.595297034205721,48.11591688404132],[11.59526550352182,48.11546415044896],[11.595263553131241,48.1152105067018],[11.595258020291917,48.11516254821409],[11.595263088702502,48.11514961513012],[11.59526792251394,48.115149811830804],[11.595324414544066,48.11508696552644],[11.595373659095637,48.115023464155975],[11.595372816981701,48.115005580763956],[11.595366158428796,48.11486460119115],[11.595377163070514,48.114605348641376],[11.59537977297603,48.11451120925891],[11.595393374505841,48.11436782826226],[11.595415796165067,48.11414326322119],[11.595423554052362,48.11407854163513],[11.595429895503969,48.114025948071955],[11.595437094193674,48.11396706172821],[11.595460727863722,48.113836729647616],[11.595489778982172,48.11369391727143],[11.595542402690008,48.11347116207435],[11.59564050442946,48.1132199279056],[11.595706430836268,48.11297822269879],[11.595765453628001,48.11274332750234],[11.595797071189017,48.11263157571101],[11.595829243105957,48.112517682450985],[11.596015742633854,48.112030807672326],[11.596306423612635,48.11148734190508],[11.596408589227275,48.11129631704454],[11.596492414783045,48.11110600096038],[11.59649651807769,48.111096484579086],[11.596965350103966,48.11003489067748],[11.597011124080321,48.10993189106777],[11.596979615587388,48.10992575248257],[11.597195512918578,48.10943903586787],[11.597226483599467,48.10944517215884],[11.597385056532621,48.10908825748993],[11.59747417478882,48.108890280563855],[11.597605858542552,48.10858640241003],[11.597761870729263,48.108090571690994],[11.597863535854682,48.107706165145174],[11.597882029444545,48.10765928107296],[11.59799150184538,48.10741412917594],[11.598053065096995,48.107426488149784],[11.598170102095024,48.10745001745685],[11.598169289635823,48.10743337601742],[11.598142532334808,48.107386331479546],[11.598182127999628,48.10730945467749],[11.598227490771976,48.107221408624206],[11.59822953567013,48.10721754810308],[11.598258817659373,48.10714992601444],[11.598365060053514,48.106903598782694],[11.598676413911,48.106181210937436],[11.598758283742065,48.105991137898194],[11.598949092585144,48.10554870844287],[11.599052228244974,48.105309735590644],[11.599171285109332,48.10503331607778],[11.599363654866085,48.10458734308857],[11.599303840879598,48.104575351045355],[11.599410901424049,48.104344128960975],[11.599490502494511,48.104172272775585],[11.59950197301149,48.104147492640344],[11.599603195170051,48.103912258921056],[11.59968862524222,48.103713802964954],[11.599831245742312,48.10341210111239],[11.59983779694116,48.10339827311692],[11.599774380629015,48.10338365986819],[11.599839870217444,48.10324775861084],[11.599904009248363,48.10311465027899],[11.600157400049921,48.10288035662541],[11.600417589205097,48.102476230089486],[11.600967623351474,48.101655810302354],[11.60151710992592,48.10083549729009],[11.60193057914167,48.10021273937755],[11.60196314894942,48.100066876807944],[11.602412734043067,48.09939540136103],[11.602557920343765,48.09917806525027],[11.603105882155612,48.09835645416225],[11.603821582656419,48.09728240813545],[11.603850800579629,48.097238886243794],[11.603969754879103,48.09725935176415],[11.604061219346365,48.097082570240005],[11.60413682644261,48.09693622503937],[11.604212431474538,48.096790059791466],[11.604246623214685,48.09672398031475],[11.604347728081063,48.09661567808706],[11.60446931292402,48.096485588664],[11.604585175324925,48.09636177634866],[11.6045995191685,48.09634635502839],[11.604659195107994,48.09628243192782],[11.604729440861052,48.09620775035698],[11.604858077953377,48.09607039840324],[11.604988202998493,48.09593143249275],[11.60506360803589,48.09585047272425],[11.605065634007554,48.09584886020867],[11.605139288177073,48.095800813517435],[11.605301968803236,48.09569469926137],[11.605492798465077,48.095570419752356],[11.605690377604015,48.09544153454741],[11.605888614266044,48.09531228405166],[11.605941629642617,48.09527774691311],[11.606116869619342,48.09521133824036],[11.606337710558273,48.09512799123652],[11.606573773117285,48.09503867003748],[11.606688774912122,48.09499517173069],[11.606803642368002,48.09495170335107],[11.6070241924377,48.09486822574508],[11.60704059631962,48.094864953281565],[11.607350498236123,48.094802143202735],[11.607641324398868,48.09474322338396],[11.60798100961512,48.09467435987187],[11.608254919444654,48.09461882980303],[11.608323835937513,48.09461330538517],[11.608753947516359,48.09457823385963],[11.608839581211154,48.094571281097636],[11.608911349741225,48.09456545038743],[11.60945424763308,48.09456162760263],[11.60958940266888,48.094561628338916],[11.609609549219902,48.09456070712647],[11.609794615301235,48.09455243707542],[11.610712220201092,48.09451150901336],[11.611085656373902,48.094504603309964],[11.611726990156294,48.09449264145643],[11.611978625965335,48.09448795397146],[11.611976481767995,48.094452060073216],[11.612647597787639,48.09443778702522],[11.612965557597013,48.0944254463711],[11.613507557577803,48.09440429279895],[11.614274663743553,48.09440493719254],[11.614666054754608,48.09439277373755],[11.614673576134528,48.094392528703885],[11.614797812641559,48.09438636979182],[11.61483379315977,48.094261862547235],[11.614841207520998,48.09423621216883],[11.614863077186012,48.09416026741557],[11.615030463673952,48.09334816172841],[11.615057023381262,48.09323895053732],[11.615289626862381,48.09228022074827],[11.615304289401852,48.09220655275941],[11.615312094383079,48.09216714353279],[11.615481408056267,48.091557359061284],[11.615325287725495,48.09148749065674],[11.61536209958172,48.09132990272909],[11.615451534086413,48.09136131698529],[11.615528529043337,48.09138836430767],[11.61557991201879,48.091194927342265],[11.615610163027458,48.09108092412722],[11.615624943470173,48.09102512981484],[11.615658365337268,48.09089958815002],[11.615782136047068,48.09043329301716],[11.615788221733819,48.090410564797004],[11.61586097991227,48.09013672011467],[11.615962292317144,48.08975559983782],[11.615997139979335,48.08962483819038],[11.616011769056357,48.08956946387104],[11.616026951207564,48.089512470798105],[11.616041999043876,48.08945592798547],[11.616056638181265,48.0894004625493],[11.616071691279254,48.089344368614285],[11.616086340330689,48.089288993827545],[11.61611396247124,48.089185525857076],[11.616304670029898,48.08846751789381],[11.61631406148395,48.08843202977025],[11.616331917525052,48.08843164724479],[11.61634386692419,48.088431421785906],[11.616718418792997,48.08842475375994],[11.616749969091824,48.088423966440494],[11.616800873136397,48.08843790790377],[11.616755601933884,48.08862392773018],[11.617383879386002,48.08857775539257],[11.623717965170906,48.08811220823834],[11.623754224366083,48.088109717846876],[11.623738906690122,48.088017853946],[11.623803769144294,48.08801365093519],[11.623775515167548,48.08782660423522],[11.623711559303914,48.08732450184815],[11.623743670928253,48.08732217190618],[11.62381703184115,48.08731664185384],[11.623883808227406,48.08731172110788],[11.625031998182804,48.08722664343719],[11.626308765494791,48.087133348929584],[11.62634817535357,48.08710253804854],[11.626444659782901,48.08708666327163],[11.626460246927401,48.08708419672077],[11.626469787711397,48.08708269988062],[11.626481747491823,48.08708076079577],[11.62670136959321,48.087095335152874],[11.62685395585978,48.087099078339556],[11.627011098148206,48.087084649892],[11.62703741101969,48.08708383198488],[11.62705588670434,48.08707129522883],[11.62705668179391,48.08705366603634],[11.627039460445651,48.08704029747585],[11.627008153475687,48.0870067319691],[11.626901680226087,48.08695403025738],[11.62656881401285,48.086838954881046],[11.62658130101878,48.08680023675311],[11.626593122382662,48.08679874532642],[11.626805107305769,48.086772602480664],[11.626921967200232,48.086760009801694],[11.627621756625084,48.086701152376705],[11.627711071053003,48.08669362702846],[11.627749751387055,48.086690338525415],[11.627786418583305,48.08668731293017],[11.627832984342225,48.08668962700689],[11.627907401021,48.08668330983573],[11.628672378939442,48.08661948361204],[11.62932541921574,48.08656719182326],[11.629628551266443,48.086546391824996],[11.629625873564514,48.086256898177375],[11.629665207449259,48.08625647883922],[11.630365419285566,48.08622233153034],[11.630999562930675,48.08618232786891],[11.632112093558822,48.08606400235924],[11.632854180220354,48.08598684374181],[11.632954666308184,48.0859764055297],[11.633043157619872,48.085967212254126],[11.633054057563289,48.08582424039739],[11.633059888867889,48.08557125022317],[11.63306691242099,48.0854911341552],[11.633061687354044,48.08503552526496],[11.633056557462885,48.08488444296625],[11.633038083407241,48.08469316363713],[11.633032572858781,48.084601675264175],[11.633029927285254,48.08450399171395],[11.633038170899,48.08427406581823],[11.633071725150058,48.08427425922535],[11.633141695353322,48.08427138517628],[11.633641612668802,48.08425093712292],[11.634149911026658,48.0842254761688],[11.634719556628381,48.0841794656225],[11.634824332592984,48.08416838024218],[11.63516569034607,48.08413205487176],[11.635668425985376,48.08406514464665],[11.636253541355105,48.08398121074882],[11.636770351912926,48.08390317126797],[11.63742131457038,48.08380127181033],[11.638250242119025,48.08366745710249],[11.638232817542045,48.083623331365914],[11.637404699851787,48.08374059699257],[11.637375916670143,48.08363599232105],[11.637786443960003,48.08358342069945],[11.638193193667327,48.083527058922435],[11.639075192448127,48.08339303840307],[11.639780860337492,48.083279949659705],[11.63986447133656,48.083265460837985],[11.640736703817737,48.083114209246084],[11.641335682262367,48.083009762231896],[11.64159677913036,48.082964232147766],[11.642256197062384,48.0828470334553],[11.642816086181798,48.082738044178086],[11.64380442801103,48.08254688530945],[11.644382461193072,48.08242643716561],[11.645171580835118,48.082263887959705],[11.645405649763958,48.08221867123038],[11.645887532113914,48.08212557473652],[11.646308142236224,48.082048009857075],[11.646749862202274,48.08196990017642],[11.64678909431765,48.0819630121743],[11.646819700873593,48.08202156266889],[11.647761322892471,48.081806979746254],[11.647963550352666,48.08176090381194],[11.648257800424071,48.08169306877422],[11.649389472351295,48.081432099686054],[11.649461637699103,48.08141558960128],[11.649481941928979,48.081410976603166],[11.649783922401058,48.08134107056612],[11.649889692124349,48.081317016399176],[11.649957299792645,48.08130147679273],[11.65014456736667,48.0812816126196],[11.650224260900996,48.08126916640809],[11.650814893739044,48.08115398090943],[11.651276519138749,48.08106005156939],[11.651520414542981,48.08101044100623],[11.652310585631394,48.0808576665808],[11.65261411919802,48.08080406850686],[11.653094006448722,48.08071114155459],[11.65364852419935,48.080600214889756],[11.65390810188967,48.08055183037612],[11.65417894915808,48.0804992958118],[11.654321708021037,48.080469031394685],[11.654481970943502,48.080435077859335],[11.65470703850248,48.08039423425696],[11.655161357663664,48.08030338609851],[11.655486488036946,48.080243920848254],[11.656013514563979,48.080150860586826],[11.656673487118228,48.080034247877215],[11.657106872066052,48.079960540776575],[11.657469837870543,48.079898806866154],[11.65825998387763,48.079752433589036],[11.65837246708894,48.079730462069556],[11.658426461464565,48.079719879220114],[11.658475928004613,48.07971018310685],[11.659043748270898,48.07959855514209],[11.659134303840863,48.079581569892746],[11.659237245024043,48.0795618997494],[11.659963202560345,48.07943746373752],[11.660073904886861,48.079418453477274],[11.660203531118924,48.07939619369964],[11.660236649901558,48.07946499251296],[11.660299306754261,48.07944594154352],[11.660668514293258,48.07932898271994],[11.660738110816585,48.07931551059583],[11.660796689605512,48.079304168036174],[11.66103521601744,48.079257872080156],[11.6614341957464,48.0791805970869],[11.661455950345756,48.07917688324512],[11.661564196764914,48.07915596957739],[11.66173279350114,48.07912336666829],[11.661904701360424,48.07909016666289],[11.661959947895385,48.07907954591719],[11.662153325197522,48.07905027669089],[11.662216890050258,48.07904030519189],[11.662402242977059,48.07901268017619],[11.662445359796154,48.07900605844894],[11.662565370691324,48.07897780934884],[11.66264990195539,48.07895791604396],[11.662714812206879,48.07894264288463],[11.662914854695895,48.078895496957415],[11.663147701416014,48.07885229317656],[11.663367146936995,48.078811584493685],[11.663474863267242,48.07899326360106],[11.664375332786756,48.07870879920322],[11.664331106717118,48.07861512398564],[11.664422623336634,48.07860038066471],[11.664754423498335,48.07854696815083],[11.6647946055527,48.07854052521915],[11.664879395866022,48.07852684373785],[11.665013242042521,48.07850528319735],[11.665648838791741,48.07840222350771],[11.665577660393998,48.078226103968575],[11.665569857671057,48.07820854444309],[11.665973676964787,48.07816789398077],[11.666452405624266,48.07811972943315],[11.666847952880198,48.07807439190241],[11.667153262410686,48.07803945248995],[11.667423724752267,48.07800848639787],[11.66745876987476,48.07800445367604],[11.667783181285026,48.07796719453527],[11.667822925619582,48.077962714196076],[11.668249611076149,48.077976587435295],[11.66857227790124,48.07798707634347],[11.668895435774633,48.077997736492414],[11.669218357513659,48.07800868286111],[11.669540685985853,48.078018800790886],[11.669836763149151,48.078028566288836],[11.66986251912504,48.07802954120341],[11.670198492715915,48.0780427682976],[11.670453681052908,48.07805277038012],[11.670534464552743,48.0780528208174],[11.670870577326111,48.0780528370877],[11.671205931936088,48.07805309586247],[11.671574737206729,48.07805307298992],[11.671661543161562,48.07805307609435],[11.671736066398594,48.07805306708476],[11.671736723095133,48.07805306890147],[11.671864446776626,48.07806491959685],[11.673451025495654,48.078212280430556],[11.673516921829501,48.07835574708077],[11.673532689056557,48.07839015135619],[11.673621791016481,48.07858397993328],[11.673711637574588,48.078779621316194],[11.674197518707446,48.078730178119734],[11.674263582945658,48.078723452126866],[11.674270430203984,48.078723021814405],[11.674376237166753,48.078711991369666],[11.674972400110793,48.07865078474652],[11.674977637243229,48.0786501705473],[11.675157989710673,48.07863170696094],[11.675284759015733,48.078618674726194],[11.675339557227009,48.078613165291465],[11.67551457250203,48.07859522950872],[11.675688209070573,48.07857737957351],[11.675855510121787,48.078560223199275],[11.676014744729066,48.078543809750826],[11.67631855607259,48.07851268974057],[11.676597419277147,48.078483987878336],[11.676812268381031,48.0784618966599],[11.677028445599152,48.07843965619967],[11.677187716981814,48.078423318545184],[11.677262935375387,48.07841563594671],[11.677371746056338,48.078404525500005],[11.677429375237075,48.07839867101421],[11.67751292253247,48.07839010658933],[11.67759617025883,48.07838154009078],[11.677697946626761,48.07837113774966],[11.677763872463713,48.07836440126593],[11.677883693220501,48.0783521733569],[11.677900753690889,48.078350430269055],[11.67793326371361,48.07834710672855],[11.678008623327568,48.078339510327574],[11.67801305796199,48.07833898399086],[11.678024744846013,48.078337760325695],[11.678208838920149,48.0783188600403],[11.678352374895397,48.07830370570374],[11.678563448884264,48.07828253517717],[11.678617026950752,48.07827684027991],[11.678656770389352,48.07845174254744],[11.678807833399587,48.07843768618504],[11.678949107920008,48.078424513955284],[11.679022702458807,48.07841762842705],[11.679221719829277,48.07839903790012],[11.679387835297764,48.0783834660998],[11.67936471193388,48.078283412173164],[11.679345097887078,48.07819892677096],[11.679412121046058,48.078191739021975],[11.679643606366874,48.078166997562796],[11.679790133614562,48.07815133520846],[11.67989607235963,48.078139939359296],[11.680351112002015,48.07809129060862],[11.680486857881961,48.07807673834701],[11.680616158783582,48.07806288886646],[11.680635228566615,48.07806033362394],[11.680987483565366,48.07801175940378],[11.681699340191308,48.0779133410613],[11.68212533091603,48.07785489976272],[11.682232248211657,48.07784018918218],[11.682562742141993,48.077794782766944],[11.6827479303424,48.07776939076974],[11.682968989954619,48.07775174722564],[11.682972347517586,48.07775147711454],[11.683558330684859,48.077704594252175],[11.684066281252445,48.077664009898996],[11.684241420794027,48.0776433683263],[11.684354747102033,48.07763009860726],[11.685300433007754,48.07751867961545],[11.68565624126829,48.07748952393632],[11.685397203659154,48.077628129036164],[11.685229261553923,48.07776970072251],[11.685062685965944,48.07790929660852],[11.685034785914754,48.077928110811925],[11.684824537711656,48.0780715475643],[11.684703901092268,48.0781904879754],[11.68461133251738,48.078311975362915],[11.684592730636087,48.07834716639162],[11.684537743819801,48.07845013245638],[11.684478393309659,48.07856262513563],[11.684336850671784,48.078799054586554],[11.684327645717874,48.07881135244245],[11.684235184836565,48.07893375929622],[11.6841088883225,48.07910092088348],[11.684072928918232,48.07914874779485],[11.683785754737478,48.07972704012198],[11.683749545591963,48.079822195639395],[11.683649832839425,48.0800840154806],[11.683635917359348,48.08012049511938],[11.683623207788724,48.080157157128745],[11.683586032127945,48.08026419738655],[11.68358613696047,48.080570134359725],[11.683560757951692,48.08065827011425],[11.683499190780925,48.08087348969121],[11.68347724998793,48.080950960592794],[11.683444595683214,48.081066170689816],[11.68346523627538,48.08132779071867],[11.683497919925363,48.08142555713055],[11.683517255677085,48.08148928878314],[11.6832397665725,48.08159943969016],[11.683100958622198,48.081654272971726],[11.682966648059534,48.081766016628045],[11.682903722472716,48.08178679142095],[11.682873739561407,48.08179659984224],[11.682736059613257,48.081926886067365],[11.682703474740501,48.08195768753637],[11.682575124898813,48.082079033716056],[11.682410430080656,48.082236772212156],[11.682308899636253,48.08233408479157],[11.68217775275128,48.08242439028635],[11.681998213722311,48.08254817141584],[11.68189011196515,48.08262267662424],[11.681805544758562,48.08266821155851],[11.681601836255366,48.08277817755223],[11.681375490262871,48.08292850371535],[11.681318338102397,48.082966470465244],[11.681280464902366,48.083068151622285],[11.681278047130474,48.0830746471236],[11.68124799467515,48.08315533482846],[11.681231068415737,48.08317768453741],[11.681119489503098,48.08337687237901],[11.681056686122348,48.08348975780692],[11.681009343651331,48.0835750728445],[11.680979413001005,48.08371224233942],[11.680960375166,48.083800153818],[11.680960152435484,48.08402539241155],[11.68096027274249,48.084027550947724],[11.680966093049877,48.084105076810815],[11.68103262077248,48.08427156226384],[11.681111779710095,48.08449375876311],[11.681123384758829,48.084526079837595],[11.681127109989054,48.08455244368868],[11.68113908182575,48.08463261532024],[11.681159821077081,48.084710452387384],[11.681162052430503,48.08471891069523],[11.681209459383245,48.084896078733856],[11.68121917681689,48.08493189284609],[11.681268318362648,48.0850342937931],[11.681330440647566,48.08516398160096],[11.681416091525662,48.08534014404909],[11.681512082275129,48.08553683080009],[11.681518575727422,48.08554997836265],[11.681521577008374,48.08556329655595],[11.681596604178313,48.085890493583626],[11.681632142396142,48.08607538542909],[11.681667639565239,48.08634054490303],[11.681724484572877,48.086583727332844],[11.681784159375386,48.08677553015776],[11.681794302920556,48.08680810934371],[11.681849913920098,48.0868464643072],[11.681909195545881,48.08693996027279],[11.681930663187506,48.08702599814107],[11.681952371368022,48.08705295154192],[11.68200950001311,48.0871247016347],[11.682049996634907,48.08729039434365],[11.682110354581093,48.087456052343136],[11.682193908517219,48.08761583892647],[11.682251744726251,48.08784139223092],[11.682283882452381,48.087969736415204],[11.682350065579815,48.0881815192539],[11.682356779513809,48.08820240268354],[11.682407559403718,48.08842970619283],[11.682430554990475,48.08859398095005],[11.682459467651658,48.088800028832715],[11.682482512910363,48.08896540557947],[11.682506147719863,48.08914326870828],[11.682509354469502,48.08916692538829],[11.682517025665131,48.08942276734503],[11.682492066263602,48.08973677763635],[11.682489731269646,48.08976636304718],[11.682494891772357,48.09004237348788],[11.682496451464393,48.09012364568174],[11.682500689798617,48.09034841187986],[11.6825023902299,48.090440697155586],[11.682546826559284,48.09087368240906],[11.682563237035167,48.09103358667987],[11.682565638086624,48.09105688155509],[11.68260202905568,48.09128499884077],[11.682607555533663,48.09130416525816],[11.682650457331999,48.09145250355245],[11.682662564036859,48.09149435881473],[11.682774243786804,48.091802445969705],[11.683044264181927,48.092089395197284],[11.683114385621762,48.09212541563634],[11.683229017876128,48.09218431742355],[11.6833467403577,48.092249038840485],[11.683412007708139,48.092254764354955],[11.683487738791166,48.09226140876284],[11.683688304341734,48.09232304120862],[11.683950016573707,48.092378650627154],[11.684157563085348,48.09242274106452],[11.684498771790366,48.09247933081341],[11.684651054851269,48.09247218407054],[11.68504947816154,48.09245327402875],[11.685697128245446,48.0925067913332],[11.685956429517876,48.092486002021005],[11.685966237937574,48.09248449936834],[11.686239422145873,48.09244161198615],[11.68683578459022,48.09233544017671],[11.687342835645769,48.09222324539565],[11.687778918443424,48.09215048170731],[11.68784930075959,48.0921386169623],[11.687853889612583,48.09220193536908],[11.688050929700516,48.09219554059756],[11.688235272000327,48.09218999702791],[11.688736430171739,48.09221126249462],[11.68852426770803,48.092373348530316],[11.688267138428394,48.092569906710516],[11.688001764583047,48.09276948089349],[11.68787798081736,48.09287956193672],[11.68766873986053,48.09302457515651],[11.687369967250502,48.09329563570779],[11.687108262498858,48.09354327883185],[11.686916060811429,48.09375503123405],[11.686707184284263,48.093965045387066],[11.686623922539741,48.09403550402152],[11.686315020815506,48.094297058274186],[11.686276421987591,48.094354338797224],[11.686196262043943,48.094473299880306],[11.686008357552467,48.09466380465351],[11.685980260055276,48.09469249723434],[11.685972829229502,48.094700479591246],[11.685800804013605,48.0948741109822],[11.685636226267402,48.095024866633835],[11.685440414626683,48.09517122085182],[11.685050493366887,48.095424810636636],[11.684934943132019,48.095509034221884],[11.68473582877548,48.09571718866016],[11.684470727994016,48.096028028396255],[11.684118774759526,48.09636139705721],[11.684089048871048,48.09639504467867],[11.683987723664183,48.09651003310013],[11.683753293036776,48.09677600241799],[11.683686019000023,48.09677673511234],[11.683656074373935,48.096777021003156],[11.68310300339206,48.09678294159826],[11.682963923776056,48.096806295538855],[11.682935012571436,48.09666575135577],[11.68269131958332,48.09667584378406],[11.682210182335831,48.09673497604083],[11.681806012501136,48.09678445079751],[11.681191522559057,48.09688068954812],[11.680936800235706,48.09693764226481],[11.68087295349329,48.09695194789574],[11.680967356145475,48.097099263442324],[11.680730560048971,48.09713980577615],[11.680524042128217,48.0971751148181],[11.680360754559524,48.09722195959141],[11.680087316560645,48.09730041987239],[11.679899422332666,48.09735438887543],[11.67981401482665,48.09737851999266],[11.679540624893827,48.09745581798581],[11.679441396246423,48.09748387415741],[11.679263603849476,48.09752718392011],[11.679088249701058,48.09756978056107],[11.679004355519275,48.09759014335889],[11.678943054533427,48.09760445420384],[11.678695403670693,48.09766168774628],[11.678498719581869,48.09770718981813],[11.678450297884314,48.09772396330437],[11.678216471681477,48.09780488834952],[11.678213914846822,48.09780578120346],[11.677972139747784,48.0978673454882],[11.677965281544196,48.09786903509674],[11.677730173028516,48.09793412541991],[11.677488199227312,48.098000987785326],[11.677248992314839,48.09806721105221],[11.677196368790963,48.09808774598573],[11.677156953730554,48.09810316439007],[11.677119094960508,48.0981179778205],[11.677075376332972,48.09813508288647],[11.67703796503971,48.098149822871555],[11.677014686101423,48.09815884534198],[11.676915583254324,48.09818619453001],[11.676720418163553,48.09824006053561],[11.67659682884532,48.09827424376975],[11.676525851987916,48.09829139638313],[11.6763298422555,48.09833884327656],[11.676133704914326,48.098386271211545],[11.67593669618533,48.09843167025066],[11.675739573102597,48.09847707251383],[11.675542913103325,48.09852229358326],[11.675460883070283,48.0985413092177],[11.675347091786898,48.098571566407564],[11.675152740226585,48.09862356706849],[11.674958392522043,48.098675468329226],[11.674839914174223,48.09870704983289],[11.674763131753695,48.09872544334046],[11.67456670028567,48.09877217717956],[11.674465073628843,48.09879634280757],[11.67437146241321,48.09882188284394],[11.674177634438644,48.09887466507895],[11.673983671655385,48.09892744562421],[11.673788796902825,48.09897842406178],[11.67359391913482,48.09902922227468],[11.673399091907692,48.099080018078],[11.673378656577693,48.09908535547638],[11.673208869667103,48.099140663628106],[11.673018614965434,48.09920273761122],[11.672828243374942,48.09926476810665],[11.672753029490787,48.09928937201949],[11.672634710033075,48.099318553142766],[11.672394206602636,48.09937770320444],[11.672267964119898,48.09940872667235],[11.672245241138212,48.099414327656675],[11.67200962808388,48.099471592285745],[11.671755671057905,48.09953343043051],[11.671460638656304,48.09960515685328],[11.671222984132804,48.099662928049774],[11.671117274104555,48.09968861367205],[11.6709889646622,48.099726644715474],[11.670776011347401,48.09978978278202],[11.670593947254124,48.09984380240152],[11.670411616992771,48.09989774783651],[11.670332764364295,48.09992107515636],[11.67022545145077,48.09994441453272],[11.670036244132623,48.099985504454885],[11.669846500370104,48.10002659123842],[11.669770521222558,48.10004300742598],[11.669652205119966,48.10006757386145],[11.669429147518912,48.10011386775739],[11.66919257708788,48.100162911080815],[11.66902180149224,48.10019843030369],[11.668954185132863,48.1002091366597],[11.668719476580312,48.1002462411732],[11.668608170050991,48.10026372140956],[11.668337565947445,48.10030645345709],[11.668324524362593,48.100309113984714],[11.668131665975721,48.100347458389926],[11.667939074049869,48.100385765685466],[11.667757762071622,48.10042174375653],[11.667682584332542,48.10043843237445],[11.667399402004019,48.10050147600974],[11.667208629604062,48.100544047187874],[11.667017673876728,48.100586560217955],[11.666826612935612,48.10062907087274],[11.666635707632723,48.1006715838922],[11.66655866217174,48.10068871825372],[11.666376009077002,48.100715251199006],[11.666258846994095,48.10073237740891],[11.665611283359576,48.10082667814234],[11.665542330336784,48.10083673775053],[11.665476092385928,48.10084635997816],[11.665105722054214,48.100928745588874],[11.66507466674283,48.100935395134584],[11.665054324116765,48.10103459678233],[11.665066912901436,48.10115632839114],[11.66503980520278,48.101251766571366],[11.66497566497728,48.101530663815566],[11.66492875245442,48.10168501933225],[11.664850504606417,48.10178649956466],[11.664812166076375,48.10179272777184],[11.664774312448683,48.10179887722869],[11.664801491665516,48.10185111470895],[11.66482267074321,48.10187635233375],[11.664864967779081,48.10195686365192],[11.664878999566698,48.102028397533374],[11.66488822439804,48.10207545753145],[11.664926587028175,48.10218547392027],[11.664997216986364,48.10229469649607],[11.665121450207474,48.102459613028415],[11.665199735334975,48.10253849898695],[11.66522320769503,48.102562119449765],[11.665279395095627,48.1026127126834],[11.665340278826921,48.102667455677064],[11.665408126720815,48.102726533335805],[11.665459427628855,48.102771187795284],[11.66557646141885,48.102881054278285],[11.665614465394547,48.102921729729786],[11.665685933053147,48.10299809937751],[11.665806976756185,48.103139722116495],[11.665915722556655,48.10327405474256],[11.666068045605167,48.103462759616086],[11.666839743383106,48.10441916239751],[11.666867444502136,48.104453591782956],[11.666889760449493,48.10448120780941],[11.666022129086171,48.104907811466006],[11.666045414293219,48.10493575607692],[11.666053676042516,48.104945222803025],[11.666074589801982,48.10497046185499],[11.66614706046024,48.105057886346266],[11.665129107842034,48.10543776013197],[11.663317492456583,48.10662147130548],[11.663072252749544,48.10685896754349],[11.663063618465168,48.106865419621265],[11.662862130354656,48.10701577225422],[11.662787974711762,48.107070122286366],[11.662713601493698,48.107123411043716],[11.661137997672412,48.10847244094837],[11.659727992225987,48.10899413549595],[11.659599896802867,48.10899413725356],[11.65940479912693,48.108994021330915],[11.659209831456996,48.10899382108355],[11.659014868317962,48.10899368248651],[11.658778683704787,48.10899354411927],[11.658778620284684,48.109082766727724],[11.658542434872293,48.10908262069226],[11.658542369657587,48.10917181634501],[11.658306319487322,48.10917161720147],[11.658306256600234,48.1092608136971],[11.658070139650048,48.109260656102656],[11.658070113845215,48.10934987603167],[11.657834065596887,48.109349677667645],[11.65783398378568,48.109442402733],[11.657549749814278,48.10944228687811],[11.655080296078708,48.11072665391266],[11.655080287305664,48.11080616360743],[11.654885576515282,48.11080641254021],[11.65469005078632,48.11080656930437],[11.654690187408326,48.11086503278986],[11.654413225043665,48.11086522513265],[11.654230467188883,48.11086532714946],[11.654047742088242,48.110865517198846],[11.653865024467757,48.11086561770357],[11.653682077678791,48.110865807794326],[11.653499194270951,48.110865871955724],[11.653316481008973,48.110866004778735],[11.653053287584966,48.11086613936351],[11.65285870950278,48.110866229721694],[11.652059187174633,48.1108668005172],[11.652059509013574,48.11109151308341],[11.651644448907707,48.11109181939936],[11.651622288529913,48.11109246603592],[11.651600118375109,48.111094462601336],[11.651578476680847,48.11109772018498],[11.65155723040161,48.11110223825963],[11.651536782047295,48.11110792744986],[11.651516996535607,48.111114878155576],[11.6514982785066,48.11112291187184],[11.651480627359039,48.11113193863216],[11.651464312419217,48.11114204849843],[11.651458782226237,48.111145808690424],[11.651349064028581,48.11114582232406],[11.651026868752204,48.111146034874956],[11.649949623460847,48.111129330380834],[11.649585969953018,48.11112484023367],[11.64913300693417,48.11164657054781],[11.64876136548908,48.11187658105632],[11.648238856763019,48.112203805604715],[11.647304891172952,48.11281621946982],[11.646094635253643,48.11355295886862],[11.644350606254244,48.114682613728775],[11.643691911429066,48.115083163630686],[11.642879238520319,48.11557730555903],[11.642505715280228,48.11579544872154],[11.641413507146531,48.116361339177175],[11.640044193695243,48.116906854456026],[11.638064168696937,48.117466348892115],[11.63624193911897,48.11778689926802],[11.63440449221301,48.11804717872637],[11.632275333875539,48.11842214258108],[11.632200744359018,48.11843600576307],[11.630553282508133,48.11880836268412],[11.62974885602456,48.118990213401496],[11.629567987753015,48.119031112543325],[11.627384923147837,48.119524548248066],[11.625835095495718,48.11982746111003],[11.624196295509442,48.120051632315096],[11.622043006965745,48.120230421254966],[11.620160908202301,48.1203538908543],[11.616812659738311,48.120574178029045],[11.61322790797716,48.12081497978267],[11.612952318389429,48.12083423239359],[11.61196452432885,48.12091301372174],[11.610359647140017,48.121008540820654],[11.608528553227599,48.120985361176864],[11.606084969685188,48.12083916545397],[11.603626468882052,48.12284669835207],[11.601971778381653,48.12391710261293],[11.601079719504128,48.12437280897346],[11.601029046831975,48.12433055563597],[11.600919209077249,48.124380970867264]]]},"geometry_name":"shape","properties":{"sb_nummer":"16","sb_name":"Ramersdorf-Perlach","flaeche_qm":19897135.96974}},{"type":"Feature","id":"vablock_stadtbezirk.19","geometry":{"type":"Polygon","coordinates":[[[11.495827229078817,48.145427198725685],[11.495284847731027,48.14556629869347],[11.494172394360616,48.14585156703052],[11.493316166206158,48.14601173172429],[11.492490271207258,48.146109338077416],[11.490976653355888,48.146622156388034],[11.491012913666097,48.146664614781024],[11.490349343514835,48.146900338144405],[11.489972023118321,48.147045728283175],[11.489613259036838,48.14720050648337],[11.489226249127722,48.14737900669598],[11.488966123290789,48.14654118031121],[11.488803870112532,48.14602232033428],[11.48861805090169,48.14541636459091],[11.488472589980853,48.14470487984078],[11.4885744875431,48.144695746640885],[11.48866587221751,48.14468757624421],[11.489302122240703,48.14463074306536],[11.489426684241495,48.14461843747466],[11.489448613890158,48.14443318978038],[11.48946937165479,48.14425815217841],[11.48952307293138,48.14425011754157],[11.48958950128354,48.14424073179235],[11.489622028476912,48.14423613702324],[11.488811847897951,48.14204584516957],[11.488305754085966,48.14097150162667],[11.488247667726561,48.140849309806654],[11.488047304344969,48.14046924939657],[11.48779412216175,48.14011716430428],[11.487417093483813,48.139704581042494],[11.486649659899957,48.13904830730942],[11.48629668652969,48.13863734561091],[11.485716782778562,48.13777913738556],[11.485229729430523,48.13694375149373],[11.485159368929537,48.13683793077814],[11.485024817350466,48.13663444100202],[11.484632357566486,48.135973301682895],[11.483568463720152,48.13388855389415],[11.483184618313581,48.13304723931734],[11.482871163324173,48.132156623053305],[11.482769259932322,48.13165069846232],[11.4827656287513,48.13114699200808],[11.482876645554894,48.13051733819216],[11.482978201633324,48.13011651087987],[11.483625619850793,48.13016777638539],[11.484058353008757,48.130168441443224],[11.488253595723984,48.13007520584459],[11.489594461399676,48.129935576373185],[11.489644211411179,48.12993019074478],[11.490304843087811,48.129889755777924],[11.491037090103498,48.12981646107009],[11.491707281512573,48.12967082494931],[11.492160590117631,48.129525240735106],[11.49256049910347,48.12939941850602],[11.493330011149268,48.12907424446862],[11.494078402522206,48.12869158810792],[11.494153443281197,48.12865003133599],[11.494819555808439,48.12827850372297],[11.495607362962298,48.12780877124506],[11.496555972848643,48.12711844202843],[11.497245891476995,48.12650304131679],[11.497652084199009,48.125991592135016],[11.49797706977905,48.12539508401624],[11.499069288918701,48.125588632675274],[11.500267775134375,48.12573516962653],[11.501252270161652,48.125802206714454],[11.502249513814983,48.12582286580352],[11.502690533027188,48.125817472665084],[11.502808724102076,48.12581425394955],[11.503216802947744,48.125803177246404],[11.503981853685232,48.125762608174405],[11.505093511996273,48.12566646831462],[11.506899691636335,48.12545837318696],[11.508443698007618,48.12524733309297],[11.508634048058493,48.1252213477209],[11.508771139434616,48.125571084539764],[11.508866204951408,48.12581954437762],[11.508999081682664,48.12595107709933],[11.509207067166576,48.12615702918755],[11.509440461643457,48.126333159125224],[11.509771068827042,48.126528314951805],[11.51005216017791,48.12664989527923],[11.511245223238898,48.12712188932866],[11.51187160882009,48.12737500333807],[11.512524978303158,48.127621875682465],[11.51304530149466,48.127830217246085],[11.514206487551007,48.128330785159584],[11.514857512965762,48.128637781024906],[11.515503653262357,48.12895703099858],[11.516290274181868,48.12940076069801],[11.51692858875198,48.12980667386277],[11.51737858830768,48.13013707123778],[11.517658712051286,48.130387059087475],[11.517875654284698,48.130580782505774],[11.518880542072727,48.13147264345267],[11.51982323664896,48.132296381704144],[11.520341036573075,48.132687152493816],[11.52134357279729,48.13339659541591],[11.52241575490579,48.134143600650674],[11.522746863967186,48.13437572932379],[11.52324080667812,48.134714164491264],[11.523638357581415,48.134978378860815],[11.524613188305597,48.13562110034055],[11.52533668502959,48.13604597166477],[11.526098946869753,48.13644741733363],[11.526025146149209,48.13651399726023],[11.525964089510714,48.136547370788705],[11.526036479379906,48.13658399388901],[11.526274796661225,48.1367331146201],[11.526346386190863,48.136777932438996],[11.5263553432121,48.13678264649772],[11.526410021505564,48.136811653472606],[11.526495486075381,48.13685697762706],[11.526510508316157,48.13686045691819],[11.526522177914568,48.13686311375963],[11.526404232566119,48.1371249804185],[11.526339259554328,48.137283904581714],[11.526304572218496,48.1373914188293],[11.526228836932965,48.13769231575661],[11.526197141129922,48.13791081108957],[11.526179120332046,48.13810662602817],[11.526195333232538,48.138520524633364],[11.526229236700976,48.13872269913856],[11.526273669497572,48.13893520380602],[11.526381274586274,48.139267437283976],[11.526369300537157,48.13926918710475],[11.526362974144224,48.1392704194979],[11.526457249700107,48.13947803338289],[11.526575983743356,48.13968619794091],[11.526699121727317,48.139890150751526],[11.526917449164422,48.140190913570464],[11.527001483877173,48.14032922358713],[11.527061445235187,48.140323976831105],[11.527224076455246,48.14048365064792],[11.527650799394888,48.140451176972284],[11.527862663614727,48.1406218281846],[11.527884707379974,48.14062038297704],[11.52797849422752,48.14069098338719],[11.528211968743909,48.1408118947506],[11.528641156794052,48.14098060336278],[11.529030522175228,48.14108651702253],[11.529231681263123,48.141113407752975],[11.529253550188875,48.14111627883494],[11.5293136811285,48.14113629242375],[11.529728705988063,48.14127465205616],[11.529789375533385,48.14129486678537],[11.530254502174092,48.14138301942354],[11.530579953375678,48.14144469470774],[11.530886654611104,48.141431823248325],[11.530876016096894,48.14160950109882],[11.530910772757837,48.141614588422755],[11.530948338819774,48.14162103460432],[11.53098631757957,48.141626222768956],[11.531023354541244,48.14163158733751],[11.531059852634643,48.14163703845096],[11.531097837283028,48.141641416636396],[11.531134608340993,48.14164623995503],[11.531171657948358,48.14165043986655],[11.53120870941731,48.14165445886695],[11.53124388034033,48.14165829164943],[11.531279722669654,48.14166221760028],[11.531314631355539,48.14166541998724],[11.531350611964143,48.141668986551096],[11.531386994689576,48.14167255593908],[11.531421902742892,48.141675936466186],[11.531457883788757,48.14167932032909],[11.531493462770829,48.1416827022443],[11.53152877191113,48.141686173776286],[11.531564351851227,48.141689465669245],[11.531599929896611,48.14169293755134],[11.531638730562326,48.14169660293375],[11.531676725753677,48.1417002644612],[11.531714847524556,48.14170365684778],[11.531753781423532,48.14170642306207],[11.531790568078385,48.141708910867266],[11.53182802459099,48.1417117609085],[11.531864812201299,48.14171415868969],[11.531901331267768,48.14171664515935],[11.531939060526907,48.141719136433935],[11.531973574644754,48.14172098503329],[11.532011320155593,48.14172257703383],[11.53204543963823,48.14172397361729],[11.532080773704804,48.14172483593355],[11.532117448638155,48.14172606368887],[11.5321515700659,48.141727281139346],[11.532187437230771,48.14172859506355],[11.53222290102994,48.14172990797121],[11.532258224988297,48.14173122035162],[11.532296771287779,48.14173236540363],[11.532334243212054,48.141733506235234],[11.532370775784743,48.141734463511426],[11.532408915832274,48.14173587662236],[11.53244732237349,48.141737650960245],[11.532483054411422,48.14173788532164],[11.53251717786891,48.14173802376819],[11.532552247946837,48.14173816562758],[11.53258732410596,48.14173785744638],[11.532624009635292,48.141737825097564],[11.532661101067044,48.14173743556771],[11.53269322942927,48.14173612609718],[11.53272710447378,48.141734823093174],[11.532791919760406,48.14172986852684],[11.53283535431787,48.14172653532064],[11.53296608213491,48.141714201187604],[11.533052181231557,48.141703664506316],[11.533138425968225,48.141691690280005],[11.533235851878695,48.14167679251594],[11.533258331740335,48.14167256620026],[11.533309618263678,48.141662968951394],[11.533393097221216,48.14164451854311],[11.533470127277901,48.141625962869895],[11.533516200670318,48.14161348150364],[11.533631138305214,48.14157971722252],[11.533634590994852,48.141584228203826],[11.533707859579453,48.14156122848582],[11.533704405939334,48.141556807506845],[11.53379818814075,48.141523727458186],[11.533857635853037,48.141500582623394],[11.534056242470475,48.141425768233354],[11.534057033529821,48.14142739020264],[11.534067822945001,48.1414231193044],[11.53417411561438,48.1413827805588],[11.53421190435854,48.14161991844837],[11.534251515681989,48.141874754607414],[11.534297188776108,48.14217423335088],[11.534323955516344,48.142343671073306],[11.534358610703315,48.142567626790196],[11.534394423687251,48.142802116003146],[11.533949945905556,48.14282457597412],[11.533491772684005,48.14283850123773],[11.532417414085963,48.14284091706524],[11.532256642631992,48.14283585947012],[11.532086797545231,48.14282375024873],[11.53190504799027,48.142805008077396],[11.531626912071477,48.1427869008694],[11.531340056269045,48.14277226039543],[11.531134451945409,48.14276562752262],[11.530840993247642,48.142762369699746],[11.530636720894067,48.14276351767906],[11.5301698101325,48.142774573682736],[11.52990542980187,48.14278430118576],[11.529461417088953,48.14280578063881],[11.52905267196164,48.14283603495412],[11.528582423984835,48.142877276691145],[11.527299558276518,48.14297830397409],[11.525955304128725,48.14308569041229],[11.524744768227006,48.14318176205722],[11.522991575901964,48.14333611225336],[11.52268656831761,48.143330982620256],[11.521212925244194,48.1434482264488],[11.520026708317346,48.143548529231545],[11.519646282751477,48.14358568782317],[11.519571963210018,48.14337983170375],[11.519432448548072,48.143388698217855],[11.518899299150814,48.143417848682766],[11.518406006307396,48.14343796262653],[11.517854115006534,48.14344731704281],[11.517319183492054,48.143438368799096],[11.516760228587701,48.14342211175179],[11.514752937361573,48.143330442247915],[11.514098367525465,48.14330585402245],[11.51347350210755,48.14329059345636],[11.512791851201088,48.14329532156372],[11.512475181405302,48.14330760320579],[11.512112087384223,48.14332151923325],[11.511436306420999,48.143366335127176],[11.510768990947476,48.14342574014737],[11.510225245991657,48.14347857810137],[11.505542981739701,48.14396819633046],[11.505580434648676,48.14412228535355],[11.505545623746917,48.144238781908804],[11.50523285950005,48.14427147893911],[11.505175071346184,48.144285986879346],[11.50458286180355,48.14436691616605],[11.503962527287069,48.144433430798074],[11.503551691334454,48.14447890824742],[11.503576693523032,48.14458532037943],[11.503497487591888,48.14459350806696],[11.503355871118277,48.144610223583214],[11.503049962159086,48.144643129659855],[11.502901121753444,48.14466297133342],[11.502764548671838,48.144679645508454],[11.502750158095271,48.144667082169825],[11.50256731977155,48.1446870298071],[11.502567192993826,48.14468622005944],[11.502549837959807,48.14468803063027],[11.502433183366966,48.14469935040706],[11.502344760628572,48.14468904226792],[11.502250210946249,48.144698853648364],[11.502080833587543,48.14471643326236],[11.502078896405145,48.14470806062984],[11.501650296447878,48.14475274036955],[11.501652495466068,48.14476174345747],[11.501491062788643,48.144778865740726],[11.501454879766634,48.14462626483799],[11.501291036569576,48.14465859178528],[11.500582674379105,48.1447265064383],[11.500097271869354,48.14477489222921],[11.498888854169891,48.1449010529581],[11.49664247243183,48.1452385009186],[11.495988989386905,48.14540189643114],[11.495978980319288,48.14539243129382],[11.495827229078817,48.145427198725685]]]},"geometry_name":"shape","properties":{"sb_nummer":"25","sb_name":"Laim","flaeche_qm":5286014.7705}},{"type":"Feature","id":"vablock_stadtbezirk.20","geometry":{"type":"Polygon","coordinates":[[[11.591271967867138,48.15649095178456],[11.5909798814037,48.156525507059804],[11.590612735574934,48.15654247633742],[11.589508555669015,48.15656757884667],[11.58942354641205,48.15656854233605],[11.589455710560827,48.15651399786051],[11.589480100025037,48.156468471821626],[11.589484083688758,48.156461028896864],[11.58947304886545,48.1564628810909],[11.589578059841859,48.156287494988035],[11.589705571701646,48.15603454849451],[11.58977176610544,48.15588395205799],[11.58981754553263,48.15578535249333],[11.58984087545716,48.15574163095222],[11.58985521524773,48.155714431676714],[11.589942167426779,48.155551435836635],[11.589973205239483,48.15548555039363],[11.589987416212507,48.155439107398124],[11.590000660980659,48.15532790007472],[11.590041582938952,48.155066943014525],[11.590061160189432,48.154766348974455],[11.590058658801286,48.15469115464695],[11.590055235727808,48.154613706420164],[11.590029834695788,48.15451234052758],[11.590015695411525,48.154465250058095],[11.59000937357764,48.15444903703443],[11.589967664107,48.15437082704988],[11.58991682244668,48.15429071563654],[11.58991389945577,48.15428647872342],[11.589845975340465,48.15418822386557],[11.589721608297305,48.154004302449096],[11.589671673843487,48.15393244498549],[11.589608572822408,48.153841934657734],[11.589486310403913,48.15371516279155],[11.589452849411057,48.153679524016006],[11.589404892152672,48.15362673170526],[11.589382809747844,48.153598589035084],[11.589359874491352,48.153576289057845],[11.58932737998284,48.15355629118669],[11.589277846836215,48.15353290364864],[11.589185996231786,48.15349128094841],[11.589155181509605,48.15347884483161],[11.589124876719984,48.15346937913232],[11.589088939814959,48.1534582740764],[11.589055543594899,48.153449156076505],[11.588927671817496,48.153405511621045],[11.588840221502402,48.15338370912527],[11.588769446845802,48.153360355607866],[11.588635347051824,48.15332149683105],[11.58861878846887,48.15331455196571],[11.588607774705764,48.15330374529296],[11.588604161197912,48.15329088857773],[11.588608543462216,48.153278142304345],[11.5886280165622,48.15326319066886],[11.588629352496861,48.153261707393575],[11.58863046103087,48.1532601410631],[11.588632235142606,48.15325090607882],[11.58862683976568,48.15324232125539],[11.588463700294284,48.15312517772133],[11.588327551598502,48.153010773000105],[11.588192376776098,48.15285090923759],[11.588068929673152,48.15260320494838],[11.58794931865764,48.15241410321237],[11.587738225320484,48.15220309090534],[11.587683384768564,48.152155127381796],[11.587170729691469,48.151724111222926],[11.58702024771416,48.15157865644509],[11.586983512420481,48.15151544360037],[11.586963082267008,48.15144901837353],[11.586961598299348,48.151366177988365],[11.586947986024393,48.151370715395],[11.586220405279718,48.15022934409411],[11.586140577469227,48.15014065443872],[11.58606768967771,48.150075476687],[11.586044433583972,48.15005884928166],[11.585988703574554,48.15001935225119],[11.585935279173373,48.14999487665319],[11.585913701824941,48.14998778254711],[11.585894516213324,48.14998402502036],[11.58583412452172,48.149974268508394],[11.58578131597995,48.149971911231376],[11.585703174823353,48.14997701482209],[11.585368600268861,48.15002177761604],[11.585082015200943,48.15005970522795],[11.585020464751064,48.15001225496471],[11.584957167371178,48.14996415473934],[11.584916628447965,48.14993324758867],[11.584875418858795,48.149900686396684],[11.584859461636645,48.14988766824096],[11.584840513856893,48.14987127566521],[11.584868775073542,48.14976815754853],[11.584873790941497,48.14974641360341],[11.585020336835754,48.149312406340414],[11.585038285189873,48.149269584276325],[11.585081516485628,48.149124702628356],[11.585109452398578,48.14901004468928],[11.585138670701856,48.14885310980278],[11.585154993889264,48.14869605931804],[11.585169229936747,48.14858100784708],[11.585171976166846,48.14852400610657],[11.58517932122553,48.14841106857623],[11.585186533164396,48.14829813134018],[11.58518727919812,48.14807652020241],[11.585178429838495,48.147807834481675],[11.585162039355854,48.14762241636125],[11.58513544712241,48.14743797196754],[11.58510484825231,48.147267090371116],[11.585071699046406,48.147145199725664],[11.585017485489951,48.14693606208703],[11.58499022467103,48.14686688747129],[11.584917008661884,48.14669725283832],[11.584789869963327,48.146413414858344],[11.58467498659954,48.1461572468044],[11.584630474403431,48.14605915305885],[11.584495444714547,48.14575011717375],[11.58449031954613,48.145735800675475],[11.584428286661806,48.145531110003205],[11.584417570505199,48.14549384494592],[11.584414623922491,48.145476031409544],[11.584416054568653,48.14544905574601],[11.584379712923683,48.14535682828455],[11.584361175261886,48.14535568153144],[11.58434254543384,48.14534940801514],[11.584328650693166,48.14533919573101],[11.584317600008344,48.14532647651162],[11.584300807467553,48.145259781778584],[11.584290523855236,48.14521891949245],[11.584273008766628,48.145141880766516],[11.584265740918784,48.14511019962383],[11.584238087978054,48.14497448027176],[11.584215955755417,48.1448534311413],[11.584198347530593,48.14473797052981],[11.584197715761281,48.14473302147157],[11.584186700517556,48.14465023436664],[11.584174419477506,48.144558654142585],[11.584171415279366,48.144531580299294],[11.584169162683276,48.14451125240939],[11.584165614235479,48.14446871252776],[11.584165387566816,48.14444704245301],[11.584168638199582,48.144411089073934],[11.584041839731423,48.144435735662924],[11.583986327343043,48.144312748838594],[11.583941744438915,48.14421310605644],[11.583925943743482,48.14417893725348],[11.583858772083273,48.14419254337261],[11.583858134790384,48.144188313373185],[11.583702711728314,48.144212638024875],[11.583703765951133,48.144198880732226],[11.583746409345054,48.14415596134052],[11.583770234526343,48.144106943523205],[11.58377413721965,48.14408495920938],[11.583773602322482,48.144056773449016],[11.583769398024073,48.14402932978028],[11.583760499702821,48.14399917174174],[11.583740766426745,48.143947302416294],[11.5837377400307,48.14393937760904],[11.583671428801212,48.143765948956684],[11.583664455313533,48.143747667205325],[11.583634323867535,48.14366904418432],[11.583558277089034,48.14347002381181],[11.583448707155485,48.14318371418585],[11.581907081656643,48.14351677608329],[11.57837154730334,48.14426984873529],[11.577813530171857,48.14307915930793],[11.5775956958865,48.14261058464865],[11.577450177587668,48.14264032838602],[11.577314895044504,48.142668075966384],[11.575579044148665,48.14303164331375],[11.573781325088985,48.1434062352979],[11.572772693264312,48.142809687503366],[11.56934854651491,48.14171761056391],[11.568023252286167,48.140823843175994],[11.566888530817701,48.14040929395631],[11.56682269528665,48.14038523893495],[11.566431648461185,48.14024237513923],[11.565663229796144,48.13964449086957],[11.565239751580506,48.139103706004306],[11.565018845241042,48.13785082974014],[11.564982024854118,48.13755841873566],[11.564832594608177,48.13637822739223],[11.564863036479597,48.13631484089949],[11.565150694745425,48.13571580834606],[11.566158132201501,48.13412134619915],[11.566650667721301,48.13337504786006],[11.567093851506051,48.13264903124185],[11.567308694863835,48.13265045493845],[11.567032309784862,48.13242982717683],[11.567052722186048,48.132388109932144],[11.567081344210111,48.13234894457685],[11.567122109461627,48.13230900212271],[11.567368678545714,48.13208498272057],[11.5675328095426,48.13193347379348],[11.567824083919737,48.13166583879791],[11.567898389435511,48.131600865214736],[11.567942953547353,48.131566611517336],[11.56797982028867,48.13153983084425],[11.568063189563611,48.13149038833489],[11.568121720249005,48.13146235660874],[11.568188335474227,48.13143598866531],[11.568294991321258,48.131401630459884],[11.568446606190898,48.1313558147556],[11.569877328456986,48.13094902161956],[11.570188241366642,48.130877481777176],[11.570263035364928,48.13087120020756],[11.570342494492117,48.13086965059423],[11.570416798413097,48.13087398488916],[11.57048295715307,48.13088087868597],[11.570552384448877,48.130893444491534],[11.57060743572927,48.13090769069753],[11.570689610671051,48.13093287869116],[11.570762583305765,48.130959023925385],[11.570845757395409,48.13099530552657],[11.570925547916017,48.13103671606014],[11.571233960610176,48.13120681652794],[11.571519345004159,48.13135652138797],[11.571818991629156,48.13151293809796],[11.572116740522123,48.13166469509271],[11.57244278282629,48.13183514796013],[11.572976705866296,48.132118159701555],[11.57308291977197,48.13217649584871],[11.573449422079703,48.13236966271197],[11.573516496456762,48.1324072415984],[11.573599930571262,48.132456270899326],[11.57366716223642,48.13249930253811],[11.573807527075964,48.13259891935344],[11.574295325426569,48.132952062029894],[11.574682522144702,48.13323269193774],[11.574737681483656,48.13326678505473],[11.574783349143612,48.13328711078883],[11.574837952348734,48.133303340973384],[11.574899182888215,48.13331410026506],[11.574965425824372,48.13331846387576],[11.575039162233047,48.133313820750956],[11.575849677263001,48.133206078208836],[11.575941588682188,48.13319465364301],[11.576047013799782,48.133188642322295],[11.576142820104979,48.13318940076198],[11.576226617145021,48.13319643462768],[11.576290624339151,48.13320498038467],[11.576354788293298,48.13321765085535],[11.57698231022092,48.13336757465948],[11.577623233809282,48.133522312328175],[11.578353861660045,48.133697980268664],[11.579176615825055,48.133896871753905],[11.579320027520787,48.133927014848666],[11.579425537119409,48.13394404231948],[11.579512092926105,48.13395317044859],[11.57963132419708,48.133960865504896],[11.579717065019615,48.133961027315685],[11.579812499529428,48.133957207484556],[11.579892954840119,48.13395103813996],[11.579977125416097,48.1339410061398],[11.580928642828239,48.13379870427287],[11.581542050427336,48.13372454977814],[11.58188514069513,48.133682822935874],[11.58195482967393,48.13367834013179],[11.582024936639064,48.13367680372108],[11.582097362134816,48.13367979151097],[11.582165920980259,48.13368828295958],[11.582239007967251,48.13370249874892],[11.582760787431992,48.13387043196545],[11.582837930504288,48.13389592869792],[11.583354693533115,48.13321275614461],[11.5835360174929,48.132975452123965],[11.585258085220973,48.13218490538715],[11.58572434872781,48.131963312585576],[11.58653012146247,48.13174156532776],[11.58658575542871,48.13186941806872],[11.586595117482352,48.13189121897417],[11.58656834392256,48.13189633530198],[11.586693193265127,48.13202343365519],[11.586744115561453,48.132024865636154],[11.586772625333156,48.13203926365978],[11.58680468158918,48.132063836791815],[11.587057963995134,48.13230953452719],[11.587303207732566,48.13252300389024],[11.5874606109626,48.132720373786945],[11.587638700138074,48.13291109942226],[11.587810703482116,48.13311400028754],[11.587993971952452,48.133313657039984],[11.588052746137723,48.133375378796714],[11.588072181459925,48.133419882133516],[11.588104071377671,48.13349211911078],[11.588048723485675,48.13347474766344],[11.588014364783632,48.133469747857475],[11.588003081163206,48.13346810623242],[11.587963985299089,48.13346625536527],[11.587927162620385,48.133465851428326],[11.587529096498354,48.133461386788774],[11.58751027672981,48.13346294000953],[11.587498953963097,48.1334678452412],[11.587539854305513,48.13351007990199],[11.587474207373987,48.133538266580004],[11.587583472103647,48.13365098536916],[11.58758917876431,48.133650702939896],[11.58759387801709,48.1336527610835],[11.587595772638469,48.13365697174099],[11.587592934985702,48.13366082021674],[11.587702516079501,48.13377361814612],[11.587708051299547,48.13377372198731],[11.587711813829182,48.133775515994614],[11.587713780870152,48.13377924182747],[11.587711581801438,48.133783092115266],[11.587820962427864,48.13389590254654],[11.58782618404626,48.13389543667781],[11.587831686282426,48.133897637783555],[11.58783349680369,48.13390196640579],[11.58783055063154,48.13390574174939],[11.587941794540239,48.13402047074242],[11.587947905970209,48.13402000371487],[11.587953174832778,48.13402232164801],[11.587954943111557,48.13402645146516],[11.5879516576813,48.13403067085756],[11.587983482875037,48.13406793420745],[11.587989693882946,48.134067629596885],[11.587995028108535,48.1340703383669],[11.587996246346862,48.13407448957503],[11.5879925400114,48.134078491703654],[11.588023567574359,48.134114754444546],[11.58802924992642,48.134114361866295],[11.588034933835129,48.13411696737671],[11.588036254843217,48.13412158506305],[11.588032623158778,48.134125307473546],[11.588063778780075,48.13416165639799],[11.588070148338392,48.13416137700401],[11.58807532542609,48.13416406141737],[11.588076598519233,48.13416788656184],[11.588072828920156,48.134172207746914],[11.588103837840222,48.13420855186793],[11.588109979528648,48.13420823171676],[11.588115584541614,48.134211192621244],[11.588116387426018,48.13421574459914],[11.588112888042213,48.1342191041121],[11.58814353197883,48.13425743779991],[11.588149859478964,48.13425661587183],[11.588155879226264,48.13425905634414],[11.588157339178316,48.134263683495284],[11.588153338986762,48.13426753568595],[11.588244655100295,48.13438918477082],[11.588250148595947,48.1343893129211],[11.588254848786576,48.13439208275621],[11.588255650579814,48.13439602469523],[11.588252365036807,48.13439946667387],[11.58834301896997,48.134520234404256],[11.58834867447449,48.134520402989025],[11.588353040490503,48.13452291581052],[11.58835409683527,48.13452678722701],[11.588350728946567,48.134530516299776],[11.58844151283194,48.134651372802956],[11.588446688729166,48.13465170695653],[11.588450920008253,48.13465423990693],[11.588451956056872,48.13465786793488],[11.588449084683363,48.13466147334625],[11.588539415635815,48.13478176050985],[11.588632919894502,48.13475026309761],[11.58863889790004,48.13475828592684],[11.588713011009427,48.13474919492746],[11.588805889587444,48.13474529295579],[11.588944919031627,48.13476602636499],[11.588949064722707,48.1347683803671],[11.58899239372256,48.134793274666464],[11.588996672124361,48.13479580833426],[11.58916896173406,48.13480481152816],[11.589305379404657,48.134847634910024],[11.58931515045553,48.13485225554313],[11.589514711274928,48.13494558786968],[11.589640454399465,48.13501350751319],[11.589823448289609,48.13511275828134],[11.58994484717352,48.135186597235084],[11.590263545865637,48.13539787574597],[11.590549717949953,48.135620582888585],[11.59064590239056,48.13570544814122],[11.590709396423849,48.135763502487734],[11.590766054929661,48.13581821527176],[11.5908334198739,48.135880072059365],[11.591105513528568,48.13614752646874],[11.591339819762878,48.13638568597072],[11.59147012225423,48.13652312435568],[11.591509658298847,48.13657029138447],[11.591544207634692,48.13661896200111],[11.591584879635706,48.136708649378114],[11.59162022621166,48.1367751224641],[11.591704955665996,48.13697091043777],[11.591735605513547,48.13703748676645],[11.591767123673884,48.137078436169496],[11.591885869007225,48.13716341575913],[11.592056874733789,48.13727894719928],[11.592106710910365,48.13732831102661],[11.592143528328148,48.13739228351333],[11.592170711018868,48.137387077483],[11.592177274972348,48.13738952885856],[11.592179514177717,48.13739475203355],[11.592205486952846,48.137389811747106],[11.59225046231489,48.13751210578758],[11.592211709028728,48.137519521931104],[11.59243269619049,48.138037501732974],[11.592438244561622,48.138049571451],[11.592441775458072,48.13806199443513],[11.59244315391984,48.13807468015277],[11.592442517731495,48.138087268274745],[11.592439866094082,48.13809984969854],[11.592435202378255,48.13811206442912],[11.592429069321703,48.13812310479585],[11.592421193945894,48.13813368959893],[11.59241184328021,48.138143729129936],[11.592401021696075,48.13815304333045],[11.592388728738854,48.138161543130394],[11.592375367285904,48.13816914025419],[11.592360804175913,48.13817583320796],[11.59234530782776,48.13818153315176],[11.592329014387762,48.13818606065219],[11.592226705662211,48.13817679469586],[11.592138556805512,48.13816064866942],[11.591123729053667,48.137498269638265],[11.590934812519595,48.137347076082236],[11.590738501180056,48.13716245779436],[11.590733432926886,48.137157671819224],[11.590552853609891,48.13719244767313],[11.590550921387925,48.13719729796821],[11.590546068315776,48.1372010588016],[11.590536572266569,48.13720319404384],[11.590528434364309,48.13720189292215],[11.590522443827714,48.1371982794791],[11.590344421616388,48.137232559129316],[11.590293962412957,48.13724227486231],[11.590187390400388,48.13726275784805],[11.590192994115824,48.13726763344882],[11.590244816469935,48.137306390570735],[11.590264338430531,48.13731814706438],[11.590283593675945,48.137329812391584],[11.590301512560613,48.13734048658385],[11.590320233067718,48.13735170326841],[11.590338819972844,48.1373628293841],[11.59035753969454,48.13737413695983],[11.590376928818381,48.13738589733001],[11.590395914129083,48.13739756692667],[11.590415838558666,48.137409599553436],[11.590434823085449,48.13742136004084],[11.590454608832987,48.13743357484824],[11.590473994254342,48.137445607924086],[11.590493246119392,48.13745755132981],[11.590513569824273,48.13747003743015],[11.590532823546594,48.13748207076706],[11.590552746979752,48.137494376031135],[11.590571332620646,48.13750595563554],[11.590590985182626,48.1375181671249],[11.590610639096703,48.137530378580415],[11.590629757729387,48.13754231777001],[11.590649946817024,48.13755479878447],[11.590669600668521,48.137567008431766],[11.590679760954515,48.137573339682284],[11.59068898561428,48.13757921694263],[11.590708773851407,48.137591425351715],[11.59072829402889,48.137603542625655],[11.590747946980889,48.13761584045999],[11.590767465788822,48.13762795685841],[11.590787120361123,48.13764007289058],[11.590806905970965,48.13765254858177],[11.590826426904922,48.13766457314296],[11.59084621427089,48.13767686972826],[11.590865332967208,48.1376888079776],[11.59088511932576,48.13770111087742],[11.590905170277482,48.13771359586306],[11.590924286044878,48.13772544868801],[11.590943936721342,48.13773775283881],[11.590963856323134,48.13775005811844],[11.590983242479409,48.137762181071786],[11.591002763102857,48.137774304587914],[11.591022417347883,48.137786518665166],[11.591041404927893,48.13779828078353],[11.591053840203664,48.13780606064225],[11.591060927418626,48.1378104942273],[11.59107898022526,48.1378217123543],[11.591095562590782,48.13783202696155],[11.591116022539206,48.13784478342057],[11.591135277206568,48.13785672305688],[11.591154796965624,48.13786893474672],[11.591174584805152,48.137881237563604],[11.591194105473425,48.13789336014656],[11.591213894222294,48.13790557385621],[11.591233548567388,48.13791778789533],[11.591253335734992,48.13793018339297],[11.591272990144093,48.13794239832373],[11.591289302720341,48.13795253273178],[11.591292644607746,48.13795461414973],[11.591312699920884,48.13796710166547],[11.591332620196969,48.13797949684586],[11.591344515644824,48.137986912737134],[11.591352000974137,48.13799161625954],[11.591371916516781,48.13800391706125],[11.591390896471415,48.13801576477488],[11.591410539253102,48.1380278809669],[11.591430313922661,48.1380402668184],[11.591449955033141,48.13805256300079],[11.59145623517121,48.138056451498116],[11.591469597541042,48.13806486004812],[11.591488975017949,48.13807688593437],[11.591509154188175,48.13808945520241],[11.591528533116877,48.138101482848874],[11.59154777764096,48.13811351082525],[11.591567425158972,48.13812571956279],[11.591587474917276,48.138138200857554],[11.591607257501778,48.138150501919256],[11.59162664064045,48.13816253215365],[11.591646424631687,48.13817483407668],[11.591666344932502,48.13818722649952],[11.591686532381672,48.13819979824913],[11.591706054753494,48.13821173624862],[11.59172570951345,48.13822403387571],[11.59174536542782,48.138236060634526],[11.591765019662716,48.138248267387276],[11.591784539447616,48.13826047357134],[11.591804329548443,48.13827268175057],[11.592787914934123,48.13888088954061],[11.592880795981884,48.138945085375944],[11.59300515274109,48.139039254534204],[11.59313916135641,48.13915359954824],[11.593249879532621,48.13925641207397],[11.593397159745006,48.139406376137714],[11.59392220967899,48.14000197095589],[11.594051273671033,48.14015803498087],[11.594098839536633,48.14022269537518],[11.594168086004906,48.140320579670764],[11.594221746542102,48.14039639301277],[11.594206439382852,48.14041225393565],[11.594236382538815,48.1404841165587],[11.594223051110589,48.14048775590931],[11.59470835537414,48.141585526976236],[11.594720874535913,48.14158278412179],[11.594765288133596,48.14167753086514],[11.594778210763884,48.1416747905873],[11.594791812808053,48.14170540931862],[11.594863166491972,48.141861482226176],[11.594877174176803,48.14189193161919],[11.594864389916475,48.14189440424167],[11.594907863658591,48.14198953747815],[11.594893328474814,48.1419924536691],[11.595268348503517,48.14280766985314],[11.595322542148319,48.14294825508131],[11.59545416212506,48.143328829186636],[11.595444742059891,48.1433308632348],[11.59546673152588,48.143404334124114],[11.595475742118365,48.143403377385425],[11.595491429969293,48.14345874729032],[11.595580999413288,48.14379606893023],[11.595643859651867,48.14408006656801],[11.595675297120241,48.14422028675718],[11.595707522637785,48.144363198414005],[11.595723371001018,48.14443431559124],[11.595755605720761,48.14457647119456],[11.59577158386966,48.144647866167055],[11.595779361034245,48.14468324046548],[11.595789351365974,48.14472743763951],[11.595844446136336,48.144976751623474],[11.595860024325205,48.145047835292274],[11.595871975900987,48.14510137480913],[11.595985115601406,48.1456180542681],[11.595989167676228,48.14566734080855],[11.59610187515757,48.14617268526009],[11.596142878257666,48.14635815669269],[11.596189316844633,48.14651428077048],[11.596301471854495,48.14690331362389],[11.596344444380327,48.14700725941566],[11.596394869812032,48.14711815680959],[11.596437459674762,48.147206148831536],[11.59648171857412,48.14728839300234],[11.596564843423902,48.147420242527204],[11.596697070663497,48.14761501143771],[11.59682397592813,48.14779388144466],[11.597267965725072,48.148326357808166],[11.598091605001127,48.14927404612826],[11.598096729549367,48.14927181569568],[11.598168540958216,48.149346149450864],[11.597951053905314,48.14944205248638],[11.596759506273367,48.14998556286105],[11.595246085347275,48.150671423486635],[11.594552608990284,48.151235918277045],[11.59407381148839,48.15166667223378],[11.593743855966995,48.15223027247129],[11.59341114834043,48.15267334956552],[11.593350173547975,48.15311358692954],[11.59286413916473,48.15421700758653],[11.592442543703713,48.15496783117651],[11.59237212667322,48.15506220005508],[11.592094492418159,48.15551530181337],[11.591866859632725,48.15596471200812],[11.591782580432163,48.15618888183556],[11.591736439548372,48.15627981420144],[11.59167728436687,48.156340793585315],[11.59154795213715,48.15642358632343],[11.591271967867138,48.15649095178456]]]},"geometry_name":"shape","properties":{"sb_nummer":"01","sb_name":"Altstadt-Lehel","flaeche_qm":3145888.14344}},{"type":"Feature","id":"vablock_stadtbezirk.21","geometry":{"type":"Polygon","coordinates":[[[11.64551091472731,48.135981101051776],[11.645274261465252,48.13600448211952],[11.644408883638363,48.136089866754375],[11.643611521378588,48.136168529791064],[11.642853691941019,48.136243301972954],[11.642654039153097,48.136263031440485],[11.64169735362495,48.13635738168454],[11.641371597445616,48.13638955614923],[11.641239148845095,48.136402634833296],[11.640741266833171,48.13645180914541],[11.64038215999195,48.13648189611712],[11.640021408627806,48.13650100260117],[11.639660080311447,48.13650994086248],[11.639555156295325,48.13650934059856],[11.63929815754194,48.13650700257713],[11.638937245185016,48.136493673329625],[11.638577487577129,48.13646961778819],[11.637552307080938,48.13638527595222],[11.636523242238207,48.13630032668715],[11.635857256011032,48.136245216688835],[11.635783261337647,48.13610871802373],[11.635341253722343,48.13592003895826],[11.634914028593073,48.13571296637346],[11.634810333949172,48.13566955075619],[11.634708192225029,48.135632885718564],[11.634582611186223,48.135587689161575],[11.634341638482313,48.135500959867905],[11.633848312366384,48.13538903626911],[11.633633301514061,48.13537855580017],[11.63333824596321,48.135364197347656],[11.633313279513413,48.135324005201404],[11.633262762329348,48.13532456774405],[11.633212809529835,48.13532510022894],[11.633109974017318,48.13532620171],[11.632948238236997,48.135327910114334],[11.632917336220071,48.13532826398967],[11.632938062182975,48.13528586806519],[11.632949125463156,48.13526262004869],[11.632956614184211,48.13524688182787],[11.630197132878449,48.135700523588795],[11.629786776789626,48.13575337948944],[11.6293562617561,48.13578758635788],[11.629350007246162,48.135862311273534],[11.629349369131484,48.13586994898831],[11.628307019953674,48.135818987134634],[11.627579090195454,48.13576579819376],[11.626241932135738,48.135716528149665],[11.624764077009688,48.13566287441419],[11.62434288193424,48.135741340069316],[11.62439518615014,48.13575013633307],[11.624332114651235,48.13576343232871],[11.62420094369674,48.13579576374132],[11.624114760871123,48.13582122116778],[11.624079462545831,48.13583298448553],[11.624030962415416,48.13584920468057],[11.623946746727988,48.13587997444538],[11.623760817306879,48.135952700311876],[11.623771007979917,48.13584201530622],[11.623774474934454,48.135807848095574],[11.623747909260132,48.135803089455095],[11.622009546087503,48.13549097633288],[11.621860482739013,48.13546412969774],[11.621189173013049,48.135386886020214],[11.620754738467538,48.135317618217535],[11.6203745180363,48.13524114355036],[11.619547253858432,48.13512115621787],[11.619269495076058,48.13507545090289],[11.61867002484526,48.13504251506057],[11.618672080384398,48.13503694522637],[11.618712596689832,48.13493418216591],[11.619018847172011,48.133928037593954],[11.619014207327707,48.13386425312778],[11.618611043049167,48.13388037862526],[11.61837133402512,48.13387583868398],[11.617863457085257,48.133867187306834],[11.617813490067261,48.1338663043303],[11.617423976355038,48.13383898983856],[11.617028676205747,48.13379562747924],[11.61666378057751,48.13374588434877],[11.616496656275963,48.13371818612073],[11.61637182646367,48.13369745503283],[11.61625643882645,48.13367826693723],[11.616119089556273,48.133649552495356],[11.61604424600129,48.13363391628826],[11.615982308465172,48.1336168865267],[11.615597285132598,48.13350949480441],[11.6153591635727,48.13344320238948],[11.615273778996434,48.13341602373755],[11.614706005857148,48.13323551537092],[11.61423438743491,48.13305186816831],[11.614131519005694,48.13301185237358],[11.613626875056505,48.132774086390995],[11.613157303827297,48.13255236718117],[11.61307985780227,48.13250840229239],[11.613005755670276,48.13246633363652],[11.612699045677003,48.1322923973889],[11.612641858350631,48.13225182520344],[11.612001989303414,48.13179857400405],[11.611985422068711,48.13178682687608],[11.611926633534939,48.131745166001245],[11.612036008976817,48.13170514709935],[11.61181233363585,48.131477774182194],[11.611762196757297,48.13149990480991],[11.611751918529484,48.13145607266292],[11.611714050532743,48.13140135045956],[11.611665944184075,48.131350544831314],[11.61165235240165,48.13133610888158],[11.611356227297623,48.13102762343464],[11.611043004129808,48.13070776015044],[11.611008242044608,48.130668982634205],[11.610978040992318,48.13063084915499],[11.6109050826883,48.13052819665289],[11.61028704435165,48.12988191410682],[11.609316683077063,48.128877247350324],[11.609217527842487,48.128774586965875],[11.609095729830003,48.12864933761785],[11.608984986071334,48.128553897535284],[11.608823729094352,48.12843421689262],[11.608704080141013,48.1283555018332],[11.608377893319442,48.128140829765904],[11.60813280176692,48.12797936859091],[11.607412173111845,48.127504195420904],[11.606761074755259,48.12707550066539],[11.606602820010703,48.12697117134223],[11.605981996410522,48.126561634673934],[11.605872616918198,48.126489514044984],[11.60488091873049,48.12583285241953],[11.603916586102365,48.125194195795274],[11.603434369957245,48.12487316991932],[11.603318101368187,48.12479652047308],[11.603237176042557,48.12482221653673],[11.603139990911574,48.12485010856753],[11.603042978806112,48.12487297211386],[11.602942610282057,48.12489178606531],[11.602827228598324,48.12490568803477],[11.602710133701313,48.124915557119465],[11.602629088609918,48.12491961978909],[11.60255908600434,48.12492020999676],[11.602409906980446,48.12491437276256],[11.602303619221153,48.12490470845541],[11.602310903937884,48.12486526085767],[11.602303167430087,48.124858307939846],[11.602044494210137,48.12481804761063],[11.601956357263417,48.1248030993503],[11.601956459031568,48.12479032799199],[11.601785891635762,48.12475276977755],[11.60170478194433,48.124731801740374],[11.601625687593698,48.124711379162854],[11.601553483069145,48.12468711308983],[11.601491892840418,48.12466297366798],[11.601242514027184,48.124498908172676],[11.601162108273652,48.12444153322573],[11.601079719504128,48.12437280897346],[11.601971778381653,48.12391710261293],[11.603626468882052,48.12284669835207],[11.606084969685188,48.12083916545397],[11.608528553227599,48.120985361176864],[11.610359647140017,48.121008540820654],[11.61196452432885,48.12091301372174],[11.612952318389429,48.12083423239359],[11.61322790797716,48.12081497978267],[11.616812659738311,48.120574178029045],[11.620160908202301,48.1203538908543],[11.622043006965745,48.120230421254966],[11.624196295509442,48.120051632315096],[11.625835095495718,48.11982746111003],[11.627384923147837,48.119524548248066],[11.629567987753015,48.119031112543325],[11.62974885602456,48.118990213401496],[11.630553282508133,48.11880836268412],[11.632200744359018,48.11843600576307],[11.632275333875539,48.11842214258108],[11.63440449221301,48.11804717872637],[11.63624193911897,48.11778689926802],[11.638064168696937,48.117466348892115],[11.640044193695243,48.116906854456026],[11.641413507146531,48.116361339177175],[11.642505715280228,48.11579544872154],[11.642879238520319,48.11557730555903],[11.643691911429066,48.115083163630686],[11.644248427392542,48.11524633873877],[11.645087042389184,48.11497109039341],[11.646456009656935,48.11445819326486],[11.646598983801907,48.114703239050584],[11.647344817410271,48.11598149593361],[11.647760029566976,48.116639072843284],[11.648132868208195,48.11719757430392],[11.648495043943981,48.11774219622528],[11.649436479643066,48.11919484449423],[11.649741535782814,48.11951474585067],[11.649801207974289,48.11959164210955],[11.649918949219582,48.11974644331208],[11.650003902563112,48.11985799695185],[11.650017519734433,48.11987588487518],[11.650725292725875,48.11964000277281],[11.651752888036116,48.12105752168612],[11.651813161282995,48.12113751274734],[11.65283009474346,48.12258530181306],[11.652719960819827,48.12270844907686],[11.65400674433563,48.12467587741972],[11.654085883899004,48.12484528117755],[11.654145212953475,48.12497691994933],[11.655032715314913,48.12631236071418],[11.655796408507452,48.12751497537847],[11.656412167723254,48.12835914178362],[11.65652897542438,48.12851810498048],[11.65646742035581,48.128547695291196],[11.656419583840579,48.128570666046514],[11.656365618439345,48.12860512415408],[11.6563275773242,48.12864762799033],[11.65630791003708,48.12869558527191],[11.655979151821553,48.12897073949625],[11.655698173806853,48.129269006138045],[11.655661018449395,48.12932033522664],[11.65546801954416,48.12958655670082],[11.655258814499465,48.12991062471567],[11.655247367689821,48.12991517511649],[11.65522708321098,48.129935432537344],[11.655179993829702,48.1299858195804],[11.65512786720832,48.130104901530295],[11.655119477748672,48.13009417456967],[11.655054787097576,48.13024326562483],[11.655101924632051,48.130303112370385],[11.655063281530163,48.13031684409116],[11.65488068488755,48.13079632923934],[11.65469462396864,48.13128483276335],[11.654660596863124,48.13137051204706],[11.654425077570862,48.13200088915735],[11.654404685050393,48.1320555087798],[11.654335718142024,48.13223993716619],[11.65403931185127,48.13305412125412],[11.65389247735737,48.133458024378925],[11.653819579737844,48.13343180952087],[11.653784046389225,48.13351958655663],[11.653743132544319,48.1338534317646],[11.653652526710928,48.134123951540104],[11.653593539848073,48.13430020176324],[11.653577353540033,48.134348444312295],[11.653325037471026,48.13501215221029],[11.653127352178712,48.13540573575621],[11.652932695869175,48.13542274660522],[11.652559543080823,48.135455276544974],[11.6518015033264,48.135522601261236],[11.651541874249528,48.13554562775423],[11.651507044987142,48.13554876051152],[11.65127646217988,48.13556917946627],[11.651042698065577,48.13558995122541],[11.650748321228594,48.135634487795166],[11.650640870901091,48.13565078587667],[11.649827614743893,48.135703148386554],[11.649764299966565,48.13567021419727],[11.649633143395263,48.135656147360585],[11.649587423596131,48.1356620358214],[11.649580566141648,48.135662914758015],[11.648843398547983,48.13575755755872],[11.648167903352162,48.13584341238337],[11.648063380923759,48.13585829983235],[11.647510153128126,48.135903902684326],[11.647139090148608,48.13592508147598],[11.646327374259196,48.13599131166085],[11.645918544281512,48.135972533580464],[11.64551091472731,48.135981101051776]]]},"geometry_name":"shape","properties":{"sb_nummer":"14","sb_name":"Berg am Laim","flaeche_qm":6315330.58899}},{"type":"Feature","id":"vablock_stadtbezirk.22","geometry":{"type":"Polygon","coordinates":[[[11.4319429399708,48.204494227525416],[11.432008511825746,48.20473193357985],[11.432040033659668,48.2048570577953],[11.43208041796463,48.20508393636113],[11.432091561859268,48.20519324913693],[11.43205417334036,48.20518797514958],[11.431978509996052,48.20517730013442],[11.431679281467217,48.20513486001135],[11.430006731090288,48.204896415271186],[11.429953824694895,48.20488824309137],[11.428562228530414,48.20468958253833],[11.427494082721308,48.204537079611974],[11.427387703522198,48.20452184620932],[11.426960130586778,48.20446062662776],[11.426812738750819,48.204439848074024],[11.426058086808217,48.20433333879579],[11.426040629916033,48.20433082450953],[11.426017562726358,48.20428933881326],[11.425960622373978,48.204293105419396],[11.425810632984431,48.204305673934805],[11.42536262587056,48.204327857163754],[11.42263501877628,48.203945747936935],[11.42060621502834,48.20365616693499],[11.420335742816711,48.203624589720405],[11.419676972684076,48.203547797975155],[11.419462092492779,48.2035062472663],[11.419341850192179,48.203404405218556],[11.41929599159241,48.20332955033345],[11.419030108496953,48.20289401725845],[11.41893511323406,48.20280890723597],[11.418831932942403,48.20277007394727],[11.41876494691777,48.20276748730576],[11.4186859915524,48.202764481355025],[11.417670471596596,48.20299254789315],[11.417056000389794,48.20313054097146],[11.416859836801791,48.20314276535149],[11.413673377684402,48.20265916213946],[11.413154162457326,48.20258040458537],[11.412958771981389,48.202550797113446],[11.412886995769744,48.202533878846396],[11.412743001766705,48.20251478886849],[11.409879786738095,48.202134809978325],[11.40906707025367,48.20202757873169],[11.408864346955735,48.20190339514251],[11.40742088542764,48.201705011070175],[11.40678458086983,48.20161753702039],[11.40664968002956,48.201606238042494],[11.406574604341676,48.20165476888883],[11.40479505532562,48.201389215144175],[11.404710140153972,48.20137996562045],[11.40462830359433,48.20134931254669],[11.40462606326053,48.201368727083995],[11.40287617130868,48.20114126818515],[11.402827281223322,48.20113490346225],[11.402439244800597,48.20139468368942],[11.402400816433547,48.201355895306854],[11.402260064936522,48.2012604973066],[11.40212070399561,48.201166013026864],[11.402108149445672,48.201157503594196],[11.402022337964011,48.20121458690875],[11.401684093974165,48.20098754703955],[11.401648735238748,48.200974227146155],[11.40153656176464,48.20094853479922],[11.40142125745639,48.20093676520641],[11.400902229755587,48.20091413936424],[11.400553397348549,48.20089686052211],[11.40031141427703,48.20088971681833],[11.40024194863007,48.200882698402715],[11.40017875401076,48.200880121600555],[11.399467414116087,48.20085033751875],[11.399151280860966,48.20083787546842],[11.398304872505516,48.20079614451251],[11.397553480032371,48.200761771554305],[11.39730349446939,48.200746395404146],[11.397280331524403,48.20074905613772],[11.39707552373867,48.200740002559336],[11.392863185426714,48.200554944054346],[11.39083447755844,48.2004604783002],[11.390820217506537,48.20043899779762],[11.390803708110417,48.200414359103014],[11.390672283514853,48.20014179258331],[11.390629568543144,48.199877348812194],[11.39059183196154,48.199685633637024],[11.390603795391687,48.19968623591068],[11.390572856732016,48.199551929727214],[11.39052506275999,48.199317827576536],[11.39046676042206,48.19907360112494],[11.39046106619893,48.1990433621183],[11.390453213630458,48.19900223216225],[11.39043903549801,48.198927534571624],[11.390398063237893,48.19876359697083],[11.390353822526013,48.19858633781211],[11.390329985258841,48.19858855049088],[11.390271833410837,48.19833991189808],[11.39023036282565,48.19816217936052],[11.390188890018106,48.197984710484675],[11.390206393858936,48.19798282483831],[11.390204742839165,48.19797508243648],[11.390099774137818,48.19748381189832],[11.390079035395683,48.19748550208694],[11.389982894865438,48.1970038013266],[11.39001860710437,48.19698745008789],[11.389996588048147,48.19694947785317],[11.389980214759445,48.19694615185443],[11.389937816865105,48.19673181316194],[11.389855777985932,48.1963157067034],[11.389777616735891,48.19592254204135],[11.389726352673101,48.195639988606615],[11.389676098817793,48.19539657501108],[11.389608553288635,48.195120208669],[11.38954821355022,48.194902817498416],[11.38949956582166,48.19472785044024],[11.389410644508926,48.194444822093146],[11.38932645636203,48.19419319184936],[11.389234775527209,48.1939271733904],[11.389167283847891,48.19373142633211],[11.38899352172768,48.193229654928565],[11.388885967915803,48.192895961238754],[11.388807458039674,48.19262027131203],[11.388745866408193,48.192336172102195],[11.388702058968377,48.19200398085934],[11.38862145676197,48.191258246010385],[11.388599488818706,48.191086350833075],[11.388566884585055,48.1909420281258],[11.388539803912387,48.19084333153657],[11.390215914248547,48.19063951051059],[11.390702945974008,48.19057999153519],[11.390549456960345,48.19026938772461],[11.390834931256979,48.19013865693529],[11.391549056632861,48.18981293923756],[11.392203779168508,48.189581150540995],[11.392281443001936,48.189554122023885],[11.392240384029643,48.189276812272055],[11.392217255742827,48.18867140934549],[11.39221789603375,48.18817666524795],[11.392205857537833,48.18789608695381],[11.392165961985251,48.18764117530052],[11.392165943012603,48.187641085718006],[11.392060792732607,48.18710211842298],[11.392029363502502,48.18689289559628],[11.392012518484469,48.186781834275855],[11.39199470490273,48.186729848095965],[11.391960134798286,48.18662713320125],[11.391907752701139,48.186472690303134],[11.391773271038623,48.186159594878816],[11.391577298279554,48.18589016143197],[11.391432184104948,48.18573374803645],[11.391270169886498,48.185548169056474],[11.391925651717925,48.185189394804034],[11.39316024312733,48.184513840080115],[11.393192586024755,48.18449638915741],[11.393230210963234,48.18447563759293],[11.39325903962903,48.184459694096844],[11.393194255926064,48.18437671474479],[11.39309687771504,48.18425224806953],[11.392906807003913,48.18400899074197],[11.392526768028727,48.18351354812611],[11.39194831093774,48.18276838327768],[11.391407008618463,48.18206871314105],[11.39093373201627,48.181454716857964],[11.39086796708445,48.181384921235455],[11.390795937738998,48.18133319117563],[11.390599109039291,48.18119177236254],[11.390454969763185,48.181104484318915],[11.389082594411054,48.18048614697809],[11.388895461440034,48.1804041905074],[11.388863446780963,48.1803821710199],[11.388706881206012,48.180317482412214],[11.388466639836674,48.180199649517334],[11.38836163580664,48.18012795718236],[11.38807042658939,48.17985671658488],[11.387504894095185,48.178969266125385],[11.387427804092683,48.178869298639405],[11.387358634331822,48.17881578033865],[11.386787857832864,48.17846192893],[11.386203380818529,48.17811651752541],[11.385299563404029,48.17756808127547],[11.38528389059635,48.17757419943055],[11.385251057711917,48.177587058664834],[11.38491715618404,48.17771931488453],[11.384850069364902,48.17774106132421],[11.38478297727862,48.177762811432835],[11.384632863612543,48.177798612560494],[11.38447901290642,48.17782189778221],[11.383525266482998,48.177916977240216],[11.383324816504173,48.177959021638536],[11.383135016911085,48.17802725859609],[11.38304028649559,48.17807711772677],[11.382996314316665,48.17810026686064],[11.38296654904981,48.17811593659404],[11.382947307537842,48.17812851505897],[11.382702533511795,48.17828846478621],[11.382556030201798,48.17838418357921],[11.382375371837067,48.17850238411549],[11.382341889168934,48.17852423934892],[11.382260541912467,48.17857740771954],[11.382092232518156,48.178687308644015],[11.381979755711365,48.17876081383853],[11.381861402360675,48.1788381559269],[11.381849473643802,48.17884591635881],[11.381772217481629,48.17889631732936],[11.38170743987453,48.1789386899969],[11.381572643546097,48.179026643592564],[11.38149813216885,48.179075348985876],[11.381405606724647,48.1791346590742],[11.381110999293808,48.1793233846556],[11.381084043534678,48.179340687243936],[11.381044126264916,48.17931654843732],[11.3799100890202,48.17919034865831],[11.379506610374952,48.179145465251274],[11.378287176654647,48.17901874346317],[11.377656517111532,48.178953159942445],[11.377416319418282,48.178927503135874],[11.37616466150154,48.1790132373191],[11.375305279892242,48.17907212673127],[11.37516038472454,48.17906957876901],[11.375110522130173,48.17906833135165],[11.375079880283817,48.17906754315745],[11.375074767803842,48.17904521294379],[11.37504013123138,48.17897353302924],[11.374982771848702,48.17892348284755],[11.374910221953243,48.17888504152553],[11.373810129132826,48.17850889608113],[11.373687998321465,48.17847674568597],[11.373598606071097,48.178463841623675],[11.373462166395157,48.17845184644959],[11.37159015016375,48.178427731523264],[11.371450871720596,48.17841697486388],[11.371302998803921,48.17837949934043],[11.37118671614651,48.17833185382493],[11.371099472877043,48.178276339596536],[11.37076470524173,48.17797920766696],[11.37014609155899,48.17743370196251],[11.369199421022516,48.17659954689374],[11.369115880776118,48.17651790540487],[11.36906514032503,48.176435713483116],[11.369037475167769,48.17637863983564],[11.369031388474385,48.17630522490028],[11.369053437550816,48.17620640319479],[11.369665273315764,48.17433291260443],[11.369636075333862,48.17422761033057],[11.369441242960376,48.17383420044879],[11.369411230724053,48.17379348101635],[11.36939613614102,48.17374285151536],[11.369256782994617,48.173464001986304],[11.369234772540004,48.173427196175055],[11.369083352510748,48.17312740015483],[11.368999510331673,48.17293289330876],[11.368861813983527,48.17266996034848],[11.3688217353481,48.17246402272066],[11.368749153718076,48.172020707803696],[11.368754813209131,48.171956175255275],[11.368754162536298,48.17191193049072],[11.368726659888514,48.17182069159698],[11.368678424572554,48.17167402115889],[11.368678754279182,48.17159173254524],[11.36867930489118,48.17151575580374],[11.36863172453333,48.17133477147546],[11.368621537140925,48.1712581865238],[11.368626501515884,48.171131040293304],[11.368549384351633,48.1707877496224],[11.368544272540928,48.17071119678431],[11.368536511573039,48.17064298010063],[11.368492221708033,48.17058301253273],[11.368513554260241,48.170543019482075],[11.368514647898188,48.17045462002348],[11.36848005624506,48.17034869259457],[11.368394211253289,48.16980691833221],[11.368381680641255,48.169676711798054],[11.368295804296089,48.169439348576006],[11.368259676924398,48.1693717984926],[11.368172962035386,48.1691844170354],[11.3681303238402,48.1691087582686],[11.368083996655342,48.16901579364638],[11.368073417481133,48.16895718703352],[11.36802235303223,48.1688777689882],[11.367867792372126,48.16851845999318],[11.367656418572572,48.16814463944352],[11.367637939262899,48.16814993755679],[11.367631867043611,48.16815179386671],[11.367588170514018,48.16812026374308],[11.367515560480465,48.167986125092874],[11.367444608010615,48.16785505466732],[11.36746485770884,48.16784833354643],[11.367434732710938,48.16780499305793],[11.367179276699913,48.16743142317033],[11.367072009425163,48.1671990328196],[11.366889157201706,48.166870074483526],[11.366518693821966,48.16618958147921],[11.366255442058987,48.1657119624666],[11.366030268980557,48.165288231745116],[11.36581400468546,48.164869174106855],[11.365655330730759,48.164632099526635],[11.365437765963614,48.16436353310559],[11.365250578133889,48.164193878669934],[11.365075794736146,48.164043141907],[11.36486649825074,48.16387880888099],[11.364634561956478,48.16374119965361],[11.364423697135292,48.16362600072091],[11.364125623089684,48.16348266139321],[11.363828700875192,48.16336170743456],[11.363629003412052,48.16328933428661],[11.362769404347956,48.163047465184846],[11.36278497078577,48.163027947398476],[11.362760294705268,48.16302330908069],[11.362715797334687,48.162882661461246],[11.362669376874818,48.162723834693224],[11.362304095935,48.1615402174007],[11.361999043166199,48.16053900230871],[11.361795792870842,48.159880838037566],[11.361772336128215,48.15981981510909],[11.361681329814406,48.15965147967496],[11.36135010942998,48.1590801733715],[11.361242581174423,48.15890399820931],[11.361216769131849,48.158849617140056],[11.360803440000625,48.15811861728955],[11.36077827590641,48.158067492594064],[11.36079065524583,48.15806621335528],[11.36081286353006,48.15806364070088],[11.36084760676558,48.15805808142127],[11.361044943980627,48.158086960455215],[11.36107754671733,48.15809145781855],[11.361110414658599,48.158096136875756],[11.361793700834419,48.15820320874984],[11.362439793075845,48.15830414464141],[11.36283251775207,48.158383159157836],[11.363643413763063,48.158485896569175],[11.363743626099126,48.15849042376168],[11.364404150529907,48.15853727827352],[11.364757635361999,48.15853664831775],[11.365066581251666,48.15853937980222],[11.365471236518662,48.158562934747124],[11.365518118068936,48.158564805518374],[11.366120285427955,48.15862440132203],[11.366638384790232,48.15865969440013],[11.36723952026999,48.15867341784078],[11.368339090390657,48.158625272259755],[11.369443956227741,48.158562192069624],[11.37025665235822,48.15850781286741],[11.370685469222092,48.15844550519617],[11.370899893324625,48.158434783490485],[11.371027072289662,48.15842845702853],[11.371195768224037,48.158418601163],[11.371111366982158,48.15817835424131],[11.370898254766256,48.15808291506802],[11.370696484705467,48.15813662347249],[11.370583130548486,48.15806209728176],[11.370454348445472,48.158108957137415],[11.37045190757495,48.15809959042696],[11.370367590360043,48.15805936725687],[11.370246250859195,48.15796895526074],[11.37025770879919,48.15789969059603],[11.370264518028772,48.15785908529339],[11.370346050320435,48.15785170296462],[11.370366857455727,48.15780937638764],[11.370340612279461,48.1577570865483],[11.370335755605934,48.15774761941752],[11.370269151761452,48.15776515004961],[11.370124125274847,48.15753348912298],[11.369987409983674,48.157315028151054],[11.369975362482293,48.15731109722207],[11.370114296594377,48.15727066700697],[11.370076275333796,48.15721381614408],[11.369819032432067,48.15682682877966],[11.36985674427002,48.15681992244293],[11.369876407828054,48.15681642786514],[11.369902671476416,48.1568116193193],[11.370832828325103,48.156641204029285],[11.371931456169284,48.15629618934376],[11.373283077017613,48.15608706983263],[11.373818056861321,48.156038337396964],[11.374862534055591,48.155984514607646],[11.374914442174653,48.15598165005999],[11.375153358478597,48.15548752987847],[11.37386241475824,48.15553758937682],[11.373914012888129,48.155403436908855],[11.374155395657063,48.15477687890171],[11.374202901573561,48.15465396810959],[11.374204421079886,48.15465006405882],[11.374422069832198,48.1540897724258],[11.373621843501512,48.154183733616726],[11.373581742237086,48.15418846272072],[11.373914722524166,48.15354806704682],[11.37561899627372,48.15336819146422],[11.376991275122332,48.15330516292177],[11.378021132243205,48.15322373667961],[11.378031213887681,48.153835178874665],[11.378195734989509,48.15383185048282],[11.378731144868887,48.15382648605471],[11.37952243850952,48.15382969198229],[11.379515359878967,48.1537246985165],[11.379502815533778,48.153534953793745],[11.380591201623806,48.15348201905893],[11.381069588030957,48.15342556439584],[11.381663078602394,48.15332776819417],[11.382888764924465,48.15307342780635],[11.38293350082567,48.15279251817473],[11.382969843218062,48.15256386006243],[11.382987656812768,48.15241335513261],[11.38300307185703,48.15228320527664],[11.383038019039875,48.151987901498266],[11.383072821245124,48.15169411953049],[11.383074156086836,48.151672720274036],[11.383110110601367,48.15095582986239],[11.383118663831036,48.15079335465568],[11.383152591764857,48.150144536730295],[11.383175723563893,48.14972977030746],[11.383177394982821,48.14968040250077],[11.383177507733823,48.149671139626854],[11.383968580236518,48.149760626121676],[11.384004677273577,48.149764955370486],[11.384014470282782,48.149766356445284],[11.384017046445097,48.14943989070285],[11.384020955889769,48.14901908773019],[11.384235465189862,48.14910899125124],[11.385000476592477,48.149429814991684],[11.385530260091464,48.149651830709786],[11.387234243164864,48.14732858215912],[11.38729884650411,48.14735292924194],[11.387461976534656,48.14742131359502],[11.388113399248418,48.147694373934705],[11.388355749171225,48.14777351268511],[11.389146081558351,48.14793041197515],[11.389881083942846,48.14665254015034],[11.389904293454023,48.146612380557734],[11.390137474759628,48.14620541075584],[11.390162041122837,48.14616245784896],[11.39021754433515,48.146065563609575],[11.390266204576708,48.14598060695542],[11.38997922536605,48.145902612219686],[11.389404664780088,48.14574639558631],[11.3894128775793,48.1457338464729],[11.389449699445057,48.145677377828115],[11.389544287846752,48.145532350531724],[11.390633699868985,48.143863467052185],[11.390449595515449,48.14379820051683],[11.390473613426,48.14375597246186],[11.390151979021514,48.14365184267241],[11.390273297331255,48.14346155650935],[11.391275377322957,48.14189217262046],[11.39005513985885,48.14142325827123],[11.390055145698483,48.141422718280936],[11.389757246227758,48.14130855769211],[11.389528774492863,48.141221020824965],[11.389533710966534,48.14121268243838],[11.389550855769794,48.14118327185276],[11.390869948648147,48.13892346269037],[11.391696023869473,48.13750753345691],[11.391890782359653,48.13717351735076],[11.392082572565867,48.13684504507301],[11.392088196289874,48.13683563231293],[11.392102470361317,48.13681106703819],[11.392134876072959,48.136756201918686],[11.392170244982598,48.136696316380764],[11.392173263242226,48.13669120664676],[11.392190001042671,48.13666287755141],[11.392141544117775,48.136648309637515],[11.39148893495026,48.13645019568359],[11.391346648141456,48.13640699095804],[11.390791135803685,48.13622339145593],[11.39049962931832,48.1361302239532],[11.389978748732364,48.13597681184101],[11.390165497847798,48.135439463304714],[11.38917391084716,48.1351326663016],[11.38920002227786,48.13503809686221],[11.389245641047273,48.134918459538255],[11.38899734761563,48.13487586235911],[11.388604744950666,48.13471145042841],[11.388191500845846,48.13457545943442],[11.388248937971056,48.134397412171964],[11.388252284424079,48.13438708687752],[11.38825939601587,48.134365088707284],[11.388284781832617,48.134285356670595],[11.38836187397457,48.1340440949802],[11.388413814977948,48.13388050172348],[11.38841647037819,48.13387197056137],[11.38842486724084,48.133844042182695],[11.388453979117646,48.133746158697726],[11.388467232511566,48.13370467578798],[11.388478188805477,48.13367559285255],[11.388554391341234,48.13343315639041],[11.388514837696158,48.13342683278255],[11.388718623631911,48.13285040013407],[11.388973424898937,48.132898966665934],[11.388992350276615,48.13285508657557],[11.389144600240936,48.132450874354696],[11.38928038743418,48.132050302932434],[11.389381698113848,48.13174814057951],[11.389409467627406,48.13167337675588],[11.38939164673446,48.1316135672884],[11.389388552417026,48.13160284955801],[11.389399049856115,48.131556053946525],[11.389404816150535,48.13151166469076],[11.389406963582276,48.13146662728653],[11.389404675842108,48.13142165604604],[11.389398613500974,48.13137792224215],[11.389388401686716,48.13133299616073],[11.389357815844969,48.13121830902664],[11.389342004076873,48.131170447361725],[11.389324141821445,48.131147675598434],[11.389339011861969,48.13110682207935],[11.389283112762104,48.13109571537599],[11.389219301859269,48.131083034829345],[11.389198083644581,48.1310254284771],[11.389047246528342,48.130616901616435],[11.389031211464596,48.13057354346464],[11.388981029951909,48.1304379686158],[11.388966839011875,48.13039938773833],[11.38890162560949,48.13022198774981],[11.388724080981891,48.129740600787294],[11.388766457934985,48.12967516820107],[11.388882058699204,48.129426731969474],[11.389620302254587,48.12786667461902],[11.389756171223228,48.12788766434319],[11.390757523343924,48.12804416989123],[11.392794737973805,48.128479529912305],[11.393004649287377,48.12852441926113],[11.393101038458045,48.128308681101835],[11.39401669034732,48.12626003733383],[11.394287837008115,48.125653255528036],[11.39442737545291,48.12550912667246],[11.394524094758502,48.12550685221758],[11.39456842751756,48.1255058362488],[11.394595695486004,48.12550535597251],[11.395992178033353,48.12544355199283],[11.398508011851028,48.125332244107824],[11.40104251229289,48.12521955684979],[11.40220261131631,48.12516792511425],[11.402268048253074,48.12516502155178],[11.402296838871921,48.12532633743063],[11.402490911183394,48.12536298823702],[11.402514231550375,48.12536734040782],[11.40263527941367,48.125390199507116],[11.40277535151552,48.12541658268422],[11.403580583762196,48.12556846506662],[11.403746126646682,48.125599665990656],[11.403828219662035,48.12561512669795],[11.403847798737425,48.125618011964605],[11.403931075472906,48.125630212200925],[11.403992492161361,48.12563926175213],[11.405325955025546,48.12583491903018],[11.40803494554153,48.12608174920557],[11.408175735827209,48.126094537497885],[11.408545212071555,48.126141828710416],[11.40896413073993,48.12619551854677],[11.409997422031497,48.12662784514532],[11.411251895369452,48.12705203564075],[11.412087156009692,48.127371684062695],[11.41268225762188,48.1275478238376],[11.412816593850241,48.12751005443639],[11.412883995033242,48.127491054106954],[11.412946415406129,48.12751968680777],[11.413041849930737,48.12756368618833],[11.413351478792805,48.12770171182659],[11.41454036789969,48.128217588264285],[11.415522517913695,48.128683732120436],[11.415624877501495,48.12874262993808],[11.416955409641043,48.12950795438105],[11.41706520732344,48.129574168023865],[11.417394988064597,48.12977312858775],[11.417591395036096,48.129891667120866],[11.41774371522659,48.12998348919609],[11.417919281954998,48.13008939464911],[11.41799959593915,48.13013781303283],[11.418365340935486,48.13035022134721],[11.418822036709836,48.13061566317567],[11.418845149219784,48.13062675220674],[11.418856432038915,48.13063216976032],[11.41927988589449,48.13083553448894],[11.419583693456108,48.13098186754251],[11.420749294493106,48.131540807734424],[11.422353025586025,48.13230238064281],[11.42239170321219,48.132327575967615],[11.422942443964564,48.13269646304604],[11.423196731339424,48.13290054277649],[11.423340113242492,48.133014489976475],[11.42354666366891,48.133299365360585],[11.423570879711242,48.133332672844915],[11.423773986273448,48.13388204206251],[11.42385543801455,48.134097577295435],[11.424047681721511,48.134583583823726],[11.42421650627065,48.13477751924735],[11.424381624645335,48.13496708500873],[11.424544300231927,48.13515373460304],[11.424707523721365,48.13534103194328],[11.424886822148224,48.13547431124754],[11.425066189378027,48.13560771838938],[11.425076982913591,48.13561578023406],[11.425138418850818,48.135661161317884],[11.425335082240096,48.13580646424177],[11.425468275859298,48.13590495055472],[11.425524099640858,48.13594603829093],[11.425542887127556,48.13595988336883],[11.425604542626774,48.13600936348612],[11.425628247278324,48.136028369357],[11.425733992279225,48.13611318329429],[11.425777141297463,48.13614784506978],[11.42577994001345,48.13614992745407],[11.425939354144202,48.1362778601161],[11.425979308718675,48.136309795449094],[11.426079327792229,48.13638994764381],[11.426169885596332,48.13646232659516],[11.426219410502412,48.13650205429274],[11.426258547303863,48.13653345883291],[11.426303925734798,48.13654673402707],[11.42638624295149,48.13657090634677],[11.426423322568244,48.13658171142479],[11.426565203148712,48.13662324015424],[11.42674884694258,48.136677025065204],[11.42680510026275,48.136693400417066],[11.427249626375975,48.13682363938244],[11.427313497812175,48.13684063992081],[11.42737428864058,48.13685682193428],[11.427429452201904,48.13687157340393],[11.427433406101358,48.13686619641493],[11.427627976994712,48.136936493102716],[11.427637652415191,48.136924398865524],[11.427825664905473,48.1369721781453],[11.428017872177135,48.137020734044135],[11.428147163014991,48.13705350299844],[11.42820959310324,48.13707045612654],[11.428314482166988,48.137099129325854],[11.428510709732095,48.137152841559086],[11.428707605808695,48.13720663919955],[11.4289050801135,48.137260574540754],[11.429103204944576,48.137314783717954],[11.42921037208495,48.137343995486724],[11.429388131886665,48.13739270796579],[11.429603806074436,48.13745167749527],[11.429979832076699,48.13755423503217],[11.430437599819076,48.13746961527554],[11.430897974833055,48.13738401802917],[11.431039879443109,48.13735763216807],[11.43138524462878,48.137284199017365],[11.431908292504179,48.137173308025815],[11.431947865165233,48.13716486522867],[11.432060326721267,48.13714175222291],[11.432571955327093,48.13703627283276],[11.432666228702185,48.13701683221784],[11.433061890154473,48.13693526909905],[11.4332489737989,48.13694344794657],[11.433391191868328,48.1369501538228],[11.43380644839616,48.13696865203259],[11.433945664075607,48.136975198589624],[11.43396866700315,48.13697207210509],[11.434005252966802,48.13696748177755],[11.434339899612196,48.13692381577082],[11.434611747412376,48.136888928243664],[11.434629508463303,48.136886585766874],[11.43482410619771,48.13682036959899],[11.435206627090642,48.136690148173365],[11.435536077986919,48.136464627918734],[11.435582649769456,48.1364323980974],[11.435609550307168,48.136405375818896],[11.435611660503978,48.136408892425514],[11.435683983891291,48.13634414175562],[11.435866035445933,48.136197100270934],[11.435912002690353,48.13615875289435],[11.435920772758882,48.136155378973044],[11.436039638892687,48.13610955781002],[11.436224541146306,48.136412078987206],[11.436376278733736,48.136660501870296],[11.436546412013813,48.13693841261953],[11.436691078191267,48.137174830776814],[11.43671102249551,48.13720738482956],[11.436858545071066,48.13744856412924],[11.43701787208507,48.13770712229001],[11.437195923481472,48.1379982006915],[11.437352197234054,48.13825395194912],[11.437353781044493,48.13825656821033],[11.437394029194373,48.138323326753984],[11.43741339792652,48.138353302414295],[11.437434193274239,48.138385498162336],[11.437542651973107,48.13856673397944],[11.437868072657755,48.139093887411434],[11.438240757431089,48.13969818751487],[11.438184180307283,48.13986582168569],[11.438283180449192,48.14003283489795],[11.438376918675685,48.14018814194325],[11.438482287595198,48.14036288570926],[11.438589380563453,48.14054040640472],[11.438724408366813,48.14076478229814],[11.438881254403995,48.1410204590031],[11.4392369215111,48.141600389235016],[11.439252889917304,48.14155498261581],[11.439586721062126,48.14210669029141],[11.439713179700194,48.14231517413851],[11.439838060232978,48.1425214571972],[11.43991676095478,48.14264925381608],[11.44000971482818,48.14280116238611],[11.44010651076888,48.142958411369094],[11.440135148412748,48.14300658217294],[11.440193644142353,48.143102120418824],[11.440299541518668,48.14327532613248],[11.44040560644537,48.14344839231998],[11.440506311259442,48.14361163866346],[11.440624936355219,48.143803192009585],[11.440730270322025,48.14397565257205],[11.440833917077494,48.144145831941536],[11.440961166579415,48.14435467010053],[11.441078197660666,48.14454550822328],[11.441207416071267,48.1447571214909],[11.441337081148172,48.14496894466554],[11.441388436348939,48.145054552862945],[11.44140547283702,48.145082249665705],[11.441496037113259,48.14522965039329],[11.44152369746184,48.14531763099576],[11.441524348082375,48.14531961198977],[11.441615442934712,48.1454794795579],[11.441627216704603,48.14549815267386],[11.441640140004427,48.145518638715075],[11.441647549820567,48.14551660696413],[11.441661525110414,48.14551622623083],[11.441718618386833,48.14562979639018],[11.44177268838492,48.14573730865036],[11.441877618621044,48.14590250916598],[11.442182156311416,48.14641510549506],[11.442360870227379,48.14671607100909],[11.442372575012657,48.14667646646819],[11.442646008593899,48.14710104460816],[11.442752408524308,48.14726621126366],[11.442759150073236,48.147264259337405],[11.442823602238146,48.147245590380436],[11.443086927527931,48.14759756916146],[11.44327848586761,48.147853458891234],[11.443580993555928,48.14825881964793],[11.443921715919506,48.14863582058823],[11.4438427412902,48.14864489788269],[11.44403463476818,48.14881787667798],[11.44407641752852,48.148855494870816],[11.444089054386122,48.14886733710093],[11.444203854639403,48.14896193264001],[11.444250519903008,48.14899740257172],[11.44428491835037,48.14902355529654],[11.444305448397023,48.14903948193056],[11.444607806229449,48.149273183198325],[11.444702155192537,48.149337234787026],[11.445044749074508,48.149569797871735],[11.445190045469362,48.14965568395118],[11.445427983254826,48.14979643890128],[11.445518154200087,48.149846977623895],[11.445652272820372,48.14992165582594],[11.445801818597687,48.15000558541208],[11.446105096303446,48.15015620137336],[11.44657476310514,48.15036924508],[11.447038812559077,48.150553073564076],[11.447113503541061,48.15057852008559],[11.44755737894506,48.150731533929466],[11.448189524006798,48.15092725870008],[11.448610144489018,48.15102625335704],[11.448702916992662,48.1510463088242],[11.448729056386364,48.15105201141932],[11.449801968467831,48.151278996510186],[11.451173387801333,48.15155352651147],[11.451537887823726,48.15156572252449],[11.451674959881954,48.1516023570848],[11.452013514216416,48.15164256405799],[11.453276361285416,48.151693124804375],[11.453416655563123,48.15220191167968],[11.453559267638463,48.152668963631335],[11.45293116101369,48.15278765498881],[11.452735070655221,48.1528259321311],[11.452726989774034,48.15282724199799],[11.452687784777751,48.15283505960521],[11.452448546641193,48.15288285134475],[11.452435380335016,48.15287028890832],[11.45218722160684,48.1529170450396],[11.452175629361387,48.15292040575054],[11.45200677287626,48.152952953519886],[11.451978765735737,48.15295839307504],[11.45180915498284,48.152992922681186],[11.451626021280807,48.153025069181616],[11.451513088486303,48.15305683749111],[11.451174748818785,48.15314807213325],[11.450640179157936,48.15326481165812],[11.450493562664642,48.15329275092688],[11.450375594351545,48.15331574645639],[11.449978465436901,48.15339950366095],[11.449555768575262,48.15348817224609],[11.449341126968147,48.153529891213005],[11.44928025151507,48.15353988919238],[11.448962205665179,48.153582237502256],[11.448895446467215,48.15359103712757],[11.448558396522518,48.15368165346015],[11.44759745729192,48.15413115166563],[11.447357103436138,48.15427387471887],[11.44733545804273,48.15428654413139],[11.447120119022294,48.15441232079243],[11.446465608571707,48.154794387497844],[11.446271919709261,48.15491963127708],[11.445875397080462,48.155182151900384],[11.445016761277092,48.15576839272342],[11.444491149242864,48.15613457296649],[11.444068904153566,48.156428607825994],[11.443632837156061,48.156740623059804],[11.443464770011628,48.15686156938356],[11.443253109031941,48.157013809429515],[11.443038378804397,48.15716518847232],[11.44293321135893,48.15724219607591],[11.442830077392538,48.15731768469485],[11.442845403228265,48.15733035256167],[11.442818572642286,48.157349646699906],[11.44263384471786,48.157480580944444],[11.442576587569075,48.157520931767124],[11.442448317628662,48.15761135731864],[11.44237274606295,48.15766392687736],[11.442261318408239,48.15774142596187],[11.442072710679208,48.157870718683256],[11.441964180356964,48.15794425622118],[11.44188330683554,48.15799904004913],[11.441692564598766,48.158126524851966],[11.441500490300974,48.15825316485251],[11.441306808616849,48.15837896769475],[11.441112451949017,48.1585038010844],[11.440916258994104,48.15862784805534],[11.440719222398975,48.15875080047729],[11.44052073121168,48.15887304653492],[11.440321308170617,48.15899452112928],[11.44012041505221,48.15911484968118],[11.439918450809609,48.15923444750718],[11.439715272694379,48.159352970317144],[11.439510992303362,48.15947064427966],[11.439305538668297,48.15958744750161],[11.43909919460905,48.15970333168186],[11.438892089422023,48.159818499221224],[11.438732858199572,48.15990634313429],[11.4384774050389,48.16004456835604],[11.438203442013343,48.160183832804634],[11.43782350826458,48.160376761710694],[11.437618875027077,48.160480840428676],[11.437414454441745,48.160584599341],[11.437231092722612,48.16067777955623],[11.437210404379138,48.16068901406273],[11.43701284483322,48.160797535001215],[11.436825322872492,48.16090029911642],[11.436617398237095,48.16101430205675],[11.436267647344954,48.16120619413912],[11.435605647348487,48.16156936946438],[11.435179251665243,48.16180325006728],[11.434924737051343,48.161942832133406],[11.43460058163373,48.162119685554345],[11.434082355261243,48.162402406563594],[11.432924956806348,48.16303415785173],[11.433028595403206,48.16310669971489],[11.433181157778968,48.16324037209809],[11.433235882732376,48.163288385169245],[11.433725403397665,48.16363818755989],[11.43376383997469,48.16366490659696],[11.433822690325005,48.163705661630964],[11.433934188729273,48.16376240425537],[11.433791317723156,48.16406156640201],[11.433773297456673,48.164099290909],[11.433787915581783,48.16412607814348],[11.433805627258959,48.164258650153876],[11.433839537826287,48.16431359672544],[11.433879429651652,48.16437451168749],[11.43401426538481,48.16446172038935],[11.434149982054452,48.16456871986077],[11.434289957841365,48.164722399572796],[11.434346429084183,48.16480408543085],[11.434527464483573,48.16504578780745],[11.43461509651565,48.16516909661136],[11.434708674269203,48.16529048247414],[11.434852182677973,48.16546653348289],[11.434942672740114,48.16557617586323],[11.43512436306776,48.16576871464447],[11.435446973708535,48.16599990313698],[11.435736767851495,48.166185308299994],[11.435869892465364,48.16629755064267],[11.435903986241174,48.16632628118185],[11.436057552132572,48.16645655159248],[11.436249172766665,48.16661816398314],[11.43639350399103,48.16675115726889],[11.43665098714723,48.16695506285472],[11.436772766034414,48.16703931865224],[11.43698563135643,48.16718559140516],[11.437198465318277,48.16733194271156],[11.437424624722762,48.16748913310098],[11.437698522716298,48.16765028767057],[11.438222221802185,48.16794361595026],[11.438380129086939,48.168032498353476],[11.438408865565174,48.16804847228642],[11.438441049253617,48.16806878017272],[11.439613547555519,48.16881679404599],[11.44006740436081,48.169191005506704],[11.44030117619955,48.16939700457652],[11.440380252027163,48.16946667300955],[11.44029244226499,48.169632155434606],[11.440262587224414,48.16968836730315],[11.440222377591784,48.16976407782338],[11.4401887278755,48.169818590506274],[11.440146511246013,48.16987035905446],[11.440096270899902,48.16991875557076],[11.440152241580787,48.169925420033785],[11.44014403922657,48.1699505586903],[11.44013198607567,48.169959041404525],[11.439947324867456,48.170079729940014],[11.439886249347378,48.170119628606045],[11.439836143992114,48.17015220308178],[11.43888209567302,48.17077572192193],[11.438213244542078,48.171212712876454],[11.438198888783688,48.171222802673654],[11.438185732585064,48.171233708305856],[11.438173913746509,48.171245158714136],[11.438163432586077,48.171257245669835],[11.438154290173307,48.171269878272746],[11.438146755188777,48.171282878962785],[11.43814027915733,48.171297502877955],[11.438135679700203,48.17131249726681],[11.438132960386048,48.171327682097626],[11.438132255492688,48.171342967242026],[11.438133432694213,48.17135817195307],[11.438136493336089,48.171373296202106],[11.438141571696196,48.17138824986052],[11.438148400982552,48.17140285323518],[11.438157117885565,48.171416925268225],[11.438167722449087,48.17143046685803],[11.438179811020635,48.17144347577353],[11.438193655805762,48.171455593522964],[11.438208853615734,48.171466997821575],[11.43916564937839,48.17212172745571],[11.439410562199091,48.17228961996782],[11.43943111838487,48.172303660057516],[11.439451406626953,48.17231760955654],[11.43933458854582,48.172548570524455],[11.439314106767139,48.17257705878649],[11.439104517414,48.172870581422025],[11.438841128545354,48.17307460633275],[11.43859041111095,48.173225446441236],[11.438255483103013,48.17343013009693],[11.438055754479613,48.173557045002084],[11.43805534770652,48.17355740274951],[11.437988983127507,48.17361551799475],[11.437877733585976,48.173783499643015],[11.437795539671976,48.17392427071314],[11.437699018415968,48.174175994458665],[11.437607763535128,48.1744964305894],[11.437548420257638,48.17470481201197],[11.437535823704383,48.17474742295165],[11.438969718021673,48.17478156976594],[11.439838743464824,48.174821865777965],[11.440574480645303,48.174973446407584],[11.441888558193002,48.17539601268773],[11.441856548469302,48.175418228408134],[11.441678129764535,48.17554159510094],[11.441659426759276,48.17555454094249],[11.440841005750096,48.17606026009725],[11.439898895243799,48.176669561929764],[11.43988832909947,48.17667661386417],[11.438589450360722,48.17751839740813],[11.438487417525751,48.177586872440386],[11.438452356657185,48.17761039545019],[11.438416501633137,48.177634449079314],[11.43830276150618,48.177710781868825],[11.43826577352245,48.177737045961514],[11.437603604954422,48.17821081767513],[11.43712359297378,48.17873735993883],[11.436936430623463,48.17894256322165],[11.436574173104736,48.17943354373838],[11.436482935778985,48.180192521988815],[11.436499712191498,48.18077010104884],[11.436510078385702,48.18162537733306],[11.436548261306205,48.18235470629556],[11.43685214627766,48.18293477698735],[11.437476094437123,48.18354487672313],[11.437491834608021,48.18355646485675],[11.437539057131826,48.18359104384744],[11.436585763715438,48.18412345045196],[11.43650055875213,48.184167987980565],[11.436016010164053,48.184417937181486],[11.435593300007502,48.1845956428904],[11.435317703821047,48.18469412901546],[11.43528605488781,48.18470613799266],[11.435137189542685,48.18475962520852],[11.434937706199339,48.184831261933304],[11.43379079561079,48.18524338896919],[11.433627295171716,48.185302114123],[11.432364994707225,48.185753111095096],[11.431648518290478,48.18600899985675],[11.431489938743576,48.18606686557306],[11.431533822807632,48.186089109720484],[11.431404263563596,48.18646438339231],[11.431239331941072,48.18679849013735],[11.431091116757777,48.18709906806711],[11.430906619792658,48.1875511425436],[11.43084477249669,48.187662324860646],[11.430839140168182,48.18778196699519],[11.430752803388069,48.18801118205404],[11.430421866226764,48.18870031595134],[11.43040121220824,48.18874311622598],[11.43038835854765,48.18876981551734],[11.432378588928069,48.189135549834305],[11.433312900481043,48.18928742087524],[11.434218653125878,48.18942200901667],[11.43498611025935,48.18948269982501],[11.435551752868829,48.189549443652645],[11.436534890462816,48.189694190761585],[11.437518179735816,48.189888608428994],[11.437551797724817,48.1900728176953],[11.437567622181474,48.190194635005675],[11.437585305019368,48.19037648390182],[11.4376114786574,48.19070098709192],[11.437630499761193,48.19094091617219],[11.437639597895213,48.191145651291656],[11.437649324667875,48.19138762029601],[11.437650921241742,48.19161853705286],[11.437646336376186,48.19184870136996],[11.43763679396347,48.19216024784093],[11.43761176117251,48.19255913420937],[11.437591470928998,48.19271754146681],[11.437570947201456,48.19289734589818],[11.437543018222588,48.19309434293001],[11.437502939196879,48.19336641697318],[11.437444321752418,48.19373208959951],[11.437385611516024,48.19401647638943],[11.437331512829902,48.194248517894025],[11.437236809429285,48.19467644130241],[11.43714686991388,48.195050761851526],[11.436992208073535,48.19563449007403],[11.436885290382017,48.19604000225588],[11.436802981642272,48.19635616002102],[11.436754078704816,48.1965594159413],[11.436697506610775,48.196814261275016],[11.43662371993301,48.197178664162315],[11.436580904705126,48.197493153647514],[11.436561519259177,48.19773696178398],[11.43655079767807,48.19792005364317],[11.436548711807307,48.19810117540383],[11.436566422288578,48.198363963144196],[11.436607151462514,48.19869607554656],[11.436629443181355,48.19884958621137],[11.436685106156931,48.19910693697895],[11.436744061239988,48.199319830975504],[11.436796616215219,48.19947572571391],[11.436882083854874,48.19969571173864],[11.436977902459619,48.19990710842127],[11.437040200082414,48.20004473066795],[11.437190675900199,48.20030679410563],[11.437314722575735,48.200515473644785],[11.437437473658361,48.20070602392801],[11.43760203530721,48.20092494690584],[11.437919684827417,48.20130144855629],[11.438151565248283,48.201547749600564],[11.43841653987206,48.20179527515916],[11.438729439445162,48.20206208636745],[11.43920219903592,48.20241027020922],[11.439494745902145,48.20260373418789],[11.439793573872782,48.20278314539611],[11.44020899589958,48.203012400791394],[11.440618880478217,48.203211475919844],[11.441030422859562,48.20339139140805],[11.441621935846964,48.20361742505521],[11.441925676493142,48.20371976570561],[11.442227354052237,48.20381034433137],[11.442445286869194,48.203868559459615],[11.440390722265738,48.20389970285644],[11.439388352556168,48.2039260559888],[11.438275332207889,48.20396761266553],[11.437111194911328,48.20400995486848],[11.4347200354377,48.204141182555325],[11.433436033517623,48.204216625145705],[11.432581667610574,48.20426901696196],[11.431905084399073,48.20430871927856],[11.4319429399708,48.204494227525416]]]},"geometry_name":"shape","properties":{"sb_nummer":"22","sb_name":"Aubing-Lochhausen-Langwied","flaeche_qm":34057321.80287}},{"type":"Feature","id":"vablock_stadtbezirk.23","geometry":{"type":"Polygon","coordinates":[[[11.478033476360855,48.130547577255264],[11.477907109373536,48.13081603097993],[11.47789616172671,48.13083839746709],[11.477737433426968,48.13080146781797],[11.477627676246847,48.13077598690309],[11.47724463495408,48.13069418602731],[11.47697689649612,48.130641038260194],[11.476775545670767,48.13060112223632],[11.476557906108555,48.13055860845573],[11.476444164306061,48.13053697254419],[11.475577838865341,48.13037535571728],[11.475024704059186,48.130274175982926],[11.474863904677962,48.13024468956362],[11.473908033975484,48.130063764383166],[11.473722898944409,48.1299594098876],[11.47309784490863,48.12960763088239],[11.47302520787541,48.129563715873914],[11.472916197181219,48.12949992207555],[11.473026140052154,48.12941379995001],[11.472996211963784,48.129409970559514],[11.47285677366037,48.1293920399125],[11.47270543732099,48.12937264393722],[11.47258135985769,48.12935671452581],[11.47255400465229,48.129352275364845],[11.472490443728342,48.12934200030998],[11.472122764341787,48.12928212149825],[11.471936111408287,48.12925171086994],[11.471747445626917,48.12922111110832],[11.471669404812218,48.12920844243042],[11.471604093151976,48.12919878762241],[11.471460324524742,48.1291777038234],[11.47135355091624,48.12916201801793],[11.471278419193803,48.12915098078559],[11.471207311495672,48.12914050117778],[11.471171616717768,48.12913575522438],[11.4710331668324,48.129117330511654],[11.470978572020726,48.12910998130062],[11.470786896839485,48.12908448172191],[11.47059643361857,48.129059166305915],[11.47040704231291,48.129033889605566],[11.470313955816588,48.12902148061864],[11.470218958844628,48.129008190359436],[11.470089204263093,48.1289900723927],[11.469665207166479,48.12894499982403],[11.469669317655317,48.1288580467275],[11.468569157436766,48.128913540652704],[11.468594039026542,48.12882551584232],[11.46830204175455,48.12876681278372],[11.467893349280667,48.12867871611621],[11.46693143921572,48.12847793604124],[11.466458730515011,48.12839431793289],[11.466441437061736,48.12839126558253],[11.466195666389059,48.12835776188923],[11.46593233609438,48.12832175802966],[11.465809041033419,48.12830581801173],[11.465669097852727,48.12828584426937],[11.465576916487144,48.12827328244906],[11.46501513043032,48.12823195388417],[11.465010745636706,48.128231745655825],[11.46500062593489,48.128231258296346],[11.464968940850897,48.128228685536065],[11.46499721526858,48.12802905721216],[11.465017906752514,48.12788284920055],[11.465073562207163,48.12734035540537],[11.465102756114488,48.127152563809226],[11.465106927284069,48.12712568937805],[11.465127537366792,48.126990339923246],[11.465025035371609,48.12661784520927],[11.46495386790356,48.12583036835823],[11.464840132805534,48.12531315759901],[11.464744499277161,48.124793172024646],[11.464721853126047,48.12440042947089],[11.464740886548936,48.12414578473539],[11.464746945871312,48.124066775598045],[11.464756133946894,48.12400997539946],[11.464763239802704,48.123964170315354],[11.464792658459682,48.12377908674581],[11.464807254356167,48.12368031680014],[11.464818251072305,48.12361750587999],[11.464829832448286,48.12353743165338],[11.464830854120128,48.12350380620179],[11.464829195916028,48.12346944824387],[11.464826244679921,48.123430229478814],[11.464821637013568,48.12339531845866],[11.464786777258716,48.12320946553689],[11.464781756415476,48.12312723626657],[11.4647658032165,48.1230873193368],[11.464769256078386,48.12306601921373],[11.464801629191733,48.12281731290153],[11.464851288484669,48.122450025792446],[11.464877176150946,48.12234843920053],[11.464880695597243,48.12227957207823],[11.464946026434312,48.12196206415237],[11.464993216432822,48.12189385064422],[11.465093189369023,48.12150217633042],[11.465266405083725,48.12117580313661],[11.465359772433937,48.12092786593258],[11.465425784774629,48.12075413120188],[11.465566548519122,48.12030983480635],[11.465628181526311,48.119951881924116],[11.46564814193889,48.11961059149327],[11.465643379896068,48.11897726600116],[11.465664591758912,48.11852801885655],[11.46565677159053,48.1182711428509],[11.465655795872358,48.11823597301279],[11.465654663171158,48.11820055550299],[11.465654483191734,48.118194607256314],[11.465654318670117,48.11818471579812],[11.46565390112495,48.11817338470915],[11.465647656428063,48.11796178829202],[11.465487016384774,48.11725851009652],[11.465403545403122,48.11690199373401],[11.46538098377601,48.116824009124336],[11.465099067495165,48.115843666936634],[11.465069977099972,48.115471199570365],[11.465065050595541,48.115003584424514],[11.46506232184655,48.11473101552156],[11.465062114131802,48.11471303137121],[11.465062068895616,48.11470475876994],[11.464254730063029,48.114607016251576],[11.46339328117606,48.11450164396149],[11.463378662382416,48.114321092461296],[11.463375733938413,48.11429087912652],[11.463363151581202,48.11414557101845],[11.46333761563015,48.11406972380266],[11.463297479232416,48.113946501729984],[11.463264201811361,48.113796239606955],[11.463247063779034,48.11363705543767],[11.463247150293226,48.11359028697907],[11.463261574230964,48.11346947321139],[11.4633202544716,48.113251636056226],[11.463329225338446,48.11322847290695],[11.463415637968755,48.11300392772921],[11.463451841399005,48.11290642645761],[11.463472684748831,48.112826576491344],[11.46348616311466,48.11275775665778],[11.463512689064816,48.1125711074366],[11.463514049613407,48.11251805629941],[11.463517763640462,48.11238110770275],[11.463502356676806,48.112210418577966],[11.46347099103003,48.11208921470114],[11.46334367137849,48.11180729491321],[11.46329687886464,48.11163115671276],[11.4632343247881,48.11141132346919],[11.463225359598994,48.11137053927634],[11.463186612375363,48.111099889028225],[11.463203810111349,48.110916241837984],[11.46320492695989,48.11090441983013],[11.463209363665154,48.11087309564325],[11.46325057077409,48.11083613928193],[11.463269952656368,48.11081896050044],[11.463292997783439,48.11079819936451],[11.463264234003114,48.11058271442434],[11.463290884688272,48.10987208464708],[11.463313584162984,48.109458251880625],[11.463413105805545,48.10934090002778],[11.463429536554683,48.109310485600346],[11.463505114112992,48.109170705255174],[11.463529965537148,48.10907970902913],[11.4635758218777,48.108802904406865],[11.463576834265067,48.10879589581437],[11.463589056589614,48.10870496170887],[11.463599089090307,48.10863128037617],[11.463575882325344,48.10840905198734],[11.463492770631065,48.1081352511847],[11.463425289012516,48.1079856398615],[11.463395858014907,48.107909774471],[11.463334914431824,48.10775254829759],[11.463283627891677,48.107547013938486],[11.463243934830913,48.10732425724688],[11.46322290552031,48.10703709271313],[11.463212778318727,48.106952681848334],[11.463182766147977,48.10684443727638],[11.463155258010048,48.10665284172021],[11.463142162579594,48.10653163275494],[11.463118370075914,48.106276542906784],[11.463097338334086,48.10606604238294],[11.46306240560158,48.10571898620167],[11.46297049608199,48.10525469432787],[11.463893995315026,48.10524540310929],[11.464303505907575,48.10524128532357],[11.465259201109356,48.10523176289017],[11.465363416858125,48.105230620922995],[11.466385803048771,48.10523374195587],[11.46723647576093,48.10522807524195],[11.468559563868059,48.105207394039745],[11.469636013368333,48.10520389294022],[11.469688842571056,48.10583335807101],[11.470867368019533,48.10539423058104],[11.471319763829126,48.10527823427356],[11.472042031641074,48.10509280889266],[11.473009899228824,48.10490097961573],[11.473353585907528,48.10484657897017],[11.473640266995165,48.10480114239779],[11.473911688167831,48.104758178014734],[11.47441544019574,48.10467855214793],[11.47473652781511,48.1046277061228],[11.474852492117781,48.104604561595686],[11.474488910525858,48.103906611102886],[11.474541160807894,48.103891650132944],[11.47456082411965,48.103885804320505],[11.474634353383935,48.10386401070014],[11.474583550108788,48.10380398332729],[11.474071999385409,48.10319985654974],[11.472849964615728,48.101750894875465],[11.471788496952833,48.10049998210938],[11.470913497732695,48.099457972133706],[11.470850649464772,48.099379160834836],[11.4711855091669,48.09899112338133],[11.473967940840996,48.09577418951892],[11.474242641279258,48.09585438196758],[11.474325090039255,48.09587841264823],[11.474769667092897,48.09602587001127],[11.475215003105614,48.09615090084549],[11.475660344977571,48.096276036007175],[11.476209289084247,48.096451944363864],[11.476328398759321,48.09652783727592],[11.476789269056821,48.09662768377432],[11.47715569589868,48.09672252555059],[11.478408397265516,48.097057851235775],[11.478673155283566,48.09711033068092],[11.478933217762822,48.09721019502212],[11.47930153512448,48.09730546515533],[11.479573943783354,48.09741325144394],[11.479868435927456,48.097496046269896],[11.479898693108233,48.097504551028955],[11.480108004223474,48.09756027955758],[11.480137820966783,48.097504757251215],[11.480251113802487,48.09728087769969],[11.480536112139536,48.0966973608336],[11.480558153074695,48.09665430473543],[11.480639751964464,48.096485060943984],[11.480676684561272,48.09649736420722],[11.48094288787025,48.09659422012134],[11.48183034524495,48.09573504480589],[11.481909013040225,48.095695022539104],[11.481954422993667,48.09567284024199],[11.481965567120564,48.09566739589568],[11.481983133283277,48.09565880564788],[11.482022995159722,48.09563931483587],[11.482007164616174,48.09562467628941],[11.482013908676167,48.09562146764059],[11.482029738873862,48.095636015314476],[11.482107098437412,48.09557770407607],[11.482147476530283,48.095392058691104],[11.486451156635047,48.09591554914366],[11.487032064203579,48.09606297408025],[11.487035954841247,48.09606335142156],[11.48702760682879,48.09613265800019],[11.48714278068836,48.09614891643094],[11.487159273045469,48.0961512388537],[11.487288639080596,48.09616944287026],[11.48737045387783,48.09620118377113],[11.48750800305463,48.09626912190023],[11.489994325012539,48.097510802540526],[11.494337376160658,48.09934831924914],[11.494573404358576,48.09926399825533],[11.495362716087195,48.09966417393111],[11.49920048398323,48.101610015521295],[11.499088865248744,48.101708107851024],[11.499128079388313,48.10189787330856],[11.499201540037868,48.10193514588002],[11.499639854517326,48.10215747854674],[11.499919932973528,48.102132056580444],[11.499973167816083,48.102084719440654],[11.499969691537173,48.10208317548093],[11.499997183598897,48.10205892864096],[11.500033260483704,48.102077336835144],[11.50000970042262,48.10209809506922],[11.500269251473641,48.10223140464131],[11.50029180481429,48.102245711668324],[11.500311238986296,48.102263425734485],[11.500312606523355,48.10226082344993],[11.500320242456263,48.10226265655421],[11.500315063221764,48.102270727992035],[11.500345708303058,48.10229559609393],[11.500564365090307,48.10230195699227],[11.500583005082355,48.10230344251414],[11.500823911165329,48.10232262914364],[11.500838379589684,48.10232557224808],[11.500939828277943,48.102345435099544],[11.501474562234916,48.1026164761124],[11.501567974783034,48.10266382310843],[11.501496861337062,48.102921692016444],[11.501484259135992,48.103150332548985],[11.501514096584359,48.103552092344785],[11.50153618701278,48.103668879601095],[11.501557482449314,48.10375149917807],[11.50158896886228,48.103862034246106],[11.501621644498355,48.10395782546389],[11.502040200211816,48.10506852164844],[11.502088908774375,48.105271949548694],[11.50212385780112,48.10547484308255],[11.50216614290438,48.105856331691264],[11.502267532097038,48.109053949467935],[11.502343377213915,48.11180845756048],[11.50232410550728,48.1121023081774],[11.50235017858864,48.11307170654972],[11.502408817565268,48.11593890820014],[11.502430262171702,48.11629958005157],[11.502441098155295,48.1164730021835],[11.502461039420636,48.11763923903645],[11.502580238623146,48.121763601180106],[11.502656512341057,48.1243489448448],[11.502690533027188,48.125817472665084],[11.502249513814983,48.12582286580352],[11.501252270161652,48.125802206714454],[11.500267775134375,48.12573516962653],[11.499069288918701,48.125588632675274],[11.49797706977905,48.12539508401624],[11.497652084199009,48.125991592135016],[11.497245891476995,48.12650304131679],[11.496555972848643,48.12711844202843],[11.495607362962298,48.12780877124506],[11.494819555808439,48.12827850372297],[11.494153443281197,48.12865003133599],[11.494078402522206,48.12869158810792],[11.493330011149268,48.12907424446862],[11.49256049910347,48.12939941850602],[11.492160590117631,48.129525240735106],[11.491707281512573,48.12967082494931],[11.491037090103498,48.12981646107009],[11.490304843087811,48.129889755777924],[11.489644211411179,48.12993019074478],[11.489594461399676,48.129935576373185],[11.488253595723984,48.13007520584459],[11.484058353008757,48.130168441443224],[11.483625619850793,48.13016777638539],[11.482978201633324,48.13011651087987],[11.481990996185484,48.129975190399506],[11.478744138476657,48.1293311323834],[11.478657875742872,48.129313054590085],[11.478033476360855,48.130547577255264]]]},"geometry_name":"shape","properties":{"sb_nummer":"20","sb_name":"Hadern","flaeche_qm":9223789.35113}},{"type":"Feature","id":"vablock_stadtbezirk.24","geometry":{"type":"Polygon","coordinates":[[[11.695201503450559,48.18020633524315],[11.694801139856692,48.180465100498424],[11.693606365753077,48.18122480655456],[11.693294181715771,48.18147473401827],[11.692211711314064,48.18234110694905],[11.692152648303892,48.1823883377406],[11.691978316359107,48.182527923128816],[11.691908012113927,48.182544737663086],[11.691486082788298,48.182601232992994],[11.690805683651602,48.18269003853889],[11.690664493329932,48.182702177246284],[11.690508933826424,48.18271553593217],[11.690363431261938,48.18272801191508],[11.690218419788932,48.182740386232226],[11.690203748458403,48.182741693504646],[11.690126224816401,48.18274830672677],[11.690071869873782,48.182750130287616],[11.689796266600117,48.18275964778313],[11.689656933815609,48.18276440749071],[11.68951840795982,48.18276916073355],[11.689380688300867,48.18277391922916],[11.688966993259626,48.182788083899005],[11.688967031380805,48.18278716701109],[11.689009179543103,48.18182069769655],[11.689008482270143,48.18182033160416],[11.688619445570199,48.181616765699104],[11.688265207187278,48.18143154355853],[11.687626162969707,48.18088229299125],[11.686831894410282,48.180372054252956],[11.686103480234289,48.18049275251394],[11.686047061080355,48.180502169962374],[11.685976496465464,48.180513807714995],[11.685919942884311,48.180523228243814],[11.68543117846871,48.18060419635092],[11.684898662891015,48.18069239357867],[11.684396367706938,48.18077559008399],[11.684155987872453,48.18081541479597],[11.68387751481831,48.18086215047036],[11.68335503556413,48.18094986937015],[11.683106022800787,48.18099164544146],[11.682874788375832,48.181030408936024],[11.68241853768894,48.18110694170986],[11.681951992350449,48.18118523997145],[11.681649496978313,48.18123603218294],[11.681382474245135,48.181280776759735],[11.681190643748346,48.1813022866222],[11.681137497365615,48.181308166433006],[11.680748513480763,48.18135116526578],[11.680082889617612,48.18142474633952],[11.679389141782089,48.18150140718626],[11.6787029769354,48.18157735882042],[11.677905869568528,48.18163950553663],[11.677120104457238,48.18170068233228],[11.676759439718644,48.18172879531649],[11.676705226601571,48.181732966714456],[11.676353798094597,48.18176002279314],[11.675642744309686,48.18181471944648],[11.674961772080794,48.18186701058887],[11.674568414704403,48.181897274440296],[11.674294309090492,48.18192179865265],[11.673648772222688,48.18197962130868],[11.672969378298529,48.182040474936436],[11.67235794139176,48.18209520686212],[11.672276002523779,48.182103354906076],[11.67219096689439,48.18211184936641],[11.669171240195396,48.18241284155704],[11.668165542349605,48.18248635082942],[11.665814430022392,48.182660769648905],[11.66420906812849,48.18276257514828],[11.662201325514811,48.18288586629305],[11.662104060063148,48.18281229717058],[11.66206785027429,48.18269770314119],[11.662065763772413,48.18268789421768],[11.662045522192946,48.18259503274988],[11.662078745329888,48.182513924480666],[11.662059685080424,48.182487069936144],[11.66198677219796,48.18238441461191],[11.661908943351586,48.18227472336876],[11.66183433617827,48.18216973804271],[11.661763460877669,48.1820698022378],[11.661697248049942,48.181976622008825],[11.661628769216879,48.1818801856911],[11.66120353118686,48.181899346913454],[11.6611178108343,48.181801705375264],[11.661014646794966,48.181684316896515],[11.660990155590607,48.18149195335362],[11.660990381864032,48.18148852888361],[11.661000747807472,48.181387331540314],[11.661012325490836,48.18127851363791],[11.661012426595706,48.18127747832889],[11.660919594189961,48.18128231910587],[11.660872900370862,48.18128478278835],[11.661142679530062,48.18058074805808],[11.661151494362949,48.18047405466629],[11.661053662943687,48.18006583351635],[11.661032775495196,48.179852165644554],[11.66104992556681,48.17971310961553],[11.661087953099107,48.17964465392937],[11.661362040811046,48.17940885595874],[11.661969007318243,48.179017867178885],[11.66258806103838,48.178618856703096],[11.66289450331584,48.17842090635819],[11.663370050571839,48.17811384819965],[11.66368052196489,48.17791328286369],[11.664045532138267,48.17767743950396],[11.664225953564639,48.17756087041287],[11.66440976068114,48.17744215296813],[11.664447378105157,48.17741779572181],[11.664499678607896,48.177391208309835],[11.664595486983847,48.1773760288759],[11.664780030889252,48.17738569488416],[11.664932092314,48.17737604867318],[11.664956753864544,48.17736647856687],[11.664973538658229,48.17736005152681],[11.665282880717488,48.177192543162896],[11.665346210107801,48.1771456303748],[11.665477174401445,48.177048292753106],[11.66551032915743,48.17702376516584],[11.665670193819327,48.17681375615841],[11.665713762645527,48.176707047644754],[11.665630027517969,48.17647040483949],[11.665590603002327,48.17635875496113],[11.66552694425513,48.17617886885592],[11.66166080666818,48.175867794628836],[11.661607467311189,48.175863492272235],[11.658124863834047,48.17558287698874],[11.658099337126815,48.17558082676602],[11.658077707401509,48.17557905618027],[11.658072466946965,48.17557868165324],[11.655807038583186,48.17539478158478],[11.655048845374518,48.17533351844742],[11.65496727130336,48.175326983546775],[11.65455104069704,48.17529262349364],[11.654448093489462,48.17528412118418],[11.654116408949127,48.17525743817417],[11.653404336962483,48.175199160230974],[11.652183498200301,48.1750996310425],[11.65203349572145,48.17508740986329],[11.652019651496545,48.175086289806664],[11.651758085531839,48.17506510845193],[11.651730397841177,48.17506277827352],[11.651007980745721,48.17500387218174],[11.65099293396532,48.17500264928345],[11.650942150906717,48.17499852502793],[11.650929791167044,48.17499749475408],[11.650986363473939,48.17454637348334],[11.649675129812389,48.17453244451326],[11.64826210855863,48.17452237147595],[11.648267911870187,48.17422479004449],[11.64826978496844,48.174130088231514],[11.648222201652752,48.174127157722815],[11.648157547110992,48.174123366424446],[11.648020315080055,48.17411522042664],[11.648020324940148,48.174113871403854],[11.647614994796934,48.174091155479694],[11.647575473833781,48.17408869842936],[11.645904380472528,48.17398903436866],[11.645693724620548,48.17397742274153],[11.6457151791736,48.17394672872871],[11.645792571191521,48.173816910546854],[11.64585790966821,48.17368714859027],[11.64578620747932,48.17369134022093],[11.645530063378088,48.17370533594965],[11.645397053043274,48.1737125588986],[11.64530972345526,48.17371730627107],[11.645121841556374,48.17372750120368],[11.643840706262564,48.17379943960055],[11.643788264286488,48.17380233638737],[11.643667915184693,48.173809250632715],[11.64362058295383,48.173811713018424],[11.64354528023863,48.1738159771101],[11.641337972367825,48.17393901612677],[11.641026087262116,48.17342232026822],[11.64101133547367,48.17339808058838],[11.640930944352103,48.1734192339573],[11.640349438355415,48.17358686251274],[11.640256759548432,48.17361346806907],[11.63987569989,48.17372300841373],[11.63889921744083,48.17394785663534],[11.638424633241653,48.17405702834975],[11.638261920738504,48.17409949898725],[11.638179870018185,48.1741209134812],[11.637597158970507,48.1742732249454],[11.636555359932295,48.17466554897166],[11.636468799436422,48.17469666206386],[11.635997135767868,48.174871160998855],[11.635912147677143,48.17490713517349],[11.635943903227847,48.17490480845847],[11.63598521407163,48.174901612817486],[11.636227735684638,48.17496137710067],[11.636448140487001,48.17514460287605],[11.636528549546428,48.17525843872847],[11.636566349352234,48.17531135464752],[11.63664062913896,48.175415685289245],[11.636686368930034,48.175479925513315],[11.637010642468283,48.175934259888216],[11.637074958727169,48.17610165170461],[11.637125921022962,48.17623450095968],[11.637190470762471,48.17640288792068],[11.637206956021592,48.176445928203734],[11.635456749034665,48.17687499490852],[11.635313812778321,48.17691005036634],[11.634522882309925,48.17710412121782],[11.63351306530793,48.177351324062926],[11.632846803142455,48.17751466391798],[11.632578813612643,48.17758030741174],[11.631469716098831,48.177852240622],[11.631411641547336,48.177700156780176],[11.63133576195373,48.17750120641975],[11.631199531850745,48.177534266634],[11.631059719130434,48.17756819786138],[11.630970842649836,48.177589760787114],[11.630939717085655,48.177597307595356],[11.630767724473728,48.17763903795923],[11.630729647920816,48.17764874863949],[11.630704690559654,48.17765511036378],[11.630697488983888,48.177628648549835],[11.630614670478742,48.17740907136328],[11.630497017383743,48.17741016301419],[11.630484393261412,48.177410278431466],[11.630443711588425,48.17717624110335],[11.630431838625483,48.1771047993078],[11.630361999283961,48.177109807815896],[11.63019773454552,48.17712179401664],[11.629997063676676,48.17713569774295],[11.629948243147412,48.177138592552254],[11.62984011272375,48.1771450694421],[11.629729288956502,48.17715162588246],[11.629528533951875,48.1771647838844],[11.629327172388301,48.17717650134925],[11.629292747533615,48.17717801631922],[11.629125729964645,48.177185246488655],[11.628958552700611,48.177193905344645],[11.628925063190836,48.177195690331835],[11.628724124001101,48.17720799003588],[11.628609934065953,48.177215443036246],[11.628552474743328,48.17721922686973],[11.628523813748075,48.17722111990386],[11.62832315050755,48.17723894992836],[11.628235435999342,48.17724746951443],[11.628122832241612,48.17725842463202],[11.627953674541539,48.177278953334614],[11.627913703415636,48.17728387452292],[11.627848030205927,48.17729177891004],[11.627815999280452,48.17729591196368],[11.627789622059696,48.177299162550106],[11.627769574018943,48.177301348759315],[11.627710508009462,48.177308522458915],[11.627874344623704,48.177700902116584],[11.627901117140379,48.17777077599061],[11.627928493984243,48.17788605857371],[11.627959422698751,48.17809214996265],[11.627971560414212,48.1781835352824],[11.62795672057768,48.17828546069594],[11.6280059271608,48.17844858173285],[11.628052985342679,48.17859773129538],[11.628053224981503,48.17871821102219],[11.628110516168103,48.17875445596135],[11.628188419751798,48.178803718112476],[11.628258520902055,48.17886869458019],[11.628307909287548,48.17893494302625],[11.628333511740154,48.17899967064416],[11.628363238849118,48.17922580442775],[11.628344292382245,48.17939559367124],[11.628373078957875,48.17946619876669],[11.628264930448035,48.17953004996381],[11.627979612519995,48.17969844781011],[11.627951935684822,48.179714902050165],[11.627909398931163,48.17973987985312],[11.627785118358696,48.1798132361418],[11.62765930761483,48.17988735342872],[11.62761044130627,48.17991613626459],[11.627534529446482,48.179961016855586],[11.62738598538855,48.1800485406673],[11.627348980044923,48.180070354040794],[11.627314947456018,48.18008984092851],[11.627248008467713,48.1801301071157],[11.627052384065014,48.18024790375098],[11.626993803570084,48.18028287770528],[11.626958112232956,48.180304188509595],[11.62651025745225,48.18055203327404],[11.62643173112892,48.18059544414894],[11.62636872569146,48.18063975443562],[11.625718880593798,48.17992046397415],[11.624749986358454,48.17884525811816],[11.623921691793283,48.177926373435504],[11.623104145951839,48.17701903455596],[11.6220259298921,48.17581886142474],[11.620756461444792,48.174409002978834],[11.620686208404665,48.174326570307024],[11.619976571440706,48.17354044753044],[11.619282655336818,48.17270778805178],[11.61907771314438,48.17239444101591],[11.618339822780287,48.17156962047797],[11.618110583192655,48.171345307755],[11.6174519520949,48.170741466062644],[11.616972942544201,48.17030149158072],[11.6168253639896,48.1701542288093],[11.616671514584148,48.16999337152478],[11.616242987814836,48.169524000386915],[11.616170876012358,48.16944480606242],[11.616170180165271,48.16942016663004],[11.61616337326215,48.16939594711095],[11.616150651167427,48.16937282418839],[11.616132357049947,48.16935143519766],[11.616023525527728,48.16925068114929],[11.61602876255454,48.16923343158834],[11.615954872398635,48.16915144507317],[11.615893190875578,48.16908304633178],[11.615803959540372,48.16898394675318],[11.615778710510783,48.168980169402516],[11.615772375841914,48.168982035858825],[11.615708070735346,48.16893539711502],[11.615622637913175,48.168907840875974],[11.615562478853098,48.168898002836556],[11.615486761116687,48.1688802912947],[11.61545604095716,48.16883475928952],[11.615447793744773,48.16882285652199],[11.614816601028906,48.16797165666312],[11.614451318175169,48.1674826903442],[11.613849940427428,48.16681219445152],[11.609798209081307,48.16229335726616],[11.6096618631861,48.1621408119503],[11.609437817048356,48.16189083768479],[11.606480706700323,48.15859228936078],[11.605984642235635,48.15803872498282],[11.605375760420376,48.157357889510074],[11.605081416213176,48.157029479700114],[11.604992108383668,48.15693001535133],[11.604904390687985,48.15683217499539],[11.604783286465329,48.156697118497235],[11.604503746074858,48.15638550451548],[11.603391398879117,48.15514544792962],[11.602024469583213,48.15362108071476],[11.601850943928499,48.15342767812348],[11.601110066273627,48.15260187265233],[11.600821570903245,48.15228051156166],[11.599696186159758,48.1510249077249],[11.599664855722244,48.15099053017381],[11.599279267236334,48.15056921150374],[11.598636973865124,48.14986400561688],[11.598667027855607,48.14985188027732],[11.598255714871637,48.14941212927211],[11.598239393825427,48.149419443984215],[11.598168540958216,48.149346149450864],[11.598096729549367,48.14927181569568],[11.598091605001127,48.14927404612826],[11.597267965725072,48.148326357808166],[11.59682397592813,48.14779388144466],[11.596697070663497,48.14761501143771],[11.596564843423902,48.147420242527204],[11.59648171857412,48.14728839300234],[11.596437459674762,48.147206148831536],[11.596394869812032,48.14711815680959],[11.596344444380327,48.14700725941566],[11.596301471854495,48.14690331362389],[11.596189316844633,48.14651428077048],[11.596142878257666,48.14635815669269],[11.59610187515757,48.14617268526009],[11.595989167676228,48.14566734080855],[11.595985115601406,48.1456180542681],[11.595871975900987,48.14510137480913],[11.595860024325205,48.145047835292274],[11.595844446136336,48.144976751623474],[11.595789351365974,48.14472743763951],[11.595779361034245,48.14468324046548],[11.59577158386966,48.144647866167055],[11.595755605720761,48.14457647119456],[11.595723371001018,48.14443431559124],[11.595707522637785,48.144363198414005],[11.595675297120241,48.14422028675718],[11.595643859651867,48.14408006656801],[11.595580999413288,48.14379606893023],[11.595491429969293,48.14345874729032],[11.595475742118365,48.143403377385425],[11.59546673152588,48.143404334124114],[11.595444742059891,48.1433308632348],[11.59545416212506,48.143328829186636],[11.595322542148319,48.14294825508131],[11.595268348503517,48.14280766985314],[11.594893328474814,48.1419924536691],[11.594907863658591,48.14198953747815],[11.594864389916475,48.14189440424167],[11.594877174176803,48.14189193161919],[11.594863166491972,48.141861482226176],[11.594791812808053,48.14170540931862],[11.595588466729566,48.141542463896876],[11.595574457342565,48.14151201372645],[11.595585628915805,48.14150971513622],[11.595542553035854,48.14141494297216],[11.595560722100588,48.141411231042234],[11.595574449989222,48.14140849227274],[11.595572467988598,48.14140416764817],[11.595626172207341,48.14139275844697],[11.595628289471366,48.141396992733625],[11.595659113175486,48.141390267531484],[11.595666927544267,48.14140504646121],[11.595695899186396,48.14139462714671],[11.595703771507843,48.14138449209029],[11.595740821476946,48.141337136203],[11.595748150557762,48.14132771886086],[11.595749260986672,48.1413058664949],[11.595504477287239,48.14077092439519],[11.595487089984388,48.140708976671114],[11.595485030953286,48.14064601042394],[11.595499764492294,48.14058400451116],[11.595528452317238,48.1405242062968],[11.59556048544162,48.14048312833612],[11.595572028194882,48.140468417657736],[11.595629700782746,48.14041851454057],[11.595697526030234,48.140375223111405],[11.595775224252403,48.14033998125006],[11.59586037061431,48.140313036295225],[11.595950931422154,48.140296152806435],[11.596044244254756,48.14028809253996],[11.596138292952116,48.140289395048555],[11.596230781834802,48.14030150780624],[11.59631998293783,48.140321703000694],[11.596403479575663,48.14035060214107],[11.596478743900821,48.140388195798614],[11.59652515143013,48.14041965997988],[11.596544676826714,48.140432950387336],[11.596576322966039,48.1404609448049],[11.596601695589376,48.14048325035327],[11.596646440929606,48.140538542694664],[11.596877615892211,48.14095759752652],[11.59689650337181,48.140981496506484],[11.596917279390446,48.141004323416745],[11.596943304726713,48.141026181329885],[11.596971513606242,48.14104471460657],[11.59700215867689,48.141061279825294],[11.597036177918135,48.14107578919113],[11.597072900057473,48.14108842074224],[11.597111798869083,48.14109764502244],[11.597150318602395,48.14110354051415],[11.597190068484293,48.14110701291758],[11.597211161073558,48.14110745016757],[11.59723050962678,48.1411078800607],[11.59724960978538,48.14110623883599],[11.597272476074982,48.14110434148494],[11.597314067397669,48.141097473129754],[11.597426359170141,48.14107466680524],[11.597501494984908,48.14105937353554],[11.598109034706017,48.140935970832885],[11.598154366459179,48.140896287446004],[11.598172229969885,48.14088070109194],[11.598192399516176,48.14086251434589],[11.59821646060115,48.14084533102043],[11.598242520849016,48.140830492327716],[11.59826964862128,48.140816827110186],[11.598296894331417,48.14080523145089],[11.598329244178409,48.14079437242834],[11.59837774134363,48.140779973625726],[11.598401968826613,48.14077511191697],[11.598500641128751,48.14077541619703],[11.598603263868249,48.14077573359382],[11.598642970418686,48.140784499980036],[11.598677689094428,48.14079504472684],[11.59871266017346,48.14080765868468],[11.598719219783636,48.14081064786505],[11.598735552323078,48.1408182550387],[11.598742246401617,48.14082124477448],[11.598771947243868,48.14083725951545],[11.598797737466066,48.140855060647034],[11.598822691430376,48.14087618744845],[11.598861786117983,48.140961577228744],[11.599954151770977,48.14073978213586],[11.600098238241587,48.14071026172904],[11.600223654891476,48.14068456502856],[11.601264354985895,48.140470467636796],[11.601567389134075,48.14040682078936],[11.603064191549327,48.14009262505453],[11.602991484507363,48.13992198586525],[11.602928318412419,48.13977948213339],[11.60283750541386,48.13953506844683],[11.602808134285407,48.13942631774079],[11.602792534392979,48.13942788237556],[11.602765398603221,48.13932544797098],[11.602733001095505,48.139191995294524],[11.602713177969298,48.13908250271771],[11.60268540687412,48.13898653063686],[11.602644943412365,48.138862902936495],[11.602578982245785,48.13868863829237],[11.602716485292332,48.13851193175506],[11.60277869035424,48.138494248415704],[11.602764567539527,48.13846029335418],[11.602736314341616,48.138465773598554],[11.602737837247423,48.138459842714454],[11.60273933717881,48.13843889292745],[11.602737001117216,48.138388827130534],[11.602733901127305,48.13832240862404],[11.60273320076775,48.13830837595238],[11.602731642082302,48.13819668248762],[11.602733640420384,48.138181493608265],[11.602693331431167,48.13818370092865],[11.602693141435727,48.13818135316264],[11.602692105549432,48.13816850053013],[11.602689143630974,48.13813495030347],[11.603175800284614,48.13799653544437],[11.60331569789571,48.13795744925023],[11.604044716863234,48.13775399303729],[11.60405176088411,48.13776382019284],[11.604611003244642,48.13768956474687],[11.604626066141316,48.13768754774346],[11.604756643609152,48.13767093753453],[11.604883774730853,48.13821297380925],[11.605019358354129,48.138198409287604],[11.605303373458224,48.13816708706476],[11.60630541254238,48.138644737586645],[11.606476303826845,48.13871936705197],[11.606476676350123,48.13874158360814],[11.60646538719706,48.138741725518],[11.606457654673155,48.13872980950595],[11.60643984674536,48.138724640268194],[11.606423201491205,48.13872955297408],[11.606416533401504,48.13874088068024],[11.606423694343546,48.13875207543049],[11.606440551882821,48.1387566615734],[11.606441287617796,48.13876619713282],[11.606453992337368,48.13877433543592],[11.606477099448485,48.13877504289212],[11.606478560917887,48.138882054191384],[11.606479470039806,48.138954885701665],[11.606514825653878,48.139107773358155],[11.60652787108644,48.13916759281303],[11.607493010898787,48.13900915469601],[11.609009357173697,48.13875955930146],[11.610862080847452,48.138485736317485],[11.613010576254712,48.13825360993859],[11.614647837269809,48.13819209198547],[11.617004748231942,48.138103428396384],[11.619347558100175,48.13808845163458],[11.619354409638198,48.13795851016536],[11.619362770970417,48.13780995341046],[11.619371154907032,48.13765906835587],[11.619380224650206,48.1375053359892],[11.619425431368951,48.137339585082344],[11.619474517935688,48.13715950454538],[11.619607168977124,48.137172284141116],[11.619740502918061,48.13718353094608],[11.61980495797936,48.137188324289355],[11.619854038195792,48.136972025905386],[11.61965374484165,48.13695092670591],[11.618805863685933,48.13686161852761],[11.618193097128588,48.13679687664123],[11.618203512516988,48.136752487874816],[11.618004804969702,48.13673158720051],[11.618033170542217,48.136659480393895],[11.61850440065961,48.135462697553706],[11.618651682767245,48.13508895529069],[11.61867002484526,48.13504251506057],[11.619269495076058,48.13507545090289],[11.619547253858432,48.13512115621787],[11.6203745180363,48.13524114355036],[11.620754738467538,48.135317618217535],[11.621189173013049,48.135386886020214],[11.621860482739013,48.13546412969774],[11.622009546087503,48.13549097633288],[11.623747909260132,48.135803089455095],[11.623774474934454,48.135807848095574],[11.623771007979917,48.13584201530622],[11.623760817306879,48.135952700311876],[11.623946746727988,48.13587997444538],[11.624030962415416,48.13584920468057],[11.624079462545831,48.13583298448553],[11.624114760871123,48.13582122116778],[11.62420094369674,48.13579576374132],[11.624332114651235,48.13576343232871],[11.62439518615014,48.13575013633307],[11.62434288193424,48.135741340069316],[11.624764077009688,48.13566287441419],[11.626241932135738,48.135716528149665],[11.627579090195454,48.13576579819376],[11.628307019953674,48.135818987134634],[11.629349369131484,48.13586994898831],[11.629350007246162,48.135862311273534],[11.6293562617561,48.13578758635788],[11.629786776789626,48.13575337948944],[11.630197132878449,48.135700523588795],[11.632956614184211,48.13524688182787],[11.632949125463156,48.13526262004869],[11.632938062182975,48.13528586806519],[11.632917336220071,48.13532826398967],[11.632948238236997,48.135327910114334],[11.633109974017318,48.13532620171],[11.633212809529835,48.13532510022894],[11.633262762329348,48.13532456774405],[11.633313279513413,48.135324005201404],[11.63333824596321,48.135364197347656],[11.633633301514061,48.13537855580017],[11.633848312366384,48.13538903626911],[11.634341638482313,48.135500959867905],[11.634582611186223,48.135587689161575],[11.634708192225029,48.135632885718564],[11.634810333949172,48.13566955075619],[11.634914028593073,48.13571296637346],[11.635341253722343,48.13592003895826],[11.635783261337647,48.13610871802373],[11.635857256011032,48.136245216688835],[11.636523242238207,48.13630032668715],[11.637552307080938,48.13638527595222],[11.638577487577129,48.13646961778819],[11.638937245185016,48.136493673329625],[11.63929815754194,48.13650700257713],[11.639555156295325,48.13650934059856],[11.639660080311447,48.13650994086248],[11.640021408627806,48.13650100260117],[11.64038215999195,48.13648189611712],[11.640741266833171,48.13645180914541],[11.641239148845095,48.136402634833296],[11.641371597445616,48.13638955614923],[11.64169735362495,48.13635738168454],[11.642654039153097,48.136263031440485],[11.642853691941019,48.136243301972954],[11.643611521378588,48.136168529791064],[11.644408883638363,48.136089866754375],[11.645274261465252,48.13600448211952],[11.64551091472731,48.135981101051776],[11.645918544281512,48.135972533580464],[11.646327374259196,48.13599131166085],[11.647139090148608,48.13592508147598],[11.647510153128126,48.135903902684326],[11.648063380923759,48.13585829983235],[11.648167903352162,48.13584341238337],[11.648843398547983,48.13575755755872],[11.649580566141648,48.135662914758015],[11.649587423596131,48.1356620358214],[11.649633143395263,48.135656147360585],[11.649764299966565,48.13567021419727],[11.649827614743893,48.135703148386554],[11.650640870901091,48.13565078587667],[11.650748321228594,48.135634487795166],[11.651042698065577,48.13558995122541],[11.65127646217988,48.13556917946627],[11.651507044987142,48.13554876051152],[11.651541874249528,48.13554562775423],[11.6518015033264,48.135522601261236],[11.652559543080823,48.135455276544974],[11.652932695869175,48.13542274660522],[11.653127352178712,48.13540573575621],[11.653325037471026,48.13501215221029],[11.653577353540033,48.134348444312295],[11.653593539848073,48.13430020176324],[11.653652526710928,48.134123951540104],[11.654487501317925,48.13456404349934],[11.655773579465869,48.135293922908886],[11.658274096382995,48.13655083567236],[11.658478960536916,48.13665395415344],[11.659199208927717,48.13701660668429],[11.65967740643418,48.13726087277726],[11.660779157237197,48.137823549695945],[11.66110276266916,48.13798620415395],[11.661200734911754,48.13806354147551],[11.661336524513427,48.138131473213754],[11.661629264873946,48.13825793868268],[11.661885928800285,48.13833445018111],[11.662354723180986,48.138758028775165],[11.66258524154768,48.13891007761828],[11.662594619791278,48.138916264103266],[11.66282746936899,48.13903321831599],[11.663066024303744,48.13915347611805],[11.66307276076121,48.13915581327639],[11.66354595238818,48.139343189529434],[11.663519991236374,48.13934751676091],[11.663767207041024,48.13947367202582],[11.664555076297608,48.13987619202218],[11.665319795241903,48.14026683829146],[11.66545466755397,48.140344999229825],[11.665295674357154,48.14037783348544],[11.66500727416362,48.14043893039601],[11.664587343293046,48.14051834774372],[11.664203253080656,48.14056060177083],[11.663693159084215,48.14056442280619],[11.663820815800886,48.14081357595365],[11.66387176561293,48.1409134753582],[11.664051481612214,48.14126554952264],[11.664282161967135,48.141717592465454],[11.664353401073276,48.14188021950908],[11.664374044762425,48.14205359139993],[11.664372349157489,48.14206635843477],[11.664357951752493,48.142172719699985],[11.66434086023704,48.14230083948548],[11.664535552098549,48.14232559178182],[11.66456186956012,48.14232899975959],[11.664616786222899,48.14233600210911],[11.664529406396912,48.14283786300415],[11.664543163525675,48.142994203887994],[11.664613862926512,48.143127329767786],[11.664932139815182,48.1436910426016],[11.665063649992494,48.143956376031795],[11.665088292508354,48.14400770751639],[11.665150684935023,48.14420590152936],[11.665163679527764,48.144336965682264],[11.665190996717515,48.14460411734913],[11.665183809485319,48.144798452368555],[11.665141839200027,48.144970838502175],[11.665089035418212,48.145093435311956],[11.664885341785,48.145493215891506],[11.664793686197296,48.14567569597214],[11.664823141377887,48.14585592041632],[11.66490624329093,48.14611766931993],[11.664927901524047,48.14611448989889],[11.664945187752618,48.146167870868894],[11.664961307780889,48.1463039031816],[11.66512076411993,48.146774423985164],[11.665395290012722,48.14767065363094],[11.665620258308502,48.14834717822179],[11.665731072951937,48.148700750515054],[11.665884757782168,48.14919037013027],[11.666095392485197,48.14986169800992],[11.666282710445287,48.15042348864384],[11.666403684527037,48.15077361930126],[11.666538563048897,48.15109818310167],[11.66660858361982,48.151338716506864],[11.666718363265838,48.15171593516915],[11.66686387775487,48.152115941097684],[11.666941603229548,48.1524211629427],[11.667026835912287,48.15283568470263],[11.667052950989858,48.153096485802834],[11.66699514082006,48.153657290161895],[11.66698785417206,48.153977177502284],[11.666978730447438,48.15437047094319],[11.666963511645811,48.154986156668315],[11.666944288134655,48.15519745961708],[11.66696002489235,48.15533282286662],[11.666990975909979,48.1555549371565],[11.667044281471284,48.155653939932854],[11.667007724211004,48.155698260838065],[11.667023316819918,48.1561007881205],[11.66700797014355,48.1566304989341],[11.666983712881105,48.157335132654644],[11.666976745993974,48.15770969147687],[11.666988784148876,48.158835582268445],[11.667017079412526,48.15918205112326],[11.668368650992406,48.158907250688046],[11.669638565394981,48.15871073330754],[11.669678793795654,48.15870446160114],[11.669680867882128,48.158715709490224],[11.67062679835458,48.158556415892896],[11.67076772764294,48.15852265118831],[11.670927435907185,48.158453954884706],[11.67149819460726,48.15813659300252],[11.672047732148842,48.15784395533797],[11.672106551588119,48.15781262724247],[11.674028712507695,48.156787872246994],[11.674043813503793,48.15677991107239],[11.67403445407582,48.15675002341885],[11.674023252872745,48.15671365598339],[11.67422042856068,48.15671269260951],[11.674259607723283,48.15674581271167],[11.67434464408055,48.15681657005839],[11.674384213485832,48.15684969182981],[11.674420444571247,48.15688001015307],[11.674560043304737,48.156995945546214],[11.674581033586659,48.157013718250596],[11.67461074608225,48.15707800012577],[11.674771549484312,48.15721542004425],[11.675076410740532,48.15741865791864],[11.67586625031467,48.158114352381766],[11.676746995811815,48.15888142686772],[11.677706186432907,48.1597578885431],[11.67830443099353,48.16028099139262],[11.67850152849019,48.16045329902585],[11.67853030239054,48.160477845867305],[11.6785528461276,48.16049933469395],[11.678579250614838,48.160525383656484],[11.678603568927135,48.16055246024574],[11.678625267187217,48.16057917142392],[11.678644561034018,48.16060547437211],[11.6786581309457,48.1606271814472],[11.678675323783239,48.16065838331367],[11.678690696085624,48.160683062685564],[11.678708028689242,48.16070816963502],[11.67872715607995,48.16073326351945],[11.678747718471165,48.160757814647575],[11.678770924199346,48.1607830995501],[11.678792439833336,48.16080462400394],[11.678818710813909,48.16082882783392],[11.678847548784717,48.160853151750956],[11.679826742719454,48.16178343496449],[11.680596221654174,48.16251489645572],[11.68083045124147,48.16273786155025],[11.681312751160325,48.16329728753746],[11.681322501086022,48.16330603365653],[11.68141717692608,48.16339093239403],[11.681896213387898,48.16382188746978],[11.682285418866375,48.16422291437795],[11.683334437237948,48.165230216761586],[11.684211804535412,48.16614602235914],[11.684446045671196,48.16639039239859],[11.684927078830375,48.16689247056126],[11.684979786268816,48.16695727851914],[11.685178348259097,48.16722200763337],[11.6853064700387,48.167266972794444],[11.685415344758935,48.167315300439114],[11.685474174694296,48.16734676598855],[11.68553806518345,48.167385986450235],[11.685603492860269,48.16743778974194],[11.685645728374013,48.167478644790535],[11.685702323664891,48.16754544185711],[11.685743879866314,48.167609410636665],[11.685777258598359,48.1676694000286],[11.685803407608843,48.16772460235383],[11.685822333194038,48.16777367136791],[11.685836688891023,48.16782236763933],[11.685837715227972,48.167874445699624],[11.685832735585546,48.16791895290097],[11.685821593445532,48.167960024787035],[11.685795912260195,48.16802596698776],[11.685787976290646,48.16807037594752],[11.68577087660581,48.168140125202264],[11.68575189017405,48.16821068159941],[11.68573652014932,48.168261456800614],[11.68573046131016,48.168306575897596],[11.685734754265392,48.16832996481775],[11.685753454993673,48.16834988465805],[11.685788051641456,48.168364902325656],[11.685815379505618,48.16838133886511],[11.685838018108356,48.16839488780765],[11.685881606209389,48.168412904795886],[11.685914272257948,48.168413807405784],[11.68595046891428,48.168409144064775],[11.68598381514669,48.16840887990511],[11.686005964424103,48.168414788352266],[11.68602551936993,48.16842716494082],[11.686040858775335,48.16844726411281],[11.686042701232509,48.16847577800106],[11.686047513036842,48.16850232297491],[11.686052029171496,48.168511240570055],[11.686435488295961,48.168798285014766],[11.686470600446864,48.16883669333579],[11.68649181058775,48.16886220331532],[11.686512833766129,48.16889571689098],[11.686531928609757,48.16893624091949],[11.68657308741639,48.169123787405795],[11.68664783596233,48.16924522452135],[11.686657659774001,48.16926782538998],[11.686658626251909,48.169287164693394],[11.686651628017112,48.16931241931547],[11.686583106833107,48.169461987851946],[11.68662797458576,48.169578939191865],[11.686721069635716,48.16965455671142],[11.686739706296445,48.16968455655548],[11.686742495066031,48.16971289442961],[11.686734544996607,48.16973877688429],[11.686730194258589,48.16974712981818],[11.686692188498746,48.16978570330574],[11.686616375966079,48.1698713954919],[11.686544619078758,48.16995233180513],[11.68640790391984,48.17012330603828],[11.686334661739442,48.17029386647958],[11.686312878597084,48.170383901547204],[11.686302067701156,48.17041597311363],[11.686280682941801,48.17046357326822],[11.686226922075889,48.170551929376764],[11.686182022701416,48.17061953489068],[11.686133761839029,48.17068740165223],[11.686095188139285,48.17073083003844],[11.686053128213594,48.17077038171087],[11.68601623250459,48.170800773215824],[11.685950481035686,48.170844309777394],[11.685958850394503,48.170861060916025],[11.685961135016719,48.170905138201036],[11.685968528694783,48.170971353480695],[11.685989008676625,48.1710306780211],[11.686007141347709,48.171077749977336],[11.686019447392859,48.1711102401444],[11.686020982927678,48.171144770066256],[11.686014573892075,48.1711812574666],[11.68599920686702,48.17120926856226],[11.68596922421168,48.17125243662633],[11.685918349713008,48.17130364071456],[11.685879495395495,48.17132593207686],[11.685874735641194,48.17142916947682],[11.685866140610564,48.171498220461984],[11.685854723596616,48.171567533585964],[11.685837090740565,48.17163844882276],[11.685817993117897,48.1717057640117],[11.68578796019248,48.171757219458875],[11.686913192820318,48.17167449769946],[11.68709870422347,48.17165987798597],[11.68879356774611,48.171515318091544],[11.693260883666643,48.17056251291011],[11.69392666124057,48.17144016818114],[11.694067693724199,48.17162607067238],[11.694894462750511,48.172714419118584],[11.695503966499007,48.173547744851795],[11.696072565642156,48.17424979540415],[11.696081112358282,48.17426033932539],[11.696101276579524,48.17428521343667],[11.695739672226697,48.174564360167864],[11.69516399719624,48.174991573543124],[11.694617919131495,48.17537713165893],[11.694344869350548,48.17561508850136],[11.693954376746065,48.17587792512407],[11.693930739557173,48.175895936493454],[11.693912909228487,48.17590982646048],[11.693717018257807,48.176059532003094],[11.693556244093905,48.17618200372504],[11.693283931969267,48.17639057119692],[11.69323977227664,48.176423100480136],[11.693516783444856,48.176503879674996],[11.690701409837933,48.178158885190555],[11.691300218595444,48.17838323589756],[11.691314575982084,48.17838867353473],[11.692020403419704,48.17865530424909],[11.69277470188154,48.17894093463435],[11.693099798057224,48.17906386084161],[11.693192430297996,48.17909888861477],[11.69334322139695,48.17915483804394],[11.693997970125409,48.179397184536064],[11.69415553319795,48.17945593352695],[11.695558126955456,48.17998014915533],[11.695517090756852,48.18000620931802],[11.695201503450559,48.18020633524315]]]},"geometry_name":"shape","properties":{"sb_nummer":"13","sb_name":"Bogenhausen","flaeche_qm":23712962.05774}},{"type":"Feature","id":"vablock_stadtbezirk.25","geometry":{"type":"Polygon","coordinates":[[[11.548654669066583,48.17006048557001],[11.548470091350785,48.17030507983172],[11.548148501304823,48.17059752793926],[11.548114571068945,48.17057543670916],[11.548034006923208,48.17051442649944],[11.547901757590544,48.17043190680001],[11.54787878593654,48.17042285783506],[11.547836092721923,48.17040720631842],[11.54778576621125,48.1703908566845],[11.547742052412543,48.170378386928824],[11.547691871470308,48.17036592291546],[11.54764151417365,48.1703542968961],[11.54759086061263,48.17034437352803],[11.547543187310362,48.170336582231826],[11.547488346332011,48.17032942675448],[11.547359272247252,48.170316976405125],[11.547161404066513,48.17029929569068],[11.547053264677126,48.17028787895814],[11.546777880317142,48.17024435300967],[11.546674936107383,48.17022381475345],[11.546409723665853,48.17014114743297],[11.546184932029213,48.17007121540708],[11.546005400667685,48.17001412760439],[11.545891254121388,48.1699820298893],[11.5455717472215,48.16989206719373],[11.545479064346027,48.169881460006025],[11.54538609792333,48.16987237877056],[11.545292574657626,48.169865362217216],[11.545198771052464,48.169859583610574],[11.54512068808157,48.16985521931951],[11.545105232394672,48.16985434702904],[11.545043876276122,48.16985922274715],[11.54476858312569,48.16988090039969],[11.544738174222175,48.16988330071773],[11.544647095802583,48.169904447771685],[11.544546538050978,48.16996404216809],[11.54445729919022,48.17002069809642],[11.54445078094719,48.17002494281194],[11.543817281330343,48.16985010340624],[11.542466284262037,48.16947765950533],[11.54212486898954,48.169379830180304],[11.542034521754411,48.16935394049954],[11.541841296041234,48.16929869777907],[11.541277336495227,48.16913710811973],[11.54008652426103,48.16879775452016],[11.53926954753742,48.168560776445396],[11.539075983296524,48.16851037653648],[11.538608779007314,48.16838882902353],[11.538388625058866,48.16830770379799],[11.538076402303059,48.168210810940536],[11.537856040937182,48.168142670536405],[11.537808291435852,48.168129884863],[11.536390598300983,48.16774868002956],[11.536455190695637,48.16768283076058],[11.53624388941741,48.16761786503513],[11.53618341330213,48.16759934457932],[11.536157007388,48.167591257190765],[11.535935917828587,48.1675234630144],[11.535914429707478,48.167520859195456],[11.535867457289964,48.16751158903459],[11.535304582068056,48.16735709593449],[11.535217813498448,48.167333096965116],[11.535196741972932,48.16737338575142],[11.53519969372713,48.167374026943186],[11.53517916319182,48.16741404914657],[11.535128260330122,48.167511880011766],[11.534905486609976,48.16794014129844],[11.534887049127311,48.16797163674895],[11.534865526871254,48.1680023040757],[11.534836880239924,48.16803276418948],[11.533925363592777,48.16774635555601],[11.532424197980554,48.16739294246776],[11.531859947861632,48.16753561351768],[11.53153692668587,48.16807867977942],[11.531333460057839,48.16844183798867],[11.53124140836258,48.16868292572274],[11.531181514115138,48.16882140108846],[11.531127228317905,48.16896844750026],[11.531041662515964,48.16924887845152],[11.531004689192374,48.16937003255384],[11.530498291234466,48.16931306830344],[11.530124639370042,48.16928290991092],[11.527261783550859,48.169129350508626],[11.52688595179698,48.1688447640875],[11.526759140164668,48.16883889026975],[11.522991984403784,48.16864317536762],[11.52197787993949,48.16855049174952],[11.521542224853988,48.16849395497888],[11.521206400851906,48.16845428940714],[11.52094060764588,48.1684228703613],[11.52029529823333,48.16834673598922],[11.520064670767844,48.16831666150885],[11.519845166442185,48.16828363061876],[11.518542349826625,48.168063988052616],[11.516829442170536,48.167764588088204],[11.516718056536924,48.167754692289364],[11.516596386086935,48.16774813945489],[11.516539914335844,48.167746402764955],[11.516488906087915,48.1677454317548],[11.516309940724438,48.16775714598309],[11.516132516464316,48.1677766318327],[11.515957326987575,48.16780382822879],[11.515791130873202,48.167837381454135],[11.515616750792516,48.16788076837124],[11.515452795092692,48.167930182081655],[11.515156855036574,48.16803758201523],[11.51498986975049,48.168095143278734],[11.514834786799659,48.16815386090248],[11.514682098605933,48.16821677558789],[11.514479814602135,48.168286465906185],[11.514173364067002,48.168383113234995],[11.513751615937833,48.16852262919732],[11.513042294904361,48.16876746811569],[11.511853330790599,48.16936808533364],[11.510734429008373,48.16991443222795],[11.510217269890854,48.16860243825627],[11.509737875333593,48.16756267511948],[11.50910204870576,48.16753152102136],[11.50823426628442,48.16748439835323],[11.506741066967791,48.16740782279172],[11.506234591712658,48.16739561760147],[11.505266580542708,48.16740121093105],[11.503879892865946,48.16739262509952],[11.5032747113899,48.16738061467857],[11.501921946170162,48.16737388616576],[11.501487477685208,48.16737530895575],[11.501205945657988,48.16737806844013],[11.501204046077172,48.16735928986938],[11.50105115160106,48.167362934529955],[11.500822020064636,48.16738191630146],[11.500479996139129,48.16745050913497],[11.500310843905787,48.16746660520563],[11.500028106432124,48.167476478349535],[11.499394443102858,48.16753561772923],[11.499124455397336,48.1675879708821],[11.498731450860355,48.167664166693974],[11.498356717805345,48.166654423157226],[11.49806449655165,48.166796526053],[11.49765602644474,48.16685227665429],[11.497198021465726,48.166914646173986],[11.496783472420052,48.16682579972264],[11.496418764943709,48.16570537878188],[11.496529641471719,48.16559744322689],[11.497109067842056,48.16551930283469],[11.497164310963774,48.165511788188226],[11.496929312883967,48.16548668684981],[11.495888219296663,48.1653908091705],[11.495880950936845,48.165391586140075],[11.495790984656383,48.16540845741629],[11.495701271781854,48.165426948130175],[11.49561208031769,48.16544714873718],[11.495524217848983,48.16546879425381],[11.495437142841496,48.16549197832714],[11.495351268322027,48.165516786464785],[11.495266317469975,48.165543667376966],[11.495182561403169,48.16557172258911],[11.49509947078517,48.16560041023242],[11.494185335528291,48.16592882585272],[11.49409616905461,48.16595647495869],[11.494003951567839,48.16597906955115],[11.49390882168261,48.165996250298456],[11.493812346672627,48.16600841146849],[11.493714599415387,48.166014004744085],[11.493616494849094,48.16601420067854],[11.493241813189783,48.16600050258744],[11.4930643206518,48.165976248048196],[11.492736911728139,48.16588823753335],[11.49249343331405,48.16583061111331],[11.492452562769653,48.1658154187011],[11.492109275872867,48.16568765734395],[11.491892495124022,48.16560067533114],[11.491821280126603,48.165572134850215],[11.491777913001444,48.16555468120371],[11.491774566761585,48.165553407706646],[11.491768142981396,48.16555077120385],[11.491766537128747,48.165550134795666],[11.49188538867309,48.16541645706938],[11.491907589493911,48.16539148512224],[11.491913976456898,48.16538489871127],[11.491946130763736,48.165351750439875],[11.492010103920052,48.165285805764064],[11.49193527125606,48.1652676715736],[11.491827505866702,48.165235626571516],[11.491828201462786,48.16520505025669],[11.491828602560476,48.16519129192872],[11.49178937014395,48.16518895947978],[11.491728372115075,48.16518536163734],[11.49172967806391,48.16517556433583],[11.491731961660152,48.16517575414675],[11.491740718705536,48.165105371008096],[11.491385921072599,48.16490305527767],[11.49138429645282,48.164904307021956],[11.491165055211154,48.16477921888777],[11.491166681176136,48.164777967117416],[11.490837281718738,48.16459123118562],[11.489795282629526,48.16399568850403],[11.489788263911528,48.163998535483564],[11.489777339021924,48.16400226343349],[11.489769805819737,48.164002679543735],[11.489761211787005,48.164001741972854],[11.489750623107952,48.16399863685796],[11.48974808351196,48.16399718655747],[11.48974117263018,48.163989150986396],[11.489738828868454,48.16398149601705],[11.489740505188571,48.16397511799522],[11.489749358072263,48.16396337557392],[11.489753827256209,48.163960067376436],[11.489712617656687,48.163900523699326],[11.489710595609887,48.163901234264294],[11.489418186516266,48.16349520838017],[11.489420341357329,48.16349476847747],[11.489354173844854,48.163402854947485],[11.489353909942785,48.16340240447476],[11.489351886523046,48.16340311416348],[11.489207477424646,48.16320348293701],[11.489209905401886,48.16320268440366],[11.48916478636306,48.16314428788788],[11.489167211972056,48.16314357938533],[11.489015520138162,48.16293297356845],[11.489015254898083,48.16293252312393],[11.489013098030771,48.16293314302021],[11.488915238241887,48.16279685282593],[11.48891712739435,48.16279623153347],[11.488876939728051,48.16274144957517],[11.488875187470484,48.162741981521584],[11.488435278337956,48.16287030496006],[11.488420587524521,48.1628745561538],[11.488374355410437,48.16284718736349],[11.488281792205141,48.162801712467626],[11.488207148817983,48.16276504157025],[11.48814984493331,48.162741359582675],[11.488036195849501,48.16269440395614],[11.48785642993812,48.162633938274396],[11.487609738447263,48.162555942402086],[11.487359537292125,48.16248709003683],[11.487124081211613,48.16243147136556],[11.486915466921829,48.162393521483345],[11.486700660444503,48.16236384922578],[11.486484412251723,48.162334172681234],[11.486223757656251,48.162308725732615],[11.486101883450255,48.16230430812778],[11.486077559651875,48.16230365131243],[11.485967767082649,48.1623005998139],[11.485831615986697,48.16229859097913],[11.485694483778635,48.16230071343362],[11.485558123666237,48.16230545359116],[11.485421276035456,48.162313018664136],[11.485303108130202,48.1623218377516],[11.485285619583044,48.16232310779601],[11.485144214785448,48.16233586661652],[11.485001305543543,48.162351225795106],[11.484933996079722,48.16236107861302],[11.484848513688492,48.162373458776734],[11.48483154726915,48.1623763496691],[11.484685719181321,48.16240094580445],[11.48422307219251,48.16247888988543],[11.484114778269651,48.16249926341526],[11.483758218723914,48.16256592264611],[11.483397517240304,48.16268398597457],[11.483373405404558,48.162662380594895],[11.482930574708236,48.162205446342156],[11.482904800048987,48.162174658501336],[11.482607548548211,48.161820655722735],[11.482372857292265,48.161505248099054],[11.482073730621261,48.16102246844387],[11.48203230711712,48.16095583274352],[11.481941747923234,48.160772137473245],[11.481819559460204,48.160524192430444],[11.481687196508762,48.16025525550788],[11.481643506012286,48.16013543551543],[11.481601392076602,48.160019130202414],[11.481534929899624,48.159836337501275],[11.481502218875082,48.15974651757299],[11.48138537752077,48.15931283163053],[11.481299686746183,48.15887567706702],[11.481291859927081,48.158747220834435],[11.48126927040758,48.15848413267987],[11.481254346636405,48.15830895268269],[11.481267488493769,48.15760558234735],[11.481310615121227,48.157412156881136],[11.48132590966562,48.157344544111105],[11.481394280061009,48.15701482529472],[11.48140985366666,48.15694547529218],[11.481463158936782,48.15674281761665],[11.48152407525415,48.15650537891932],[11.48153456646264,48.15647008131918],[11.481574888078441,48.156359690995096],[11.481731590473869,48.15596264471717],[11.481765166717858,48.15586887782835],[11.481782636289111,48.155806730978725],[11.481831726113926,48.155660282934086],[11.481836502621285,48.155642140821534],[11.481837612597475,48.155622980184845],[11.481833262580059,48.155607324306885],[11.481825865379104,48.15559559794537],[11.481815126214364,48.155585398740385],[11.48179691949896,48.15557508463399],[11.481776884509191,48.155569937905945],[11.48172848085386,48.155570813571295],[11.481732724167736,48.155557561623574],[11.481766768828457,48.15545124068657],[11.481800559026814,48.15545630079016],[11.482205726230267,48.15441179878596],[11.482296127107801,48.15422310724268],[11.482542026703914,48.15369355514139],[11.482676947406192,48.15343985791166],[11.482845134539772,48.15316340571642],[11.483359144876811,48.15242091024427],[11.483657262837514,48.152017928896754],[11.483994877514505,48.1515769881392],[11.484131885728981,48.15140650212285],[11.484275863252453,48.151244917070485],[11.48453202375822,48.150999230917364],[11.484872728451487,48.150672644757506],[11.485127511276099,48.15043056458659],[11.485327411703988,48.15024631738195],[11.485748545772584,48.14987618063402],[11.486543327185544,48.1491907654865],[11.486766237856678,48.14901329328742],[11.486883835077844,48.14891273176293],[11.487034109297158,48.14878036057577],[11.487145015934807,48.14868760712375],[11.48726824016883,48.14857656410385],[11.487498029773581,48.14839986737782],[11.487678704108726,48.14827069349647],[11.487917905542476,48.14810909297258],[11.488175880567077,48.14794203927867],[11.48834420055967,48.1478377420291],[11.488516365754016,48.147737484953886],[11.488732193680782,48.14761681562675],[11.488968569240031,48.14749361855698],[11.489226249127722,48.14737900669598],[11.489613259036838,48.14720050648337],[11.489972023118321,48.147045728283175],[11.490349343514835,48.146900338144405],[11.491012913666097,48.146664614781024],[11.490976653355888,48.146622156388034],[11.492490271207258,48.146109338077416],[11.493316166206158,48.14601173172429],[11.494172394360616,48.14585156703052],[11.495284847731027,48.14556629869347],[11.495827229078817,48.145427198725685],[11.495978980319288,48.14539243129382],[11.495988989386905,48.14540189643114],[11.49664247243183,48.1452385009186],[11.498888854169891,48.1449010529581],[11.500097271869354,48.14477489222921],[11.500582674379105,48.1447265064383],[11.501291036569576,48.14465859178528],[11.501454879766634,48.14462626483799],[11.501491062788643,48.144778865740726],[11.501652495466068,48.14476174345747],[11.501650296447878,48.14475274036955],[11.502078896405145,48.14470806062984],[11.502080833587543,48.14471643326236],[11.502250210946249,48.144698853648364],[11.502344760628572,48.14468904226792],[11.502433183366966,48.14469935040706],[11.502549837959807,48.14468803063027],[11.502567192993826,48.14468622005944],[11.50256731977155,48.1446870298071],[11.502750158095271,48.144667082169825],[11.502764548671838,48.144679645508454],[11.502901121753444,48.14466297133342],[11.503049962159086,48.144643129659855],[11.503355871118277,48.144610223583214],[11.503497487591888,48.14459350806696],[11.503576693523032,48.14458532037943],[11.503551691334454,48.14447890824742],[11.503962527287069,48.144433430798074],[11.50458286180355,48.14436691616605],[11.505175071346184,48.144285986879346],[11.50523285950005,48.14427147893911],[11.505545623746917,48.144238781908804],[11.505580434648676,48.14412228535355],[11.505542981739701,48.14396819633046],[11.510225245991657,48.14347857810137],[11.510768990947476,48.14342574014737],[11.511436306420999,48.143366335127176],[11.512112087384223,48.14332151923325],[11.512475181405302,48.14330760320579],[11.512791851201088,48.14329532156372],[11.51347350210755,48.14329059345636],[11.514098367525465,48.14330585402245],[11.514752937361573,48.143330442247915],[11.516760228587701,48.14342211175179],[11.517319183492054,48.143438368799096],[11.517854115006534,48.14344731704281],[11.518406006307396,48.14343796262653],[11.518899299150814,48.143417848682766],[11.519432448548072,48.143388698217855],[11.519571963210018,48.14337983170375],[11.519646282751477,48.14358568782317],[11.520026708317346,48.143548529231545],[11.521212925244194,48.1434482264488],[11.52268656831761,48.143330982620256],[11.522991575901964,48.14333611225336],[11.524744768227006,48.14318176205722],[11.525955304128725,48.14308569041229],[11.527299558276518,48.14297830397409],[11.528582423984835,48.142877276691145],[11.52905267196164,48.14283603495412],[11.529461417088953,48.14280578063881],[11.52990542980187,48.14278430118576],[11.5301698101325,48.142774573682736],[11.530636720894067,48.14276351767906],[11.530840993247642,48.142762369699746],[11.531134451945409,48.14276562752262],[11.531340056269045,48.14277226039543],[11.531626912071477,48.1427869008694],[11.53190504799027,48.142805008077396],[11.532086797545231,48.14282375024873],[11.532256642631992,48.14283585947012],[11.532417414085963,48.14284091706524],[11.533491772684005,48.14283850123773],[11.533949945905556,48.14282457597412],[11.534394423687251,48.142802116003146],[11.53467589282015,48.142802933533495],[11.53500252616956,48.14281105870904],[11.53497519255824,48.14268425050334],[11.534978460138927,48.142605839800815],[11.535429260718129,48.14261575655321],[11.535538993370086,48.142537706822445],[11.535821458865051,48.14254540274717],[11.535810612609758,48.14277708760496],[11.535808247926395,48.14284217677649],[11.536473373724451,48.14285284190723],[11.537037405697001,48.1428501409169],[11.537535209850684,48.142838112643446],[11.537882205502404,48.14282779114127],[11.53833935107017,48.14281047163492],[11.538925643307032,48.142793327155665],[11.53899949996564,48.14292248212864],[11.539227667559327,48.143321569291494],[11.539274506295639,48.14340348209534],[11.539599356551035,48.143414310504106],[11.539709474846104,48.14342091869752],[11.540196382134344,48.14389569869074],[11.540305140869197,48.144005395884626],[11.541322124797736,48.145018021096135],[11.541432216441622,48.14514366084573],[11.541576503321483,48.14530716474848],[11.542252322278053,48.145990911274986],[11.542569625499876,48.146263228601875],[11.542931684202612,48.14648146651921],[11.54333316321303,48.14682907087746],[11.545475494704089,48.14866862387777],[11.54557760799543,48.14877186428368],[11.545633448419022,48.14883115218931],[11.546757238109453,48.14981435062322],[11.547969703953532,48.14957368866741],[11.548169724508833,48.15002831836353],[11.548844324616761,48.15102178510087],[11.548890713837125,48.15107150760599],[11.548928320372971,48.15111469903714],[11.549472960265724,48.15189654261985],[11.553662438337481,48.15418908285867],[11.55383890292885,48.154270316915294],[11.554019854734076,48.15435367611761],[11.55598807917652,48.15543133046455],[11.5542668360211,48.15685257855584],[11.552113620653978,48.15863024345534],[11.549640861121752,48.160675491503746],[11.549632762467851,48.16068149110463],[11.550779732403361,48.161302979243246],[11.55140060205248,48.16147140663131],[11.55295754527024,48.16149040031337],[11.552989233733088,48.16478988563584],[11.553049926520373,48.165508862258314],[11.553203212981765,48.16616540038814],[11.553416275686448,48.16662743629355],[11.553733139517716,48.16706467670923],[11.554146567636735,48.16746172072182],[11.554499922875141,48.167736550718416],[11.553814411041076,48.16819542696544],[11.553434642037917,48.16834287676679],[11.55307416351733,48.16839299007898],[11.552533544631734,48.16836800008787],[11.550989346954356,48.16823537018004],[11.550604739533377,48.1682191652532],[11.550206190577091,48.168274919708864],[11.549807927346237,48.168440257239524],[11.549518935028917,48.168700551638935],[11.549298607257173,48.16904131305634],[11.548654669066583,48.17006048557001]]]},"geometry_name":"shape","properties":{"sb_nummer":"09","sb_name":"Neuhausen-Nymphenburg","flaeche_qm":12914863.75724}},{"type":"Feature","id":"vablock_stadtbezirk.26","geometry":{"type":"Polygon","coordinates":[[[11.58712779531728,48.2240850573658],[11.587050904127686,48.224227410784565],[11.587030407211836,48.22426672683736],[11.587044841511759,48.22427883327738],[11.58700233966449,48.224377604141864],[11.586924914203983,48.224468332594434],[11.586814628270275,48.224590416019836],[11.586660270916665,48.22473482181823],[11.586200595070167,48.225096956705244],[11.585746193920725,48.225438301127305],[11.585017973862291,48.22597672448628],[11.58440340413578,48.22648317469589],[11.58399868121221,48.226844448693356],[11.583367411524925,48.22738797999658],[11.583043115901129,48.22764766594107],[11.582734341681745,48.22800300371019],[11.582772802865021,48.22800646534116],[11.58268631221784,48.22810933204555],[11.582322185992401,48.22854227215988],[11.582303161308014,48.22856513945865],[11.582250039827878,48.22856036683284],[11.579596413782891,48.22831959777941],[11.578497949121905,48.22821648607497],[11.57779604624193,48.22815060058795],[11.57749787097141,48.228130289899255],[11.57734006883268,48.228087348589064],[11.575476644936344,48.2279318630675],[11.573796075941708,48.227778607597514],[11.571293917281912,48.22759071898538],[11.568761810262819,48.22743490368231],[11.568084660387132,48.22739926810083],[11.566114441312507,48.227295208834825],[11.565779451029986,48.22727748770084],[11.564952812712027,48.227246515054574],[11.56485158042938,48.22710320063197],[11.564622956417958,48.22677963712677],[11.56452571469124,48.22664208643814],[11.563242999497545,48.224825954209905],[11.563642776355426,48.22395220247428],[11.564038879923649,48.22392885673602],[11.564051453363124,48.22390642707207],[11.564617591757637,48.22289286051143],[11.564013554211648,48.22274269042588],[11.56417491288135,48.222433658722125],[11.56424030718684,48.222308533880664],[11.564358511269514,48.22208198092618],[11.564491752988253,48.22182759209986],[11.563689227881229,48.221144698020325],[11.56350312561275,48.220986334856654],[11.562692853470024,48.22029673863826],[11.562385244479387,48.22003489744632],[11.562377351255247,48.22002920148298],[11.56236796949672,48.22002448888742],[11.562357636073916,48.220020941140135],[11.562346619488771,48.22001865032959],[11.562335053070061,48.22001761708108],[11.562323341204248,48.220017931352956],[11.562322558314834,48.220018054086765],[11.562312020396842,48.22001968645519],[11.562301227996247,48.22002261298881],[11.562350767786587,48.22000562521829],[11.56311964123908,48.21974083910544],[11.5623915900694,48.21818790158277],[11.562246362353894,48.217823347054896],[11.562013170773337,48.21669010714403],[11.562570046114548,48.21280810177904],[11.562663752674908,48.212155289721665],[11.563142301017166,48.20878333812814],[11.56316670076775,48.208605397421],[11.563714128379864,48.204752014553875],[11.563726608174013,48.20467024602421],[11.564143799047727,48.20172239218693],[11.564167979207717,48.20154666673758],[11.56419567821114,48.201128474566495],[11.56426723546853,48.200055588466995],[11.56451828026579,48.19828035297024],[11.564533033938671,48.198176064021716],[11.56463235444798,48.197473293251235],[11.565016093678077,48.19476722095852],[11.565160772970358,48.193748832104006],[11.565316977164043,48.192650683885404],[11.565613945498104,48.190575053415024],[11.565303157888154,48.19054606409729],[11.564961672809888,48.19051448138023],[11.564908338223058,48.19050970834323],[11.564875156505865,48.1905067150317],[11.564635279446001,48.190485072956974],[11.56452865272305,48.1904754041363],[11.56368765823842,48.19039942121015],[11.563472222119566,48.190379906367646],[11.563319967081831,48.19036619683395],[11.56330693009429,48.19036498057132],[11.56291421789341,48.190329540917766],[11.562455296267174,48.19037277583466],[11.562392092753742,48.19037271979248],[11.562355245506618,48.19037258245583],[11.562224936647723,48.190372455571485],[11.561922628328725,48.19037197753754],[11.5616478766997,48.19041345863196],[11.561586076351398,48.19042284022724],[11.561123309651412,48.19043984394261],[11.560014997075514,48.190424312184405],[11.558400112099756,48.19040173485942],[11.555576391950401,48.19036210187967],[11.55436785112317,48.190345324104],[11.553432133131977,48.190364385870616],[11.552612729934104,48.19030624442224],[11.552133192571137,48.190271476918674],[11.55178578340554,48.19024002892804],[11.551760395220585,48.19028167172518],[11.551747917220435,48.19027829304286],[11.551673179295697,48.190257929852294],[11.551311286127111,48.190240170263664],[11.5500346611426,48.19018463924666],[11.549911008258825,48.19018998151093],[11.549825701945638,48.190193681650484],[11.549814534605076,48.19019417604572],[11.549724694151339,48.190198054124494],[11.549641096000336,48.190201683823965],[11.549378949372496,48.190213086307445],[11.549127683900801,48.190161368737094],[11.548176857570283,48.18996543895386],[11.547450990662218,48.1898659022095],[11.547072502128822,48.189814416024056],[11.546725902023049,48.189767185833254],[11.54629924468,48.18970812512509],[11.546238120683375,48.189699699168884],[11.546156845485637,48.18968839327325],[11.546095721755718,48.18967997173443],[11.54600114994725,48.18966684051078],[11.545276248191145,48.18956873890657],[11.544917041132095,48.18951810784191],[11.54461983469574,48.18948338191129],[11.54427451860598,48.189456141548575],[11.544285072811563,48.18934459878909],[11.543573786511844,48.189229656744985],[11.542887853386752,48.189122995838375],[11.54255666612489,48.18908404449004],[11.541967584806368,48.18899176728104],[11.541543871545427,48.18893776157947],[11.541521659383816,48.18875048459091],[11.541262437769483,48.18656472522968],[11.541242303052965,48.18639496961987],[11.541223532430763,48.18623671099989],[11.54112665411807,48.185630265886275],[11.54102285774519,48.185095682195936],[11.540894802748927,48.1845631654546],[11.540717677105437,48.183953342525896],[11.540238480790181,48.18245177034523],[11.540104181265281,48.181973656843454],[11.540009582571326,48.18157095567194],[11.53992939813963,48.18111146055928],[11.539892101438268,48.18067019704926],[11.539877525659325,48.180236779403515],[11.539914460131813,48.17976765665495],[11.539992400207167,48.17933286292882],[11.540107468567792,48.178875180889946],[11.54040952729033,48.17780987518506],[11.54047187735604,48.17752887917623],[11.54051386172959,48.17724296626358],[11.540542584935363,48.176975231678334],[11.54054794535827,48.17669645056532],[11.540515583594436,48.17624445763943],[11.540418151934123,48.17578352728396],[11.54027401472805,48.17535831285275],[11.540082658185419,48.1749254404488],[11.539417557301789,48.173673248913616],[11.539168630954514,48.173144519865176],[11.538898281794722,48.172460829761064],[11.53873890541203,48.17200974825518],[11.538603793216407,48.171553921103516],[11.538512556473329,48.17115682611487],[11.538477773968543,48.17098303842218],[11.538385353546811,48.17050173304609],[11.53828674044079,48.16989702520365],[11.538119510552175,48.16863374187387],[11.538076402303059,48.168210810940536],[11.538388625058866,48.16830770379799],[11.538608779007314,48.16838882902353],[11.539075983296524,48.16851037653648],[11.53926954753742,48.168560776445396],[11.54008652426103,48.16879775452016],[11.541277336495227,48.16913710811973],[11.541841296041234,48.16929869777907],[11.542034521754411,48.16935394049954],[11.54212486898954,48.169379830180304],[11.542466284262037,48.16947765950533],[11.543817281330343,48.16985010340624],[11.54445078094719,48.17002494281194],[11.54445729919022,48.17002069809642],[11.544546538050978,48.16996404216809],[11.544647095802583,48.169904447771685],[11.544738174222175,48.16988330071773],[11.54476858312569,48.16988090039969],[11.545043876276122,48.16985922274715],[11.545105232394672,48.16985434702904],[11.54512068808157,48.16985521931951],[11.545198771052464,48.169859583610574],[11.545292574657626,48.169865362217216],[11.54538609792333,48.16987237877056],[11.545479064346027,48.169881460006025],[11.5455717472215,48.16989206719373],[11.545891254121388,48.1699820298893],[11.546005400667685,48.17001412760439],[11.546184932029213,48.17007121540708],[11.546409723665853,48.17014114743297],[11.546674936107383,48.17022381475345],[11.546777880317142,48.17024435300967],[11.547053264677126,48.17028787895814],[11.547161404066513,48.17029929569068],[11.547359272247252,48.170316976405125],[11.547488346332011,48.17032942675448],[11.547543187310362,48.170336582231826],[11.54759086061263,48.17034437352803],[11.54764151417365,48.1703542968961],[11.547691871470308,48.17036592291546],[11.547742052412543,48.170378386928824],[11.54778576621125,48.1703908566845],[11.547836092721923,48.17040720631842],[11.54787878593654,48.17042285783506],[11.547901757590544,48.17043190680001],[11.548034006923208,48.17051442649944],[11.548114571068945,48.17057543670916],[11.548148501304823,48.17059752793926],[11.548470091350785,48.17030507983172],[11.548654669066583,48.17006048557001],[11.549298607257173,48.16904131305634],[11.549518935028917,48.168700551638935],[11.549807927346237,48.168440257239524],[11.550206190577091,48.168274919708864],[11.550604739533377,48.1682191652532],[11.550989346954356,48.16823537018004],[11.552533544631734,48.16836800008787],[11.55307416351733,48.16839299007898],[11.553434642037917,48.16834287676679],[11.553814411041076,48.16819542696544],[11.554499922875141,48.167736550718416],[11.55506355284282,48.16803908181144],[11.555523781415307,48.1682273750408],[11.55620573506079,48.1683971765583],[11.556896932458832,48.16850888567498],[11.557600755252352,48.168574580396104],[11.55839807823415,48.16860982618895],[11.559200584439578,48.16860537098679],[11.559995864851949,48.16856067509957],[11.561585573202452,48.16843250029883],[11.560921194354329,48.17016049845972],[11.560633089080566,48.171653325053526],[11.560658787404757,48.17165559376234],[11.560838587765843,48.1716713559508],[11.560816339240928,48.1717262334426],[11.56076824816461,48.17184488017398],[11.560755973584804,48.171880713504166],[11.56070637145129,48.17201963467094],[11.560644652760775,48.172194463887735],[11.560593469236638,48.172370885710734],[11.560554175265207,48.172548812379056],[11.560545758824464,48.17258943294873],[11.560517129183504,48.17272871615159],[11.560482379619923,48.172907144351726],[11.560451258650794,48.17308580388641],[11.560426733083844,48.17326486797734],[11.56042671874924,48.173264958275844],[11.5604099878903,48.17344441279411],[11.560400623749716,48.17362433296725],[11.560397966410935,48.173804270113855],[11.560399587376002,48.17391290162202],[11.560397573231915,48.174119142382004],[11.560321226092945,48.17420659577259],[11.559867642079611,48.17465445548213],[11.559440064107648,48.174976632562],[11.558316235204533,48.17590673432563],[11.558457531910834,48.17609996305827],[11.561255666137681,48.1760534235609],[11.564137197531258,48.17600392050922],[11.56537244722361,48.17608927324799],[11.566247756328528,48.176261623145024],[11.566888888829348,48.17644590442308],[11.567653489581307,48.17667308689546],[11.56851624746967,48.17693092641681],[11.570795040984683,48.177576518552726],[11.570869602643269,48.17759693890669],[11.571636603068766,48.17780491351033],[11.572246633399121,48.17791882007549],[11.572856557273129,48.177984919926494],[11.572993335636342,48.17799603810099],[11.573321653476734,48.17802359237782],[11.573394806652452,48.1780302533587],[11.574566383360922,48.17804977154561],[11.575692300189262,48.1780151839524],[11.576807876127162,48.177932160175594],[11.579131515113945,48.17770384541034],[11.579726269627367,48.177645480724806],[11.58045737864061,48.177591333952904],[11.581187705822744,48.17757969181903],[11.583254225003305,48.17760827948969],[11.58485427366011,48.177634647093825],[11.585268340768867,48.1776414977755],[11.584999287248015,48.180604916060815],[11.584897651859528,48.18172632703645],[11.584636394117116,48.184480963344875],[11.584449200088578,48.1867669927875],[11.584381545641067,48.187884663969434],[11.584372209422527,48.18802403013141],[11.584171134963091,48.19048489784977],[11.584161160431282,48.190606857468545],[11.58403821959094,48.19219498103907],[11.584012692779567,48.19302192184832],[11.584352940452325,48.193039087292306],[11.584352554171774,48.193050292061805],[11.584373162115229,48.1930415585147],[11.584397525079812,48.19304235384279],[11.58469637925441,48.193061095483586],[11.584796665789176,48.19306738807013],[11.585014159216538,48.193080914047705],[11.585233976688087,48.19309478412299],[11.585350389530559,48.19310214850037],[11.585464104069729,48.193109323343506],[11.5856913007999,48.19312346647106],[11.585900368016429,48.193136625248385],[11.585928199803762,48.19313834453858],[11.586043020019353,48.19314550561837],[11.586160124442547,48.193152862605814],[11.586397830334823,48.193167964484324],[11.586513281882338,48.19317523325231],[11.586634912260529,48.19318288556515],[11.586867740194648,48.193197454749125],[11.587059861791554,48.193209479535966],[11.587078818515732,48.19321071906193],[11.587102747286865,48.1932126969195],[11.58733316441172,48.193231095866835],[11.587564892010626,48.19325002000642],[11.587792872982119,48.19327310591923],[11.588023008144544,48.193296180643244],[11.588248798266585,48.193318724743605],[11.588819981599977,48.193375590541045],[11.588892915898947,48.193566340049266],[11.588938510298867,48.1936855433847],[11.588972246152608,48.19377351410084],[11.588997809821757,48.19384051221694],[11.589025746619663,48.19391363300297],[11.589057110897844,48.19399566453888],[11.589116545989313,48.1941506113554],[11.58916058726806,48.194279240704454],[11.589166630005291,48.194297423336714],[11.589205670462997,48.194446122705195],[11.589216644717675,48.19450416914533],[11.589234074671365,48.19459614152217],[11.589249962100252,48.194746724964695],[11.589252209745112,48.19481938630616],[11.589254544034018,48.19489798340556],[11.589248026603867,48.19504930934072],[11.589236942190563,48.19518281799224],[11.58923650073519,48.19518794234543],[11.589225660200649,48.195316305898885],[11.589214509361417,48.19544969996698],[11.589203512357225,48.19558078080473],[11.589193701388767,48.19569820309806],[11.589192517908188,48.19571177970021],[11.589181654477171,48.1958428422238],[11.58916947382471,48.195987285505694],[11.589160703512032,48.1960926514514],[11.589159365713478,48.196108746441865],[11.58915743483009,48.19613176338171],[11.589145261188062,48.196276427844815],[11.589133212257094,48.196420790762765],[11.5891210215032,48.196565331431465],[11.589108972544627,48.196709989472076],[11.589097534348287,48.19684583470387],[11.589096452982648,48.196863546232784],[11.589323384376161,48.196833399688956],[11.589656905732427,48.19678899356183],[11.589749136764551,48.19677691517368],[11.59014458096364,48.19809470561619],[11.590183632367081,48.19822639653578],[11.590187132175027,48.1982381201661],[11.590332928280263,48.19872681346726],[11.589887405216038,48.198774168398494],[11.58998383745671,48.199124929583796],[11.59008194463268,48.19948234554738],[11.590103527046923,48.19956067150442],[11.590412274302434,48.200683492760064],[11.590504315090456,48.201018796011745],[11.590546405905828,48.20117243157114],[11.59056564498406,48.201242723864986],[11.590566801693523,48.20124694928533],[11.590593467035536,48.201344702139586],[11.590614485281662,48.20143736894682],[11.587022132366023,48.20111925699623],[11.585302353841778,48.200961219225455],[11.586215101227483,48.20562512620092],[11.586248698813462,48.205728682326956],[11.5867109727542,48.20807658519435],[11.58716385628807,48.21039643925119],[11.587508216159971,48.21217354946529],[11.587629188961287,48.212786294756945],[11.587684024527716,48.21312187078415],[11.587723312673187,48.213480541764014],[11.587675317387315,48.213479625212635],[11.587536864187262,48.213477051365444],[11.587520734155245,48.21347675238756],[11.587509157178937,48.21347650563201],[11.587500553341323,48.21347632328675],[11.587499880104364,48.21347632135262],[11.58746664891654,48.21347584783014],[11.587476766102666,48.213641005356195],[11.587483821362431,48.213818648896144],[11.587486712369405,48.2139952461829],[11.587486531279165,48.21435425269261],[11.587479888499756,48.215232394612784],[11.587469368470103,48.21668518977409],[11.587461300940609,48.217801885220666],[11.587453615460511,48.218906919653016],[11.587452015348708,48.21915846039031],[11.58745618907575,48.2191582962151],[11.587447865427176,48.220080040346666],[11.587447757532011,48.22009344059428],[11.587447707398017,48.22009973572841],[11.587446622022734,48.22023534626661],[11.587444832474839,48.220475597105995],[11.587442207391863,48.220635677805284],[11.587443372578887,48.220641348112245],[11.587440065410604,48.22100388346424],[11.58744707104635,48.221003187627666],[11.587444311525099,48.22149972207479],[11.587442671449919,48.221519772951176],[11.587440731787263,48.22211525186768],[11.587497649761211,48.22213441862649],[11.587492099558048,48.22217217356885],[11.587460615946734,48.222389357593656],[11.587392818357397,48.222854757312504],[11.587160446771234,48.22400954636435],[11.587155741236844,48.224009079154804],[11.58712779531728,48.2240850573658]]]},"geometry_name":"shape","properties":{"sb_nummer":"11","sb_name":"Milbertshofen-Am Hart","flaeche_qm":13417212.19468}},{"type":"Feature","id":"vablock_stadtbezirk.27","geometry":{"type":"Polygon","coordinates":[[[11.625506279485203,48.229031978500764],[11.624608571981701,48.22924360856454],[11.624236605734659,48.228870509962256],[11.624108412799691,48.22870092498109],[11.623442256820233,48.228745997399415],[11.622902006765223,48.228767526408184],[11.622843988424966,48.22876986129532],[11.622695349685744,48.228760463754895],[11.622363708519723,48.2287395775711],[11.62240537975862,48.228290874865486],[11.622449891646896,48.22807554650659],[11.622457141733584,48.22804058532419],[11.622478365190366,48.22797104667663],[11.622502904544909,48.22789369416251],[11.622520088755971,48.227829176738595],[11.622529322197597,48.22776571178124],[11.62252926079061,48.22773846039952],[11.622529094189792,48.22770707059366],[11.622522948544955,48.22764741994382],[11.622496723010817,48.22755550321325],[11.622455136457951,48.22755483368041],[11.62232399286946,48.227552835724026],[11.622262414743712,48.227551892659626],[11.621932143784003,48.22754685435111],[11.621639699549426,48.22757845157252],[11.621558626666733,48.22758395272876],[11.621403239199257,48.22759057077509],[11.621160696267886,48.22759647754724],[11.620770952124245,48.22759743374216],[11.620655866415262,48.22759768418982],[11.620572039396567,48.2275983859115],[11.62018778969821,48.22761827321886],[11.619751173350359,48.22764084328988],[11.619407351925988,48.227641787932654],[11.619097395666945,48.227642722617496],[11.618962818477224,48.22764405632043],[11.618877674669648,48.227644922686544],[11.618729077249286,48.227635252747014],[11.618410237572633,48.22761374488323],[11.618177628705425,48.22758833759154],[11.618177568084686,48.22758833717323],[11.618137337535273,48.22758787632005],[11.618081076527405,48.227587232753706],[11.617501162209226,48.22762286705213],[11.617037526515691,48.22768481327033],[11.61658804500098,48.22773547136467],[11.616006268621044,48.22775664132326],[11.615909565149606,48.22776316380195],[11.614165920713129,48.22792783325726],[11.613911031574771,48.22742289752528],[11.613608909444082,48.22692164322382],[11.613566641681837,48.22685145128791],[11.61355376724576,48.22682971284117],[11.613272379591141,48.22635428589277],[11.613265092251725,48.226341978782244],[11.613213757576142,48.22625532256984],[11.613103004273663,48.22606830120688],[11.612944252978044,48.225578351046366],[11.61272798084192,48.225590008595994],[11.612610678285673,48.22559632368513],[11.611953560506496,48.22563160970532],[11.611921081997753,48.22563335849026],[11.611795557511478,48.22564005580403],[11.611672090925476,48.22564694464726],[11.611561162140857,48.2256524506407],[11.611452472430615,48.2256458088928],[11.611328999125359,48.22563738223622],[11.61121223464615,48.22562586067484],[11.611089244435426,48.22561216082444],[11.610984680013246,48.225596718542015],[11.610875928586163,48.2255790705512],[11.610750172640781,48.22555925794383],[11.610634951116976,48.22555632519973],[11.610512223068755,48.225550178789796],[11.610379920166313,48.225546985135175],[11.610257530356016,48.22554700870917],[11.61013924584211,48.225550463359944],[11.610015149499361,48.22555368189696],[11.609931075278784,48.225552848238756],[11.60989690547239,48.22555187162182],[11.609842900485486,48.22554835824714],[11.60980669565548,48.22554599896538],[11.609731312807224,48.22554305569552],[11.609683995311114,48.225541215118724],[11.60956365192776,48.22554146860671],[11.609435075216162,48.225548786029705],[11.609316769520854,48.22556135605929],[11.609196380251026,48.225578950005875],[11.609077989225488,48.225605254280644],[11.608963676886559,48.22563682675176],[11.608852805564318,48.22566520681344],[11.608686224694072,48.225705599588494],[11.608139405174963,48.22565910528888],[11.607951507440017,48.22622508408678],[11.607692696875445,48.226881990206046],[11.607536613623468,48.22730013186269],[11.607869559818285,48.22736710390059],[11.608049058856071,48.22740313586565],[11.609083862358252,48.227611224382635],[11.6090501517295,48.22773971644021],[11.609046836878319,48.22775238423137],[11.609025621367795,48.227832973117714],[11.60887269760625,48.22841249720582],[11.607083170123227,48.22815847784645],[11.607114138981766,48.228070794558334],[11.607122099621538,48.228048336104884],[11.607156662621794,48.227951141483885],[11.607208315231254,48.22795744846194],[11.607411550322071,48.2275165452375],[11.607450279977563,48.2274324045496],[11.607499408815531,48.227325993866415],[11.606987100849434,48.22719096808254],[11.606064124546368,48.22692700481276],[11.605876615527338,48.22686556507867],[11.605708927210816,48.226770917899515],[11.605866982532746,48.2266804949292],[11.605963222464297,48.226627646994736],[11.60612980431321,48.2265100132663],[11.60623590401334,48.226419906226816],[11.606262466135751,48.226397350714045],[11.606318429009875,48.22632454281976],[11.606361765751936,48.22624693571266],[11.606452178387874,48.22610476091713],[11.606556335028484,48.22594956656006],[11.606652576578792,48.2258050692806],[11.606753913042654,48.22565966901055],[11.606859007862033,48.225512451284025],[11.606961370736693,48.22536522435837],[11.60699803789432,48.22531073268979],[11.607508394092614,48.22455221762177],[11.607567413341119,48.22448421746779],[11.607861916254759,48.22415982120558],[11.607924286956228,48.22409114733233],[11.608011093079915,48.2239955532046],[11.608119706107182,48.223881121835774],[11.608330915520604,48.223658558908625],[11.608464441417215,48.22351791769608],[11.608511443487982,48.22346841145406],[11.608664281376358,48.22330742285829],[11.608775464148506,48.22317213840849],[11.609037075937541,48.22283303015009],[11.609065710599289,48.2227958962294],[11.609216348865722,48.22260057142761],[11.609266045182574,48.222526628429215],[11.609465472390493,48.222216713159135],[11.60951358940295,48.222138021742815],[11.609553595179428,48.22206359776648],[11.609626214388108,48.22191319367621],[11.609669300754499,48.22184075750133],[11.60975857902692,48.22170974687526],[11.610128358457239,48.22117710904464],[11.610172131763198,48.22110242648768],[11.610214403772725,48.22103052597181],[11.610261127443456,48.22095720251553],[11.610887784008177,48.220143279225226],[11.611105039942018,48.219855298415],[11.61121207526608,48.21970836619385],[11.611458053409066,48.219341300963215],[11.611504779424285,48.21926689626924],[11.61154721678517,48.21918986987516],[11.611572362305001,48.2191392277965],[11.61096034990432,48.21921526494677],[11.610878839558252,48.218941760409244],[11.609918208068459,48.218988292230094],[11.609437935626064,48.21901501652341],[11.60883923751589,48.21905619710134],[11.608723830652412,48.219064927065524],[11.608597665080577,48.21907271616082],[11.607763679055454,48.219117484608944],[11.607406215794695,48.21913471311354],[11.606684281165709,48.219169741477764],[11.60656155800607,48.21917363693084],[11.606203174434565,48.21918113786004],[11.606233615021967,48.2186223988831],[11.606238335694146,48.21858634977035],[11.606243363912352,48.21854535474468],[11.606267361630875,48.21840121321876],[11.606114248975956,48.21837830452912],[11.605873775856027,48.21834547645239],[11.605633099868493,48.218324423499936],[11.605400884660986,48.21831765847137],[11.605057231680103,48.21832508814919],[11.604817995872889,48.21833542052898],[11.604830135444606,48.21814228566769],[11.60484349851021,48.218068233389246],[11.604879833557504,48.21791359986035],[11.604954678543619,48.217635146173016],[11.605005266353485,48.21748139785992],[11.601831014973527,48.21686061854675],[11.601846600766553,48.216646701850934],[11.601849080040141,48.2166128307783],[11.601917446718884,48.21623140829736],[11.602002083311785,48.215639425012036],[11.602035941718238,48.2151081953718],[11.601839317835525,48.21507935515523],[11.601849719698814,48.214979830683376],[11.601514060170953,48.214944792294325],[11.601531411974856,48.21465818401048],[11.601586541400618,48.21441171374781],[11.601672436497873,48.21404734037814],[11.601703341847251,48.21393322134326],[11.601834185531116,48.21334931908801],[11.601137330167859,48.213306059981406],[11.600960506272882,48.21329997735623],[11.600821599850196,48.213300421591285],[11.6004732517382,48.213308805977654],[11.600127668219777,48.21331106756756],[11.599785475370986,48.213320413706434],[11.599429887801133,48.21333607606166],[11.598851549165412,48.21338986491095],[11.598234825032328,48.21340495073345],[11.595494198945481,48.21343038036022],[11.595413850564222,48.21343113009261],[11.594821018829023,48.21343654928496],[11.593476632032052,48.21350259934713],[11.592182886803817,48.21356639245926],[11.59039971013329,48.213532044569675],[11.590091887164169,48.21352620377807],[11.589065490362689,48.213506362016744],[11.588774894108612,48.213500402133654],[11.588175932723896,48.21348923855172],[11.588026596531089,48.21348637867829],[11.58798031507212,48.213485489334246],[11.587939684122768,48.21348471023976],[11.587911297013237,48.2134841601271],[11.587766122478595,48.213481359139784],[11.587737472963182,48.21348081129518],[11.587723312673187,48.213480541764014],[11.587684024527716,48.21312187078415],[11.587629188961287,48.212786294756945],[11.587508216159971,48.21217354946529],[11.58716385628807,48.21039643925119],[11.5867109727542,48.20807658519435],[11.586248698813462,48.205728682326956],[11.586215101227483,48.20562512620092],[11.585302353841778,48.200961219225455],[11.587022132366023,48.20111925699623],[11.590614485281662,48.20143736894682],[11.590593467035536,48.201344702139586],[11.590566801693523,48.20124694928533],[11.59056564498406,48.201242723864986],[11.590546405905828,48.20117243157114],[11.590504315090456,48.201018796011745],[11.590412274302434,48.200683492760064],[11.590103527046923,48.19956067150442],[11.59008194463268,48.19948234554738],[11.58998383745671,48.199124929583796],[11.589887405216038,48.198774168398494],[11.590332928280263,48.19872681346726],[11.590187132175027,48.1982381201661],[11.590183632367081,48.19822639653578],[11.59014458096364,48.19809470561619],[11.589749136764551,48.19677691517368],[11.589656905732427,48.19678899356183],[11.589323384376161,48.196833399688956],[11.589096452982648,48.196863546232784],[11.589097534348287,48.19684583470387],[11.589108972544627,48.196709989472076],[11.5891210215032,48.196565331431465],[11.589133212257094,48.196420790762765],[11.589145261188062,48.196276427844815],[11.58915743483009,48.19613176338171],[11.589159365713478,48.196108746441865],[11.589160703512032,48.1960926514514],[11.58916947382471,48.195987285505694],[11.589181654477171,48.1958428422238],[11.589192517908188,48.19571177970021],[11.589193701388767,48.19569820309806],[11.589203512357225,48.19558078080473],[11.589214509361417,48.19544969996698],[11.589225660200649,48.195316305898885],[11.58923650073519,48.19518794234543],[11.589236942190563,48.19518281799224],[11.589248026603867,48.19504930934072],[11.589254544034018,48.19489798340556],[11.589252209745112,48.19481938630616],[11.589249962100252,48.194746724964695],[11.589234074671365,48.19459614152217],[11.589216644717675,48.19450416914533],[11.589205670462997,48.194446122705195],[11.589166630005291,48.194297423336714],[11.58916058726806,48.194279240704454],[11.589116545989313,48.1941506113554],[11.589057110897844,48.19399566453888],[11.589025746619663,48.19391363300297],[11.588997809821757,48.19384051221694],[11.588972246152608,48.19377351410084],[11.588938510298867,48.1936855433847],[11.588892915898947,48.193566340049266],[11.588819981599977,48.193375590541045],[11.588248798266585,48.193318724743605],[11.588023008144544,48.193296180643244],[11.587792872982119,48.19327310591923],[11.587564892010626,48.19325002000642],[11.58733316441172,48.193231095866835],[11.587102747286865,48.1932126969195],[11.587078818515732,48.19321071906193],[11.587059861791554,48.193209479535966],[11.586867740194648,48.193197454749125],[11.586634912260529,48.19318288556515],[11.586513281882338,48.19317523325231],[11.586397830334823,48.193167964484324],[11.586160124442547,48.193152862605814],[11.586043020019353,48.19314550561837],[11.585928199803762,48.19313834453858],[11.585900368016429,48.193136625248385],[11.5856913007999,48.19312346647106],[11.585464104069729,48.193109323343506],[11.585350389530559,48.19310214850037],[11.585233976688087,48.19309478412299],[11.585014159216538,48.193080914047705],[11.584796665789176,48.19306738807013],[11.58469637925441,48.193061095483586],[11.584397525079812,48.19304235384279],[11.584373162115229,48.1930415585147],[11.584352554171774,48.193050292061805],[11.584352940452325,48.193039087292306],[11.584012692779567,48.19302192184832],[11.58403821959094,48.19219498103907],[11.584161160431282,48.190606857468545],[11.584171134963091,48.19048489784977],[11.584372209422527,48.18802403013141],[11.584381545641067,48.187884663969434],[11.584449200088578,48.1867669927875],[11.584636394117116,48.184480963344875],[11.584897651859528,48.18172632703645],[11.584999287248015,48.180604916060815],[11.585268340768867,48.1776414977755],[11.585274821354398,48.1775689241193],[11.585363379511971,48.17657853891721],[11.584967126011561,48.17654539537202],[11.584379563698164,48.17649666189605],[11.583981298583565,48.176464421307344],[11.583273760925199,48.176405621736514],[11.581634536780044,48.17627011677225],[11.582118401256306,48.17365325749421],[11.582425426728518,48.17229363860292],[11.582708959005352,48.171067338072376],[11.582740786510323,48.17090204962195],[11.582895751963559,48.17008124099463],[11.583149142694541,48.16932040255388],[11.583044681101411,48.169032202279006],[11.582859882850416,48.16887677753095],[11.582703915780419,48.16830441982707],[11.582629882155006,48.16776129057578],[11.582624129092215,48.16714449337582],[11.58132829535043,48.16709697351832],[11.581099958478609,48.16708705076919],[11.579316371409611,48.167110544835715],[11.579168014575359,48.16711324154166],[11.579053383789601,48.166675499152234],[11.579070922061852,48.16652756374128],[11.579077419083626,48.16646556074711],[11.579481580004954,48.164036849313895],[11.57950317657396,48.16396171395038],[11.579527634261208,48.16387956343425],[11.579939494943249,48.162874986609864],[11.579927646050933,48.16279718039982],[11.579826078250042,48.16212986710284],[11.579667188269886,48.1611355802731],[11.580399566347134,48.161076979917404],[11.580387482662182,48.160999241993906],[11.580229118203974,48.160028582416444],[11.58020297695353,48.1598683738482],[11.580053612463418,48.15891691489207],[11.580022980292553,48.15873769462091],[11.579888509391704,48.15795179213797],[11.579865098865787,48.157815005835914],[11.579846163813562,48.15768631073213],[11.579590788078823,48.15574280773034],[11.579287635999842,48.15468087796281],[11.58088597653696,48.154488940859686],[11.5826827043123,48.15414888148915],[11.582652524916732,48.15408526075098],[11.582641821664406,48.15406264752873],[11.58252626147265,48.15383688963425],[11.582523611863646,48.15383184467237],[11.582416012677697,48.15359616290629],[11.582234237168727,48.153218888724666],[11.582148079257426,48.15323663853668],[11.582078120286923,48.15308742814032],[11.581790423873063,48.15247347414481],[11.581758963803875,48.152406531116995],[11.581743171138571,48.15233180273741],[11.581857808572051,48.15230696785918],[11.581922392502946,48.152168304734914],[11.58198609610375,48.15212056848615],[11.582054247372808,48.15210435099792],[11.582131648382019,48.15210768232506],[11.582220715301315,48.152133984938565],[11.582328929545543,48.15221145124014],[11.582469645992441,48.152183851053216],[11.583521411960081,48.15197068698609],[11.584458780089719,48.151828913417106],[11.584594058687667,48.151799696360634],[11.58482672954102,48.15176197010123],[11.584828822940725,48.151769082659264],[11.585129711367882,48.15172195105229],[11.585130914749165,48.151721762006275],[11.585262911259306,48.15170114987689],[11.585431141500703,48.152080763231545],[11.585727212646885,48.15233877788655],[11.585990462915152,48.15248965070784],[11.587698707313056,48.15327721497315],[11.587716761378287,48.153271070259336],[11.587807577516394,48.15323999782745],[11.587907155461837,48.15320574240272],[11.587997049989019,48.15312207328686],[11.58818408276625,48.15286248032418],[11.588192376776098,48.15285090923759],[11.588327551598502,48.153010773000105],[11.588463700294284,48.15312517772133],[11.58862683976568,48.15324232125539],[11.588632235142606,48.15325090607882],[11.58863046103087,48.1532601410631],[11.588629352496861,48.153261707393575],[11.5886280165622,48.15326319066886],[11.588608543462216,48.153278142304345],[11.588604161197912,48.15329088857773],[11.588607774705764,48.15330374529296],[11.58861878846887,48.15331455196571],[11.588635347051824,48.15332149683105],[11.588769446845802,48.153360355607866],[11.588840221502402,48.15338370912527],[11.588927671817496,48.153405511621045],[11.589055543594899,48.153449156076505],[11.589088939814959,48.1534582740764],[11.589124876719984,48.15346937913232],[11.589155181509605,48.15347884483161],[11.589185996231786,48.15349128094841],[11.589277846836215,48.15353290364864],[11.58932737998284,48.15355629118669],[11.589359874491352,48.153576289057845],[11.589382809747844,48.153598589035084],[11.589404892152672,48.15362673170526],[11.589452849411057,48.153679524016006],[11.589486310403913,48.15371516279155],[11.589608572822408,48.153841934657734],[11.589671673843487,48.15393244498549],[11.589721608297305,48.154004302449096],[11.589845975340465,48.15418822386557],[11.58991389945577,48.15428647872342],[11.58991682244668,48.15429071563654],[11.589967664107,48.15437082704988],[11.59000937357764,48.15444903703443],[11.590015695411525,48.154465250058095],[11.590029834695788,48.15451234052758],[11.590055235727808,48.154613706420164],[11.590058658801286,48.15469115464695],[11.590061160189432,48.154766348974455],[11.590041582938952,48.155066943014525],[11.590000660980659,48.15532790007472],[11.589987416212507,48.155439107398124],[11.589973205239483,48.15548555039363],[11.589942167426779,48.155551435836635],[11.58985521524773,48.155714431676714],[11.58984087545716,48.15574163095222],[11.58981754553263,48.15578535249333],[11.58977176610544,48.15588395205799],[11.589705571701646,48.15603454849451],[11.589578059841859,48.156287494988035],[11.58947304886545,48.1564628810909],[11.589484083688758,48.156461028896864],[11.589480100025037,48.156468471821626],[11.589455710560827,48.15651399786051],[11.58942354641205,48.15656854233605],[11.589508555669015,48.15656757884667],[11.590612735574934,48.15654247633742],[11.5909798814037,48.156525507059804],[11.591271967867138,48.15649095178456],[11.59154795213715,48.15642358632343],[11.59167728436687,48.156340793585315],[11.591736439548372,48.15627981420144],[11.591782580432163,48.15618888183556],[11.591866859632725,48.15596471200812],[11.592094492418159,48.15551530181337],[11.59237212667322,48.15506220005508],[11.592442543703713,48.15496783117651],[11.59286413916473,48.15421700758653],[11.593350173547975,48.15311358692954],[11.59341114834043,48.15267334956552],[11.593743855966995,48.15223027247129],[11.59407381148839,48.15166667223378],[11.594552608990284,48.151235918277045],[11.595246085347275,48.150671423486635],[11.596759506273367,48.14998556286105],[11.597951053905314,48.14944205248638],[11.598168540958216,48.149346149450864],[11.598239393825427,48.149419443984215],[11.598255714871637,48.14941212927211],[11.598667027855607,48.14985188027732],[11.598636973865124,48.14986400561688],[11.599279267236334,48.15056921150374],[11.599664855722244,48.15099053017381],[11.599696186159758,48.1510249077249],[11.600821570903245,48.15228051156166],[11.601110066273627,48.15260187265233],[11.601850943928499,48.15342767812348],[11.602024469583213,48.15362108071476],[11.603391398879117,48.15514544792962],[11.604503746074858,48.15638550451548],[11.604783286465329,48.156697118497235],[11.604904390687985,48.15683217499539],[11.604992108383668,48.15693001535133],[11.605081416213176,48.157029479700114],[11.605375760420376,48.157357889510074],[11.605984642235635,48.15803872498282],[11.606480706700323,48.15859228936078],[11.609437817048356,48.16189083768479],[11.6096618631861,48.1621408119503],[11.609798209081307,48.16229335726616],[11.613849940427428,48.16681219445152],[11.614451318175169,48.1674826903442],[11.614816601028906,48.16797165666312],[11.615447793744773,48.16882285652199],[11.61545604095716,48.16883475928952],[11.615486761116687,48.1688802912947],[11.615562478853098,48.168898002836556],[11.615622637913175,48.168907840875974],[11.615708070735346,48.16893539711502],[11.615772375841914,48.168982035858825],[11.615778710510783,48.168980169402516],[11.615803959540372,48.16898394675318],[11.615893190875578,48.16908304633178],[11.615954872398635,48.16915144507317],[11.61602876255454,48.16923343158834],[11.616023525527728,48.16925068114929],[11.616132357049947,48.16935143519766],[11.616150651167427,48.16937282418839],[11.61616337326215,48.16939594711095],[11.616170180165271,48.16942016663004],[11.616170876012358,48.16944480606242],[11.616242987814836,48.169524000386915],[11.616671514584148,48.16999337152478],[11.6168253639896,48.1701542288093],[11.616972942544201,48.17030149158072],[11.6174519520949,48.170741466062644],[11.618110583192655,48.171345307755],[11.618339822780287,48.17156962047797],[11.61907771314438,48.17239444101591],[11.619282655336818,48.17270778805178],[11.619976571440706,48.17354044753044],[11.620686208404665,48.174326570307024],[11.620756461444792,48.174409002978834],[11.6220259298921,48.17581886142474],[11.623104145951839,48.17701903455596],[11.623921691793283,48.177926373435504],[11.624749986358454,48.17884525811816],[11.625718880593798,48.17992046397415],[11.62636872569146,48.18063975443562],[11.62643173112892,48.18059544414894],[11.62651025745225,48.18055203327404],[11.626958112232956,48.180304188509595],[11.626993803570084,48.18028287770528],[11.627052384065014,48.18024790375098],[11.627248008467713,48.1801301071157],[11.627314947456018,48.18008984092851],[11.627348980044923,48.180070354040794],[11.62738598538855,48.1800485406673],[11.627534529446482,48.179961016855586],[11.62761044130627,48.17991613626459],[11.62765930761483,48.17988735342872],[11.627785118358696,48.1798132361418],[11.627909398931163,48.17973987985312],[11.627951935684822,48.179714902050165],[11.627979612519995,48.17969844781011],[11.628264930448035,48.17953004996381],[11.628373078957875,48.17946619876669],[11.628445984548215,48.1796432316601],[11.62855291786148,48.17981856810675],[11.628892675933296,48.18030977624152],[11.628950418863182,48.180376601641306],[11.628980527999298,48.18047229047975],[11.62903962030213,48.18072219493992],[11.629788721973515,48.18163739142819],[11.630023242063018,48.18185581755785],[11.630186772105144,48.18208769550183],[11.630265751936454,48.182081387299434],[11.630386804712508,48.1821940312912],[11.63049155651096,48.18229114725601],[11.630557523882564,48.18235230737273],[11.63061124652294,48.182402119806255],[11.630662277952455,48.182449428529246],[11.630702076586216,48.18248641917969],[11.63087034043125,48.18258974479266],[11.63107702549194,48.18275384860134],[11.631290278743982,48.1828926973294],[11.631531392667496,48.18306611280849],[11.631324395256907,48.183221296416406],[11.631036557476714,48.18333874200944],[11.631096016664863,48.18341302410884],[11.631083061062016,48.18341846586156],[11.631110800767683,48.18343330248704],[11.631163577034865,48.18346134511811],[11.631231621395623,48.18349762385202],[11.631133633163694,48.18352931397458],[11.631099258840734,48.18354017357258],[11.630975480600465,48.1835799693218],[11.630784321760409,48.183641407632614],[11.63074914026566,48.18365271931071],[11.630571320869329,48.183709887289176],[11.630500870705056,48.183634317950506],[11.629456973077627,48.18402238773012],[11.629602123335328,48.1842019664173],[11.629560727270526,48.18421658365748],[11.629257444106088,48.18432924224819],[11.629350845315031,48.184432546864656],[11.629405159313613,48.18449260397048],[11.629409834122656,48.1844974764304],[11.629422103805997,48.18451253708088],[11.629521998410503,48.18463401723809],[11.629554117750864,48.18467342724278],[11.629962095869859,48.185170532488584],[11.630564620899948,48.186007526441216],[11.631149828593385,48.18678565342719],[11.631780648222993,48.187604290384556],[11.632351672237935,48.18839642293451],[11.632858732128767,48.18920163944603],[11.633361485046645,48.190045259345055],[11.633850314874518,48.19088483403282],[11.634350104931483,48.19173897578355],[11.634826840616112,48.1925606891553],[11.635328402508266,48.193417781371274],[11.635813699004038,48.19425331659487],[11.636290628343897,48.19509639126164],[11.636684086096054,48.1957967244551],[11.636763061995454,48.19593861242334],[11.637226692948415,48.196789282090315],[11.637691061125134,48.19764110175942],[11.638107316631753,48.19848913038085],[11.638346263046563,48.199274517099475],[11.638514301491954,48.200146782687916],[11.638523720972925,48.20117281423451],[11.638545489588038,48.20208064419519],[11.638684604091667,48.20287514222216],[11.639120434412694,48.20376493909538],[11.639686350197058,48.204607992135514],[11.639777145992838,48.204711821394916],[11.639914815952872,48.20485897195221],[11.640077615574262,48.205032909357705],[11.640414885224413,48.20538883024208],[11.640475287532801,48.20543609288767],[11.640727890024545,48.205633779518074],[11.641279428608218,48.20607047422811],[11.642354117777316,48.206695975216846],[11.64274951472395,48.206873789057205],[11.643199089620838,48.20707556277424],[11.643510206100375,48.20721737686233],[11.644608049004805,48.207712850291514],[11.645109455442718,48.20796085599995],[11.645608365840435,48.20820750703498],[11.646703185152884,48.20879760915447],[11.647542436229266,48.20935996358565],[11.647595746672838,48.209395752520955],[11.647617072450137,48.20940970723454],[11.647625450903226,48.2094162544966],[11.648019610197474,48.209724197800604],[11.648035690519919,48.209737090110394],[11.648049588996717,48.20974826641455],[11.64806830491942,48.209763293465606],[11.648072403340901,48.20977356011071],[11.648287795692799,48.21005512161364],[11.648381749980244,48.210173710681794],[11.648488228860925,48.21030164772494],[11.648832230142522,48.21074884015702],[11.649587532084162,48.21174930573775],[11.649758918369724,48.21175716195194],[11.650159847416706,48.212503189251585],[11.650494992851858,48.21337764575817],[11.650660458183541,48.21425007656293],[11.650724786975742,48.215135257381384],[11.650652233207687,48.21602460213399],[11.65050545471474,48.216943066739205],[11.650505791089692,48.21700947890658],[11.648431416301122,48.21781736552778],[11.648235283487022,48.21789544716316],[11.64819433608366,48.21791155786854],[11.648101031084996,48.21794817496648],[11.647916612478983,48.218020440640196],[11.647544702041998,48.218166710120904],[11.647472585900339,48.218195080429254],[11.647129663551043,48.218329989250954],[11.647083980375523,48.218347957862754],[11.646809501863222,48.21845589126309],[11.646778616651144,48.21846586702126],[11.646747148373885,48.218476102745676],[11.64583049727153,48.2187736018894],[11.645291870433164,48.218965423756416],[11.642807079416643,48.21988108451898],[11.64272243979551,48.219968080512494],[11.64262141305762,48.22006871447216],[11.642524987426263,48.22013506036617],[11.642441059389329,48.22018273872079],[11.642433285148094,48.22021707087601],[11.642436271947586,48.2202329995613],[11.642489716053303,48.22033020838866],[11.642930134819437,48.220515210361064],[11.643009361888105,48.220623255894026],[11.643018639452112,48.22064540227147],[11.642849155223944,48.22069405835573],[11.642725495255318,48.22072956428568],[11.642631362679696,48.22075663923951],[11.640640897927616,48.221328420552915],[11.64049563542509,48.221369490876015],[11.640481200086048,48.22137420820617],[11.640363070099864,48.22140726392319],[11.640335564964582,48.221414636340235],[11.640241314756908,48.221441305317384],[11.639151307045882,48.22175086193052],[11.639021333030028,48.22202902213055],[11.638824300586512,48.222376337968086],[11.63869545117893,48.222651502623016],[11.638667052160791,48.222708613964386],[11.63858366246819,48.22288671604657],[11.63854489692229,48.22296949888842],[11.638513698722974,48.22308092371056],[11.638476868868546,48.223208340246465],[11.638476107798176,48.22322092868992],[11.638470443964314,48.22331651567577],[11.638464923490373,48.22341012522866],[11.638466313044304,48.223651185739506],[11.638389091066397,48.223823708580426],[11.638253881569813,48.22416367940529],[11.638273342334168,48.224382372760964],[11.638259608863857,48.22463929557212],[11.63830685944257,48.22475186843414],[11.638548545799374,48.22495651203164],[11.638852138834206,48.225162815090584],[11.63917749220466,48.22538044255376],[11.639451956247724,48.22564345293657],[11.639474649712707,48.22570567215034],[11.639288459492182,48.2257740566077],[11.639096392981553,48.22585787395971],[11.638995831913562,48.22596095118893],[11.638168535623569,48.22609699457944],[11.63729853887225,48.22620691946036],[11.6366846174425,48.22631000504205],[11.636664791492057,48.226276843877734],[11.635653949240785,48.2265074360195],[11.634670179803742,48.226788938340796],[11.633768205030075,48.22702033663341],[11.633142448039944,48.22719289975306],[11.633063667562622,48.22721458780471],[11.633033324247457,48.22722294307253],[11.632909281299387,48.22706947246785],[11.63270287233517,48.22712376349215],[11.63269464747633,48.22712589729626],[11.632655375041349,48.22713620355128],[11.632630535393224,48.227142721207485],[11.632606880958452,48.22714892736855],[11.632370303183112,48.227211104648106],[11.632346380854608,48.22721739247501],[11.6323221483485,48.227223750388355],[11.632125735733942,48.22727533962859],[11.632068671999775,48.22729033354793],[11.631998968163092,48.227308625885264],[11.631841445227554,48.22735030248459],[11.631274287059632,48.22749362322696],[11.63113169955567,48.22752964535418],[11.631031359390448,48.22755498757178],[11.630306084071872,48.227738221583856],[11.628574883718304,48.2281923403769],[11.62859718058964,48.22825328223981],[11.626954209378036,48.2286606663094],[11.625506279485203,48.229031978500764]]]},"geometry_name":"shape","properties":{"sb_nummer":"12","sb_name":"Schwabing-Freimann","flaeche_qm":25674767.45549}}],"totalFeatures":27,"numberMatched":27,"numberReturned":27,"timeStamp":"2026-07-18T18:23:55.249Z"}