timestamp,sn,parkhaus,frei,kap,aktiv
2026-07-01 00:02:01,106501,Parkhaus am Stachus,390,390,0
2026-07-01 00:02:01,106504,City-Parkhaus am Färbergraben,0,350,1
2026-07-01 00:02:01,106505,Parkgarage Rieger-City,181,266,1
2026-07-01 00:02:01,106506,Sonnenhof Parkgarage,21,77,0
2026-07-01 00:02:01,106507,Tiefgarage vor der Oper,272,275,1
2026-07-01 00:02:01,106508,Hertie-Parkhaus,417,504,0
2026-07-01 00:02:01,106509,Parkgarage Böhringer,54,150,1
2026-07-01 00:02:01,106513,TG Hotel Ibis City,39,0,0
2026-07-01 00:02:01,106521,Car Park Cristal,428,220,0
2026-07-01 00:02:01,106524,Parkhaus Oberanger,372,393,1
2026-07-01 00:02:01,301220,Tiefgarage Karstadt Oberpollinger,285,357,1
2026-07-01 00:02:01,301234,Pschorr-Garage,143,160,1
2026-07-01 00:02:01,301236,Marienplatz-Großgarage,161,220,0
2026-07-01 00:02:01,301264,Parkhaus Hopfenpost,190,230,0
2026-07-01 00:02:01,301270,Parkhaus Marsstr. 11,254,526,1
2026-07-01 00:02:01,301271,Tiefgarage am Hauptbahnhof,0,79,0
2026-07-01 00:02:01,301272,Tiefgarage Stachus Einkaufszentrum,204,316,1
2026-07-01 00:02:01,301277,Parkhaus Elisenhof,211,245,1
2026-07-01 00:02:01,401004,PH Hauptbahnhof Süd,87,197,1
2026-07-01 00:02:01,401010,Parkhaus am Hofbräuhaus,331,403,1
2026-07-01 00:02:01,401055,Parkhaus Schrannenhalle,144,150,1
2026-07-01 00:02:01,401060,Königshof-Parking,77,104,1
2026-07-01 00:02:01,401062,Parkhaus am Salvatorplatz,206,217,1
2026-07-01 00:02:01,106525,Parkhaus am Hauptbahnhof,0,223,0
2026-07-01 01:02:01,106501,Parkhaus am Stachus,390,390,0
2026-07-01 01:02:01,106504,City-Parkhaus am Färbergraben,0,350,1
2026-07-01 01:02:01,106505,Parkgarage Rieger-City,181,266,1
2026-07-01 01:02:01,106506,Sonnenhof Parkgarage,21,77,0
2026-07-01 01:02:01,106507,Tiefgarage vor der Oper,249,275,1
2026-07-01 01:02:01,106508,Hertie-Parkhaus,417,504,0
2026-07-01 01:02:01,106509,Parkgarage Böhringer,55,150,1
2026-07-01 01:02:01,106513,TG Hotel Ibis City,39,0,0
2026-07-01 01:02:01,106521,Car Park Cristal,428,220,0
2026-07-01 01:02:01,106524,Parkhaus Oberanger,374,393,1
2026-07-01 01:02:01,301220,Tiefgarage Karstadt Oberpollinger,288,357,1
2026-07-01 01:02:01,301234,Pschorr-Garage,145,160,1
2026-07-01 01:02:01,301236,Marienplatz-Großgarage,161,220,0
2026-07-01 01:02:01,301264,Parkhaus Hopfenpost,190,230,0
2026-07-01 01:02:01,301270,Parkhaus Marsstr. 11,255,526,1
2026-07-01 01:02:01,301271,Tiefgarage am Hauptbahnhof,0,79,0
2026-07-01 01:02:01,301272,Tiefgarage Stachus Einkaufszentrum,205,316,1
2026-07-01 01:02:01,301277,Parkhaus Elisenhof,211,245,1
2026-07-01 01:02:01,401004,PH Hauptbahnhof Süd,85,197,1
2026-07-01 01:02:01,401010,Parkhaus am Hofbräuhaus,336,403,1
2026-07-01 01:02:01,401055,Parkhaus Schrannenhalle,146,150,1
2026-07-01 01:02:01,401060,Königshof-Parking,77,104,1
2026-07-01 01:02:01,401062,Parkhaus am Salvatorplatz,206,217,1
2026-07-01 01:02:01,106525,Parkhaus am Hauptbahnhof,0,223,0
2026-07-01 02:02:01,106501,Parkhaus am Stachus,390,390,0
2026-07-01 02:02:01,106504,City-Parkhaus am Färbergraben,0,350,1
2026-07-01 02:02:01,106505,Parkgarage Rieger-City,181,266,1
2026-07-01 02:02:01,106506,Sonnenhof Parkgarage,21,77,0
2026-07-01 02:02:01,106507,Tiefgarage vor der Oper,249,275,1
2026-07-01 02:02:01,106508,Hertie-Parkhaus,417,504,0
2026-07-01 02:02:01,106509,Parkgarage Böhringer,57,150,1
2026-07-01 02:02:01,106513,TG Hotel Ibis City,39,0,0
2026-07-01 02:02:01,106521,Car Park Cristal,428,220,0
2026-07-01 02:02:01,106524,Parkhaus Oberanger,374,393,1
2026-07-01 02:02:01,301220,Tiefgarage Karstadt Oberpollinger,289,357,1
2026-07-01 02:02:01,301234,Pschorr-Garage,145,160,1
2026-07-01 02:02:01,301236,Marienplatz-Großgarage,161,220,0
2026-07-01 02:02:01,301264,Parkhaus Hopfenpost,190,230,0
2026-07-01 02:02:01,301270,Parkhaus Marsstr. 11,256,526,1
2026-07-01 02:02:01,301271,Tiefgarage am Hauptbahnhof,0,79,0
2026-07-01 02:02:01,301272,Tiefgarage Stachus Einkaufszentrum,205,316,1
2026-07-01 02:02:01,301277,Parkhaus Elisenhof,211,245,1
2026-07-01 02:02:01,401004,PH Hauptbahnhof Süd,84,197,1
2026-07-01 02:02:01,401010,Parkhaus am Hofbräuhaus,338,403,1
2026-07-01 02:02:01,401055,Parkhaus Schrannenhalle,147,150,1
2026-07-01 02:02:01,401060,Königshof-Parking,77,104,1
2026-07-01 02:02:01,401062,Parkhaus am Salvatorplatz,207,217,1
2026-07-01 02:02:01,106525,Parkhaus am Hauptbahnhof,0,223,0
2026-07-01 03:02:01,106501,Parkhaus am Stachus,390,390,0
2026-07-01 03:02:01,106504,City-Parkhaus am Färbergraben,0,350,1
2026-07-01 03:02:01,106505,Parkgarage Rieger-City,181,266,1
2026-07-01 03:02:01,106506,Sonnenhof Parkgarage,21,77,0
2026-07-01 03:02:01,106507,Tiefgarage vor der Oper,249,275,1
2026-07-01 03:02:01,106508,Hertie-Parkhaus,417,504,0
2026-07-01 03:02:01,106509,Parkgarage Böhringer,57,150,1
2026-07-01 03:02:01,106513,TG Hotel Ibis City,39,0,0
2026-07-01 03:02:01,106521,Car Park Cristal,428,220,0
2026-07-01 03:02:01,106524,Parkhaus Oberanger,374,393,1
2026-07-01 03:02:01,301220,Tiefgarage Karstadt Oberpollinger,289,357,1
2026-07-01 03:02:01,301234,Pschorr-Garage,145,160,1
2026-07-01 03:02:01,301236,Marienplatz-Großgarage,161,220,0
2026-07-01 03:02:01,301264,Parkhaus Hopfenpost,190,230,0
2026-07-01 03:02:01,301270,Parkhaus Marsstr. 11,256,526,1
2026-07-01 03:02:01,301271,Tiefgarage am Hauptbahnhof,0,79,0
2026-07-01 03:02:01,301272,Tiefgarage Stachus Einkaufszentrum,205,316,1
2026-07-01 03:02:01,301277,Parkhaus Elisenhof,211,245,1
2026-07-01 03:02:01,401004,PH Hauptbahnhof Süd,84,197,1
2026-07-01 03:02:01,401010,Parkhaus am Hofbräuhaus,339,403,1
2026-07-01 03:02:01,401055,Parkhaus Schrannenhalle,147,150,1
2026-07-01 03:02:01,401060,Königshof-Parking,77,104,1
2026-07-01 03:02:01,401062,Parkhaus am Salvatorplatz,208,217,1
2026-07-01 03:02:01,106525,Parkhaus am Hauptbahnhof,0,223,0
2026-07-01 04:02:01,106501,Parkhaus am Stachus,390,390,0
2026-07-01 04:02:01,106504,City-Parkhaus am Färbergraben,0,350,1
2026-07-01 04:02:01,106505,Parkgarage Rieger-City,181,266,1
2026-07-01 04:02:01,106506,Sonnenhof Parkgarage,21,77,0
2026-07-01 04:02:01,106507,Tiefgarage vor der Oper,249,275,1
2026-07-01 04:02:01,106508,Hertie-Parkhaus,417,504,0
2026-07-01 04:02:01,106509,Parkgarage Böhringer,57,150,1
2026-07-01 04:02:01,106513,TG Hotel Ibis City,39,0,0
2026-07-01 04:02:01,106521,Car Park Cristal,428,220,0
2026-07-01 04:02:01,106524,Parkhaus Oberanger,374,393,1
2026-07-01 04:02:01,301220,Tiefgarage Karstadt Oberpollinger,294,357,1
2026-07-01 04:02:01,301234,Pschorr-Garage,145,160,1
2026-07-01 04:02:01,301236,Marienplatz-Großgarage,161,220,0
2026-07-01 04:02:01,301264,Parkhaus Hopfenpost,190,230,0
2026-07-01 04:02:01,301270,Parkhaus Marsstr. 11,256,526,1
2026-07-01 04:02:01,301271,Tiefgarage am Hauptbahnhof,0,79,0
2026-07-01 04:02:01,301272,Tiefgarage Stachus Einkaufszentrum,207,316,1
2026-07-01 04:02:01,301277,Parkhaus Elisenhof,210,245,1
2026-07-01 04:02:01,401004,PH Hauptbahnhof Süd,83,197,1
2026-07-01 04:02:01,401010,Parkhaus am Hofbräuhaus,339,403,1
2026-07-01 04:02:01,401055,Parkhaus Schrannenhalle,147,150,1
2026-07-01 04:02:01,401060,Königshof-Parking,77,104,1
2026-07-01 04:02:01,401062,Parkhaus am Salvatorplatz,208,217,1
2026-07-01 04:02:01,106525,Parkhaus am Hauptbahnhof,0,223,0
2026-07-01 05:02:01,106501,Parkhaus am Stachus,390,390,0
2026-07-01 05:02:01,106504,City-Parkhaus am Färbergraben,0,350,1
2026-07-01 05:02:01,106505,Parkgarage Rieger-City,181,266,1
2026-07-01 05:02:01,106506,Sonnenhof Parkgarage,21,77,0
2026-07-01 05:02:01,106507,Tiefgarage vor der Oper,249,275,1
2026-07-01 05:02:01,106508,Hertie-Parkhaus,417,504,0
2026-07-01 05:02:01,106509,Parkgarage Böhringer,57,150,1
2026-07-01 05:02:01,106513,TG Hotel Ibis City,39,0,0
2026-07-01 05:02:01,106521,Car Park Cristal,428,220,0
2026-07-01 05:02:01,106524,Parkhaus Oberanger,374,393,1
2026-07-01 05:02:01,301220,Tiefgarage Karstadt Oberpollinger,294,357,1
2026-07-01 05:02:01,301234,Pschorr-Garage,145,160,1
2026-07-01 05:02:01,301236,Marienplatz-Großgarage,161,220,0
2026-07-01 05:02:01,301264,Parkhaus Hopfenpost,190,230,0
2026-07-01 05:02:01,301270,Parkhaus Marsstr. 11,257,526,1
2026-07-01 05:02:01,301271,Tiefgarage am Hauptbahnhof,0,79,0
2026-07-01 05:02:01,301272,Tiefgarage Stachus Einkaufszentrum,207,316,1
2026-07-01 05:02:01,301277,Parkhaus Elisenhof,208,245,1
2026-07-01 05:02:01,401004,PH Hauptbahnhof Süd,83,197,1
2026-07-01 05:02:01,401010,Parkhaus am Hofbräuhaus,339,403,1
2026-07-01 05:02:01,401055,Parkhaus Schrannenhalle,147,150,1
2026-07-01 05:02:01,401060,Königshof-Parking,77,104,1
2026-07-01 05:02:01,401062,Parkhaus am Salvatorplatz,209,217,1
2026-07-01 05:02:01,106525,Parkhaus am Hauptbahnhof,0,223,0
2026-07-01 06:02:01,106501,Parkhaus am Stachus,390,390,0
2026-07-01 06:02:01,106504,City-Parkhaus am Färbergraben,0,350,1
2026-07-01 06:02:01,106505,Parkgarage Rieger-City,181,266,1
2026-07-01 06:02:01,106506,Sonnenhof Parkgarage,21,77,0
2026-07-01 06:02:01,106507,Tiefgarage vor der Oper,247,275,1
2026-07-01 06:02:01,106508,Hertie-Parkhaus,417,504,0
2026-07-01 06:02:01,106509,Parkgarage Böhringer,57,150,1
2026-07-01 06:02:01,106513,TG Hotel Ibis City,39,0,0
2026-07-01 06:02:01,106521,Car Park Cristal,428,220,0
2026-07-01 06:02:01,106524,Parkhaus Oberanger,374,393,1
2026-07-01 06:02:01,301220,Tiefgarage Karstadt Oberpollinger,293,357,1
2026-07-01 06:02:01,301234,Pschorr-Garage,145,160,1
2026-07-01 06:02:01,301236,Marienplatz-Großgarage,161,220,0
2026-07-01 06:02:01,301264,Parkhaus Hopfenpost,190,230,0
2026-07-01 06:02:01,301270,Parkhaus Marsstr. 11,255,526,1
2026-07-01 06:02:01,301271,Tiefgarage am Hauptbahnhof,0,79,0
2026-07-01 06:02:01,301272,Tiefgarage Stachus Einkaufszentrum,207,316,1
2026-07-01 06:02:01,301277,Parkhaus Elisenhof,208,245,1
2026-07-01 06:02:01,401004,PH Hauptbahnhof Süd,85,197,1
2026-07-01 06:02:01,401010,Parkhaus am Hofbräuhaus,339,403,1
2026-07-01 06:02:01,401055,Parkhaus Schrannenhalle,147,150,1
2026-07-01 06:02:01,401060,Königshof-Parking,77,104,1
2026-07-01 06:02:01,401062,Parkhaus am Salvatorplatz,208,217,1
2026-07-01 06:02:01,106525,Parkhaus am Hauptbahnhof,0,223,0
2026-07-01 07:02:01,106501,Parkhaus am Stachus,390,390,0
2026-07-01 07:02:01,106504,City-Parkhaus am Färbergraben,340,350,1
2026-07-01 07:02:01,106505,Parkgarage Rieger-City,179,266,1
2026-07-01 07:02:01,106506,Sonnenhof Parkgarage,21,77,0
2026-07-01 07:02:01,106507,Tiefgarage vor der Oper,241,275,1
2026-07-01 07:02:01,106508,Hertie-Parkhaus,417,504,0
2026-07-01 07:02:01,106509,Parkgarage Böhringer,52,150,1
2026-07-01 07:02:01,106513,TG Hotel Ibis City,39,0,0
2026-07-01 07:02:01,106521,Car Park Cristal,428,220,0
2026-07-01 07:02:01,106524,Parkhaus Oberanger,358,393,1
2026-07-01 07:02:01,301220,Tiefgarage Karstadt Oberpollinger,289,357,1
2026-07-01 07:02:01,301234,Pschorr-Garage,142,160,1
2026-07-01 07:02:01,301236,Marienplatz-Großgarage,161,220,0
2026-07-01 07:02:01,301264,Parkhaus Hopfenpost,190,230,0
2026-07-01 07:02:01,301270,Parkhaus Marsstr. 11,249,526,1
2026-07-01 07:02:01,301271,Tiefgarage am Hauptbahnhof,0,79,0
2026-07-01 07:02:01,301272,Tiefgarage Stachus Einkaufszentrum,207,316,1
2026-07-01 07:02:01,301277,Parkhaus Elisenhof,204,245,1
2026-07-01 07:02:01,401004,PH Hauptbahnhof Süd,89,197,1
2026-07-01 07:02:01,401010,Parkhaus am Hofbräuhaus,338,403,1
2026-07-01 07:02:01,401055,Parkhaus Schrannenhalle,143,150,1
2026-07-01 07:02:01,401060,Königshof-Parking,77,104,1
2026-07-01 07:02:01,401062,Parkhaus am Salvatorplatz,207,217,1
2026-07-01 07:02:01,106525,Parkhaus am Hauptbahnhof,0,223,0
2026-07-01 08:02:01,106501,Parkhaus am Stachus,390,390,0
2026-07-01 08:02:01,106504,City-Parkhaus am Färbergraben,323,350,1
2026-07-01 08:02:01,106505,Parkgarage Rieger-City,172,266,1
2026-07-01 08:02:01,106506,Sonnenhof Parkgarage,21,77,0
2026-07-01 08:02:01,106507,Tiefgarage vor der Oper,216,275,1
2026-07-01 08:02:01,106508,Hertie-Parkhaus,417,504,0
2026-07-01 08:02:01,106509,Parkgarage Böhringer,50,150,1
2026-07-01 08:02:01,106513,TG Hotel Ibis City,39,0,0
2026-07-01 08:02:01,106521,Car Park Cristal,428,220,0
2026-07-01 08:02:01,106524,Parkhaus Oberanger,329,393,1
2026-07-01 08:02:01,301220,Tiefgarage Karstadt Oberpollinger,284,357,1
2026-07-01 08:02:01,301234,Pschorr-Garage,136,160,1
2026-07-01 08:02:01,301236,Marienplatz-Großgarage,161,220,0
2026-07-01 08:02:01,301264,Parkhaus Hopfenpost,190,230,0
2026-07-01 08:02:01,301270,Parkhaus Marsstr. 11,245,526,1
2026-07-01 08:02:01,301271,Tiefgarage am Hauptbahnhof,0,79,0
2026-07-01 08:02:01,301272,Tiefgarage Stachus Einkaufszentrum,206,316,1
2026-07-01 08:02:01,301277,Parkhaus Elisenhof,199,245,1
2026-07-01 08:02:01,401004,PH Hauptbahnhof Süd,96,197,1
2026-07-01 08:02:01,401010,Parkhaus am Hofbräuhaus,324,381,1
2026-07-01 08:02:01,401055,Parkhaus Schrannenhalle,133,150,1
2026-07-01 08:02:01,401060,Königshof-Parking,90,104,1
2026-07-01 08:02:01,401062,Parkhaus am Salvatorplatz,198,217,1
2026-07-01 08:02:01,106525,Parkhaus am Hauptbahnhof,0,223,0
2026-07-01 09:02:02,106501,Parkhaus am Stachus,390,390,0
2026-07-01 09:02:02,106504,City-Parkhaus am Färbergraben,305,350,1
2026-07-01 09:02:02,106505,Parkgarage Rieger-City,167,266,1
2026-07-01 09:02:02,106506,Sonnenhof Parkgarage,21,77,0
2026-07-01 09:02:02,106507,Tiefgarage vor der Oper,190,275,1
2026-07-01 09:02:02,106508,Hertie-Parkhaus,417,504,0
2026-07-01 09:02:02,106509,Parkgarage Böhringer,42,150,1
2026-07-01 09:02:02,106513,TG Hotel Ibis City,39,0,0
2026-07-01 09:02:02,106521,Car Park Cristal,428,220,0
2026-07-01 09:02:02,106524,Parkhaus Oberanger,275,393,1
2026-07-01 09:02:02,301220,Tiefgarage Karstadt Oberpollinger,249,357,1
2026-07-01 09:02:02,301234,Pschorr-Garage,117,160,1
2026-07-01 09:02:02,301236,Marienplatz-Großgarage,161,220,0
2026-07-01 09:02:02,301264,Parkhaus Hopfenpost,190,230,0
2026-07-01 09:02:02,301270,Parkhaus Marsstr. 11,250,526,1
2026-07-01 09:02:02,301271,Tiefgarage am Hauptbahnhof,0,79,0
2026-07-01 09:02:02,301272,Tiefgarage Stachus Einkaufszentrum,201,316,1
2026-07-01 09:02:02,301277,Parkhaus Elisenhof,196,245,1
2026-07-01 09:02:02,401004,PH Hauptbahnhof Süd,99,197,1
2026-07-01 09:02:02,401010,Parkhaus am Hofbräuhaus,304,381,1
2026-07-01 09:02:02,401055,Parkhaus Schrannenhalle,124,150,1
2026-07-01 09:02:02,401060,Königshof-Parking,86,104,1
2026-07-01 09:02:02,401062,Parkhaus am Salvatorplatz,157,217,1
2026-07-01 09:02:02,106525,Parkhaus am Hauptbahnhof,0,223,0
2026-07-01 10:02:01,106501,Parkhaus am Stachus,390,390,0
2026-07-01 10:02:01,106504,City-Parkhaus am Färbergraben,268,350,1
2026-07-01 10:02:01,106505,Parkgarage Rieger-City,159,266,1
2026-07-01 10:02:01,106506,Sonnenhof Parkgarage,21,77,0
2026-07-01 10:02:01,106507,Tiefgarage vor der Oper,98,275,1
2026-07-01 10:02:01,106508,Hertie-Parkhaus,417,504,0
2026-07-01 10:02:01,106509,Parkgarage Böhringer,35,150,1
2026-07-01 10:02:01,106513,TG Hotel Ibis City,39,0,0
2026-07-01 10:02:01,106521,Car Park Cristal,428,220,0
2026-07-01 10:02:01,106524,Parkhaus Oberanger,227,393,1
2026-07-01 10:02:01,301220,Tiefgarage Karstadt Oberpollinger,190,357,1
2026-07-01 10:02:01,301234,Pschorr-Garage,84,160,1
2026-07-01 10:02:01,301236,Marienplatz-Großgarage,161,220,0
2026-07-01 10:02:01,301264,Parkhaus Hopfenpost,190,230,0
2026-07-01 10:02:01,301270,Parkhaus Marsstr. 11,252,526,1
2026-07-01 10:02:01,301271,Tiefgarage am Hauptbahnhof,0,79,0
2026-07-01 10:02:01,301272,Tiefgarage Stachus Einkaufszentrum,174,316,1
2026-07-01 10:02:01,301277,Parkhaus Elisenhof,183,245,1
2026-07-01 10:02:01,401004,PH Hauptbahnhof Süd,112,197,1
2026-07-01 10:02:01,401010,Parkhaus am Hofbräuhaus,261,381,1
2026-07-01 10:02:01,401055,Parkhaus Schrannenhalle,84,147,1
2026-07-01 10:02:01,401060,Königshof-Parking,83,104,1
2026-07-01 10:02:01,401062,Parkhaus am Salvatorplatz,93,217,1
2026-07-01 10:02:01,106525,Parkhaus am Hauptbahnhof,0,223,0
2026-07-01 11:02:02,106501,Parkhaus am Stachus,390,390,0
2026-07-01 11:02:02,106504,City-Parkhaus am Färbergraben,226,350,1
2026-07-01 11:02:02,106505,Parkgarage Rieger-City,130,266,1
2026-07-01 11:02:02,106506,Sonnenhof Parkgarage,21,77,0
2026-07-01 11:02:02,106507,Tiefgarage vor der Oper,27,275,1
2026-07-01 11:02:02,106508,Hertie-Parkhaus,417,504,0
2026-07-01 11:02:02,106509,Parkgarage Böhringer,15,150,1
2026-07-01 11:02:02,106513,TG Hotel Ibis City,39,0,0
2026-07-01 11:02:02,106521,Car Park Cristal,428,220,0
2026-07-01 11:02:02,106524,Parkhaus Oberanger,181,393,1
2026-07-01 11:02:02,301220,Tiefgarage Karstadt Oberpollinger,128,357,1
2026-07-01 11:02:02,301234,Pschorr-Garage,38,160,1
2026-07-01 11:02:02,301236,Marienplatz-Großgarage,161,220,0
2026-07-01 11:02:02,301264,Parkhaus Hopfenpost,190,230,0
2026-07-01 11:02:02,301270,Parkhaus Marsstr. 11,240,526,1
2026-07-01 11:02:02,301271,Tiefgarage am Hauptbahnhof,0,79,0
2026-07-01 11:02:02,301272,Tiefgarage Stachus Einkaufszentrum,156,316,1
2026-07-01 11:02:02,301277,Parkhaus Elisenhof,170,245,1
2026-07-01 11:02:02,401004,PH Hauptbahnhof Süd,122,197,1
2026-07-01 11:02:02,401010,Parkhaus am Hofbräuhaus,205,381,1
2026-07-01 11:02:02,401055,Parkhaus Schrannenhalle,40,147,1
2026-07-01 11:02:02,401060,Königshof-Parking,88,104,1
2026-07-01 11:02:02,401062,Parkhaus am Salvatorplatz,40,217,1
2026-07-01 11:02:02,106525,Parkhaus am Hauptbahnhof,0,223,0
2026-07-01 12:02:01,106501,Parkhaus am Stachus,390,390,0
2026-07-01 12:02:01,106504,City-Parkhaus am Färbergraben,209,350,1
2026-07-01 12:02:01,106505,Parkgarage Rieger-City,117,266,1
2026-07-01 12:02:01,106506,Sonnenhof Parkgarage,21,77,0
2026-07-01 12:02:01,106507,Tiefgarage vor der Oper,10,275,1
2026-07-01 12:02:01,106508,Hertie-Parkhaus,417,504,0
2026-07-01 12:02:01,106509,Parkgarage Böhringer,0,150,1
2026-07-01 12:02:01,106513,TG Hotel Ibis City,39,0,0
2026-07-01 12:02:01,106521,Car Park Cristal,428,220,0
2026-07-01 12:02:01,106524,Parkhaus Oberanger,143,393,1
2026-07-01 12:02:01,301220,Tiefgarage Karstadt Oberpollinger,106,357,1
2026-07-01 12:02:01,301234,Pschorr-Garage,9,160,1
2026-07-01 12:02:01,301236,Marienplatz-Großgarage,161,220,0
2026-07-01 12:02:01,301264,Parkhaus Hopfenpost,190,230,0
2026-07-01 12:02:01,301270,Parkhaus Marsstr. 11,244,526,1
2026-07-01 12:02:01,301271,Tiefgarage am Hauptbahnhof,0,79,0
2026-07-01 12:02:01,301272,Tiefgarage Stachus Einkaufszentrum,154,316,1
2026-07-01 12:02:01,301277,Parkhaus Elisenhof,161,245,1
2026-07-01 12:02:01,401004,PH Hauptbahnhof Süd,120,197,1
2026-07-01 12:02:01,401010,Parkhaus am Hofbräuhaus,153,381,1
2026-07-01 12:02:01,401055,Parkhaus Schrannenhalle,27,147,1
2026-07-01 12:02:01,401060,Königshof-Parking,78,104,1
2026-07-01 12:02:01,401062,Parkhaus am Salvatorplatz,25,197,1
2026-07-01 12:02:01,106525,Parkhaus am Hauptbahnhof,0,223,0
2026-07-01 13:02:02,106501,Parkhaus am Stachus,390,390,0
2026-07-01 13:02:02,106504,City-Parkhaus am Färbergraben,196,350,1
2026-07-01 13:02:02,106505,Parkgarage Rieger-City,93,266,1
2026-07-01 13:02:02,106506,Sonnenhof Parkgarage,21,77,0
2026-07-01 13:02:02,106507,Tiefgarage vor der Oper,13,275,1
2026-07-01 13:02:02,106508,Hertie-Parkhaus,417,504,0
2026-07-01 13:02:02,106509,Parkgarage Böhringer,0,150,1
2026-07-01 13:02:02,106513,TG Hotel Ibis City,39,0,0
2026-07-01 13:02:02,106521,Car Park Cristal,428,220,0
2026-07-01 13:02:02,106524,Parkhaus Oberanger,110,393,1
2026-07-01 13:02:02,301220,Tiefgarage Karstadt Oberpollinger,85,357,1
2026-07-01 13:02:02,301234,Pschorr-Garage,19,170,1
2026-07-01 13:02:02,301236,Marienplatz-Großgarage,161,220,0
2026-07-01 13:02:02,301264,Parkhaus Hopfenpost,190,230,0
2026-07-01 13:02:02,301270,Parkhaus Marsstr. 11,251,526,1
2026-07-01 13:02:02,301271,Tiefgarage am Hauptbahnhof,0,79,0
2026-07-01 13:02:02,301272,Tiefgarage Stachus Einkaufszentrum,153,316,1
2026-07-01 13:02:02,301277,Parkhaus Elisenhof,157,245,1
2026-07-01 13:02:02,401004,PH Hauptbahnhof Süd,115,197,1
2026-07-01 13:02:02,401010,Parkhaus am Hofbräuhaus,113,381,1
2026-07-01 13:02:02,401055,Parkhaus Schrannenhalle,10,147,1
2026-07-01 13:02:02,401060,Königshof-Parking,73,104,1
2026-07-01 13:02:02,401062,Parkhaus am Salvatorplatz,13,197,1
2026-07-01 13:02:02,106525,Parkhaus am Hauptbahnhof,0,223,0
2026-07-01 14:02:01,106501,Parkhaus am Stachus,390,390,0
2026-07-01 14:02:01,106504,City-Parkhaus am Färbergraben,198,350,1
2026-07-01 14:02:01,106505,Parkgarage Rieger-City,91,266,1
2026-07-01 14:02:01,106506,Sonnenhof Parkgarage,21,77,0
2026-07-01 14:02:01,106507,Tiefgarage vor der Oper,17,275,1
2026-07-01 14:02:01,106508,Hertie-Parkhaus,417,504,0
2026-07-01 14:02:01,106509,Parkgarage Böhringer,1,150,1
2026-07-01 14:02:01,106513,TG Hotel Ibis City,39,0,0
2026-07-01 14:02:01,106521,Car Park Cristal,428,220,0
2026-07-01 14:02:01,106524,Parkhaus Oberanger,108,393,1
2026-07-01 14:02:01,301220,Tiefgarage Karstadt Oberpollinger,74,357,1
2026-07-01 14:02:01,301234,Pschorr-Garage,3,168,1
2026-07-01 14:02:01,301236,Marienplatz-Großgarage,161,220,0
2026-07-01 14:02:01,301264,Parkhaus Hopfenpost,190,230,0
2026-07-01 14:02:01,301270,Parkhaus Marsstr. 11,243,526,1
2026-07-01 14:02:01,301271,Tiefgarage am Hauptbahnhof,0,79,0
2026-07-01 14:02:01,301272,Tiefgarage Stachus Einkaufszentrum,149,316,1
2026-07-01 14:02:01,301277,Parkhaus Elisenhof,164,245,1
2026-07-01 14:02:01,401004,PH Hauptbahnhof Süd,122,197,1
2026-07-01 14:02:01,401010,Parkhaus am Hofbräuhaus,109,381,1
2026-07-01 14:02:01,401055,Parkhaus Schrannenhalle,10,147,1
2026-07-01 14:02:01,401060,Königshof-Parking,74,104,1
2026-07-01 14:02:01,401062,Parkhaus am Salvatorplatz,5,202,1
2026-07-01 14:02:01,106525,Parkhaus am Hauptbahnhof,0,223,0
2026-07-01 15:02:01,106501,Parkhaus am Stachus,390,390,0
2026-07-01 15:02:01,106504,City-Parkhaus am Färbergraben,179,350,1
2026-07-01 15:02:01,106505,Parkgarage Rieger-City,108,266,1
2026-07-01 15:02:01,106506,Sonnenhof Parkgarage,21,77,0
2026-07-01 15:02:01,106507,Tiefgarage vor der Oper,8,275,1
2026-07-01 15:02:01,106508,Hertie-Parkhaus,417,504,0
2026-07-01 15:02:01,106509,Parkgarage Böhringer,0,150,1
2026-07-01 15:02:01,106513,TG Hotel Ibis City,39,0,0
2026-07-01 15:02:01,106521,Car Park Cristal,428,220,0
2026-07-01 15:02:01,106524,Parkhaus Oberanger,119,393,1
2026-07-01 15:02:01,301220,Tiefgarage Karstadt Oberpollinger,73,357,1
2026-07-01 15:02:01,301234,Pschorr-Garage,22,168,1
2026-07-01 15:02:01,301236,Marienplatz-Großgarage,161,220,0
2026-07-01 15:02:01,301264,Parkhaus Hopfenpost,190,230,0
2026-07-01 15:02:01,301270,Parkhaus Marsstr. 11,244,526,1
2026-07-01 15:02:01,301271,Tiefgarage am Hauptbahnhof,0,79,0
2026-07-01 15:02:01,301272,Tiefgarage Stachus Einkaufszentrum,141,316,1
2026-07-01 15:02:01,301277,Parkhaus Elisenhof,161,245,1
2026-07-01 15:02:01,401004,PH Hauptbahnhof Süd,122,197,1
2026-07-01 15:02:01,401010,Parkhaus am Hofbräuhaus,140,381,1
2026-07-01 15:02:01,401055,Parkhaus Schrannenhalle,22,147,1
2026-07-01 15:02:01,401060,Königshof-Parking,74,104,1
2026-07-01 15:02:01,401062,Parkhaus am Salvatorplatz,11,207,1
2026-07-01 15:02:01,106525,Parkhaus am Hauptbahnhof,0,223,0
2026-07-01 16:02:01,106501,Parkhaus am Stachus,390,390,0
2026-07-01 16:02:01,106504,City-Parkhaus am Färbergraben,216,350,1
2026-07-01 16:02:01,106505,Parkgarage Rieger-City,122,266,1
2026-07-01 16:02:01,106506,Sonnenhof Parkgarage,21,77,0
2026-07-01 16:02:01,106507,Tiefgarage vor der Oper,15,275,1
2026-07-01 16:02:01,106508,Hertie-Parkhaus,417,504,0
2026-07-01 16:02:01,106509,Parkgarage Böhringer,3,150,1
2026-07-01 16:02:01,106513,TG Hotel Ibis City,39,0,0
2026-07-01 16:02:01,106521,Car Park Cristal,428,220,0
2026-07-01 16:02:01,106524,Parkhaus Oberanger,155,393,1
2026-07-01 16:02:01,301220,Tiefgarage Karstadt Oberpollinger,86,357,1
2026-07-01 16:02:01,301234,Pschorr-Garage,39,168,1
2026-07-01 16:02:01,301236,Marienplatz-Großgarage,161,220,0
2026-07-01 16:02:01,301264,Parkhaus Hopfenpost,190,230,0
2026-07-01 16:02:01,301270,Parkhaus Marsstr. 11,240,526,1
2026-07-01 16:02:01,301271,Tiefgarage am Hauptbahnhof,0,79,0
2026-07-01 16:02:01,301272,Tiefgarage Stachus Einkaufszentrum,150,316,1
2026-07-01 16:02:01,301277,Parkhaus Elisenhof,163,245,1
2026-07-01 16:02:01,401004,PH Hauptbahnhof Süd,121,197,1
2026-07-01 16:02:01,401010,Parkhaus am Hofbräuhaus,180,381,1
2026-07-01 16:02:01,401055,Parkhaus Schrannenhalle,52,147,1
2026-07-01 16:02:01,401060,Königshof-Parking,78,104,1
2026-07-01 16:02:01,401062,Parkhaus am Salvatorplatz,44,212,1
2026-07-01 16:02:01,106525,Parkhaus am Hauptbahnhof,0,223,0
2026-07-01 17:02:02,106501,Parkhaus am Stachus,390,390,0
2026-07-01 17:02:02,106504,City-Parkhaus am Färbergraben,222,350,1
2026-07-01 17:02:02,106505,Parkgarage Rieger-City,141,266,1
2026-07-01 17:02:02,106506,Sonnenhof Parkgarage,21,77,0
2026-07-01 17:02:02,106507,Tiefgarage vor der Oper,0,275,1
2026-07-01 17:02:02,106508,Hertie-Parkhaus,417,504,0
2026-07-01 17:02:02,106509,Parkgarage Böhringer,6,150,1
2026-07-01 17:02:02,106513,TG Hotel Ibis City,39,0,0
2026-07-01 17:02:02,106521,Car Park Cristal,428,220,0
2026-07-01 17:02:02,106524,Parkhaus Oberanger,209,393,1
2026-07-01 17:02:02,301220,Tiefgarage Karstadt Oberpollinger,115,357,1
2026-07-01 17:02:02,301234,Pschorr-Garage,39,168,1
2026-07-01 17:02:02,301236,Marienplatz-Großgarage,161,220,0
2026-07-01 17:02:02,301264,Parkhaus Hopfenpost,190,230,0
2026-07-01 17:02:02,301270,Parkhaus Marsstr. 11,236,526,1
2026-07-01 17:02:02,301271,Tiefgarage am Hauptbahnhof,0,79,0
2026-07-01 17:02:02,301272,Tiefgarage Stachus Einkaufszentrum,160,316,1
2026-07-01 17:02:02,301277,Parkhaus Elisenhof,172,245,1
2026-07-01 17:02:02,401004,PH Hauptbahnhof Süd,119,197,1
2026-07-01 17:02:02,401010,Parkhaus am Hofbräuhaus,164,381,1
2026-07-01 17:02:02,401055,Parkhaus Schrannenhalle,49,147,1
2026-07-01 17:02:02,401060,Königshof-Parking,82,104,1
2026-07-01 17:02:02,401062,Parkhaus am Salvatorplatz,54,217,1
2026-07-01 17:02:02,106525,Parkhaus am Hauptbahnhof,0,223,0
2026-07-01 18:02:01,106501,Parkhaus am Stachus,390,390,0
2026-07-01 18:02:01,106504,City-Parkhaus am Färbergraben,231,350,1
2026-07-01 18:02:01,106505,Parkgarage Rieger-City,131,266,1
2026-07-01 18:02:01,106506,Sonnenhof Parkgarage,21,77,0
2026-07-01 18:02:01,106507,Tiefgarage vor der Oper,0,275,1
2026-07-01 18:02:01,106508,Hertie-Parkhaus,417,504,0
2026-07-01 18:02:01,106509,Parkgarage Böhringer,0,150,1
2026-07-01 18:02:01,106513,TG Hotel Ibis City,39,0,0
2026-07-01 18:02:01,106521,Car Park Cristal,428,220,0
2026-07-01 18:02:01,106524,Parkhaus Oberanger,247,393,1
2026-07-01 18:02:01,301220,Tiefgarage Karstadt Oberpollinger,146,357,1
2026-07-01 18:02:01,301234,Pschorr-Garage,44,168,1
2026-07-01 18:02:01,301236,Marienplatz-Großgarage,161,220,0
2026-07-01 18:02:01,301264,Parkhaus Hopfenpost,190,230,0
2026-07-01 18:02:01,301270,Parkhaus Marsstr. 11,232,526,1
2026-07-01 18:02:01,301271,Tiefgarage am Hauptbahnhof,0,79,0
2026-07-01 18:02:01,301272,Tiefgarage Stachus Einkaufszentrum,164,316,1
2026-07-01 18:02:01,301277,Parkhaus Elisenhof,178,245,1
2026-07-01 18:02:01,401004,PH Hauptbahnhof Süd,124,197,1
2026-07-01 18:02:01,401010,Parkhaus am Hofbräuhaus,149,381,1
2026-07-01 18:02:01,401055,Parkhaus Schrannenhalle,56,147,1
2026-07-01 18:02:01,401060,Königshof-Parking,73,104,1
2026-07-01 18:02:01,401062,Parkhaus am Salvatorplatz,66,217,1
2026-07-01 18:02:01,106525,Parkhaus am Hauptbahnhof,0,223,0
2026-07-01 19:02:01,106501,Parkhaus am Stachus,390,390,0
2026-07-01 19:02:01,106504,City-Parkhaus am Färbergraben,233,350,1
2026-07-01 19:02:01,106505,Parkgarage Rieger-City,121,266,1
2026-07-01 19:02:01,106506,Sonnenhof Parkgarage,21,77,0
2026-07-01 19:02:01,106507,Tiefgarage vor der Oper,0,275,1
2026-07-01 19:02:01,106508,Hertie-Parkhaus,417,504,0
2026-07-01 19:02:01,106509,Parkgarage Böhringer,3,150,1
2026-07-01 19:02:01,106513,TG Hotel Ibis City,39,0,0
2026-07-01 19:02:01,106521,Car Park Cristal,428,220,0
2026-07-01 19:02:01,106524,Parkhaus Oberanger,282,393,1
2026-07-01 19:02:01,301220,Tiefgarage Karstadt Oberpollinger,166,357,1
2026-07-01 19:02:01,301234,Pschorr-Garage,48,160,1
2026-07-01 19:02:01,301236,Marienplatz-Großgarage,161,220,0
2026-07-01 19:02:01,301264,Parkhaus Hopfenpost,190,230,0
2026-07-01 19:02:01,301270,Parkhaus Marsstr. 11,237,526,1
2026-07-01 19:02:01,301271,Tiefgarage am Hauptbahnhof,0,79,0
2026-07-01 19:02:01,301272,Tiefgarage Stachus Einkaufszentrum,152,316,1
2026-07-01 19:02:01,301277,Parkhaus Elisenhof,191,245,1
2026-07-01 19:02:01,401004,PH Hauptbahnhof Süd,118,197,1
2026-07-01 19:02:01,401010,Parkhaus am Hofbräuhaus,99,381,1
2026-07-01 19:02:01,401055,Parkhaus Schrannenhalle,43,147,1
2026-07-01 19:02:01,401060,Königshof-Parking,69,104,1
2026-07-01 19:02:01,401062,Parkhaus am Salvatorplatz,64,217,1
2026-07-01 19:02:01,106525,Parkhaus am Hauptbahnhof,0,223,0
2026-07-01 20:02:01,106501,Parkhaus am Stachus,390,390,0
2026-07-01 20:02:01,106504,City-Parkhaus am Färbergraben,276,350,1
2026-07-01 20:02:01,106505,Parkgarage Rieger-City,116,266,1
2026-07-01 20:02:01,106506,Sonnenhof Parkgarage,21,77,0
2026-07-01 20:02:01,106507,Tiefgarage vor der Oper,1,275,1
2026-07-01 20:02:01,106508,Hertie-Parkhaus,417,504,0
2026-07-01 20:02:01,106509,Parkgarage Böhringer,8,150,1
2026-07-01 20:02:01,106513,TG Hotel Ibis City,39,0,0
2026-07-01 20:02:01,106521,Car Park Cristal,428,220,0
2026-07-01 20:02:01,106524,Parkhaus Oberanger,291,393,1
2026-07-01 20:02:01,301220,Tiefgarage Karstadt Oberpollinger,201,357,1
2026-07-01 20:02:01,301234,Pschorr-Garage,77,170,1
2026-07-01 20:02:01,301236,Marienplatz-Großgarage,161,220,0
2026-07-01 20:02:01,301264,Parkhaus Hopfenpost,190,230,0
2026-07-01 20:02:01,301270,Parkhaus Marsstr. 11,227,526,1
2026-07-01 20:02:01,301271,Tiefgarage am Hauptbahnhof,0,79,0
2026-07-01 20:02:01,301272,Tiefgarage Stachus Einkaufszentrum,151,316,1
2026-07-01 20:02:01,301277,Parkhaus Elisenhof,185,245,1
2026-07-01 20:02:01,401004,PH Hauptbahnhof Süd,117,197,1
2026-07-01 20:02:01,401010,Parkhaus am Hofbräuhaus,80,381,1
2026-07-01 20:02:01,401055,Parkhaus Schrannenhalle,44,147,1
2026-07-01 20:02:01,401060,Königshof-Parking,63,104,1
2026-07-01 20:02:01,401062,Parkhaus am Salvatorplatz,54,217,1
2026-07-01 20:02:01,106525,Parkhaus am Hauptbahnhof,0,223,0
2026-07-01 21:02:01,106501,Parkhaus am Stachus,390,390,0
2026-07-01 21:02:01,106504,City-Parkhaus am Färbergraben,300,350,1
2026-07-01 21:02:01,106505,Parkgarage Rieger-City,133,266,1
2026-07-01 21:02:01,106506,Sonnenhof Parkgarage,21,77,0
2026-07-01 21:02:01,106507,Tiefgarage vor der Oper,32,275,1
2026-07-01 21:02:01,106508,Hertie-Parkhaus,417,504,0
2026-07-01 21:02:01,106509,Parkgarage Böhringer,25,150,1
2026-07-01 21:02:01,106513,TG Hotel Ibis City,39,0,0
2026-07-01 21:02:01,106521,Car Park Cristal,428,220,0
2026-07-01 21:02:01,106524,Parkhaus Oberanger,321,393,1
2026-07-01 21:02:01,301220,Tiefgarage Karstadt Oberpollinger,238,357,1
2026-07-01 21:02:01,301234,Pschorr-Garage,117,170,1
2026-07-01 21:02:01,301236,Marienplatz-Großgarage,161,220,0
2026-07-01 21:02:01,301264,Parkhaus Hopfenpost,190,230,0
2026-07-01 21:02:01,301270,Parkhaus Marsstr. 11,218,526,1
2026-07-01 21:02:01,301271,Tiefgarage am Hauptbahnhof,0,79,0
2026-07-01 21:02:01,301272,Tiefgarage Stachus Einkaufszentrum,158,316,1
2026-07-01 21:02:01,301277,Parkhaus Elisenhof,190,245,1
2026-07-01 21:02:01,401004,PH Hauptbahnhof Süd,116,197,1
2026-07-01 21:02:01,401010,Parkhaus am Hofbräuhaus,131,381,1
2026-07-01 21:02:01,401055,Parkhaus Schrannenhalle,65,147,1
2026-07-01 21:02:01,401060,Königshof-Parking,56,104,1
2026-07-01 21:02:01,401062,Parkhaus am Salvatorplatz,103,217,1
2026-07-01 21:02:01,106525,Parkhaus am Hauptbahnhof,0,223,0
2026-07-01 22:02:02,106501,Parkhaus am Stachus,390,390,0
2026-07-01 22:02:02,106504,City-Parkhaus am Färbergraben,326,350,1
2026-07-01 22:02:02,106505,Parkgarage Rieger-City,149,266,1
2026-07-01 22:02:02,106506,Sonnenhof Parkgarage,21,77,0
2026-07-01 22:02:02,106507,Tiefgarage vor der Oper,75,275,1
2026-07-01 22:02:02,106508,Hertie-Parkhaus,417,504,0
2026-07-01 22:02:02,106509,Parkgarage Böhringer,40,150,1
2026-07-01 22:02:02,106513,TG Hotel Ibis City,39,0,0
2026-07-01 22:02:02,106521,Car Park Cristal,428,220,0
2026-07-01 22:02:02,106524,Parkhaus Oberanger,340,393,1
2026-07-01 22:02:02,301220,Tiefgarage Karstadt Oberpollinger,260,357,1
2026-07-01 22:02:02,301234,Pschorr-Garage,134,170,1
2026-07-01 22:02:02,301236,Marienplatz-Großgarage,161,220,0
2026-07-01 22:02:02,301264,Parkhaus Hopfenpost,190,230,0
2026-07-01 22:02:02,301270,Parkhaus Marsstr. 11,228,526,1
2026-07-01 22:02:02,301271,Tiefgarage am Hauptbahnhof,0,79,0
2026-07-01 22:02:02,301272,Tiefgarage Stachus Einkaufszentrum,165,316,1
2026-07-01 22:02:02,301277,Parkhaus Elisenhof,207,245,1
2026-07-01 22:02:02,401004,PH Hauptbahnhof Süd,104,197,1
2026-07-01 22:02:02,401010,Parkhaus am Hofbräuhaus,190,381,1
2026-07-01 22:02:02,401055,Parkhaus Schrannenhalle,104,147,1
2026-07-01 22:02:02,401060,Königshof-Parking,55,104,1
2026-07-01 22:02:02,401062,Parkhaus am Salvatorplatz,137,217,1
2026-07-01 22:02:02,106525,Parkhaus am Hauptbahnhof,0,223,0
2026-07-01 23:02:01,106501,Parkhaus am Stachus,390,390,0
2026-07-01 23:02:01,106504,City-Parkhaus am Färbergraben,338,350,1
2026-07-01 23:02:01,106505,Parkgarage Rieger-City,173,266,1
2026-07-01 23:02:01,106506,Sonnenhof Parkgarage,21,77,0
2026-07-01 23:02:01,106507,Tiefgarage vor der Oper,206,275,1
2026-07-01 23:02:01,106508,Hertie-Parkhaus,417,504,0
2026-07-01 23:02:01,106509,Parkgarage Böhringer,59,150,1
2026-07-01 23:02:01,106513,TG Hotel Ibis City,39,0,0
2026-07-01 23:02:01,106521,Car Park Cristal,428,220,0
2026-07-01 23:02:01,106524,Parkhaus Oberanger,353,393,1
2026-07-01 23:02:01,301220,Tiefgarage Karstadt Oberpollinger,272,357,1
2026-07-01 23:02:01,301234,Pschorr-Garage,152,170,1
2026-07-01 23:02:01,301236,Marienplatz-Großgarage,161,220,0
2026-07-01 23:02:01,301264,Parkhaus Hopfenpost,190,230,0
2026-07-01 23:02:01,301270,Parkhaus Marsstr. 11,232,526,1
2026-07-01 23:02:01,301271,Tiefgarage am Hauptbahnhof,0,79,0
2026-07-01 23:02:01,301272,Tiefgarage Stachus Einkaufszentrum,171,316,1
2026-07-01 23:02:01,301277,Parkhaus Elisenhof,218,245,1
2026-07-01 23:02:01,401004,PH Hauptbahnhof Süd,106,197,1
2026-07-01 23:02:01,401010,Parkhaus am Hofbräuhaus,287,381,1
2026-07-01 23:02:01,401055,Parkhaus Schrannenhalle,136,147,1
2026-07-01 23:02:01,401060,Königshof-Parking,63,104,1
2026-07-01 23:02:01,401062,Parkhaus am Salvatorplatz,174,217,1
2026-07-01 23:02:01,106525,Parkhaus am Hauptbahnhof,0,223,0
2026-07-02 00:02:01,106501,Parkhaus am Stachus,390,390,0
2026-07-02 00:02:01,106504,City-Parkhaus am Färbergraben,0,350,1
2026-07-02 00:02:01,106505,Parkgarage Rieger-City,179,266,1
2026-07-02 00:02:01,106506,Sonnenhof Parkgarage,21,77,0
2026-07-02 00:02:01,106507,Tiefgarage vor der Oper,250,275,1
2026-07-02 00:02:01,106508,Hertie-Parkhaus,417,504,0
2026-07-02 00:02:01,106509,Parkgarage Böhringer,62,150,1
2026-07-02 00:02:01,106513,TG Hotel Ibis City,39,0,0
2026-07-02 00:02:01,106521,Car Park Cristal,428,220,0
2026-07-02 00:02:01,106524,Parkhaus Oberanger,365,393,1
2026-07-02 00:02:01,301220,Tiefgarage Karstadt Oberpollinger,279,357,1
2026-07-02 00:02:01,301234,Pschorr-Garage,154,170,1
2026-07-02 00:02:01,301236,Marienplatz-Großgarage,161,220,0
2026-07-02 00:02:01,301264,Parkhaus Hopfenpost,190,230,0
2026-07-02 00:02:01,301270,Parkhaus Marsstr. 11,235,526,1
2026-07-02 00:02:01,301271,Tiefgarage am Hauptbahnhof,0,79,0
2026-07-02 00:02:01,301272,Tiefgarage Stachus Einkaufszentrum,176,316,1
2026-07-02 00:02:01,301277,Parkhaus Elisenhof,225,245,1
2026-07-02 00:02:01,401004,PH Hauptbahnhof Süd,107,197,1
2026-07-02 00:02:01,401010,Parkhaus am Hofbräuhaus,328,381,1
2026-07-02 00:02:01,401055,Parkhaus Schrannenhalle,146,147,1
2026-07-02 00:02:01,401060,Königshof-Parking,70,104,1
2026-07-02 00:02:01,401062,Parkhaus am Salvatorplatz,186,217,1
2026-07-02 00:02:01,106525,Parkhaus am Hauptbahnhof,0,223,0
2026-07-02 01:02:00,106501,Parkhaus am Stachus,390,390,0
2026-07-02 01:02:00,106504,City-Parkhaus am Färbergraben,0,350,1
2026-07-02 01:02:00,106505,Parkgarage Rieger-City,184,266,1
2026-07-02 01:02:00,106506,Sonnenhof Parkgarage,21,77,0
2026-07-02 01:02:00,106507,Tiefgarage vor der Oper,264,275,1
2026-07-02 01:02:00,106508,Hertie-Parkhaus,417,504,0
2026-07-02 01:02:00,106509,Parkgarage Böhringer,68,150,1
2026-07-02 01:02:00,106513,TG Hotel Ibis City,39,0,0
2026-07-02 01:02:00,106521,Car Park Cristal,428,220,0
2026-07-02 01:02:00,106524,Parkhaus Oberanger,368,393,1
2026-07-02 01:02:00,301220,Tiefgarage Karstadt Oberpollinger,283,357,1
2026-07-02 01:02:00,301234,Pschorr-Garage,154,170,1
2026-07-02 01:02:00,301236,Marienplatz-Großgarage,161,220,0
2026-07-02 01:02:00,301264,Parkhaus Hopfenpost,190,230,0
2026-07-02 01:02:00,301270,Parkhaus Marsstr. 11,237,526,1
2026-07-02 01:02:00,301271,Tiefgarage am Hauptbahnhof,0,79,0
2026-07-02 01:02:00,301272,Tiefgarage Stachus Einkaufszentrum,179,316,1
2026-07-02 01:02:00,301277,Parkhaus Elisenhof,224,245,1
2026-07-02 01:02:00,401004,PH Hauptbahnhof Süd,107,197,1
2026-07-02 01:02:00,401010,Parkhaus am Hofbräuhaus,332,381,1
2026-07-02 01:02:00,401055,Parkhaus Schrannenhalle,147,147,1
2026-07-02 01:02:00,401060,Königshof-Parking,78,104,1
2026-07-02 01:02:00,401062,Parkhaus am Salvatorplatz,190,217,1
2026-07-02 01:02:00,106525,Parkhaus am Hauptbahnhof,0,223,0
2026-07-02 02:02:01,106501,Parkhaus am Stachus,390,390,0
2026-07-02 02:02:01,106504,City-Parkhaus am Färbergraben,0,350,1
2026-07-02 02:02:01,106505,Parkgarage Rieger-City,184,266,1
2026-07-02 02:02:01,106506,Sonnenhof Parkgarage,21,77,0
2026-07-02 02:02:01,106507,Tiefgarage vor der Oper,252,275,1
2026-07-02 02:02:01,106508,Hertie-Parkhaus,417,504,0
2026-07-02 02:02:01,106509,Parkgarage Böhringer,68,150,1
2026-07-02 02:02:01,106513,TG Hotel Ibis City,39,0,0
2026-07-02 02:02:01,106521,Car Park Cristal,428,220,0
2026-07-02 02:02:01,106524,Parkhaus Oberanger,368,393,1
2026-07-02 02:02:01,301220,Tiefgarage Karstadt Oberpollinger,284,357,1
2026-07-02 02:02:01,301234,Pschorr-Garage,154,170,1
2026-07-02 02:02:01,301236,Marienplatz-Großgarage,161,220,0
2026-07-02 02:02:01,301264,Parkhaus Hopfenpost,190,230,0
2026-07-02 02:02:01,301270,Parkhaus Marsstr. 11,237,526,1
2026-07-02 02:02:01,301271,Tiefgarage am Hauptbahnhof,0,79,0
2026-07-02 02:02:01,301272,Tiefgarage Stachus Einkaufszentrum,179,316,1
2026-07-02 02:02:01,301277,Parkhaus Elisenhof,224,245,1
2026-07-02 02:02:01,401004,PH Hauptbahnhof Süd,108,197,1
2026-07-02 02:02:01,401010,Parkhaus am Hofbräuhaus,333,381,1
2026-07-02 02:02:01,401055,Parkhaus Schrannenhalle,147,147,1
2026-07-02 02:02:01,401060,Königshof-Parking,80,104,1
2026-07-02 02:02:01,401062,Parkhaus am Salvatorplatz,191,217,1
2026-07-02 02:02:01,106525,Parkhaus am Hauptbahnhof,0,223,0
2026-07-02 03:02:01,106501,Parkhaus am Stachus,390,390,0
2026-07-02 03:02:01,106504,City-Parkhaus am Färbergraben,0,350,1
2026-07-02 03:02:01,106505,Parkgarage Rieger-City,184,266,1
2026-07-02 03:02:01,106506,Sonnenhof Parkgarage,21,77,0
2026-07-02 03:02:01,106507,Tiefgarage vor der Oper,253,275,1
2026-07-02 03:02:01,106508,Hertie-Parkhaus,417,504,0
2026-07-02 03:02:01,106509,Parkgarage Böhringer,68,150,1
2026-07-02 03:02:01,106513,TG Hotel Ibis City,39,0,0
2026-07-02 03:02:01,106521,Car Park Cristal,428,220,0
2026-07-02 03:02:01,106524,Parkhaus Oberanger,368,393,1
2026-07-02 03:02:01,301220,Tiefgarage Karstadt Oberpollinger,284,357,1
2026-07-02 03:02:01,301234,Pschorr-Garage,154,170,1
2026-07-02 03:02:01,301236,Marienplatz-Großgarage,161,220,0
2026-07-02 03:02:01,301264,Parkhaus Hopfenpost,190,230,0
2026-07-02 03:02:01,301270,Parkhaus Marsstr. 11,237,526,1
2026-07-02 03:02:01,301271,Tiefgarage am Hauptbahnhof,0,79,0
2026-07-02 03:02:01,301272,Tiefgarage Stachus Einkaufszentrum,179,316,1
2026-07-02 03:02:01,301277,Parkhaus Elisenhof,223,245,1
2026-07-02 03:02:01,401004,PH Hauptbahnhof Süd,107,197,1
2026-07-02 03:02:01,401010,Parkhaus am Hofbräuhaus,333,381,1
2026-07-02 03:02:01,401055,Parkhaus Schrannenhalle,147,147,1
2026-07-02 03:02:01,401060,Königshof-Parking,80,104,1
2026-07-02 03:02:01,401062,Parkhaus am Salvatorplatz,191,217,1
2026-07-02 03:02:01,106525,Parkhaus am Hauptbahnhof,0,223,0
2026-07-02 04:02:01,106501,Parkhaus am Stachus,390,390,0
2026-07-02 04:02:01,106504,City-Parkhaus am Färbergraben,0,350,1
2026-07-02 04:02:01,106505,Parkgarage Rieger-City,184,266,1
2026-07-02 04:02:01,106506,Sonnenhof Parkgarage,21,77,0
2026-07-02 04:02:01,106507,Tiefgarage vor der Oper,253,275,1
2026-07-02 04:02:01,106508,Hertie-Parkhaus,417,504,0
2026-07-02 04:02:01,106509,Parkgarage Böhringer,68,150,1
2026-07-02 04:02:01,106513,TG Hotel Ibis City,39,0,0
2026-07-02 04:02:01,106521,Car Park Cristal,428,220,0
2026-07-02 04:02:01,106524,Parkhaus Oberanger,368,393,1
2026-07-02 04:02:01,301220,Tiefgarage Karstadt Oberpollinger,284,357,1
2026-07-02 04:02:01,301234,Pschorr-Garage,154,170,1
2026-07-02 04:02:01,301236,Marienplatz-Großgarage,161,220,0
2026-07-02 04:02:01,301264,Parkhaus Hopfenpost,190,230,0
2026-07-02 04:02:01,301270,Parkhaus Marsstr. 11,237,526,1
2026-07-02 04:02:01,301271,Tiefgarage am Hauptbahnhof,0,79,0
2026-07-02 04:02:01,301272,Tiefgarage Stachus Einkaufszentrum,180,316,1
2026-07-02 04:02:01,301277,Parkhaus Elisenhof,223,245,1
2026-07-02 04:02:01,401004,PH Hauptbahnhof Süd,106,197,1
2026-07-02 04:02:01,401010,Parkhaus am Hofbräuhaus,333,381,1
2026-07-02 04:02:01,401055,Parkhaus Schrannenhalle,147,147,1
2026-07-02 04:02:01,401060,Königshof-Parking,80,104,1
2026-07-02 04:02:01,401062,Parkhaus am Salvatorplatz,193,217,1
2026-07-02 04:02:01,106525,Parkhaus am Hauptbahnhof,0,223,0
2026-07-02 05:02:01,106501,Parkhaus am Stachus,390,390,0
2026-07-02 05:02:01,106504,City-Parkhaus am Färbergraben,0,350,1
2026-07-02 05:02:01,106505,Parkgarage Rieger-City,185,266,1
2026-07-02 05:02:01,106506,Sonnenhof Parkgarage,21,77,0
2026-07-02 05:02:01,106507,Tiefgarage vor der Oper,256,275,1
2026-07-02 05:02:01,106508,Hertie-Parkhaus,417,504,0
2026-07-02 05:02:01,106509,Parkgarage Böhringer,68,150,1
2026-07-02 05:02:01,106513,TG Hotel Ibis City,39,0,0
2026-07-02 05:02:01,106521,Car Park Cristal,428,220,0
2026-07-02 05:02:01,106524,Parkhaus Oberanger,368,393,1
2026-07-02 05:02:01,301220,Tiefgarage Karstadt Oberpollinger,287,357,1
2026-07-02 05:02:01,301234,Pschorr-Garage,154,170,1
2026-07-02 05:02:01,301236,Marienplatz-Großgarage,161,220,0
2026-07-02 05:02:01,301264,Parkhaus Hopfenpost,190,230,0
2026-07-02 05:02:01,301270,Parkhaus Marsstr. 11,236,526,1
2026-07-02 05:02:01,301271,Tiefgarage am Hauptbahnhof,0,79,0
2026-07-02 05:02:01,301272,Tiefgarage Stachus Einkaufszentrum,180,316,1
2026-07-02 05:02:01,301277,Parkhaus Elisenhof,221,245,1
2026-07-02 05:02:01,401004,PH Hauptbahnhof Süd,105,197,1
2026-07-02 05:02:01,401010,Parkhaus am Hofbräuhaus,333,381,1
2026-07-02 05:02:01,401055,Parkhaus Schrannenhalle,147,147,1
2026-07-02 05:02:01,401060,Königshof-Parking,80,104,1
2026-07-02 05:02:01,401062,Parkhaus am Salvatorplatz,195,217,1
2026-07-02 05:02:01,106525,Parkhaus am Hauptbahnhof,0,223,0
2026-07-02 06:02:01,106501,Parkhaus am Stachus,390,390,0
2026-07-02 06:02:01,106504,City-Parkhaus am Färbergraben,0,350,1
2026-07-02 06:02:01,106505,Parkgarage Rieger-City,185,266,1
2026-07-02 06:02:01,106506,Sonnenhof Parkgarage,21,77,0
2026-07-02 06:02:01,106507,Tiefgarage vor der Oper,256,275,1
2026-07-02 06:02:01,106508,Hertie-Parkhaus,417,504,0
2026-07-02 06:02:01,106509,Parkgarage Böhringer,68,150,1
2026-07-02 06:02:01,106513,TG Hotel Ibis City,39,0,0
2026-07-02 06:02:01,106521,Car Park Cristal,428,220,0
2026-07-02 06:02:01,106524,Parkhaus Oberanger,368,393,1
2026-07-02 06:02:01,301220,Tiefgarage Karstadt Oberpollinger,297,357,1
2026-07-02 06:02:01,301234,Pschorr-Garage,154,170,1
2026-07-02 06:02:01,301236,Marienplatz-Großgarage,161,220,0
2026-07-02 06:02:01,301264,Parkhaus Hopfenpost,190,230,0
2026-07-02 06:02:01,301270,Parkhaus Marsstr. 11,234,526,1
2026-07-02 06:02:01,301271,Tiefgarage am Hauptbahnhof,0,79,0
2026-07-02 06:02:01,301272,Tiefgarage Stachus Einkaufszentrum,180,316,1
2026-07-02 06:02:01,301277,Parkhaus Elisenhof,222,245,1
2026-07-02 06:02:01,401004,PH Hauptbahnhof Süd,104,197,1
2026-07-02 06:02:01,401010,Parkhaus am Hofbräuhaus,333,381,1
2026-07-02 06:02:01,401055,Parkhaus Schrannenhalle,147,147,1
2026-07-02 06:02:01,401060,Königshof-Parking,80,104,1
2026-07-02 06:02:01,401062,Parkhaus am Salvatorplatz,196,217,1
2026-07-02 06:02:01,106525,Parkhaus am Hauptbahnhof,0,223,0
2026-07-02 07:02:01,106501,Parkhaus am Stachus,390,390,0
2026-07-02 07:02:01,106504,City-Parkhaus am Färbergraben,342,350,1
2026-07-02 07:02:01,106505,Parkgarage Rieger-City,182,266,1
2026-07-02 07:02:01,106506,Sonnenhof Parkgarage,21,77,0
2026-07-02 07:02:01,106507,Tiefgarage vor der Oper,248,275,1
2026-07-02 07:02:01,106508,Hertie-Parkhaus,417,504,0
2026-07-02 07:02:01,106509,Parkgarage Böhringer,64,150,1
2026-07-02 07:02:01,106513,TG Hotel Ibis City,39,0,0
2026-07-02 07:02:01,106521,Car Park Cristal,428,220,0
2026-07-02 07:02:01,106524,Parkhaus Oberanger,362,393,1
2026-07-02 07:02:01,301220,Tiefgarage Karstadt Oberpollinger,293,357,1
2026-07-02 07:02:01,301234,Pschorr-Garage,152,170,1
2026-07-02 07:02:01,301236,Marienplatz-Großgarage,161,220,0
2026-07-02 07:02:01,301264,Parkhaus Hopfenpost,190,230,0
2026-07-02 07:02:01,301270,Parkhaus Marsstr. 11,223,526,1
2026-07-02 07:02:01,301271,Tiefgarage am Hauptbahnhof,0,79,0
2026-07-02 07:02:01,301272,Tiefgarage Stachus Einkaufszentrum,178,316,1
2026-07-02 07:02:01,301277,Parkhaus Elisenhof,221,245,1
2026-07-02 07:02:01,401004,PH Hauptbahnhof Süd,101,197,1
2026-07-02 07:02:01,401010,Parkhaus am Hofbräuhaus,329,381,1
2026-07-02 07:02:01,401055,Parkhaus Schrannenhalle,141,147,1
2026-07-02 07:02:01,401060,Königshof-Parking,81,104,1
2026-07-02 07:02:01,401062,Parkhaus am Salvatorplatz,194,217,1
2026-07-02 07:02:01,106525,Parkhaus am Hauptbahnhof,0,223,0
2026-07-02 09:02:01,106501,Parkhaus am Stachus,390,390,0
2026-07-02 09:02:01,106504,City-Parkhaus am Färbergraben,306,350,1
2026-07-02 09:02:01,106505,Parkgarage Rieger-City,170,266,1
2026-07-02 09:02:01,106506,Sonnenhof Parkgarage,21,77,0
2026-07-02 09:02:01,106507,Tiefgarage vor der Oper,182,275,1
2026-07-02 09:02:01,106508,Hertie-Parkhaus,417,504,0
2026-07-02 09:02:01,106509,Parkgarage Böhringer,49,150,1
2026-07-02 09:02:01,106513,TG Hotel Ibis City,39,0,0
2026-07-02 09:02:01,106521,Car Park Cristal,428,220,0
2026-07-02 09:02:01,106524,Parkhaus Oberanger,286,393,1
2026-07-02 09:02:01,301220,Tiefgarage Karstadt Oberpollinger,242,357,1
2026-07-02 09:02:01,301234,Pschorr-Garage,138,170,1
2026-07-02 09:02:01,301236,Marienplatz-Großgarage,161,220,0
2026-07-02 09:02:01,301264,Parkhaus Hopfenpost,190,230,0
2026-07-02 09:02:01,301270,Parkhaus Marsstr. 11,233,526,1
2026-07-02 09:02:01,301271,Tiefgarage am Hauptbahnhof,0,79,0
2026-07-02 09:02:01,301272,Tiefgarage Stachus Einkaufszentrum,167,316,1
2026-07-02 09:02:01,301277,Parkhaus Elisenhof,213,245,1
2026-07-02 09:02:01,401004,PH Hauptbahnhof Süd,112,197,1
2026-07-02 09:02:01,401010,Parkhaus am Hofbräuhaus,282,381,1
2026-07-02 09:02:01,401055,Parkhaus Schrannenhalle,92,147,1
2026-07-02 09:02:01,401060,Königshof-Parking,77,104,1
2026-07-02 09:02:01,401062,Parkhaus am Salvatorplatz,131,217,1
2026-07-02 09:02:01,106525,Parkhaus am Hauptbahnhof,0,223,0
2026-07-02 10:02:01,106501,Parkhaus am Stachus,390,390,0
2026-07-02 10:02:01,106504,City-Parkhaus am Färbergraben,280,350,1
2026-07-02 10:02:01,106505,Parkgarage Rieger-City,163,266,1
2026-07-02 10:02:01,106506,Sonnenhof Parkgarage,21,77,0
2026-07-02 10:02:01,106507,Tiefgarage vor der Oper,105,275,1
2026-07-02 10:02:01,106508,Hertie-Parkhaus,417,504,0
2026-07-02 10:02:01,106509,Parkgarage Böhringer,12,150,1
2026-07-02 10:02:01,106513,TG Hotel Ibis City,39,0,0
2026-07-02 10:02:01,106521,Car Park Cristal,428,220,0
2026-07-02 10:02:01,106524,Parkhaus Oberanger,221,393,1
2026-07-02 10:02:01,301220,Tiefgarage Karstadt Oberpollinger,187,357,1
2026-07-02 10:02:01,301234,Pschorr-Garage,111,170,1
2026-07-02 10:02:01,301236,Marienplatz-Großgarage,161,220,0
2026-07-02 10:02:01,301264,Parkhaus Hopfenpost,190,230,0
2026-07-02 10:02:01,301270,Parkhaus Marsstr. 11,224,526,1
2026-07-02 10:02:01,301271,Tiefgarage am Hauptbahnhof,0,79,0
2026-07-02 10:02:01,301272,Tiefgarage Stachus Einkaufszentrum,142,316,1
2026-07-02 10:02:01,301277,Parkhaus Elisenhof,193,245,1
2026-07-02 10:02:01,401004,PH Hauptbahnhof Süd,116,197,1
2026-07-02 10:02:01,401010,Parkhaus am Hofbräuhaus,220,381,1
2026-07-02 10:02:01,401055,Parkhaus Schrannenhalle,52,147,1
2026-07-02 10:02:01,401060,Königshof-Parking,81,104,1
2026-07-02 10:02:01,401062,Parkhaus am Salvatorplatz,81,217,1
2026-07-02 10:02:01,106525,Parkhaus am Hauptbahnhof,0,223,0
2026-07-02 11:02:01,106501,Parkhaus am Stachus,390,390,0
2026-07-02 11:02:01,106504,City-Parkhaus am Färbergraben,230,350,1
2026-07-02 11:02:01,106505,Parkgarage Rieger-City,131,266,1
2026-07-02 11:02:01,106506,Sonnenhof Parkgarage,21,77,0
2026-07-02 11:02:01,106507,Tiefgarage vor der Oper,9,275,1
2026-07-02 11:02:01,106508,Hertie-Parkhaus,417,504,0
2026-07-02 11:02:01,106509,Parkgarage Böhringer,1,150,1
2026-07-02 11:02:01,106513,TG Hotel Ibis City,39,0,0
2026-07-02 11:02:01,106521,Car Park Cristal,428,220,0
2026-07-02 11:02:01,106524,Parkhaus Oberanger,160,393,1
2026-07-02 11:02:01,301220,Tiefgarage Karstadt Oberpollinger,137,357,1
2026-07-02 11:02:01,301234,Pschorr-Garage,42,170,1
2026-07-02 11:02:01,301236,Marienplatz-Großgarage,161,220,0
2026-07-02 11:02:01,301264,Parkhaus Hopfenpost,190,230,0
2026-07-02 11:02:01,301270,Parkhaus Marsstr. 11,222,526,1
2026-07-02 11:02:01,301271,Tiefgarage am Hauptbahnhof,0,79,0
2026-07-02 11:02:01,301272,Tiefgarage Stachus Einkaufszentrum,134,316,1
2026-07-02 11:02:01,301277,Parkhaus Elisenhof,179,245,1
2026-07-02 11:02:01,401004,PH Hauptbahnhof Süd,120,197,1
2026-07-02 11:02:01,401010,Parkhaus am Hofbräuhaus,118,361,1
2026-07-02 11:02:01,401055,Parkhaus Schrannenhalle,7,147,1
2026-07-02 11:02:01,401060,Königshof-Parking,67,104,1
2026-07-02 11:02:01,401062,Parkhaus am Salvatorplatz,52,217,1
2026-07-02 11:02:01,106525,Parkhaus am Hauptbahnhof,0,223,0
2026-07-02 12:02:01,106501,Parkhaus am Stachus,390,390,0
2026-07-02 12:02:01,106504,City-Parkhaus am Färbergraben,198,350,1
2026-07-02 12:02:01,106505,Parkgarage Rieger-City,104,266,1
2026-07-02 12:02:01,106506,Sonnenhof Parkgarage,21,77,0
2026-07-02 12:02:01,106507,Tiefgarage vor der Oper,0,275,1
2026-07-02 12:02:01,106508,Hertie-Parkhaus,417,504,0
2026-07-02 12:02:01,106509,Parkgarage Böhringer,0,150,1
2026-07-02 12:02:01,106513,TG Hotel Ibis City,39,0,0
2026-07-02 12:02:01,106521,Car Park Cristal,428,220,0
2026-07-02 12:02:01,106524,Parkhaus Oberanger,128,393,1
2026-07-02 12:02:01,301220,Tiefgarage Karstadt Oberpollinger,122,357,1
2026-07-02 12:02:01,301234,Pschorr-Garage,1,166,1
2026-07-02 12:02:01,301236,Marienplatz-Großgarage,161,220,0
2026-07-02 12:02:01,301264,Parkhaus Hopfenpost,190,230,0
2026-07-02 12:02:01,301270,Parkhaus Marsstr. 11,213,526,1
2026-07-02 12:02:01,301271,Tiefgarage am Hauptbahnhof,0,79,0
2026-07-02 12:02:01,301272,Tiefgarage Stachus Einkaufszentrum,135,316,1
2026-07-02 12:02:01,301277,Parkhaus Elisenhof,168,245,1
2026-07-02 12:02:01,401004,PH Hauptbahnhof Süd,118,197,1
2026-07-02 12:02:01,401010,Parkhaus am Hofbräuhaus,37,361,1
2026-07-02 12:02:01,401055,Parkhaus Schrannenhalle,3,147,1
2026-07-02 12:02:01,401060,Königshof-Parking,69,104,1
2026-07-02 12:02:01,401062,Parkhaus am Salvatorplatz,27,217,1
2026-07-02 12:02:01,106525,Parkhaus am Hauptbahnhof,0,223,0
2026-07-02 13:02:01,106501,Parkhaus am Stachus,390,390,0
2026-07-02 13:02:01,106504,City-Parkhaus am Färbergraben,182,350,1
2026-07-02 13:02:01,106505,Parkgarage Rieger-City,91,266,1
2026-07-02 13:02:01,106506,Sonnenhof Parkgarage,21,77,0
2026-07-02 13:02:01,106507,Tiefgarage vor der Oper,1,275,1
2026-07-02 13:02:01,106508,Hertie-Parkhaus,417,504,0
2026-07-02 13:02:01,106509,Parkgarage Böhringer,0,150,1
2026-07-02 13:02:01,106513,TG Hotel Ibis City,39,0,0
2026-07-02 13:02:01,106521,Car Park Cristal,428,220,0
2026-07-02 13:02:01,106524,Parkhaus Oberanger,123,393,1
2026-07-02 13:02:01,301220,Tiefgarage Karstadt Oberpollinger,94,357,1
2026-07-02 13:02:01,301234,Pschorr-Garage,16,169,1
2026-07-02 13:02:01,301236,Marienplatz-Großgarage,161,220,0
2026-07-02 13:02:01,301264,Parkhaus Hopfenpost,190,230,0
2026-07-02 13:02:01,301270,Parkhaus Marsstr. 11,211,526,1
2026-07-02 13:02:01,301271,Tiefgarage am Hauptbahnhof,0,79,0
2026-07-02 13:02:01,301272,Tiefgarage Stachus Einkaufszentrum,129,316,1
2026-07-02 13:02:01,301277,Parkhaus Elisenhof,175,245,1
2026-07-02 13:02:01,401004,PH Hauptbahnhof Süd,120,197,1
2026-07-02 13:02:01,401010,Parkhaus am Hofbräuhaus,4,398,1
2026-07-02 13:02:01,401055,Parkhaus Schrannenhalle,1,147,1
2026-07-02 13:02:01,401060,Königshof-Parking,71,104,1
2026-07-02 13:02:01,401062,Parkhaus am Salvatorplatz,30,217,1
2026-07-02 13:02:01,106525,Parkhaus am Hauptbahnhof,0,223,0
2026-07-02 14:02:01,106501,Parkhaus am Stachus,390,390,0
2026-07-02 14:02:01,106504,City-Parkhaus am Färbergraben,183,350,1
2026-07-02 14:02:01,106505,Parkgarage Rieger-City,122,296,1
2026-07-02 14:02:01,106506,Sonnenhof Parkgarage,21,77,0
2026-07-02 14:02:01,106507,Tiefgarage vor der Oper,6,275,1
2026-07-02 14:02:01,106508,Hertie-Parkhaus,417,504,0
2026-07-02 14:02:01,106509,Parkgarage Böhringer,0,150,1
2026-07-02 14:02:01,106513,TG Hotel Ibis City,39,0,0
2026-07-02 14:02:01,106521,Car Park Cristal,428,220,0
2026-07-02 14:02:01,106524,Parkhaus Oberanger,104,393,1
2026-07-02 14:02:01,301220,Tiefgarage Karstadt Oberpollinger,90,357,1
2026-07-02 14:02:01,301234,Pschorr-Garage,23,169,1
2026-07-02 14:02:01,301236,Marienplatz-Großgarage,161,220,0
2026-07-02 14:02:01,301264,Parkhaus Hopfenpost,190,230,0
2026-07-02 14:02:01,301270,Parkhaus Marsstr. 11,209,526,1
2026-07-02 14:02:01,301271,Tiefgarage am Hauptbahnhof,0,79,0
2026-07-02 14:02:01,301272,Tiefgarage Stachus Einkaufszentrum,131,316,1
2026-07-02 14:02:01,301277,Parkhaus Elisenhof,177,245,1
2026-07-02 14:02:01,401004,PH Hauptbahnhof Süd,114,197,1
2026-07-02 14:02:01,401010,Parkhaus am Hofbräuhaus,14,394,1
2026-07-02 14:02:01,401055,Parkhaus Schrannenhalle,15,147,1
2026-07-02 14:02:01,401060,Königshof-Parking,72,104,1
2026-07-02 14:02:01,401062,Parkhaus am Salvatorplatz,12,217,1
2026-07-02 14:02:01,106525,Parkhaus am Hauptbahnhof,0,223,0
2026-07-02 15:02:01,106501,Parkhaus am Stachus,390,390,0
2026-07-02 15:02:01,106504,City-Parkhaus am Färbergraben,192,350,1
2026-07-02 15:02:01,106505,Parkgarage Rieger-City,112,266,1
2026-07-02 15:02:01,106506,Sonnenhof Parkgarage,21,77,0
2026-07-02 15:02:01,106507,Tiefgarage vor der Oper,5,275,1
2026-07-02 15:02:01,106508,Hertie-Parkhaus,417,504,0
2026-07-02 15:02:01,106509,Parkgarage Böhringer,9,150,1
2026-07-02 15:02:01,106513,TG Hotel Ibis City,39,0,0
2026-07-02 15:02:01,106521,Car Park Cristal,428,220,0
2026-07-02 15:02:01,106524,Parkhaus Oberanger,131,393,1
2026-07-02 15:02:01,301220,Tiefgarage Karstadt Oberpollinger,104,357,1
2026-07-02 15:02:01,301234,Pschorr-Garage,22,169,1
2026-07-02 15:02:01,301236,Marienplatz-Großgarage,161,220,0
2026-07-02 15:02:01,301264,Parkhaus Hopfenpost,190,230,0
2026-07-02 15:02:01,301270,Parkhaus Marsstr. 11,199,526,1
2026-07-02 15:02:01,301271,Tiefgarage am Hauptbahnhof,0,79,0
2026-07-02 15:02:01,301272,Tiefgarage Stachus Einkaufszentrum,129,316,1
2026-07-02 15:02:01,301277,Parkhaus Elisenhof,173,245,1
2026-07-02 15:02:01,401004,PH Hauptbahnhof Süd,113,197,1
2026-07-02 15:02:01,401010,Parkhaus am Hofbräuhaus,57,394,1
2026-07-02 15:02:01,401055,Parkhaus Schrannenhalle,17,147,1
2026-07-02 15:02:01,401060,Königshof-Parking,67,104,1
2026-07-02 15:02:01,401062,Parkhaus am Salvatorplatz,11,217,1
2026-07-02 15:02:01,106525,Parkhaus am Hauptbahnhof,0,223,0
2026-07-02 16:02:01,106501,Parkhaus am Stachus,390,390,0
2026-07-02 16:02:01,106504,City-Parkhaus am Färbergraben,204,350,1
2026-07-02 16:02:01,106505,Parkgarage Rieger-City,108,266,1
2026-07-02 16:02:01,106506,Sonnenhof Parkgarage,21,77,0
2026-07-02 16:02:01,106507,Tiefgarage vor der Oper,13,275,1
2026-07-02 16:02:01,106508,Hertie-Parkhaus,417,504,0
2026-07-02 16:02:01,106509,Parkgarage Böhringer,9,150,1
2026-07-02 16:02:01,106513,TG Hotel Ibis City,39,0,0
2026-07-02 16:02:01,106521,Car Park Cristal,428,220,0
2026-07-02 16:02:01,106524,Parkhaus Oberanger,176,393,1
2026-07-02 16:02:01,301220,Tiefgarage Karstadt Oberpollinger,129,357,1
2026-07-02 16:02:01,301234,Pschorr-Garage,23,169,1
2026-07-02 16:02:01,301236,Marienplatz-Großgarage,161,220,0
2026-07-02 16:02:01,301264,Parkhaus Hopfenpost,190,230,0
2026-07-02 16:02:01,301270,Parkhaus Marsstr. 11,214,526,1
2026-07-02 16:02:01,301271,Tiefgarage am Hauptbahnhof,0,79,0
2026-07-02 16:02:01,301272,Tiefgarage Stachus Einkaufszentrum,139,316,1
2026-07-02 16:02:01,301277,Parkhaus Elisenhof,182,245,1
2026-07-02 16:02:01,401004,PH Hauptbahnhof Süd,107,197,1
2026-07-02 16:02:01,401010,Parkhaus am Hofbräuhaus,119,394,1
2026-07-02 16:02:01,401055,Parkhaus Schrannenhalle,11,147,1
2026-07-02 16:02:01,401060,Königshof-Parking,76,104,1
2026-07-02 16:02:01,401062,Parkhaus am Salvatorplatz,61,227,1
2026-07-02 16:02:01,106525,Parkhaus am Hauptbahnhof,0,223,0
2026-07-02 17:02:02,106501,Parkhaus am Stachus,390,390,0
2026-07-02 17:02:02,106504,City-Parkhaus am Färbergraben,221,350,1
2026-07-02 17:02:02,106505,Parkgarage Rieger-City,123,266,1
2026-07-02 17:02:02,106506,Sonnenhof Parkgarage,21,77,0
2026-07-02 17:02:02,106507,Tiefgarage vor der Oper,29,275,1
2026-07-02 17:02:02,106508,Hertie-Parkhaus,417,504,0
2026-07-02 17:02:02,106509,Parkgarage Böhringer,26,150,1
2026-07-02 17:02:02,106513,TG Hotel Ibis City,39,0,0
2026-07-02 17:02:02,106521,Car Park Cristal,428,220,0
2026-07-02 17:02:02,106524,Parkhaus Oberanger,204,393,1
2026-07-02 17:02:02,301220,Tiefgarage Karstadt Oberpollinger,148,357,1
2026-07-02 17:02:02,301234,Pschorr-Garage,44,169,1
2026-07-02 17:02:02,301236,Marienplatz-Großgarage,161,220,0
2026-07-02 17:02:02,301264,Parkhaus Hopfenpost,190,230,0
2026-07-02 17:02:02,301270,Parkhaus Marsstr. 11,202,526,1
2026-07-02 17:02:02,301271,Tiefgarage am Hauptbahnhof,0,79,0
2026-07-02 17:02:02,301272,Tiefgarage Stachus Einkaufszentrum,150,316,1
2026-07-02 17:02:02,301277,Parkhaus Elisenhof,174,245,1
2026-07-02 17:02:02,401004,PH Hauptbahnhof Süd,110,197,1
2026-07-02 17:02:02,401010,Parkhaus am Hofbräuhaus,146,394,1
2026-07-02 17:02:02,401055,Parkhaus Schrannenhalle,40,155,1
2026-07-02 17:02:02,401060,Königshof-Parking,76,104,1
2026-07-02 17:02:02,401062,Parkhaus am Salvatorplatz,73,227,1
2026-07-02 17:02:02,106525,Parkhaus am Hauptbahnhof,0,223,0
2026-07-02 18:02:01,106501,Parkhaus am Stachus,390,390,0
2026-07-02 18:02:01,106504,City-Parkhaus am Färbergraben,247,350,1
2026-07-02 18:02:01,106505,Parkgarage Rieger-City,121,266,1
2026-07-02 18:02:01,106506,Sonnenhof Parkgarage,21,77,0
2026-07-02 18:02:01,106507,Tiefgarage vor der Oper,47,275,1
2026-07-02 18:02:01,106508,Hertie-Parkhaus,417,504,0
2026-07-02 18:02:01,106509,Parkgarage Böhringer,16,150,1
2026-07-02 18:02:01,106513,TG Hotel Ibis City,39,0,0
2026-07-02 18:02:01,106521,Car Park Cristal,428,220,0
2026-07-02 18:02:01,106524,Parkhaus Oberanger,237,393,1
2026-07-02 18:02:01,301220,Tiefgarage Karstadt Oberpollinger,161,357,1
2026-07-02 18:02:01,301234,Pschorr-Garage,47,169,1
2026-07-02 18:02:01,301236,Marienplatz-Großgarage,161,220,0
2026-07-02 18:02:01,301264,Parkhaus Hopfenpost,190,230,0
2026-07-02 18:02:01,301270,Parkhaus Marsstr. 11,186,526,1
2026-07-02 18:02:01,301271,Tiefgarage am Hauptbahnhof,0,79,0
2026-07-02 18:02:01,301272,Tiefgarage Stachus Einkaufszentrum,147,316,1
2026-07-02 18:02:01,301277,Parkhaus Elisenhof,180,245,1
2026-07-02 18:02:01,401004,PH Hauptbahnhof Süd,106,197,1
2026-07-02 18:02:01,401010,Parkhaus am Hofbräuhaus,170,394,1
2026-07-02 18:02:01,401055,Parkhaus Schrannenhalle,40,155,1
2026-07-02 18:02:01,401060,Königshof-Parking,71,104,1
2026-07-02 18:02:01,401062,Parkhaus am Salvatorplatz,99,227,1
2026-07-02 18:02:01,106525,Parkhaus am Hauptbahnhof,0,223,0
2026-07-02 19:02:01,106501,Parkhaus am Stachus,390,390,0
2026-07-02 19:02:01,106504,City-Parkhaus am Färbergraben,276,350,1
2026-07-02 19:02:01,106505,Parkgarage Rieger-City,113,266,1
2026-07-02 19:02:01,106506,Sonnenhof Parkgarage,21,77,0
2026-07-02 19:02:01,106507,Tiefgarage vor der Oper,0,275,1
2026-07-02 19:02:01,106508,Hertie-Parkhaus,417,504,0
2026-07-02 19:02:01,106509,Parkgarage Böhringer,4,150,1
2026-07-02 19:02:01,106513,TG Hotel Ibis City,39,0,0
2026-07-02 19:02:01,106521,Car Park Cristal,428,220,0
2026-07-02 19:02:01,106524,Parkhaus Oberanger,261,393,1
2026-07-02 19:02:01,301220,Tiefgarage Karstadt Oberpollinger,182,357,1
2026-07-02 19:02:01,301234,Pschorr-Garage,38,169,1
2026-07-02 19:02:01,301236,Marienplatz-Großgarage,161,220,0
2026-07-02 19:02:01,301264,Parkhaus Hopfenpost,190,230,0
2026-07-02 19:02:01,301270,Parkhaus Marsstr. 11,182,526,1
2026-07-02 19:02:01,301271,Tiefgarage am Hauptbahnhof,0,79,0
2026-07-02 19:02:01,301272,Tiefgarage Stachus Einkaufszentrum,132,316,1
2026-07-02 19:02:01,301277,Parkhaus Elisenhof,184,245,1
2026-07-02 19:02:01,401004,PH Hauptbahnhof Süd,91,197,1
2026-07-02 19:02:01,401010,Parkhaus am Hofbräuhaus,123,394,1
2026-07-02 19:02:01,401055,Parkhaus Schrannenhalle,33,155,1
2026-07-02 19:02:01,401060,Königshof-Parking,64,104,1
2026-07-02 19:02:01,401062,Parkhaus am Salvatorplatz,109,227,1
2026-07-02 19:02:01,106525,Parkhaus am Hauptbahnhof,0,223,0
2026-07-02 20:02:01,106501,Parkhaus am Stachus,390,390,0
2026-07-02 20:02:01,106504,City-Parkhaus am Färbergraben,299,350,1
2026-07-02 20:02:01,106505,Parkgarage Rieger-City,104,266,1
2026-07-02 20:02:01,106506,Sonnenhof Parkgarage,21,77,0
2026-07-02 20:02:01,106507,Tiefgarage vor der Oper,0,275,1
2026-07-02 20:02:01,106508,Hertie-Parkhaus,417,504,0
2026-07-02 20:02:01,106509,Parkgarage Böhringer,2,150,1
2026-07-02 20:02:01,106513,TG Hotel Ibis City,39,0,0
2026-07-02 20:02:01,106521,Car Park Cristal,428,220,0
2026-07-02 20:02:01,106524,Parkhaus Oberanger,277,393,1
2026-07-02 20:02:01,301220,Tiefgarage Karstadt Oberpollinger,213,357,1
2026-07-02 20:02:01,301234,Pschorr-Garage,79,169,1
2026-07-02 20:02:01,301236,Marienplatz-Großgarage,161,220,0
2026-07-02 20:02:01,301264,Parkhaus Hopfenpost,190,230,0
2026-07-02 20:02:01,301270,Parkhaus Marsstr. 11,158,526,1
2026-07-02 20:02:01,301271,Tiefgarage am Hauptbahnhof,0,79,0
2026-07-02 20:02:01,301272,Tiefgarage Stachus Einkaufszentrum,134,316,1
2026-07-02 20:02:01,301277,Parkhaus Elisenhof,186,245,1
2026-07-02 20:02:01,401004,PH Hauptbahnhof Süd,89,197,1
2026-07-02 20:02:01,401010,Parkhaus am Hofbräuhaus,120,394,1
2026-07-02 20:02:01,401055,Parkhaus Schrannenhalle,33,155,1
2026-07-02 20:02:01,401060,Königshof-Parking,63,104,1
2026-07-02 20:02:01,401062,Parkhaus am Salvatorplatz,86,227,1
2026-07-02 20:02:01,106525,Parkhaus am Hauptbahnhof,0,223,0
2026-07-02 21:02:01,106501,Parkhaus am Stachus,390,390,0
2026-07-02 21:02:01,106504,City-Parkhaus am Färbergraben,319,350,1
2026-07-02 21:02:01,106505,Parkgarage Rieger-City,117,266,1
2026-07-02 21:02:01,106506,Sonnenhof Parkgarage,21,77,0
2026-07-02 21:02:01,106507,Tiefgarage vor der Oper,18,275,1
2026-07-02 21:02:01,106508,Hertie-Parkhaus,417,504,0
2026-07-02 21:02:01,106509,Parkgarage Böhringer,16,150,1
2026-07-02 21:02:01,106513,TG Hotel Ibis City,39,0,0
2026-07-02 21:02:01,106521,Car Park Cristal,428,220,0
2026-07-02 21:02:01,106524,Parkhaus Oberanger,301,393,1
2026-07-02 21:02:01,301220,Tiefgarage Karstadt Oberpollinger,235,357,1
2026-07-02 21:02:01,301234,Pschorr-Garage,99,160,1
2026-07-02 21:02:01,301236,Marienplatz-Großgarage,161,220,0
2026-07-02 21:02:01,301264,Parkhaus Hopfenpost,190,230,0
2026-07-02 21:02:01,301270,Parkhaus Marsstr. 11,153,526,1
2026-07-02 21:02:01,301271,Tiefgarage am Hauptbahnhof,0,79,0
2026-07-02 21:02:01,301272,Tiefgarage Stachus Einkaufszentrum,142,316,1
2026-07-02 21:02:01,301277,Parkhaus Elisenhof,197,245,1
2026-07-02 21:02:01,401004,PH Hauptbahnhof Süd,91,197,1
2026-07-02 21:02:01,401010,Parkhaus am Hofbräuhaus,151,394,1
2026-07-02 21:02:01,401055,Parkhaus Schrannenhalle,47,155,1
2026-07-02 21:02:01,401060,Königshof-Parking,60,104,1
2026-07-02 21:02:01,401062,Parkhaus am Salvatorplatz,102,227,1
2026-07-02 21:02:01,106525,Parkhaus am Hauptbahnhof,0,223,0
2026-07-02 22:02:01,106501,Parkhaus am Stachus,390,390,0
2026-07-02 22:02:01,106504,City-Parkhaus am Färbergraben,331,350,1
2026-07-02 22:02:01,106505,Parkgarage Rieger-City,134,266,1
2026-07-02 22:02:01,106506,Sonnenhof Parkgarage,21,77,0
2026-07-02 22:02:01,106507,Tiefgarage vor der Oper,50,275,1
2026-07-02 22:02:01,106508,Hertie-Parkhaus,417,504,0
2026-07-02 22:02:01,106509,Parkgarage Böhringer,23,150,1
2026-07-02 22:02:01,106513,TG Hotel Ibis City,39,0,0
2026-07-02 22:02:01,106521,Car Park Cristal,428,220,0
2026-07-02 22:02:01,106524,Parkhaus Oberanger,334,393,1
2026-07-02 22:02:01,301220,Tiefgarage Karstadt Oberpollinger,257,357,1
2026-07-02 22:02:01,301234,Pschorr-Garage,108,160,1
2026-07-02 22:02:01,301236,Marienplatz-Großgarage,161,220,0
2026-07-02 22:02:01,301264,Parkhaus Hopfenpost,190,230,0
2026-07-02 22:02:01,301270,Parkhaus Marsstr. 11,158,526,1
2026-07-02 22:02:01,301271,Tiefgarage am Hauptbahnhof,0,79,0
2026-07-02 22:02:01,301272,Tiefgarage Stachus Einkaufszentrum,147,316,1
2026-07-02 22:02:01,301277,Parkhaus Elisenhof,209,245,1
2026-07-02 22:02:01,401004,PH Hauptbahnhof Süd,93,197,1
2026-07-02 22:02:01,401010,Parkhaus am Hofbräuhaus,200,394,1
2026-07-02 22:02:01,401055,Parkhaus Schrannenhalle,68,147,1
2026-07-02 22:02:01,401060,Königshof-Parking,64,104,1
2026-07-02 22:02:01,401062,Parkhaus am Salvatorplatz,129,227,1
2026-07-02 22:02:01,106525,Parkhaus am Hauptbahnhof,0,223,0
2026-07-02 23:02:01,106501,Parkhaus am Stachus,390,390,0
2026-07-02 23:02:01,106504,City-Parkhaus am Färbergraben,338,350,1
2026-07-02 23:02:01,106505,Parkgarage Rieger-City,161,266,1
2026-07-02 23:02:01,106506,Sonnenhof Parkgarage,21,77,0
2026-07-02 23:02:01,106507,Tiefgarage vor der Oper,196,275,1
2026-07-02 23:02:01,106508,Hertie-Parkhaus,417,504,0
2026-07-02 23:02:01,106509,Parkgarage Böhringer,50,150,1
2026-07-02 23:02:01,106513,TG Hotel Ibis City,39,0,0
2026-07-02 23:02:01,106521,Car Park Cristal,428,220,0
2026-07-02 23:02:01,106524,Parkhaus Oberanger,354,393,1
2026-07-02 23:02:01,301220,Tiefgarage Karstadt Oberpollinger,273,357,1
2026-07-02 23:02:01,301234,Pschorr-Garage,134,160,1
2026-07-02 23:02:01,301236,Marienplatz-Großgarage,161,220,0
2026-07-02 23:02:01,301264,Parkhaus Hopfenpost,190,230,0
2026-07-02 23:02:01,301270,Parkhaus Marsstr. 11,163,526,1
2026-07-02 23:02:01,301271,Tiefgarage am Hauptbahnhof,0,79,0
2026-07-02 23:02:01,301272,Tiefgarage Stachus Einkaufszentrum,156,316,1
2026-07-02 23:02:01,301277,Parkhaus Elisenhof,218,245,1
2026-07-02 23:02:01,401004,PH Hauptbahnhof Süd,96,197,1
2026-07-02 23:02:01,401010,Parkhaus am Hofbräuhaus,271,394,1
2026-07-02 23:02:01,401055,Parkhaus Schrannenhalle,91,147,1
2026-07-02 23:02:01,401060,Königshof-Parking,71,104,1
2026-07-02 23:02:01,401062,Parkhaus am Salvatorplatz,163,227,1
2026-07-02 23:02:01,106525,Parkhaus am Hauptbahnhof,0,223,0
2026-07-03 00:02:00,106501,Parkhaus am Stachus,390,390,0
2026-07-03 00:02:00,106504,City-Parkhaus am Färbergraben,0,350,1
2026-07-03 00:02:00,106505,Parkgarage Rieger-City,169,266,1
2026-07-03 00:02:00,106506,Sonnenhof Parkgarage,21,77,0
2026-07-03 00:02:00,106507,Tiefgarage vor der Oper,265,275,1
2026-07-03 00:02:00,106508,Hertie-Parkhaus,417,504,0
2026-07-03 00:02:00,106509,Parkgarage Böhringer,63,150,1
2026-07-03 00:02:00,106513,TG Hotel Ibis City,39,0,0
2026-07-03 00:02:00,106521,Car Park Cristal,428,220,0
2026-07-03 00:02:00,106524,Parkhaus Oberanger,367,393,1
2026-07-03 00:02:00,301220,Tiefgarage Karstadt Oberpollinger,281,357,1
2026-07-03 00:02:00,301234,Pschorr-Garage,141,160,1
2026-07-03 00:02:00,301236,Marienplatz-Großgarage,161,220,0
2026-07-03 00:02:00,301264,Parkhaus Hopfenpost,190,230,0
2026-07-03 00:02:00,301270,Parkhaus Marsstr. 11,162,526,1
2026-07-03 00:02:00,301271,Tiefgarage am Hauptbahnhof,0,79,0
2026-07-03 00:02:00,301272,Tiefgarage Stachus Einkaufszentrum,157,316,1
2026-07-03 00:02:00,301277,Parkhaus Elisenhof,216,245,1
2026-07-03 00:02:00,401004,PH Hauptbahnhof Süd,94,197,1
2026-07-03 00:02:00,401010,Parkhaus am Hofbräuhaus,310,394,1
2026-07-03 00:02:00,401055,Parkhaus Schrannenhalle,110,147,1
2026-07-03 00:02:00,401060,Königshof-Parking,73,104,1
2026-07-03 00:02:00,401062,Parkhaus am Salvatorplatz,192,227,1
2026-07-03 00:02:00,106525,Parkhaus am Hauptbahnhof,0,223,0
2026-07-03 01:02:01,106501,Parkhaus am Stachus,390,390,0
2026-07-03 01:02:01,106504,City-Parkhaus am Färbergraben,0,350,1
2026-07-03 01:02:01,106505,Parkgarage Rieger-City,170,266,1
2026-07-03 01:02:01,106506,Sonnenhof Parkgarage,21,77,0
2026-07-03 01:02:01,106507,Tiefgarage vor der Oper,245,275,1
2026-07-03 01:02:01,106508,Hertie-Parkhaus,417,504,0
2026-07-03 01:02:01,106509,Parkgarage Böhringer,66,150,1
2026-07-03 01:02:01,106513,TG Hotel Ibis City,39,0,0
2026-07-03 01:02:01,106521,Car Park Cristal,428,220,0
2026-07-03 01:02:01,106524,Parkhaus Oberanger,371,393,1
2026-07-03 01:02:01,301220,Tiefgarage Karstadt Oberpollinger,291,357,1
2026-07-03 01:02:01,301234,Pschorr-Garage,143,160,1
2026-07-03 01:02:01,301236,Marienplatz-Großgarage,161,220,0
2026-07-03 01:02:01,301264,Parkhaus Hopfenpost,190,230,0
2026-07-03 01:02:01,301270,Parkhaus Marsstr. 11,164,526,1
2026-07-03 01:02:01,301271,Tiefgarage am Hauptbahnhof,0,79,0
2026-07-03 01:02:01,301272,Tiefgarage Stachus Einkaufszentrum,159,316,1
2026-07-03 01:02:01,301277,Parkhaus Elisenhof,217,245,1
2026-07-03 01:02:01,401004,PH Hauptbahnhof Süd,91,197,1
2026-07-03 01:02:01,401010,Parkhaus am Hofbräuhaus,317,394,1
2026-07-03 01:02:01,401055,Parkhaus Schrannenhalle,111,147,1
2026-07-03 01:02:01,401060,Königshof-Parking,80,104,1
2026-07-03 01:02:01,401062,Parkhaus am Salvatorplatz,199,227,1
2026-07-03 01:02:01,106525,Parkhaus am Hauptbahnhof,0,223,0
2026-07-03 02:02:01,106501,Parkhaus am Stachus,390,390,0
2026-07-03 02:02:01,106504,City-Parkhaus am Färbergraben,0,350,1
2026-07-03 02:02:01,106505,Parkgarage Rieger-City,172,266,1
2026-07-03 02:02:01,106506,Sonnenhof Parkgarage,21,77,0
2026-07-03 02:02:01,106507,Tiefgarage vor der Oper,248,275,1
2026-07-03 02:02:01,106508,Hertie-Parkhaus,417,504,0
2026-07-03 02:02:01,106509,Parkgarage Böhringer,66,150,1
2026-07-03 02:02:01,106513,TG Hotel Ibis City,39,0,0
2026-07-03 02:02:01,106521,Car Park Cristal,428,220,0
2026-07-03 02:02:01,106524,Parkhaus Oberanger,370,393,1
2026-07-03 02:02:01,301220,Tiefgarage Karstadt Oberpollinger,293,357,1
2026-07-03 02:02:01,301234,Pschorr-Garage,142,160,1
2026-07-03 02:02:01,301236,Marienplatz-Großgarage,161,220,0
2026-07-03 02:02:01,301264,Parkhaus Hopfenpost,190,230,0
2026-07-03 02:02:01,301270,Parkhaus Marsstr. 11,164,526,1
2026-07-03 02:02:01,301271,Tiefgarage am Hauptbahnhof,0,79,0
2026-07-03 02:02:01,301272,Tiefgarage Stachus Einkaufszentrum,159,316,1
2026-07-03 02:02:01,301277,Parkhaus Elisenhof,217,245,1
2026-07-03 02:02:01,401004,PH Hauptbahnhof Süd,91,197,1
2026-07-03 02:02:01,401010,Parkhaus am Hofbräuhaus,320,394,1
2026-07-03 02:02:01,401055,Parkhaus Schrannenhalle,111,147,1
2026-07-03 02:02:01,401060,Königshof-Parking,81,104,1
2026-07-03 02:02:01,401062,Parkhaus am Salvatorplatz,202,227,1
2026-07-03 02:02:01,106525,Parkhaus am Hauptbahnhof,0,223,0
2026-07-03 03:02:01,106501,Parkhaus am Stachus,390,390,0
2026-07-03 03:02:01,106504,City-Parkhaus am Färbergraben,0,350,1
2026-07-03 03:02:01,106505,Parkgarage Rieger-City,172,266,1
2026-07-03 03:02:01,106506,Sonnenhof Parkgarage,21,77,0
2026-07-03 03:02:01,106507,Tiefgarage vor der Oper,249,275,1
2026-07-03 03:02:01,106508,Hertie-Parkhaus,417,504,0
2026-07-03 03:02:01,106509,Parkgarage Böhringer,66,150,1
2026-07-03 03:02:01,106513,TG Hotel Ibis City,39,0,0
2026-07-03 03:02:01,106521,Car Park Cristal,428,220,0
2026-07-03 03:02:01,106524,Parkhaus Oberanger,370,393,1
2026-07-03 03:02:01,301220,Tiefgarage Karstadt Oberpollinger,293,357,1
2026-07-03 03:02:01,301234,Pschorr-Garage,143,160,1
2026-07-03 03:02:01,301236,Marienplatz-Großgarage,161,220,0
2026-07-03 03:02:01,301264,Parkhaus Hopfenpost,190,230,0
2026-07-03 03:02:01,301270,Parkhaus Marsstr. 11,163,526,1
2026-07-03 03:02:01,301271,Tiefgarage am Hauptbahnhof,0,79,0
2026-07-03 03:02:01,301272,Tiefgarage Stachus Einkaufszentrum,159,316,1
2026-07-03 03:02:01,301277,Parkhaus Elisenhof,217,245,1
2026-07-03 03:02:01,401004,PH Hauptbahnhof Süd,91,197,1
2026-07-03 03:02:01,401010,Parkhaus am Hofbräuhaus,322,394,1
2026-07-03 03:02:01,401055,Parkhaus Schrannenhalle,112,147,1
2026-07-03 03:02:01,401060,Königshof-Parking,81,104,1
2026-07-03 03:02:01,401062,Parkhaus am Salvatorplatz,203,227,1
2026-07-03 03:02:01,106525,Parkhaus am Hauptbahnhof,0,223,0
2026-07-03 04:02:01,106501,Parkhaus am Stachus,390,390,0
2026-07-03 04:02:01,106504,City-Parkhaus am Färbergraben,0,350,1
2026-07-03 04:02:01,106505,Parkgarage Rieger-City,171,266,1
2026-07-03 04:02:01,106506,Sonnenhof Parkgarage,21,77,0
2026-07-03 04:02:01,106507,Tiefgarage vor der Oper,250,275,1
2026-07-03 04:02:01,106508,Hertie-Parkhaus,417,504,0
2026-07-03 04:02:01,106509,Parkgarage Böhringer,66,150,1
2026-07-03 04:02:01,106513,TG Hotel Ibis City,39,0,0
2026-07-03 04:02:01,106521,Car Park Cristal,428,220,0
2026-07-03 04:02:01,106524,Parkhaus Oberanger,370,393,1
2026-07-03 04:02:01,301220,Tiefgarage Karstadt Oberpollinger,295,357,1
2026-07-03 04:02:01,301234,Pschorr-Garage,143,160,1
2026-07-03 04:02:01,301236,Marienplatz-Großgarage,161,220,0
2026-07-03 04:02:01,301264,Parkhaus Hopfenpost,190,230,0
2026-07-03 04:02:01,301270,Parkhaus Marsstr. 11,164,526,1
2026-07-03 04:02:01,301271,Tiefgarage am Hauptbahnhof,0,79,0
2026-07-03 04:02:01,301272,Tiefgarage Stachus Einkaufszentrum,159,316,1
2026-07-03 04:02:01,301277,Parkhaus Elisenhof,218,245,1
2026-07-03 04:02:01,401004,PH Hauptbahnhof Süd,91,197,1
2026-07-03 04:02:01,401010,Parkhaus am Hofbräuhaus,322,394,1
2026-07-03 04:02:01,401055,Parkhaus Schrannenhalle,112,147,1
2026-07-03 04:02:01,401060,Königshof-Parking,81,104,1
2026-07-03 04:02:01,401062,Parkhaus am Salvatorplatz,203,227,1
2026-07-03 04:02:01,106525,Parkhaus am Hauptbahnhof,0,223,0
2026-07-03 05:02:01,106501,Parkhaus am Stachus,390,390,0
2026-07-03 05:02:01,106504,City-Parkhaus am Färbergraben,0,350,1
2026-07-03 05:02:01,106505,Parkgarage Rieger-City,171,266,1
2026-07-03 05:02:01,106506,Sonnenhof Parkgarage,21,77,0
2026-07-03 05:02:01,106507,Tiefgarage vor der Oper,250,275,1
2026-07-03 05:02:01,106508,Hertie-Parkhaus,417,504,0
2026-07-03 05:02:01,106509,Parkgarage Böhringer,66,150,1
2026-07-03 05:02:01,106513,TG Hotel Ibis City,39,0,0
2026-07-03 05:02:01,106521,Car Park Cristal,428,220,0
2026-07-03 05:02:01,106524,Parkhaus Oberanger,370,393,1
2026-07-03 05:02:01,301220,Tiefgarage Karstadt Oberpollinger,295,357,1
2026-07-03 05:02:01,301234,Pschorr-Garage,143,160,1
2026-07-03 05:02:01,301236,Marienplatz-Großgarage,161,220,0
2026-07-03 05:02:01,301264,Parkhaus Hopfenpost,190,230,0
2026-07-03 05:02:01,301270,Parkhaus Marsstr. 11,164,526,1
2026-07-03 05:02:01,301271,Tiefgarage am Hauptbahnhof,0,79,0
2026-07-03 05:02:01,301272,Tiefgarage Stachus Einkaufszentrum,159,316,1
2026-07-03 05:02:01,301277,Parkhaus Elisenhof,218,245,1
2026-07-03 05:02:01,401004,PH Hauptbahnhof Süd,91,197,1
2026-07-03 05:02:01,401010,Parkhaus am Hofbräuhaus,322,394,1
2026-07-03 05:02:01,401055,Parkhaus Schrannenhalle,112,147,1
2026-07-03 05:02:01,401060,Königshof-Parking,81,104,1
2026-07-03 05:02:01,401062,Parkhaus am Salvatorplatz,203,227,1
2026-07-03 05:02:01,106525,Parkhaus am Hauptbahnhof,0,223,0
2026-07-03 06:02:01,106501,Parkhaus am Stachus,390,390,0
2026-07-03 06:02:01,106504,City-Parkhaus am Färbergraben,0,350,1
2026-07-03 06:02:01,106505,Parkgarage Rieger-City,171,266,1
2026-07-03 06:02:01,106506,Sonnenhof Parkgarage,21,77,0
2026-07-03 06:02:01,106507,Tiefgarage vor der Oper,250,275,1
2026-07-03 06:02:01,106508,Hertie-Parkhaus,417,504,0
2026-07-03 06:02:01,106509,Parkgarage Böhringer,66,150,1
2026-07-03 06:02:01,106513,TG Hotel Ibis City,39,0,0
2026-07-03 06:02:01,106521,Car Park Cristal,428,220,0
2026-07-03 06:02:01,106524,Parkhaus Oberanger,370,393,1
2026-07-03 06:02:01,301220,Tiefgarage Karstadt Oberpollinger,294,357,1
2026-07-03 06:02:01,301234,Pschorr-Garage,143,160,1
2026-07-03 06:02:01,301236,Marienplatz-Großgarage,161,220,0
2026-07-03 06:02:01,301264,Parkhaus Hopfenpost,190,230,0
2026-07-03 06:02:01,301270,Parkhaus Marsstr. 11,160,526,1
2026-07-03 06:02:01,301271,Tiefgarage am Hauptbahnhof,0,79,0
2026-07-03 06:02:01,301272,Tiefgarage Stachus Einkaufszentrum,159,316,1
2026-07-03 06:02:01,301277,Parkhaus Elisenhof,218,245,1
2026-07-03 06:02:01,401004,PH Hauptbahnhof Süd,91,197,1
2026-07-03 06:02:01,401010,Parkhaus am Hofbräuhaus,322,394,1
2026-07-03 06:02:01,401055,Parkhaus Schrannenhalle,112,147,1
2026-07-03 06:02:01,401060,Königshof-Parking,81,104,1
2026-07-03 06:02:01,401062,Parkhaus am Salvatorplatz,201,227,1
2026-07-03 06:02:01,106525,Parkhaus am Hauptbahnhof,0,223,0
2026-07-03 07:02:01,106501,Parkhaus am Stachus,390,390,0
2026-07-03 07:02:01,106504,City-Parkhaus am Färbergraben,342,350,1
2026-07-03 07:02:01,106505,Parkgarage Rieger-City,168,266,1
2026-07-03 07:02:01,106506,Sonnenhof Parkgarage,21,77,0
2026-07-03 07:02:01,106507,Tiefgarage vor der Oper,239,275,1
2026-07-03 07:02:01,106508,Hertie-Parkhaus,417,504,0
2026-07-03 07:02:01,106509,Parkgarage Böhringer,62,150,1
2026-07-03 07:02:01,106513,TG Hotel Ibis City,39,0,0
2026-07-03 07:02:01,106521,Car Park Cristal,428,220,0
2026-07-03 07:02:01,106524,Parkhaus Oberanger,364,393,1
2026-07-03 07:02:01,301220,Tiefgarage Karstadt Oberpollinger,291,357,1
2026-07-03 07:02:01,301234,Pschorr-Garage,146,160,1
2026-07-03 07:02:01,301236,Marienplatz-Großgarage,161,220,0
2026-07-03 07:02:01,301264,Parkhaus Hopfenpost,190,230,0
2026-07-03 07:02:01,301270,Parkhaus Marsstr. 11,152,526,1
2026-07-03 07:02:01,301271,Tiefgarage am Hauptbahnhof,0,79,0
2026-07-03 07:02:01,301272,Tiefgarage Stachus Einkaufszentrum,157,316,1
2026-07-03 07:02:01,301277,Parkhaus Elisenhof,217,245,1
2026-07-03 07:02:01,401004,PH Hauptbahnhof Süd,91,197,1
2026-07-03 07:02:01,401010,Parkhaus am Hofbräuhaus,322,394,1
2026-07-03 07:02:01,401055,Parkhaus Schrannenhalle,106,147,1
2026-07-03 07:02:01,401060,Königshof-Parking,84,104,1
2026-07-03 07:02:01,401062,Parkhaus am Salvatorplatz,190,227,1
2026-07-03 07:02:01,106525,Parkhaus am Hauptbahnhof,0,223,0
2026-07-03 08:02:01,106501,Parkhaus am Stachus,390,390,0
2026-07-03 08:02:01,106504,City-Parkhaus am Färbergraben,330,350,1
2026-07-03 08:02:01,106505,Parkgarage Rieger-City,166,266,1
2026-07-03 08:02:01,106506,Sonnenhof Parkgarage,21,77,0
2026-07-03 08:02:01,106507,Tiefgarage vor der Oper,222,275,1
2026-07-03 08:02:01,106508,Hertie-Parkhaus,417,504,0
2026-07-03 08:02:01,106509,Parkgarage Böhringer,58,150,1
2026-07-03 08:02:01,106513,TG Hotel Ibis City,39,0,0
2026-07-03 08:02:01,106521,Car Park Cristal,428,220,0
2026-07-03 08:02:01,106524,Parkhaus Oberanger,342,393,1
2026-07-03 08:02:01,301220,Tiefgarage Karstadt Oberpollinger,284,357,1
2026-07-03 08:02:01,301234,Pschorr-Garage,141,160,1
2026-07-03 08:02:01,301236,Marienplatz-Großgarage,161,220,0
2026-07-03 08:02:01,301264,Parkhaus Hopfenpost,190,230,0
2026-07-03 08:02:01,301270,Parkhaus Marsstr. 11,146,526,1
2026-07-03 08:02:01,301271,Tiefgarage am Hauptbahnhof,0,79,0
2026-07-03 08:02:01,301272,Tiefgarage Stachus Einkaufszentrum,158,316,1
2026-07-03 08:02:01,301277,Parkhaus Elisenhof,208,245,1
2026-07-03 08:02:01,401004,PH Hauptbahnhof Süd,94,197,1
2026-07-03 08:02:01,401010,Parkhaus am Hofbräuhaus,331,394,1
2026-07-03 08:02:01,401055,Parkhaus Schrannenhalle,100,147,1
2026-07-03 08:02:01,401060,Königshof-Parking,82,104,1
2026-07-03 08:02:01,401062,Parkhaus am Salvatorplatz,184,227,1
2026-07-03 08:02:01,106525,Parkhaus am Hauptbahnhof,0,223,0
2026-07-03 09:02:01,106501,Parkhaus am Stachus,390,390,0
2026-07-03 09:02:01,106504,City-Parkhaus am Färbergraben,302,350,1
2026-07-03 09:02:01,106505,Parkgarage Rieger-City,159,266,1
2026-07-03 09:02:01,106506,Sonnenhof Parkgarage,21,77,0
2026-07-03 09:02:01,106507,Tiefgarage vor der Oper,183,275,1
2026-07-03 09:02:01,106508,Hertie-Parkhaus,417,504,0
2026-07-03 09:02:01,106509,Parkgarage Böhringer,43,150,1
2026-07-03 09:02:01,106513,TG Hotel Ibis City,39,0,0
2026-07-03 09:02:01,106521,Car Park Cristal,428,220,0
2026-07-03 09:02:01,106524,Parkhaus Oberanger,307,393,1
2026-07-03 09:02:01,301220,Tiefgarage Karstadt Oberpollinger,261,357,1
2026-07-03 09:02:01,301234,Pschorr-Garage,121,160,1
2026-07-03 09:02:01,301236,Marienplatz-Großgarage,161,220,0
2026-07-03 09:02:01,301264,Parkhaus Hopfenpost,190,230,0
2026-07-03 09:02:01,301270,Parkhaus Marsstr. 11,259,526,1
2026-07-03 09:02:01,301271,Tiefgarage am Hauptbahnhof,0,79,0
2026-07-03 09:02:01,301272,Tiefgarage Stachus Einkaufszentrum,157,316,1
2026-07-03 09:02:01,301277,Parkhaus Elisenhof,197,245,1
2026-07-03 09:02:01,401004,PH Hauptbahnhof Süd,97,197,1
2026-07-03 09:02:01,401010,Parkhaus am Hofbräuhaus,309,394,1
2026-07-03 09:02:01,401055,Parkhaus Schrannenhalle,82,147,1
2026-07-03 09:02:01,401060,Königshof-Parking,78,104,1
2026-07-03 09:02:01,401062,Parkhaus am Salvatorplatz,159,227,1
2026-07-03 09:02:01,106525,Parkhaus am Hauptbahnhof,0,223,0
2026-07-03 10:02:01,106501,Parkhaus am Stachus,390,390,0
2026-07-03 10:02:01,106504,City-Parkhaus am Färbergraben,279,350,1
2026-07-03 10:02:01,106505,Parkgarage Rieger-City,146,266,1
2026-07-03 10:02:01,106506,Sonnenhof Parkgarage,21,77,0
2026-07-03 10:02:01,106507,Tiefgarage vor der Oper,102,275,1
2026-07-03 10:02:01,106508,Hertie-Parkhaus,417,504,0
2026-07-03 10:02:01,106509,Parkgarage Böhringer,23,150,1
2026-07-03 10:02:01,106513,TG Hotel Ibis City,39,0,0
2026-07-03 10:02:01,106521,Car Park Cristal,428,220,0
2026-07-03 10:02:01,106524,Parkhaus Oberanger,262,393,1
2026-07-03 10:02:01,301220,Tiefgarage Karstadt Oberpollinger,228,357,1
2026-07-03 10:02:01,301234,Pschorr-Garage,84,160,1
2026-07-03 10:02:01,301236,Marienplatz-Großgarage,161,220,0
2026-07-03 10:02:01,301264,Parkhaus Hopfenpost,190,230,0
2026-07-03 10:02:01,301270,Parkhaus Marsstr. 11,265,526,1
2026-07-03 10:02:01,301271,Tiefgarage am Hauptbahnhof,0,79,0
2026-07-03 10:02:01,301272,Tiefgarage Stachus Einkaufszentrum,149,316,1
2026-07-03 10:02:01,301277,Parkhaus Elisenhof,192,245,1
2026-07-03 10:02:01,401004,PH Hauptbahnhof Süd,116,197,1
2026-07-03 10:02:01,401010,Parkhaus am Hofbräuhaus,269,394,1
2026-07-03 10:02:01,401055,Parkhaus Schrannenhalle,41,147,1
2026-07-03 10:02:01,401060,Königshof-Parking,74,104,1
2026-07-03 10:02:01,401062,Parkhaus am Salvatorplatz,108,227,1
2026-07-03 10:02:01,106525,Parkhaus am Hauptbahnhof,0,223,0
2026-07-03 11:02:01,106501,Parkhaus am Stachus,390,390,0
2026-07-03 11:02:01,106504,City-Parkhaus am Färbergraben,239,350,1
2026-07-03 11:02:01,106505,Parkgarage Rieger-City,134,266,1
2026-07-03 11:02:01,106506,Sonnenhof Parkgarage,21,77,0
2026-07-03 11:02:01,106507,Tiefgarage vor der Oper,21,275,1
2026-07-03 11:02:01,106508,Hertie-Parkhaus,417,504,0
2026-07-03 11:02:01,106509,Parkgarage Böhringer,8,150,1
2026-07-03 11:02:01,106513,TG Hotel Ibis City,39,0,0
2026-07-03 11:02:01,106521,Car Park Cristal,428,220,0
2026-07-03 11:02:01,106524,Parkhaus Oberanger,202,393,1
2026-07-03 11:02:01,301220,Tiefgarage Karstadt Oberpollinger,183,357,1
2026-07-03 11:02:01,301234,Pschorr-Garage,46,160,1
2026-07-03 11:02:01,301236,Marienplatz-Großgarage,161,220,0
2026-07-03 11:02:01,301264,Parkhaus Hopfenpost,190,230,0
2026-07-03 11:02:01,301270,Parkhaus Marsstr. 11,272,526,1
2026-07-03 11:02:01,301271,Tiefgarage am Hauptbahnhof,0,79,0
2026-07-03 11:02:01,301272,Tiefgarage Stachus Einkaufszentrum,139,316,1
2026-07-03 11:02:01,301277,Parkhaus Elisenhof,183,245,1
2026-07-03 11:02:01,401004,PH Hauptbahnhof Süd,122,197,1
2026-07-03 11:02:01,401010,Parkhaus am Hofbräuhaus,192,394,1
2026-07-03 11:02:01,401055,Parkhaus Schrannenhalle,2,147,1
2026-07-03 11:02:01,401060,Königshof-Parking,70,104,1
2026-07-03 11:02:01,401062,Parkhaus am Salvatorplatz,53,227,1
2026-07-03 11:02:01,106525,Parkhaus am Hauptbahnhof,0,223,0
2026-07-03 12:02:01,106501,Parkhaus am Stachus,390,390,0
2026-07-03 12:02:01,106504,City-Parkhaus am Färbergraben,200,350,1
2026-07-03 12:02:01,106505,Parkgarage Rieger-City,113,266,1
2026-07-03 12:02:01,106506,Sonnenhof Parkgarage,21,77,0
2026-07-03 12:02:01,106507,Tiefgarage vor der Oper,0,275,1
2026-07-03 12:02:01,106508,Hertie-Parkhaus,417,504,0
2026-07-03 12:02:01,106509,Parkgarage Böhringer,0,150,1
2026-07-03 12:02:01,106513,TG Hotel Ibis City,39,0,0
2026-07-03 12:02:01,106521,Car Park Cristal,428,220,0
2026-07-03 12:02:01,106524,Parkhaus Oberanger,172,393,1
2026-07-03 12:02:01,301220,Tiefgarage Karstadt Oberpollinger,158,357,1
2026-07-03 12:02:01,301234,Pschorr-Garage,18,165,1
2026-07-03 12:02:01,301236,Marienplatz-Großgarage,161,220,0
2026-07-03 12:02:01,301264,Parkhaus Hopfenpost,190,230,0
2026-07-03 12:02:01,301270,Parkhaus Marsstr. 11,278,526,1
2026-07-03 12:02:01,301271,Tiefgarage am Hauptbahnhof,0,79,0
2026-07-03 12:02:01,301272,Tiefgarage Stachus Einkaufszentrum,144,316,1
2026-07-03 12:02:01,301277,Parkhaus Elisenhof,180,245,1
2026-07-03 12:02:01,401004,PH Hauptbahnhof Süd,132,197,1
2026-07-03 12:02:01,401010,Parkhaus am Hofbräuhaus,101,394,1
2026-07-03 12:02:01,401055,Parkhaus Schrannenhalle,0,147,1
2026-07-03 12:02:01,401060,Königshof-Parking,69,104,1
2026-07-03 12:02:01,401062,Parkhaus am Salvatorplatz,55,227,1
2026-07-03 12:02:01,106525,Parkhaus am Hauptbahnhof,0,223,0
2026-07-03 13:02:01,106501,Parkhaus am Stachus,390,390,0
2026-07-03 13:02:01,106504,City-Parkhaus am Färbergraben,195,350,1
2026-07-03 13:02:01,106505,Parkgarage Rieger-City,115,266,1
2026-07-03 13:02:01,106506,Sonnenhof Parkgarage,21,77,0
2026-07-03 13:02:01,106507,Tiefgarage vor der Oper,3,275,1
2026-07-03 13:02:01,106508,Hertie-Parkhaus,417,504,0
2026-07-03 13:02:01,106509,Parkgarage Böhringer,3,150,1
2026-07-03 13:02:01,106513,TG Hotel Ibis City,39,0,0
2026-07-03 13:02:01,106521,Car Park Cristal,428,220,0
2026-07-03 13:02:01,106524,Parkhaus Oberanger,154,393,1
2026-07-03 13:02:01,301220,Tiefgarage Karstadt Oberpollinger,153,357,1
2026-07-03 13:02:01,301234,Pschorr-Garage,24,165,1
2026-07-03 13:02:01,301236,Marienplatz-Großgarage,161,220,0
2026-07-03 13:02:01,301264,Parkhaus Hopfenpost,190,230,0
2026-07-03 13:02:01,301270,Parkhaus Marsstr. 11,284,526,1
2026-07-03 13:02:01,301271,Tiefgarage am Hauptbahnhof,0,79,0
2026-07-03 13:02:01,301272,Tiefgarage Stachus Einkaufszentrum,140,316,1
2026-07-03 13:02:01,301277,Parkhaus Elisenhof,186,245,1
2026-07-03 13:02:01,401004,PH Hauptbahnhof Süd,142,197,1
2026-07-03 13:02:01,401010,Parkhaus am Hofbräuhaus,88,416,1
2026-07-03 13:02:01,401055,Parkhaus Schrannenhalle,0,147,1
2026-07-03 13:02:01,401060,Königshof-Parking,73,104,1
2026-07-03 13:02:01,401062,Parkhaus am Salvatorplatz,73,240,1
2026-07-03 13:02:01,106525,Parkhaus am Hauptbahnhof,0,223,0
2026-07-03 14:02:01,106501,Parkhaus am Stachus,390,390,0
2026-07-03 14:02:01,106504,City-Parkhaus am Färbergraben,179,350,1
2026-07-03 14:02:01,106505,Parkgarage Rieger-City,118,266,1
2026-07-03 14:02:01,106506,Sonnenhof Parkgarage,21,77,0
2026-07-03 14:02:01,106507,Tiefgarage vor der Oper,20,275,1
2026-07-03 14:02:01,106508,Hertie-Parkhaus,417,504,0
2026-07-03 14:02:01,106509,Parkgarage Böhringer,0,150,1
2026-07-03 14:02:01,106513,TG Hotel Ibis City,39,0,0
2026-07-03 14:02:01,106521,Car Park Cristal,428,220,0
2026-07-03 14:02:01,106524,Parkhaus Oberanger,186,393,1
2026-07-03 14:02:01,301220,Tiefgarage Karstadt Oberpollinger,160,357,1
2026-07-03 14:02:01,301234,Pschorr-Garage,33,165,1
2026-07-03 14:02:01,301236,Marienplatz-Großgarage,161,220,0
2026-07-03 14:02:01,301264,Parkhaus Hopfenpost,190,230,0
2026-07-03 14:02:01,301270,Parkhaus Marsstr. 11,274,526,1
2026-07-03 14:02:01,301271,Tiefgarage am Hauptbahnhof,0,79,0
2026-07-03 14:02:01,301272,Tiefgarage Stachus Einkaufszentrum,133,316,1
2026-07-03 14:02:01,301277,Parkhaus Elisenhof,190,245,1
2026-07-03 14:02:01,401004,PH Hauptbahnhof Süd,142,197,1
2026-07-03 14:02:01,401010,Parkhaus am Hofbräuhaus,101,416,1
2026-07-03 14:02:01,401055,Parkhaus Schrannenhalle,13,147,1
2026-07-03 14:02:01,401060,Königshof-Parking,70,104,1
2026-07-03 14:02:01,401062,Parkhaus am Salvatorplatz,59,240,1
2026-07-03 14:02:01,106525,Parkhaus am Hauptbahnhof,0,223,0
2026-07-03 15:02:01,106501,Parkhaus am Stachus,390,390,0
2026-07-03 15:02:01,106504,City-Parkhaus am Färbergraben,185,350,1
2026-07-03 15:02:01,106505,Parkgarage Rieger-City,126,266,1
2026-07-03 15:02:01,106506,Sonnenhof Parkgarage,21,77,0
2026-07-03 15:02:01,106507,Tiefgarage vor der Oper,26,275,1
2026-07-03 15:02:01,106508,Hertie-Parkhaus,417,504,0
2026-07-03 15:02:01,106509,Parkgarage Böhringer,3,150,1
2026-07-03 15:02:01,106513,TG Hotel Ibis City,39,0,0
2026-07-03 15:02:01,106521,Car Park Cristal,428,220,0
2026-07-03 15:02:01,106524,Parkhaus Oberanger,194,393,1
2026-07-03 15:02:01,301220,Tiefgarage Karstadt Oberpollinger,157,357,1
2026-07-03 15:02:01,301234,Pschorr-Garage,15,165,1
2026-07-03 15:02:01,301236,Marienplatz-Großgarage,161,220,0
2026-07-03 15:02:01,301264,Parkhaus Hopfenpost,190,230,0
2026-07-03 15:02:01,301270,Parkhaus Marsstr. 11,275,526,1
2026-07-03 15:02:01,301271,Tiefgarage am Hauptbahnhof,0,79,0
2026-07-03 15:02:01,301272,Tiefgarage Stachus Einkaufszentrum,140,316,1
2026-07-03 15:02:01,301277,Parkhaus Elisenhof,184,245,1
2026-07-03 15:02:01,401004,PH Hauptbahnhof Süd,132,197,1
2026-07-03 15:02:01,401010,Parkhaus am Hofbräuhaus,107,416,1
2026-07-03 15:02:01,401055,Parkhaus Schrannenhalle,3,147,1
2026-07-03 15:02:01,401060,Königshof-Parking,63,104,1
2026-07-03 15:02:01,401062,Parkhaus am Salvatorplatz,60,240,1
2026-07-03 15:02:01,106525,Parkhaus am Hauptbahnhof,0,223,0
2026-07-03 16:02:01,106501,Parkhaus am Stachus,390,390,0
2026-07-03 16:02:01,106504,City-Parkhaus am Färbergraben,193,350,1
2026-07-03 16:02:01,106505,Parkgarage Rieger-City,138,266,1
2026-07-03 16:02:01,106506,Sonnenhof Parkgarage,21,77,0
2026-07-03 16:02:01,106507,Tiefgarage vor der Oper,24,275,1
2026-07-03 16:02:01,106508,Hertie-Parkhaus,417,504,0
2026-07-03 16:02:01,106509,Parkgarage Böhringer,8,150,1
2026-07-03 16:02:01,106513,TG Hotel Ibis City,39,0,0
2026-07-03 16:02:01,106521,Car Park Cristal,428,220,0
2026-07-03 16:02:01,106524,Parkhaus Oberanger,215,393,1
2026-07-03 16:02:01,301220,Tiefgarage Karstadt Oberpollinger,145,357,1
2026-07-03 16:02:01,301234,Pschorr-Garage,8,170,1
2026-07-03 16:02:01,301236,Marienplatz-Großgarage,161,220,0
2026-07-03 16:02:01,301264,Parkhaus Hopfenpost,190,230,0
2026-07-03 16:02:01,301270,Parkhaus Marsstr. 11,292,526,1
2026-07-03 16:02:01,301271,Tiefgarage am Hauptbahnhof,0,79,0
2026-07-03 16:02:01,301272,Tiefgarage Stachus Einkaufszentrum,146,316,1
2026-07-03 16:02:01,301277,Parkhaus Elisenhof,171,245,1
2026-07-03 16:02:01,401004,PH Hauptbahnhof Süd,119,197,1
2026-07-03 16:02:01,401010,Parkhaus am Hofbräuhaus,148,416,1
2026-07-03 16:02:01,401055,Parkhaus Schrannenhalle,13,147,1
2026-07-03 16:02:01,401060,Königshof-Parking,67,104,1
2026-07-03 16:02:01,401062,Parkhaus am Salvatorplatz,82,247,1
2026-07-03 16:02:01,106525,Parkhaus am Hauptbahnhof,0,223,0
2026-07-03 17:02:01,106501,Parkhaus am Stachus,390,390,0
2026-07-03 17:02:01,106504,City-Parkhaus am Färbergraben,196,350,1
2026-07-03 17:02:01,106505,Parkgarage Rieger-City,132,266,1
2026-07-03 17:02:01,106506,Sonnenhof Parkgarage,21,77,0
2026-07-03 17:02:01,106507,Tiefgarage vor der Oper,32,275,1
2026-07-03 17:02:01,106508,Hertie-Parkhaus,417,504,0
2026-07-03 17:02:01,106509,Parkgarage Böhringer,4,150,1
2026-07-03 17:02:01,106513,TG Hotel Ibis City,39,0,0
2026-07-03 17:02:01,106521,Car Park Cristal,428,220,0
2026-07-03 17:02:01,106524,Parkhaus Oberanger,215,393,1
2026-07-03 17:02:01,301220,Tiefgarage Karstadt Oberpollinger,144,357,1
2026-07-03 17:02:01,301234,Pschorr-Garage,8,170,1
2026-07-03 17:02:01,301236,Marienplatz-Großgarage,161,220,0
2026-07-03 17:02:01,301264,Parkhaus Hopfenpost,190,230,0
2026-07-03 17:02:01,301270,Parkhaus Marsstr. 11,285,526,1
2026-07-03 17:02:01,301271,Tiefgarage am Hauptbahnhof,0,79,0
2026-07-03 17:02:01,301272,Tiefgarage Stachus Einkaufszentrum,146,316,1
2026-07-03 17:02:01,301277,Parkhaus Elisenhof,161,245,1
2026-07-03 17:02:01,401004,PH Hauptbahnhof Süd,120,197,1
2026-07-03 17:02:01,401010,Parkhaus am Hofbräuhaus,143,416,1
2026-07-03 17:02:01,401055,Parkhaus Schrannenhalle,8,147,1
2026-07-03 17:02:01,401060,Königshof-Parking,56,104,1
2026-07-03 17:02:01,401062,Parkhaus am Salvatorplatz,109,257,1
2026-07-03 17:02:01,106525,Parkhaus am Hauptbahnhof,0,223,0
2026-07-03 18:02:01,106501,Parkhaus am Stachus,390,390,0
2026-07-03 18:02:01,106504,City-Parkhaus am Färbergraben,218,350,1
2026-07-03 18:02:01,106505,Parkgarage Rieger-City,130,266,1
2026-07-03 18:02:01,106506,Sonnenhof Parkgarage,21,77,0
2026-07-03 18:02:01,106507,Tiefgarage vor der Oper,7,275,1
2026-07-03 18:02:01,106508,Hertie-Parkhaus,417,504,0
2026-07-03 18:02:01,106509,Parkgarage Böhringer,2,150,1
2026-07-03 18:02:01,106513,TG Hotel Ibis City,39,0,0
2026-07-03 18:02:01,106521,Car Park Cristal,428,220,0
2026-07-03 18:02:01,106524,Parkhaus Oberanger,239,393,1
2026-07-03 18:02:01,301220,Tiefgarage Karstadt Oberpollinger,154,357,1
2026-07-03 18:02:01,301234,Pschorr-Garage,29,170,1
2026-07-03 18:02:01,301236,Marienplatz-Großgarage,161,220,0
2026-07-03 18:02:01,301264,Parkhaus Hopfenpost,190,230,0
2026-07-03 18:02:01,301270,Parkhaus Marsstr. 11,286,526,1
2026-07-03 18:02:01,301271,Tiefgarage am Hauptbahnhof,0,79,0
2026-07-03 18:02:01,301272,Tiefgarage Stachus Einkaufszentrum,152,316,1
2026-07-03 18:02:01,301277,Parkhaus Elisenhof,162,245,1
2026-07-03 18:02:01,401004,PH Hauptbahnhof Süd,107,197,1
2026-07-03 18:02:01,401010,Parkhaus am Hofbräuhaus,124,416,1
2026-07-03 18:02:01,401055,Parkhaus Schrannenhalle,16,156,1
2026-07-03 18:02:01,401060,Königshof-Parking,53,104,1
2026-07-03 18:02:01,401062,Parkhaus am Salvatorplatz,131,267,1
2026-07-03 18:02:01,106525,Parkhaus am Hauptbahnhof,0,223,0
2026-07-03 19:02:02,106501,Parkhaus am Stachus,390,390,0
2026-07-03 19:02:02,106504,City-Parkhaus am Färbergraben,228,350,1
2026-07-03 19:02:02,106505,Parkgarage Rieger-City,120,266,1
2026-07-03 19:02:02,106506,Sonnenhof Parkgarage,21,77,0
2026-07-03 19:02:02,106507,Tiefgarage vor der Oper,0,275,1
2026-07-03 19:02:02,106508,Hertie-Parkhaus,417,504,0
2026-07-03 19:02:02,106509,Parkgarage Böhringer,24,150,1
2026-07-03 19:02:02,106513,TG Hotel Ibis City,39,0,0
2026-07-03 19:02:02,106521,Car Park Cristal,428,220,0
2026-07-03 19:02:02,106524,Parkhaus Oberanger,243,393,1
2026-07-03 19:02:02,301220,Tiefgarage Karstadt Oberpollinger,172,357,1
2026-07-03 19:02:02,301234,Pschorr-Garage,31,170,1
2026-07-03 19:02:02,301236,Marienplatz-Großgarage,161,220,0
2026-07-03 19:02:02,301264,Parkhaus Hopfenpost,190,230,0
2026-07-03 19:02:02,301270,Parkhaus Marsstr. 11,277,526,1
2026-07-03 19:02:02,301271,Tiefgarage am Hauptbahnhof,0,79,0
2026-07-03 19:02:02,301272,Tiefgarage Stachus Einkaufszentrum,141,316,1
2026-07-03 19:02:02,301277,Parkhaus Elisenhof,163,245,1
2026-07-03 19:02:02,401004,PH Hauptbahnhof Süd,101,197,1
2026-07-03 19:02:02,401010,Parkhaus am Hofbräuhaus,76,416,1
2026-07-03 19:02:02,401055,Parkhaus Schrannenhalle,6,156,1
2026-07-03 19:02:02,401060,Königshof-Parking,46,104,1
2026-07-03 19:02:02,401062,Parkhaus am Salvatorplatz,144,267,1
2026-07-03 19:02:02,106525,Parkhaus am Hauptbahnhof,0,223,0
2026-07-03 20:02:01,106501,Parkhaus am Stachus,390,390,0
2026-07-03 20:02:01,106504,City-Parkhaus am Färbergraben,261,350,1
2026-07-03 20:02:01,106505,Parkgarage Rieger-City,130,266,1
2026-07-03 20:02:01,106506,Sonnenhof Parkgarage,21,77,0
2026-07-03 20:02:01,106507,Tiefgarage vor der Oper,1,275,1
2026-07-03 20:02:01,106508,Hertie-Parkhaus,417,504,0
2026-07-03 20:02:01,106509,Parkgarage Böhringer,24,150,1
2026-07-03 20:02:01,106513,TG Hotel Ibis City,39,0,0
2026-07-03 20:02:01,106521,Car Park Cristal,428,220,0
2026-07-03 20:02:01,106524,Parkhaus Oberanger,266,393,1
2026-07-03 20:02:01,301220,Tiefgarage Karstadt Oberpollinger,203,357,1
2026-07-03 20:02:01,301234,Pschorr-Garage,45,170,1
2026-07-03 20:02:01,301236,Marienplatz-Großgarage,161,220,0
2026-07-03 20:02:01,301264,Parkhaus Hopfenpost,190,230,0
2026-07-03 20:02:01,301270,Parkhaus Marsstr. 11,255,526,1
2026-07-03 20:02:01,301271,Tiefgarage am Hauptbahnhof,0,79,0
2026-07-03 20:02:01,301272,Tiefgarage Stachus Einkaufszentrum,140,316,1
2026-07-03 20:02:01,301277,Parkhaus Elisenhof,171,245,1
2026-07-03 20:02:01,401004,PH Hauptbahnhof Süd,91,197,1
2026-07-03 20:02:01,401010,Parkhaus am Hofbräuhaus,45,416,1
2026-07-03 20:02:01,401055,Parkhaus Schrannenhalle,17,156,1
2026-07-03 20:02:01,401060,Königshof-Parking,35,104,1
2026-07-03 20:02:01,401062,Parkhaus am Salvatorplatz,146,267,1
2026-07-03 20:02:01,106525,Parkhaus am Hauptbahnhof,0,223,0
2026-07-03 21:02:01,106501,Parkhaus am Stachus,390,390,0
2026-07-03 21:02:01,106504,City-Parkhaus am Färbergraben,302,350,1
2026-07-03 21:02:01,106505,Parkgarage Rieger-City,130,266,1
2026-07-03 21:02:01,106506,Sonnenhof Parkgarage,21,77,0
2026-07-03 21:02:01,106507,Tiefgarage vor der Oper,8,275,1
2026-07-03 21:02:01,106508,Hertie-Parkhaus,417,504,0
2026-07-03 21:02:01,106509,Parkgarage Böhringer,27,150,1
2026-07-03 21:02:01,106513,TG Hotel Ibis City,39,0,0
2026-07-03 21:02:01,106521,Car Park Cristal,428,220,0
2026-07-03 21:02:01,106524,Parkhaus Oberanger,295,393,1
2026-07-03 21:02:01,301220,Tiefgarage Karstadt Oberpollinger,233,357,1
2026-07-03 21:02:01,301234,Pschorr-Garage,66,160,1
2026-07-03 21:02:01,301236,Marienplatz-Großgarage,161,220,0
2026-07-03 21:02:01,301264,Parkhaus Hopfenpost,190,230,0
2026-07-03 21:02:01,301270,Parkhaus Marsstr. 11,242,526,1
2026-07-03 21:02:01,301271,Tiefgarage am Hauptbahnhof,0,79,0
2026-07-03 21:02:01,301272,Tiefgarage Stachus Einkaufszentrum,139,316,1
2026-07-03 21:02:01,301277,Parkhaus Elisenhof,166,245,1
2026-07-03 21:02:01,401004,PH Hauptbahnhof Süd,79,197,1
2026-07-03 21:02:01,401010,Parkhaus am Hofbräuhaus,76,416,1
2026-07-03 21:02:01,401055,Parkhaus Schrannenhalle,29,156,1
2026-07-03 21:02:01,401060,Königshof-Parking,38,104,1
2026-07-03 21:02:01,401062,Parkhaus am Salvatorplatz,171,267,1
2026-07-03 21:02:01,106525,Parkhaus am Hauptbahnhof,0,223,0
2026-07-03 22:02:01,106501,Parkhaus am Stachus,390,390,0
2026-07-03 22:02:01,106504,City-Parkhaus am Färbergraben,322,350,1
2026-07-03 22:02:01,106505,Parkgarage Rieger-City,147,266,1
2026-07-03 22:02:01,106506,Sonnenhof Parkgarage,21,77,0
2026-07-03 22:02:01,106507,Tiefgarage vor der Oper,35,275,1
2026-07-03 22:02:01,106508,Hertie-Parkhaus,417,504,0
2026-07-03 22:02:01,106509,Parkgarage Böhringer,28,150,1
2026-07-03 22:02:01,106513,TG Hotel Ibis City,39,0,0
2026-07-03 22:02:01,106521,Car Park Cristal,428,220,0
2026-07-03 22:02:01,106524,Parkhaus Oberanger,323,393,1
2026-07-03 22:02:01,301220,Tiefgarage Karstadt Oberpollinger,249,357,1
2026-07-03 22:02:01,301234,Pschorr-Garage,102,160,1
2026-07-03 22:02:01,301236,Marienplatz-Großgarage,161,220,0
2026-07-03 22:02:01,301264,Parkhaus Hopfenpost,190,230,0
2026-07-03 22:02:01,301270,Parkhaus Marsstr. 11,244,526,1
2026-07-03 22:02:01,301271,Tiefgarage am Hauptbahnhof,0,79,0
2026-07-03 22:02:01,301272,Tiefgarage Stachus Einkaufszentrum,146,316,1
2026-07-03 22:02:01,301277,Parkhaus Elisenhof,177,245,1
2026-07-03 22:02:01,401004,PH Hauptbahnhof Süd,76,197,1
2026-07-03 22:02:01,401010,Parkhaus am Hofbräuhaus,128,416,1
2026-07-03 22:02:01,401055,Parkhaus Schrannenhalle,49,147,1
2026-07-03 22:02:01,401060,Königshof-Parking,36,104,1
2026-07-03 22:02:01,401062,Parkhaus am Salvatorplatz,180,267,1
2026-07-03 22:02:01,106525,Parkhaus am Hauptbahnhof,0,223,0
2026-07-03 23:02:00,106501,Parkhaus am Stachus,390,390,0
2026-07-03 23:02:00,106504,City-Parkhaus am Färbergraben,333,350,1
2026-07-03 23:02:00,106505,Parkgarage Rieger-City,164,266,1
2026-07-03 23:02:00,106506,Sonnenhof Parkgarage,21,77,0
2026-07-03 23:02:00,106507,Tiefgarage vor der Oper,172,275,1
2026-07-03 23:02:00,106508,Hertie-Parkhaus,417,504,0
2026-07-03 23:02:00,106509,Parkgarage Böhringer,42,150,1
2026-07-03 23:02:00,106513,TG Hotel Ibis City,39,0,0
2026-07-03 23:02:00,106521,Car Park Cristal,428,220,0
2026-07-03 23:02:00,106524,Parkhaus Oberanger,355,393,1
2026-07-03 23:02:00,301220,Tiefgarage Karstadt Oberpollinger,270,357,1
2026-07-03 23:02:00,301234,Pschorr-Garage,128,160,1
2026-07-03 23:02:00,301236,Marienplatz-Großgarage,161,220,0
2026-07-03 23:02:00,301264,Parkhaus Hopfenpost,190,230,0
2026-07-03 23:02:00,301270,Parkhaus Marsstr. 11,249,526,1
2026-07-03 23:02:00,301271,Tiefgarage am Hauptbahnhof,0,79,0
2026-07-03 23:02:00,301272,Tiefgarage Stachus Einkaufszentrum,154,316,1
2026-07-03 23:02:00,301277,Parkhaus Elisenhof,189,245,1
2026-07-03 23:02:00,401004,PH Hauptbahnhof Süd,78,197,1
2026-07-03 23:02:00,401010,Parkhaus am Hofbräuhaus,236,416,1
2026-07-03 23:02:00,401055,Parkhaus Schrannenhalle,77,147,1
2026-07-03 23:02:00,401060,Königshof-Parking,52,104,1
2026-07-03 23:02:00,401062,Parkhaus am Salvatorplatz,207,267,1
2026-07-03 23:02:00,106525,Parkhaus am Hauptbahnhof,0,223,0
2026-07-04 00:02:01,106501,Parkhaus am Stachus,390,390,0
2026-07-04 00:02:01,106504,City-Parkhaus am Färbergraben,342,350,1
2026-07-04 00:02:01,106505,Parkgarage Rieger-City,178,266,1
2026-07-04 00:02:01,106506,Sonnenhof Parkgarage,21,77,0
2026-07-04 00:02:01,106507,Tiefgarage vor der Oper,220,275,1
2026-07-04 00:02:01,106508,Hertie-Parkhaus,417,504,0
2026-07-04 00:02:01,106509,Parkgarage Böhringer,55,150,1
2026-07-04 00:02:01,106513,TG Hotel Ibis City,39,0,0
2026-07-04 00:02:01,106521,Car Park Cristal,428,220,0
2026-07-04 00:02:01,106524,Parkhaus Oberanger,374,393,1
2026-07-04 00:02:01,301220,Tiefgarage Karstadt Oberpollinger,279,357,1
2026-07-04 00:02:01,301234,Pschorr-Garage,135,160,1
2026-07-04 00:02:01,301236,Marienplatz-Großgarage,161,220,0
2026-07-04 00:02:01,301264,Parkhaus Hopfenpost,190,230,0
2026-07-04 00:02:01,301270,Parkhaus Marsstr. 11,250,526,1
2026-07-04 00:02:01,301271,Tiefgarage am Hauptbahnhof,0,79,0
2026-07-04 00:02:01,301272,Tiefgarage Stachus Einkaufszentrum,158,316,1
2026-07-04 00:02:01,301277,Parkhaus Elisenhof,190,245,1
2026-07-04 00:02:01,401004,PH Hauptbahnhof Süd,73,197,1
2026-07-04 00:02:01,401010,Parkhaus am Hofbräuhaus,295,416,1
2026-07-04 00:02:01,401055,Parkhaus Schrannenhalle,92,147,1
2026-07-04 00:02:01,401060,Königshof-Parking,63,104,1
2026-07-04 00:02:01,401062,Parkhaus am Salvatorplatz,221,267,1
2026-07-04 00:02:01,106525,Parkhaus am Hauptbahnhof,0,223,0
2026-07-04 01:02:01,106501,Parkhaus am Stachus,390,390,0
2026-07-04 01:02:01,106504,City-Parkhaus am Färbergraben,342,350,1
2026-07-04 01:02:01,106505,Parkgarage Rieger-City,184,266,1
2026-07-04 01:02:01,106506,Sonnenhof Parkgarage,21,77,0
2026-07-04 01:02:01,106507,Tiefgarage vor der Oper,245,275,1
2026-07-04 01:02:01,106508,Hertie-Parkhaus,417,504,0
2026-07-04 01:02:01,106509,Parkgarage Böhringer,65,150,1
2026-07-04 01:02:01,106513,TG Hotel Ibis City,39,0,0
2026-07-04 01:02:01,106521,Car Park Cristal,428,220,0
2026-07-04 01:02:01,106524,Parkhaus Oberanger,380,393,1
2026-07-04 01:02:01,301220,Tiefgarage Karstadt Oberpollinger,283,357,1
2026-07-04 01:02:01,301234,Pschorr-Garage,138,160,1
2026-07-04 01:02:01,301236,Marienplatz-Großgarage,161,220,0
2026-07-04 01:02:01,301264,Parkhaus Hopfenpost,190,230,0
2026-07-04 01:02:01,301270,Parkhaus Marsstr. 11,252,526,1
2026-07-04 01:02:01,301271,Tiefgarage am Hauptbahnhof,0,79,0
2026-07-04 01:02:01,301272,Tiefgarage Stachus Einkaufszentrum,159,316,1
2026-07-04 01:02:01,301277,Parkhaus Elisenhof,194,245,1
2026-07-04 01:02:01,401004,PH Hauptbahnhof Süd,72,197,1
2026-07-04 01:02:01,401010,Parkhaus am Hofbräuhaus,320,416,1
2026-07-04 01:02:01,401055,Parkhaus Schrannenhalle,96,147,1
2026-07-04 01:02:01,401060,Königshof-Parking,72,104,1
2026-07-04 01:02:01,401062,Parkhaus am Salvatorplatz,226,267,1
2026-07-04 01:02:01,106525,Parkhaus am Hauptbahnhof,0,223,0
2026-07-04 02:02:01,106501,Parkhaus am Stachus,390,390,0
2026-07-04 02:02:01,106504,City-Parkhaus am Färbergraben,342,350,1
2026-07-04 02:02:01,106505,Parkgarage Rieger-City,186,266,1
2026-07-04 02:02:01,106506,Sonnenhof Parkgarage,21,77,0
2026-07-04 02:02:01,106507,Tiefgarage vor der Oper,247,275,1
2026-07-04 02:02:01,106508,Hertie-Parkhaus,417,504,0
2026-07-04 02:02:01,106509,Parkgarage Böhringer,68,150,1
2026-07-04 02:02:01,106513,TG Hotel Ibis City,39,0,0
2026-07-04 02:02:01,106521,Car Park Cristal,428,220,0
2026-07-04 02:02:01,106524,Parkhaus Oberanger,382,393,1
2026-07-04 02:02:01,301220,Tiefgarage Karstadt Oberpollinger,287,357,1
2026-07-04 02:02:01,301234,Pschorr-Garage,139,160,1
2026-07-04 02:02:01,301236,Marienplatz-Großgarage,161,220,0
2026-07-04 02:02:01,301264,Parkhaus Hopfenpost,190,230,0
2026-07-04 02:02:01,301270,Parkhaus Marsstr. 11,252,526,1
2026-07-04 02:02:01,301271,Tiefgarage am Hauptbahnhof,0,79,0
2026-07-04 02:02:01,301272,Tiefgarage Stachus Einkaufszentrum,161,316,1
2026-07-04 02:02:01,301277,Parkhaus Elisenhof,196,245,1
2026-07-04 02:02:01,401004,PH Hauptbahnhof Süd,72,197,1
2026-07-04 02:02:01,401010,Parkhaus am Hofbräuhaus,331,416,1
2026-07-04 02:02:01,401055,Parkhaus Schrannenhalle,99,147,1
2026-07-04 02:02:01,401060,Königshof-Parking,75,104,1
2026-07-04 02:02:01,401062,Parkhaus am Salvatorplatz,231,267,1
2026-07-04 02:02:01,106525,Parkhaus am Hauptbahnhof,0,223,0
2026-07-04 03:02:01,106501,Parkhaus am Stachus,390,390,0
2026-07-04 03:02:01,106504,City-Parkhaus am Färbergraben,342,350,1
2026-07-04 03:02:01,106505,Parkgarage Rieger-City,186,266,1
2026-07-04 03:02:01,106506,Sonnenhof Parkgarage,21,77,0
2026-07-04 03:02:01,106507,Tiefgarage vor der Oper,250,275,1
2026-07-04 03:02:01,106508,Hertie-Parkhaus,417,504,0
2026-07-04 03:02:01,106509,Parkgarage Böhringer,69,150,1
2026-07-04 03:02:01,106513,TG Hotel Ibis City,39,0,0
2026-07-04 03:02:01,106521,Car Park Cristal,428,220,0
2026-07-04 03:02:01,106524,Parkhaus Oberanger,381,393,1
2026-07-04 03:02:01,301220,Tiefgarage Karstadt Oberpollinger,289,357,1
2026-07-04 03:02:01,301234,Pschorr-Garage,140,160,1
2026-07-04 03:02:01,301236,Marienplatz-Großgarage,161,220,0
2026-07-04 03:02:01,301264,Parkhaus Hopfenpost,190,230,0
2026-07-04 03:02:01,301270,Parkhaus Marsstr. 11,252,526,1
2026-07-04 03:02:01,301271,Tiefgarage am Hauptbahnhof,0,79,0
2026-07-04 03:02:01,301272,Tiefgarage Stachus Einkaufszentrum,158,316,1
2026-07-04 03:02:01,301277,Parkhaus Elisenhof,196,245,1
2026-07-04 03:02:01,401004,PH Hauptbahnhof Süd,71,197,1
2026-07-04 03:02:01,401010,Parkhaus am Hofbräuhaus,334,416,1
2026-07-04 03:02:01,401055,Parkhaus Schrannenhalle,100,147,1
2026-07-04 03:02:01,401060,Königshof-Parking,75,104,1
2026-07-04 03:02:01,401062,Parkhaus am Salvatorplatz,232,267,1
2026-07-04 03:02:01,106525,Parkhaus am Hauptbahnhof,0,223,0
2026-07-04 04:02:01,106501,Parkhaus am Stachus,390,390,0
2026-07-04 04:02:01,106504,City-Parkhaus am Färbergraben,342,350,1
2026-07-04 04:02:01,106505,Parkgarage Rieger-City,186,266,1
2026-07-04 04:02:01,106506,Sonnenhof Parkgarage,21,77,0
2026-07-04 04:02:01,106507,Tiefgarage vor der Oper,250,275,1
2026-07-04 04:02:01,106508,Hertie-Parkhaus,417,504,0
2026-07-04 04:02:01,106509,Parkgarage Böhringer,69,150,1
2026-07-04 04:02:01,106513,TG Hotel Ibis City,39,0,0
2026-07-04 04:02:01,106521,Car Park Cristal,428,220,0
2026-07-04 04:02:01,106524,Parkhaus Oberanger,382,393,1
2026-07-04 04:02:01,301220,Tiefgarage Karstadt Oberpollinger,293,357,1
2026-07-04 04:02:01,301234,Pschorr-Garage,140,160,1
2026-07-04 04:02:01,301236,Marienplatz-Großgarage,161,220,0
2026-07-04 04:02:01,301264,Parkhaus Hopfenpost,190,230,0
2026-07-04 04:02:01,301270,Parkhaus Marsstr. 11,252,526,1
2026-07-04 04:02:01,301271,Tiefgarage am Hauptbahnhof,0,79,0
2026-07-04 04:02:01,301272,Tiefgarage Stachus Einkaufszentrum,159,316,1
2026-07-04 04:02:01,301277,Parkhaus Elisenhof,199,245,1
2026-07-04 04:02:01,401004,PH Hauptbahnhof Süd,71,197,1
2026-07-04 04:02:01,401010,Parkhaus am Hofbräuhaus,335,416,1
2026-07-04 04:02:01,401055,Parkhaus Schrannenhalle,100,147,1
2026-07-04 04:02:01,401060,Königshof-Parking,76,104,1
2026-07-04 04:02:01,401062,Parkhaus am Salvatorplatz,232,267,1
2026-07-04 04:02:01,106525,Parkhaus am Hauptbahnhof,0,223,0
2026-07-04 05:02:01,106501,Parkhaus am Stachus,390,390,0
2026-07-04 05:02:01,106504,City-Parkhaus am Färbergraben,342,350,1
2026-07-04 05:02:01,106505,Parkgarage Rieger-City,187,266,1
2026-07-04 05:02:01,106506,Sonnenhof Parkgarage,21,77,0
2026-07-04 05:02:01,106507,Tiefgarage vor der Oper,250,275,1
2026-07-04 05:02:01,106508,Hertie-Parkhaus,417,504,0
2026-07-04 05:02:01,106509,Parkgarage Böhringer,69,150,1
2026-07-04 05:02:01,106513,TG Hotel Ibis City,39,0,0
2026-07-04 05:02:01,106521,Car Park Cristal,428,220,0
2026-07-04 05:02:01,106524,Parkhaus Oberanger,383,393,1
2026-07-04 05:02:01,301220,Tiefgarage Karstadt Oberpollinger,293,357,1
2026-07-04 05:02:01,301234,Pschorr-Garage,140,160,1
2026-07-04 05:02:01,301236,Marienplatz-Großgarage,161,220,0
2026-07-04 05:02:01,301264,Parkhaus Hopfenpost,190,230,0
2026-07-04 05:02:01,301270,Parkhaus Marsstr. 11,252,526,1
2026-07-04 05:02:01,301271,Tiefgarage am Hauptbahnhof,0,79,0
2026-07-04 05:02:01,301272,Tiefgarage Stachus Einkaufszentrum,158,316,1
2026-07-04 05:02:01,301277,Parkhaus Elisenhof,199,245,1
2026-07-04 05:02:01,401004,PH Hauptbahnhof Süd,71,197,1
2026-07-04 05:02:01,401010,Parkhaus am Hofbräuhaus,334,416,1
2026-07-04 05:02:01,401055,Parkhaus Schrannenhalle,100,147,1
2026-07-04 05:02:01,401060,Königshof-Parking,78,104,1
2026-07-04 05:02:01,401062,Parkhaus am Salvatorplatz,232,267,1
2026-07-04 05:02:01,106525,Parkhaus am Hauptbahnhof,0,223,0
2026-07-04 06:02:01,106501,Parkhaus am Stachus,390,390,0
2026-07-04 06:02:01,106504,City-Parkhaus am Färbergraben,342,350,1
2026-07-04 06:02:01,106505,Parkgarage Rieger-City,187,266,1
2026-07-04 06:02:01,106506,Sonnenhof Parkgarage,21,77,0
2026-07-04 06:02:01,106507,Tiefgarage vor der Oper,250,275,1
2026-07-04 06:02:01,106508,Hertie-Parkhaus,417,504,0
2026-07-04 06:02:01,106509,Parkgarage Böhringer,69,150,1
2026-07-04 06:02:01,106513,TG Hotel Ibis City,39,0,0
2026-07-04 06:02:01,106521,Car Park Cristal,428,220,0
2026-07-04 06:02:01,106524,Parkhaus Oberanger,381,393,1
2026-07-04 06:02:01,301220,Tiefgarage Karstadt Oberpollinger,293,357,1
2026-07-04 06:02:01,301234,Pschorr-Garage,140,160,1
2026-07-04 06:02:01,301236,Marienplatz-Großgarage,161,220,0
2026-07-04 06:02:01,301264,Parkhaus Hopfenpost,190,230,0
2026-07-04 06:02:01,301270,Parkhaus Marsstr. 11,250,526,1
2026-07-04 06:02:01,301271,Tiefgarage am Hauptbahnhof,0,79,0
2026-07-04 06:02:01,301272,Tiefgarage Stachus Einkaufszentrum,157,316,1
2026-07-04 06:02:01,301277,Parkhaus Elisenhof,199,245,1
2026-07-04 06:02:01,401004,PH Hauptbahnhof Süd,71,197,1
2026-07-04 06:02:01,401010,Parkhaus am Hofbräuhaus,335,416,1
2026-07-04 06:02:01,401055,Parkhaus Schrannenhalle,100,147,1
2026-07-04 06:02:01,401060,Königshof-Parking,78,104,1
2026-07-04 06:02:01,401062,Parkhaus am Salvatorplatz,232,267,1
2026-07-04 06:02:01,106525,Parkhaus am Hauptbahnhof,0,223,0
2026-07-04 07:02:01,106501,Parkhaus am Stachus,390,390,0
2026-07-04 07:02:01,106504,City-Parkhaus am Färbergraben,338,350,1
2026-07-04 07:02:01,106505,Parkgarage Rieger-City,187,266,1
2026-07-04 07:02:01,106506,Sonnenhof Parkgarage,21,77,0
2026-07-04 07:02:01,106507,Tiefgarage vor der Oper,245,275,1
2026-07-04 07:02:01,106508,Hertie-Parkhaus,417,504,0
2026-07-04 07:02:01,106509,Parkgarage Böhringer,69,150,1
2026-07-04 07:02:01,106513,TG Hotel Ibis City,39,0,0
2026-07-04 07:02:01,106521,Car Park Cristal,428,220,0
2026-07-04 07:02:01,106524,Parkhaus Oberanger,380,393,1
2026-07-04 07:02:01,301220,Tiefgarage Karstadt Oberpollinger,290,357,1
2026-07-04 07:02:01,301234,Pschorr-Garage,141,160,1
2026-07-04 07:02:01,301236,Marienplatz-Großgarage,161,220,0
2026-07-04 07:02:01,301264,Parkhaus Hopfenpost,190,230,0
2026-07-04 07:02:01,301270,Parkhaus Marsstr. 11,253,526,1
2026-07-04 07:02:01,301271,Tiefgarage am Hauptbahnhof,0,79,0
2026-07-04 07:02:01,301272,Tiefgarage Stachus Einkaufszentrum,155,316,1
2026-07-04 07:02:01,301277,Parkhaus Elisenhof,199,245,1
2026-07-04 07:02:01,401004,PH Hauptbahnhof Süd,72,197,1
2026-07-04 07:02:01,401010,Parkhaus am Hofbräuhaus,338,416,1
2026-07-04 07:02:01,401055,Parkhaus Schrannenhalle,97,147,1
2026-07-04 07:02:01,401060,Königshof-Parking,77,104,1
2026-07-04 07:02:01,401062,Parkhaus am Salvatorplatz,232,267,1
2026-07-04 07:02:01,106525,Parkhaus am Hauptbahnhof,0,223,0
2026-07-04 08:02:02,106501,Parkhaus am Stachus,390,390,0
2026-07-04 08:02:02,106504,City-Parkhaus am Färbergraben,334,350,1
2026-07-04 08:02:02,106505,Parkgarage Rieger-City,187,266,1
2026-07-04 08:02:02,106506,Sonnenhof Parkgarage,21,77,0
2026-07-04 08:02:02,106507,Tiefgarage vor der Oper,243,275,1
2026-07-04 08:02:02,106508,Hertie-Parkhaus,417,504,0
2026-07-04 08:02:02,106509,Parkgarage Böhringer,68,150,1
2026-07-04 08:02:02,106513,TG Hotel Ibis City,39,0,0
2026-07-04 08:02:02,106521,Car Park Cristal,428,220,0
2026-07-04 08:02:02,106524,Parkhaus Oberanger,379,393,1
2026-07-04 08:02:02,301220,Tiefgarage Karstadt Oberpollinger,290,357,1
2026-07-04 08:02:02,301234,Pschorr-Garage,140,160,1
2026-07-04 08:02:02,301236,Marienplatz-Großgarage,161,220,0
2026-07-04 08:02:02,301264,Parkhaus Hopfenpost,190,230,0
2026-07-04 08:02:02,301270,Parkhaus Marsstr. 11,243,526,1
2026-07-04 08:02:02,301271,Tiefgarage am Hauptbahnhof,0,79,0
2026-07-04 08:02:02,301272,Tiefgarage Stachus Einkaufszentrum,155,316,1
2026-07-04 08:02:02,301277,Parkhaus Elisenhof,197,245,1
2026-07-04 08:02:02,401004,PH Hauptbahnhof Süd,74,197,1
2026-07-04 08:02:02,401010,Parkhaus am Hofbräuhaus,339,416,1
2026-07-04 08:02:02,401055,Parkhaus Schrannenhalle,97,147,1
2026-07-04 08:02:02,401060,Königshof-Parking,74,104,1
2026-07-04 08:02:02,401062,Parkhaus am Salvatorplatz,231,267,1
2026-07-04 08:02:02,106525,Parkhaus am Hauptbahnhof,0,223,0
2026-07-04 09:02:01,106501,Parkhaus am Stachus,390,390,0
2026-07-04 09:02:01,106504,City-Parkhaus am Färbergraben,325,350,1
2026-07-04 09:02:01,106505,Parkgarage Rieger-City,186,266,1
2026-07-04 09:02:01,106506,Sonnenhof Parkgarage,21,77,0
2026-07-04 09:02:01,106507,Tiefgarage vor der Oper,229,275,1
2026-07-04 09:02:01,106508,Hertie-Parkhaus,417,504,0
2026-07-04 09:02:01,106509,Parkgarage Böhringer,60,150,1
2026-07-04 09:02:01,106513,TG Hotel Ibis City,39,0,0
2026-07-04 09:02:01,106521,Car Park Cristal,428,220,0
2026-07-04 09:02:01,106524,Parkhaus Oberanger,366,393,1
2026-07-04 09:02:01,301220,Tiefgarage Karstadt Oberpollinger,286,357,1
2026-07-04 09:02:01,301234,Pschorr-Garage,135,160,1
2026-07-04 09:02:01,301236,Marienplatz-Großgarage,161,220,0
2026-07-04 09:02:01,301264,Parkhaus Hopfenpost,190,230,0
2026-07-04 09:02:01,301270,Parkhaus Marsstr. 11,244,526,1
2026-07-04 09:02:01,301271,Tiefgarage am Hauptbahnhof,0,79,0
2026-07-04 09:02:01,301272,Tiefgarage Stachus Einkaufszentrum,159,316,1
2026-07-04 09:02:01,301277,Parkhaus Elisenhof,185,245,1
2026-07-04 09:02:01,401004,PH Hauptbahnhof Süd,81,197,1
2026-07-04 09:02:01,401010,Parkhaus am Hofbräuhaus,351,416,1
2026-07-04 09:02:01,401055,Parkhaus Schrannenhalle,85,147,1
2026-07-04 09:02:01,401060,Königshof-Parking,78,104,1
2026-07-04 09:02:01,401062,Parkhaus am Salvatorplatz,182,267,1
2026-07-04 09:02:01,106525,Parkhaus am Hauptbahnhof,0,223,0
2026-07-04 10:02:01,106501,Parkhaus am Stachus,390,390,0
2026-07-04 10:02:01,106504,City-Parkhaus am Färbergraben,273,350,1
2026-07-04 10:02:01,106505,Parkgarage Rieger-City,161,266,1
2026-07-04 10:02:01,106506,Sonnenhof Parkgarage,21,77,0
2026-07-04 10:02:01,106507,Tiefgarage vor der Oper,159,275,1
2026-07-04 10:02:01,106508,Hertie-Parkhaus,417,504,0
2026-07-04 10:02:01,106509,Parkgarage Böhringer,39,150,1
2026-07-04 10:02:01,106513,TG Hotel Ibis City,39,0,0
2026-07-04 10:02:01,106521,Car Park Cristal,428,220,0
2026-07-04 10:02:01,106524,Parkhaus Oberanger,310,393,1
2026-07-04 10:02:01,301220,Tiefgarage Karstadt Oberpollinger,258,357,1
2026-07-04 10:02:01,301234,Pschorr-Garage,110,160,1
2026-07-04 10:02:01,301236,Marienplatz-Großgarage,161,220,0
2026-07-04 10:02:01,301264,Parkhaus Hopfenpost,190,230,0
2026-07-04 10:02:01,301270,Parkhaus Marsstr. 11,241,526,1
2026-07-04 10:02:01,301271,Tiefgarage am Hauptbahnhof,0,79,0
2026-07-04 10:02:01,301272,Tiefgarage Stachus Einkaufszentrum,154,316,1
2026-07-04 10:02:01,301277,Parkhaus Elisenhof,176,245,1
2026-07-04 10:02:01,401004,PH Hauptbahnhof Süd,90,197,1
2026-07-04 10:02:01,401010,Parkhaus am Hofbräuhaus,310,416,1
2026-07-04 10:02:01,401055,Parkhaus Schrannenhalle,37,147,1
2026-07-04 10:02:01,401060,Königshof-Parking,76,104,1
2026-07-04 10:02:01,401062,Parkhaus am Salvatorplatz,172,267,1
2026-07-04 10:02:01,106525,Parkhaus am Hauptbahnhof,0,223,0
2026-07-04 11:02:01,106501,Parkhaus am Stachus,390,390,0
2026-07-04 11:02:01,106504,City-Parkhaus am Färbergraben,209,350,1
2026-07-04 11:02:01,106505,Parkgarage Rieger-City,123,266,1
2026-07-04 11:02:01,106506,Sonnenhof Parkgarage,21,77,0
2026-07-04 11:02:01,106507,Tiefgarage vor der Oper,75,275,1
2026-07-04 11:02:01,106508,Hertie-Parkhaus,417,504,0
2026-07-04 11:02:01,106509,Parkgarage Böhringer,17,150,1
2026-07-04 11:02:01,106513,TG Hotel Ibis City,39,0,0
2026-07-04 11:02:01,106521,Car Park Cristal,428,220,0
2026-07-04 11:02:01,106524,Parkhaus Oberanger,229,393,1
2026-07-04 11:02:01,301220,Tiefgarage Karstadt Oberpollinger,206,357,1
2026-07-04 11:02:01,301234,Pschorr-Garage,46,167,1
2026-07-04 11:02:01,301236,Marienplatz-Großgarage,161,220,0
2026-07-04 11:02:01,301264,Parkhaus Hopfenpost,190,230,0
2026-07-04 11:02:01,301270,Parkhaus Marsstr. 11,255,526,1
2026-07-04 11:02:01,301271,Tiefgarage am Hauptbahnhof,0,79,0
2026-07-04 11:02:01,301272,Tiefgarage Stachus Einkaufszentrum,151,316,1
2026-07-04 11:02:01,301277,Parkhaus Elisenhof,159,245,1
2026-07-04 11:02:01,401004,PH Hauptbahnhof Süd,94,197,1
2026-07-04 11:02:01,401010,Parkhaus am Hofbräuhaus,227,416,1
2026-07-04 11:02:01,401055,Parkhaus Schrannenhalle,0,147,1
2026-07-04 11:02:01,401060,Königshof-Parking,67,104,1
2026-07-04 11:02:01,401062,Parkhaus am Salvatorplatz,135,267,1
2026-07-04 11:02:01,106525,Parkhaus am Hauptbahnhof,0,223,0
2026-07-04 12:02:00,106501,Parkhaus am Stachus,390,390,0
2026-07-04 12:02:00,106504,City-Parkhaus am Färbergraben,139,350,1
2026-07-04 12:02:00,106505,Parkgarage Rieger-City,85,266,1
2026-07-04 12:02:00,106506,Sonnenhof Parkgarage,21,77,0
2026-07-04 12:02:00,106507,Tiefgarage vor der Oper,26,275,1
2026-07-04 12:02:00,106508,Hertie-Parkhaus,417,504,0
2026-07-04 12:02:00,106509,Parkgarage Böhringer,0,150,1
2026-07-04 12:02:00,106513,TG Hotel Ibis City,39,0,0
2026-07-04 12:02:00,106521,Car Park Cristal,428,220,0
2026-07-04 12:02:00,106524,Parkhaus Oberanger,184,393,1
2026-07-04 12:02:00,301220,Tiefgarage Karstadt Oberpollinger,148,357,1
2026-07-04 12:02:00,301234,Pschorr-Garage,4,183,1
2026-07-04 12:02:00,301236,Marienplatz-Großgarage,161,220,0
2026-07-04 12:02:00,301264,Parkhaus Hopfenpost,190,230,0
2026-07-04 12:02:00,301270,Parkhaus Marsstr. 11,252,526,1
2026-07-04 12:02:00,301271,Tiefgarage am Hauptbahnhof,0,79,0
2026-07-04 12:02:00,301272,Tiefgarage Stachus Einkaufszentrum,141,316,1
2026-07-04 12:02:00,301277,Parkhaus Elisenhof,164,275,1
2026-07-04 12:02:00,401004,PH Hauptbahnhof Süd,96,197,1
2026-07-04 12:02:00,401010,Parkhaus am Hofbräuhaus,109,401,1
2026-07-04 12:02:00,401055,Parkhaus Schrannenhalle,0,147,1
2026-07-04 12:02:00,401060,Königshof-Parking,59,104,1
2026-07-04 12:02:00,401062,Parkhaus am Salvatorplatz,103,267,1
2026-07-04 12:02:00,106525,Parkhaus am Hauptbahnhof,0,223,0
2026-07-04 13:02:01,106501,Parkhaus am Stachus,390,390,0
2026-07-04 13:02:01,106504,City-Parkhaus am Färbergraben,81,350,1
2026-07-04 13:02:01,106505,Parkgarage Rieger-City,102,316,1
2026-07-04 13:02:01,106506,Sonnenhof Parkgarage,21,77,0
2026-07-04 13:02:01,106507,Tiefgarage vor der Oper,3,275,1
2026-07-04 13:02:01,106508,Hertie-Parkhaus,417,504,0
2026-07-04 13:02:01,106509,Parkgarage Böhringer,0,150,1
2026-07-04 13:02:01,106513,TG Hotel Ibis City,39,0,0
2026-07-04 13:02:01,106521,Car Park Cristal,428,220,0
2026-07-04 13:02:01,106524,Parkhaus Oberanger,172,393,1
2026-07-04 13:02:01,301220,Tiefgarage Karstadt Oberpollinger,123,357,1
2026-07-04 13:02:01,301234,Pschorr-Garage,0,185,1
2026-07-04 13:02:01,301236,Marienplatz-Großgarage,161,220,0
2026-07-04 13:02:01,301264,Parkhaus Hopfenpost,190,230,0
2026-07-04 13:02:01,301270,Parkhaus Marsstr. 11,255,526,1
2026-07-04 13:02:01,301271,Tiefgarage am Hauptbahnhof,0,79,0
2026-07-04 13:02:01,301272,Tiefgarage Stachus Einkaufszentrum,127,316,1
2026-07-04 13:02:01,301277,Parkhaus Elisenhof,139,265,1
2026-07-04 13:02:01,401004,PH Hauptbahnhof Süd,81,197,1
2026-07-04 13:02:01,401010,Parkhaus am Hofbräuhaus,76,461,1
2026-07-04 13:02:01,401055,Parkhaus Schrannenhalle,0,147,1
2026-07-04 13:02:01,401060,Königshof-Parking,51,104,1
2026-07-04 13:02:01,401062,Parkhaus am Salvatorplatz,54,267,1
2026-07-04 13:02:01,106525,Parkhaus am Hauptbahnhof,0,223,0
2026-07-04 14:02:01,106501,Parkhaus am Stachus,390,390,0
2026-07-04 14:02:01,106504,City-Parkhaus am Färbergraben,3,350,1
2026-07-04 14:02:01,106505,Parkgarage Rieger-City,92,316,1
2026-07-04 14:02:01,106506,Sonnenhof Parkgarage,21,77,0
2026-07-04 14:02:01,106507,Tiefgarage vor der Oper,13,275,1
2026-07-04 14:02:01,106508,Hertie-Parkhaus,417,504,0
2026-07-04 14:02:01,106509,Parkgarage Böhringer,0,150,1
2026-07-04 14:02:01,106513,TG Hotel Ibis City,39,0,0
2026-07-04 14:02:01,106521,Car Park Cristal,428,220,0
2026-07-04 14:02:01,106524,Parkhaus Oberanger,156,393,1
2026-07-04 14:02:01,301220,Tiefgarage Karstadt Oberpollinger,102,357,1
2026-07-04 14:02:01,301234,Pschorr-Garage,1,183,1
2026-07-04 14:02:01,301236,Marienplatz-Großgarage,161,220,0
2026-07-04 14:02:01,301264,Parkhaus Hopfenpost,190,230,0
2026-07-04 14:02:01,301270,Parkhaus Marsstr. 11,247,526,1
2026-07-04 14:02:01,301271,Tiefgarage am Hauptbahnhof,0,79,0
2026-07-04 14:02:01,301272,Tiefgarage Stachus Einkaufszentrum,114,316,1
2026-07-04 14:02:01,301277,Parkhaus Elisenhof,137,255,1
2026-07-04 14:02:01,401004,PH Hauptbahnhof Süd,71,197,1
2026-07-04 14:02:01,401010,Parkhaus am Hofbräuhaus,14,466,1
2026-07-04 14:02:01,401055,Parkhaus Schrannenhalle,0,147,1
2026-07-04 14:02:01,401060,Königshof-Parking,53,104,1
2026-07-04 14:02:01,401062,Parkhaus am Salvatorplatz,65,267,1
2026-07-04 14:02:01,106525,Parkhaus am Hauptbahnhof,0,223,0
2026-07-04 15:02:01,106501,Parkhaus am Stachus,390,390,0
2026-07-04 15:02:01,106504,City-Parkhaus am Färbergraben,38,350,1
2026-07-04 15:02:01,106505,Parkgarage Rieger-City,130,366,1
2026-07-04 15:02:01,106506,Sonnenhof Parkgarage,21,77,0
2026-07-04 15:02:01,106507,Tiefgarage vor der Oper,84,275,1
2026-07-04 15:02:01,106508,Hertie-Parkhaus,417,504,0
2026-07-04 15:02:01,106509,Parkgarage Böhringer,15,150,1
2026-07-04 15:02:01,106513,TG Hotel Ibis City,39,0,0
2026-07-04 15:02:01,106521,Car Park Cristal,428,220,0
2026-07-04 15:02:01,106524,Parkhaus Oberanger,127,393,1
2026-07-04 15:02:01,301220,Tiefgarage Karstadt Oberpollinger,85,357,1
2026-07-04 15:02:01,301234,Pschorr-Garage,3,184,1
2026-07-04 15:02:01,301236,Marienplatz-Großgarage,161,220,0
2026-07-04 15:02:01,301264,Parkhaus Hopfenpost,190,230,0
2026-07-04 15:02:01,301270,Parkhaus Marsstr. 11,238,526,1
2026-07-04 15:02:01,301271,Tiefgarage am Hauptbahnhof,0,79,0
2026-07-04 15:02:01,301272,Tiefgarage Stachus Einkaufszentrum,104,316,1
2026-07-04 15:02:01,301277,Parkhaus Elisenhof,130,255,1
2026-07-04 15:02:01,401004,PH Hauptbahnhof Süd,57,197,1
2026-07-04 15:02:01,401010,Parkhaus am Hofbräuhaus,1,466,1
2026-07-04 15:02:01,401055,Parkhaus Schrannenhalle,1,158,1
2026-07-04 15:02:01,401060,Königshof-Parking,45,104,1
2026-07-04 15:02:01,401062,Parkhaus am Salvatorplatz,63,267,1
2026-07-04 15:02:01,106525,Parkhaus am Hauptbahnhof,0,223,0
2026-07-04 16:02:01,106501,Parkhaus am Stachus,390,390,0
2026-07-04 16:02:01,106504,City-Parkhaus am Färbergraben,33,350,1
2026-07-04 16:02:01,106505,Parkgarage Rieger-City,126,366,1
2026-07-04 16:02:01,106506,Sonnenhof Parkgarage,21,77,0
2026-07-04 16:02:01,106507,Tiefgarage vor der Oper,148,275,1
2026-07-04 16:02:01,106508,Hertie-Parkhaus,417,504,0
2026-07-04 16:02:01,106509,Parkgarage Böhringer,4,150,1
2026-07-04 16:02:01,106513,TG Hotel Ibis City,39,0,0
2026-07-04 16:02:01,106521,Car Park Cristal,428,220,0
2026-07-04 16:02:01,106524,Parkhaus Oberanger,126,393,1
2026-07-04 16:02:01,301220,Tiefgarage Karstadt Oberpollinger,74,357,1
2026-07-04 16:02:01,301234,Pschorr-Garage,10,184,1
2026-07-04 16:02:01,301236,Marienplatz-Großgarage,161,220,0
2026-07-04 16:02:01,301264,Parkhaus Hopfenpost,190,230,0
2026-07-04 16:02:01,301270,Parkhaus Marsstr. 11,246,526,1
2026-07-04 16:02:01,301271,Tiefgarage am Hauptbahnhof,0,79,0
2026-07-04 16:02:01,301272,Tiefgarage Stachus Einkaufszentrum,98,316,1
2026-07-04 16:02:01,301277,Parkhaus Elisenhof,137,255,1
2026-07-04 16:02:01,401004,PH Hauptbahnhof Süd,48,197,1
2026-07-04 16:02:01,401010,Parkhaus am Hofbräuhaus,4,466,1
2026-07-04 16:02:01,401055,Parkhaus Schrannenhalle,1,158,1
2026-07-04 16:02:01,401060,Königshof-Parking,40,104,1
2026-07-04 16:02:01,401062,Parkhaus am Salvatorplatz,68,267,1
2026-07-04 16:02:01,106525,Parkhaus am Hauptbahnhof,0,223,0
2026-07-04 17:02:01,106501,Parkhaus am Stachus,390,390,0
2026-07-04 17:02:01,106504,City-Parkhaus am Färbergraben,63,350,1
2026-07-04 17:02:01,106505,Parkgarage Rieger-City,116,366,1
2026-07-04 17:02:01,106506,Sonnenhof Parkgarage,21,77,0
2026-07-04 17:02:01,106507,Tiefgarage vor der Oper,205,275,1
2026-07-04 17:02:01,106508,Hertie-Parkhaus,417,504,0
2026-07-04 17:02:01,106509,Parkgarage Böhringer,4,150,1
2026-07-04 17:02:01,106513,TG Hotel Ibis City,39,0,0
2026-07-04 17:02:01,106521,Car Park Cristal,428,220,0
2026-07-04 17:02:01,106524,Parkhaus Oberanger,136,393,1
2026-07-04 17:02:01,301220,Tiefgarage Karstadt Oberpollinger,61,357,1
2026-07-04 17:02:01,301234,Pschorr-Garage,1,184,1
2026-07-04 17:02:01,301236,Marienplatz-Großgarage,161,220,0
2026-07-04 17:02:01,301264,Parkhaus Hopfenpost,190,230,0
2026-07-04 17:02:01,301270,Parkhaus Marsstr. 11,246,526,1
2026-07-04 17:02:01,301271,Tiefgarage am Hauptbahnhof,0,79,0
2026-07-04 17:02:01,301272,Tiefgarage Stachus Einkaufszentrum,105,316,1
2026-07-04 17:02:01,301277,Parkhaus Elisenhof,118,255,1
2026-07-04 17:02:01,401004,PH Hauptbahnhof Süd,53,197,1
2026-07-04 17:02:01,401010,Parkhaus am Hofbräuhaus,2,469,1
2026-07-04 17:02:01,401055,Parkhaus Schrannenhalle,3,158,1
2026-07-04 17:02:01,401060,Königshof-Parking,26,104,1
2026-07-04 17:02:01,401062,Parkhaus am Salvatorplatz,60,267,1
2026-07-04 17:02:01,106525,Parkhaus am Hauptbahnhof,0,223,0
2026-07-04 18:02:01,106501,Parkhaus am Stachus,390,390,0
2026-07-04 18:02:01,106504,City-Parkhaus am Färbergraben,101,350,1
2026-07-04 18:02:01,106505,Parkgarage Rieger-City,114,346,1
2026-07-04 18:02:01,106506,Sonnenhof Parkgarage,21,77,0
2026-07-04 18:02:01,106507,Tiefgarage vor der Oper,206,275,1
2026-07-04 18:02:01,106508,Hertie-Parkhaus,417,504,0
2026-07-04 18:02:01,106509,Parkgarage Böhringer,8,150,1
2026-07-04 18:02:01,106513,TG Hotel Ibis City,39,0,0
2026-07-04 18:02:01,106521,Car Park Cristal,428,220,0
2026-07-04 18:02:01,106524,Parkhaus Oberanger,149,393,1
2026-07-04 18:02:01,301220,Tiefgarage Karstadt Oberpollinger,56,357,1
2026-07-04 18:02:01,301234,Pschorr-Garage,12,184,1
2026-07-04 18:02:01,301236,Marienplatz-Großgarage,161,220,0
2026-07-04 18:02:01,301264,Parkhaus Hopfenpost,190,230,0
2026-07-04 18:02:01,301270,Parkhaus Marsstr. 11,247,526,1
2026-07-04 18:02:01,301271,Tiefgarage am Hauptbahnhof,0,79,0
2026-07-04 18:02:01,301272,Tiefgarage Stachus Einkaufszentrum,99,316,1
2026-07-04 18:02:01,301277,Parkhaus Elisenhof,116,245,1
2026-07-04 18:02:01,401004,PH Hauptbahnhof Süd,53,197,1
2026-07-04 18:02:01,401010,Parkhaus am Hofbräuhaus,6,469,1
2026-07-04 18:02:01,401055,Parkhaus Schrannenhalle,5,155,1
2026-07-04 18:02:01,401060,Königshof-Parking,40,104,1
2026-07-04 18:02:01,401062,Parkhaus am Salvatorplatz,89,267,1
2026-07-04 18:02:01,106525,Parkhaus am Hauptbahnhof,0,223,0
