timestamp,sn,parkhaus,frei,kap,aktiv
2026-09-01 00:02:02,106501,Parkhaus am Stachus,390,390,0
2026-09-01 00:02:02,106504,City-Parkhaus am Färbergraben,0,350,1
2026-09-01 00:02:02,106505,Parkgarage Rieger-City,204,266,1
2026-09-01 00:02:02,106506,Sonnenhof Parkgarage,21,77,0
2026-09-01 00:02:02,106507,Tiefgarage vor der Oper,255,275,1
2026-09-01 00:02:02,106508,Hertie-Parkhaus,417,504,0
2026-09-01 00:02:02,106509,Parkgarage Böhringer,150,150,1
2026-09-01 00:02:02,106513,TG Hotel Ibis City,39,0,0
2026-09-01 00:02:02,106521,Car Park Cristal,428,220,0
2026-09-01 00:02:02,106524,Parkhaus Oberanger,371,396,1
2026-09-01 00:02:02,301220,Tiefgarage Karstadt Oberpollinger,254,357,1
2026-09-01 00:02:02,301234,Pschorr-Garage,146,160,1
2026-09-01 00:02:02,301236,Marienplatz-Großgarage,161,220,0
2026-09-01 00:02:02,301264,Parkhaus Hopfenpost,190,230,0
2026-09-01 00:02:02,301270,Parkhaus Marsstr. 11,97,526,1
2026-09-01 00:02:02,301271,Tiefgarage am Hauptbahnhof,0,79,0
2026-09-01 00:02:02,301272,Tiefgarage Stachus Einkaufszentrum,193,336,1
2026-09-01 00:02:02,301277,Parkhaus Elisenhof,127,145,1
2026-09-01 00:02:02,401004,PH Hauptbahnhof Süd,121,197,1
2026-09-01 00:02:02,401010,Parkhaus am Hofbräuhaus,335,393,1
2026-09-01 00:02:02,401055,Parkhaus Schrannenhalle,144,147,1
2026-09-01 00:02:02,401060,Königshof-Parking,90,102,1
2026-09-01 00:02:02,401062,Parkhaus am Salvatorplatz,340,374,1
2026-09-01 00:02:02,106525,Parkhaus am Hauptbahnhof,0,223,0
2026-09-01 01:02:00,106501,Parkhaus am Stachus,390,390,0
2026-09-01 01:02:00,106504,City-Parkhaus am Färbergraben,0,350,1
2026-09-01 01:02:00,106505,Parkgarage Rieger-City,205,266,1
2026-09-01 01:02:00,106506,Sonnenhof Parkgarage,21,77,0
2026-09-01 01:02:00,106507,Tiefgarage vor der Oper,267,275,1
2026-09-01 01:02:00,106508,Hertie-Parkhaus,417,504,0
2026-09-01 01:02:00,106509,Parkgarage Böhringer,150,150,1
2026-09-01 01:02:00,106513,TG Hotel Ibis City,39,0,0
2026-09-01 01:02:00,106521,Car Park Cristal,428,220,0
2026-09-01 01:02:00,106524,Parkhaus Oberanger,373,396,1
2026-09-01 01:02:00,301220,Tiefgarage Karstadt Oberpollinger,254,357,1
2026-09-01 01:02:00,301234,Pschorr-Garage,147,160,1
2026-09-01 01:02:00,301236,Marienplatz-Großgarage,161,220,0
2026-09-01 01:02:00,301264,Parkhaus Hopfenpost,190,230,0
2026-09-01 01:02:00,301270,Parkhaus Marsstr. 11,97,526,1
2026-09-01 01:02:00,301271,Tiefgarage am Hauptbahnhof,0,79,0
2026-09-01 01:02:00,301272,Tiefgarage Stachus Einkaufszentrum,194,336,1
2026-09-01 01:02:00,301277,Parkhaus Elisenhof,128,145,1
2026-09-01 01:02:00,401004,PH Hauptbahnhof Süd,121,197,1
2026-09-01 01:02:00,401010,Parkhaus am Hofbräuhaus,339,393,1
2026-09-01 01:02:00,401055,Parkhaus Schrannenhalle,145,147,1
2026-09-01 01:02:00,401060,Königshof-Parking,94,102,1
2026-09-01 01:02:00,401062,Parkhaus am Salvatorplatz,340,374,1
2026-09-01 01:02:00,106525,Parkhaus am Hauptbahnhof,0,223,0
2026-09-01 02:02:01,106501,Parkhaus am Stachus,390,390,0
2026-09-01 02:02:01,106504,City-Parkhaus am Färbergraben,0,350,1
2026-09-01 02:02:01,106505,Parkgarage Rieger-City,205,266,1
2026-09-01 02:02:01,106506,Sonnenhof Parkgarage,21,77,0
2026-09-01 02:02:01,106507,Tiefgarage vor der Oper,267,275,1
2026-09-01 02:02:01,106508,Hertie-Parkhaus,417,504,0
2026-09-01 02:02:01,106509,Parkgarage Böhringer,150,150,1
2026-09-01 02:02:01,106513,TG Hotel Ibis City,39,0,0
2026-09-01 02:02:01,106521,Car Park Cristal,428,220,0
2026-09-01 02:02:01,106524,Parkhaus Oberanger,373,396,1
2026-09-01 02:02:01,301220,Tiefgarage Karstadt Oberpollinger,254,357,1
2026-09-01 02:02:01,301234,Pschorr-Garage,146,160,1
2026-09-01 02:02:01,301236,Marienplatz-Großgarage,161,220,0
2026-09-01 02:02:01,301264,Parkhaus Hopfenpost,190,230,0
2026-09-01 02:02:01,301270,Parkhaus Marsstr. 11,97,526,1
2026-09-01 02:02:01,301271,Tiefgarage am Hauptbahnhof,0,79,0
2026-09-01 02:02:01,301272,Tiefgarage Stachus Einkaufszentrum,195,336,1
2026-09-01 02:02:01,301277,Parkhaus Elisenhof,128,145,1
2026-09-01 02:02:01,401004,PH Hauptbahnhof Süd,120,197,1
2026-09-01 02:02:01,401010,Parkhaus am Hofbräuhaus,340,393,1
2026-09-01 02:02:01,401055,Parkhaus Schrannenhalle,145,147,1
2026-09-01 02:02:01,401060,Königshof-Parking,94,102,1
2026-09-01 02:02:01,401062,Parkhaus am Salvatorplatz,340,374,1
2026-09-01 02:02:01,106525,Parkhaus am Hauptbahnhof,0,223,0
2026-09-01 03:02:01,106501,Parkhaus am Stachus,390,390,0
2026-09-01 03:02:01,106504,City-Parkhaus am Färbergraben,0,350,1
2026-09-01 03:02:01,106505,Parkgarage Rieger-City,205,266,1
2026-09-01 03:02:01,106506,Sonnenhof Parkgarage,21,77,0
2026-09-01 03:02:01,106507,Tiefgarage vor der Oper,267,275,1
2026-09-01 03:02:01,106508,Hertie-Parkhaus,417,504,0
2026-09-01 03:02:01,106509,Parkgarage Böhringer,150,150,1
2026-09-01 03:02:01,106513,TG Hotel Ibis City,39,0,0
2026-09-01 03:02:01,106521,Car Park Cristal,428,220,0
2026-09-01 03:02:01,106524,Parkhaus Oberanger,375,396,1
2026-09-01 03:02:01,301220,Tiefgarage Karstadt Oberpollinger,254,357,1
2026-09-01 03:02:01,301234,Pschorr-Garage,147,160,1
2026-09-01 03:02:01,301236,Marienplatz-Großgarage,161,220,0
2026-09-01 03:02:01,301264,Parkhaus Hopfenpost,190,230,0
2026-09-01 03:02:01,301270,Parkhaus Marsstr. 11,101,526,1
2026-09-01 03:02:01,301271,Tiefgarage am Hauptbahnhof,0,79,0
2026-09-01 03:02:01,301272,Tiefgarage Stachus Einkaufszentrum,195,336,1
2026-09-01 03:02:01,301277,Parkhaus Elisenhof,128,145,1
2026-09-01 03:02:01,401004,PH Hauptbahnhof Süd,120,197,1
2026-09-01 03:02:01,401010,Parkhaus am Hofbräuhaus,340,393,1
2026-09-01 03:02:01,401055,Parkhaus Schrannenhalle,145,147,1
2026-09-01 03:02:01,401060,Königshof-Parking,94,102,1
2026-09-01 03:02:01,401062,Parkhaus am Salvatorplatz,340,374,1
2026-09-01 03:02:01,106525,Parkhaus am Hauptbahnhof,0,223,0
2026-09-01 04:02:01,106501,Parkhaus am Stachus,390,390,0
2026-09-01 04:02:01,106504,City-Parkhaus am Färbergraben,0,350,1
2026-09-01 04:02:01,106505,Parkgarage Rieger-City,205,266,1
2026-09-01 04:02:01,106506,Sonnenhof Parkgarage,21,77,0
2026-09-01 04:02:01,106507,Tiefgarage vor der Oper,267,275,1
2026-09-01 04:02:01,106508,Hertie-Parkhaus,417,504,0
2026-09-01 04:02:01,106509,Parkgarage Böhringer,150,150,1
2026-09-01 04:02:01,106513,TG Hotel Ibis City,39,0,0
2026-09-01 04:02:01,106521,Car Park Cristal,428,220,0
2026-09-01 04:02:01,106524,Parkhaus Oberanger,375,396,1
2026-09-01 04:02:01,301220,Tiefgarage Karstadt Oberpollinger,254,357,1
2026-09-01 04:02:01,301234,Pschorr-Garage,147,160,1
2026-09-01 04:02:01,301236,Marienplatz-Großgarage,161,220,0
2026-09-01 04:02:01,301264,Parkhaus Hopfenpost,190,230,0
2026-09-01 04:02:01,301270,Parkhaus Marsstr. 11,101,526,1
2026-09-01 04:02:01,301271,Tiefgarage am Hauptbahnhof,0,79,0
2026-09-01 04:02:01,301272,Tiefgarage Stachus Einkaufszentrum,196,336,1
2026-09-01 04:02:01,301277,Parkhaus Elisenhof,128,145,1
2026-09-01 04:02:01,401004,PH Hauptbahnhof Süd,120,197,1
2026-09-01 04:02:01,401010,Parkhaus am Hofbräuhaus,340,393,1
2026-09-01 04:02:01,401055,Parkhaus Schrannenhalle,145,147,1
2026-09-01 04:02:01,401060,Königshof-Parking,94,102,1
2026-09-01 04:02:01,401062,Parkhaus am Salvatorplatz,339,374,1
2026-09-01 04:02:01,106525,Parkhaus am Hauptbahnhof,0,223,0
2026-09-01 05:02:01,106501,Parkhaus am Stachus,390,390,0
2026-09-01 05:02:01,106504,City-Parkhaus am Färbergraben,0,350,1
2026-09-01 05:02:01,106505,Parkgarage Rieger-City,205,266,1
2026-09-01 05:02:01,106506,Sonnenhof Parkgarage,21,77,0
2026-09-01 05:02:01,106507,Tiefgarage vor der Oper,267,275,1
2026-09-01 05:02:01,106508,Hertie-Parkhaus,417,504,0
2026-09-01 05:02:01,106509,Parkgarage Böhringer,150,150,1
2026-09-01 05:02:01,106513,TG Hotel Ibis City,39,0,0
2026-09-01 05:02:01,106521,Car Park Cristal,428,220,0
2026-09-01 05:02:01,106524,Parkhaus Oberanger,375,396,1
2026-09-01 05:02:01,301220,Tiefgarage Karstadt Oberpollinger,253,357,1
2026-09-01 05:02:01,301234,Pschorr-Garage,147,160,1
2026-09-01 05:02:01,301236,Marienplatz-Großgarage,161,220,0
2026-09-01 05:02:01,301264,Parkhaus Hopfenpost,190,230,0
2026-09-01 05:02:01,301270,Parkhaus Marsstr. 11,101,526,1
2026-09-01 05:02:01,301271,Tiefgarage am Hauptbahnhof,0,79,0
2026-09-01 05:02:01,301272,Tiefgarage Stachus Einkaufszentrum,195,336,1
2026-09-01 05:02:01,301277,Parkhaus Elisenhof,128,145,1
2026-09-01 05:02:01,401004,PH Hauptbahnhof Süd,120,197,1
2026-09-01 05:02:01,401010,Parkhaus am Hofbräuhaus,340,393,1
2026-09-01 05:02:01,401055,Parkhaus Schrannenhalle,145,147,1
2026-09-01 05:02:01,401060,Königshof-Parking,94,102,1
2026-09-01 05:02:01,401062,Parkhaus am Salvatorplatz,339,374,1
2026-09-01 05:02:01,106525,Parkhaus am Hauptbahnhof,0,223,0
2026-09-01 06:02:01,106501,Parkhaus am Stachus,390,390,0
2026-09-01 06:02:01,106504,City-Parkhaus am Färbergraben,0,350,1
2026-09-01 06:02:01,106505,Parkgarage Rieger-City,206,266,1
2026-09-01 06:02:01,106506,Sonnenhof Parkgarage,21,77,0
2026-09-01 06:02:01,106507,Tiefgarage vor der Oper,265,275,1
2026-09-01 06:02:01,106508,Hertie-Parkhaus,417,504,0
2026-09-01 06:02:01,106509,Parkgarage Böhringer,150,150,1
2026-09-01 06:02:01,106513,TG Hotel Ibis City,39,0,0
2026-09-01 06:02:01,106521,Car Park Cristal,428,220,0
2026-09-01 06:02:01,106524,Parkhaus Oberanger,373,396,1
2026-09-01 06:02:01,301220,Tiefgarage Karstadt Oberpollinger,253,357,1
2026-09-01 06:02:01,301234,Pschorr-Garage,147,160,1
2026-09-01 06:02:01,301236,Marienplatz-Großgarage,161,220,0
2026-09-01 06:02:01,301264,Parkhaus Hopfenpost,190,230,0
2026-09-01 06:02:01,301270,Parkhaus Marsstr. 11,95,526,1
2026-09-01 06:02:01,301271,Tiefgarage am Hauptbahnhof,0,79,0
2026-09-01 06:02:01,301272,Tiefgarage Stachus Einkaufszentrum,195,336,1
2026-09-01 06:02:01,301277,Parkhaus Elisenhof,126,145,1
2026-09-01 06:02:01,401004,PH Hauptbahnhof Süd,120,197,1
2026-09-01 06:02:01,401010,Parkhaus am Hofbräuhaus,342,393,1
2026-09-01 06:02:01,401055,Parkhaus Schrannenhalle,145,147,1
2026-09-01 06:02:01,401060,Königshof-Parking,94,102,1
2026-09-01 06:02:01,401062,Parkhaus am Salvatorplatz,339,374,1
2026-09-01 06:02:01,106525,Parkhaus am Hauptbahnhof,0,223,0
2026-09-01 07:02:01,106501,Parkhaus am Stachus,390,390,0
2026-09-01 07:02:01,106504,City-Parkhaus am Färbergraben,343,350,1
2026-09-01 07:02:01,106505,Parkgarage Rieger-City,206,266,1
2026-09-01 07:02:01,106506,Sonnenhof Parkgarage,21,77,0
2026-09-01 07:02:01,106507,Tiefgarage vor der Oper,261,275,1
2026-09-01 07:02:01,106508,Hertie-Parkhaus,417,504,0
2026-09-01 07:02:01,106509,Parkgarage Böhringer,146,150,1
2026-09-01 07:02:01,106513,TG Hotel Ibis City,39,0,0
2026-09-01 07:02:01,106521,Car Park Cristal,428,220,0
2026-09-01 07:02:01,106524,Parkhaus Oberanger,364,396,1
2026-09-01 07:02:01,301220,Tiefgarage Karstadt Oberpollinger,250,357,1
2026-09-01 07:02:01,301234,Pschorr-Garage,147,160,1
2026-09-01 07:02:01,301236,Marienplatz-Großgarage,161,220,0
2026-09-01 07:02:01,301264,Parkhaus Hopfenpost,190,230,0
2026-09-01 07:02:01,301270,Parkhaus Marsstr. 11,97,526,1
2026-09-01 07:02:01,301271,Tiefgarage am Hauptbahnhof,0,79,0
2026-09-01 07:02:01,301272,Tiefgarage Stachus Einkaufszentrum,195,336,1
2026-09-01 07:02:01,301277,Parkhaus Elisenhof,126,145,1
2026-09-01 07:02:01,401004,PH Hauptbahnhof Süd,120,197,1
2026-09-01 07:02:01,401010,Parkhaus am Hofbräuhaus,343,393,1
2026-09-01 07:02:01,401055,Parkhaus Schrannenhalle,145,147,1
2026-09-01 07:02:01,401060,Königshof-Parking,96,102,1
2026-09-01 07:02:01,401062,Parkhaus am Salvatorplatz,338,374,1
2026-09-01 07:02:01,106525,Parkhaus am Hauptbahnhof,0,223,0
2026-09-01 08:02:01,106501,Parkhaus am Stachus,390,390,0
2026-09-01 08:02:01,106504,City-Parkhaus am Färbergraben,329,350,1
2026-09-01 08:02:01,106505,Parkgarage Rieger-City,203,266,1
2026-09-01 08:02:01,106506,Sonnenhof Parkgarage,21,77,0
2026-09-01 08:02:01,106507,Tiefgarage vor der Oper,253,275,1
2026-09-01 08:02:01,106508,Hertie-Parkhaus,417,504,0
2026-09-01 08:02:01,106509,Parkgarage Böhringer,144,150,1
2026-09-01 08:02:01,106513,TG Hotel Ibis City,39,0,0
2026-09-01 08:02:01,106521,Car Park Cristal,428,220,0
2026-09-01 08:02:01,106524,Parkhaus Oberanger,344,396,1
2026-09-01 08:02:01,301220,Tiefgarage Karstadt Oberpollinger,237,357,1
2026-09-01 08:02:01,301234,Pschorr-Garage,140,160,1
2026-09-01 08:02:01,301236,Marienplatz-Großgarage,161,220,0
2026-09-01 08:02:01,301264,Parkhaus Hopfenpost,190,230,0
2026-09-01 08:02:01,301270,Parkhaus Marsstr. 11,103,526,1
2026-09-01 08:02:01,301271,Tiefgarage am Hauptbahnhof,0,79,0
2026-09-01 08:02:01,301272,Tiefgarage Stachus Einkaufszentrum,202,336,1
2026-09-01 08:02:01,301277,Parkhaus Elisenhof,120,145,1
2026-09-01 08:02:01,401004,PH Hauptbahnhof Süd,117,197,1
2026-09-01 08:02:01,401010,Parkhaus am Hofbräuhaus,328,393,1
2026-09-01 08:02:01,401055,Parkhaus Schrannenhalle,141,147,1
2026-09-01 08:02:01,401060,Königshof-Parking,91,102,1
2026-09-01 08:02:01,401062,Parkhaus am Salvatorplatz,332,374,1
2026-09-01 08:02:01,106525,Parkhaus am Hauptbahnhof,0,223,0
2026-09-01 09:02:02,106501,Parkhaus am Stachus,390,390,0
2026-09-01 09:02:02,106504,City-Parkhaus am Färbergraben,302,350,1
2026-09-01 09:02:02,106505,Parkgarage Rieger-City,195,266,1
2026-09-01 09:02:02,106506,Sonnenhof Parkgarage,21,77,0
2026-09-01 09:02:02,106507,Tiefgarage vor der Oper,230,275,1
2026-09-01 09:02:02,106508,Hertie-Parkhaus,417,504,0
2026-09-01 09:02:02,106509,Parkgarage Böhringer,136,150,1
2026-09-01 09:02:02,106513,TG Hotel Ibis City,39,0,0
2026-09-01 09:02:02,106521,Car Park Cristal,428,220,0
2026-09-01 09:02:02,106524,Parkhaus Oberanger,312,396,1
2026-09-01 09:02:02,301220,Tiefgarage Karstadt Oberpollinger,200,357,1
2026-09-01 09:02:02,301234,Pschorr-Garage,126,160,1
2026-09-01 09:02:02,301236,Marienplatz-Großgarage,161,220,0
2026-09-01 09:02:02,301264,Parkhaus Hopfenpost,190,230,0
2026-09-01 09:02:02,301270,Parkhaus Marsstr. 11,115,526,1
2026-09-01 09:02:02,301271,Tiefgarage am Hauptbahnhof,0,79,0
2026-09-01 09:02:02,301272,Tiefgarage Stachus Einkaufszentrum,198,336,1
2026-09-01 09:02:02,301277,Parkhaus Elisenhof,107,145,1
2026-09-01 09:02:02,401004,PH Hauptbahnhof Süd,124,197,1
2026-09-01 09:02:02,401010,Parkhaus am Hofbräuhaus,308,393,1
2026-09-01 09:02:02,401055,Parkhaus Schrannenhalle,127,147,1
2026-09-01 09:02:02,401060,Königshof-Parking,84,102,1
2026-09-01 09:02:02,401062,Parkhaus am Salvatorplatz,311,374,1
2026-09-01 09:02:02,106525,Parkhaus am Hauptbahnhof,0,223,0
2026-09-01 10:02:01,106501,Parkhaus am Stachus,390,390,0
2026-09-01 10:02:01,106504,City-Parkhaus am Färbergraben,261,350,1
2026-09-01 10:02:01,106505,Parkgarage Rieger-City,180,266,1
2026-09-01 10:02:01,106506,Sonnenhof Parkgarage,21,77,0
2026-09-01 10:02:01,106507,Tiefgarage vor der Oper,166,275,1
2026-09-01 10:02:01,106508,Hertie-Parkhaus,417,504,0
2026-09-01 10:02:01,106509,Parkgarage Böhringer,116,150,1
2026-09-01 10:02:01,106513,TG Hotel Ibis City,39,0,0
2026-09-01 10:02:01,106521,Car Park Cristal,428,220,0
2026-09-01 10:02:01,106524,Parkhaus Oberanger,278,396,1
2026-09-01 10:02:01,301220,Tiefgarage Karstadt Oberpollinger,159,357,1
2026-09-01 10:02:01,301234,Pschorr-Garage,103,160,1
2026-09-01 10:02:01,301236,Marienplatz-Großgarage,161,220,0
2026-09-01 10:02:01,301264,Parkhaus Hopfenpost,190,230,0
2026-09-01 10:02:01,301270,Parkhaus Marsstr. 11,131,526,1
2026-09-01 10:02:01,301271,Tiefgarage am Hauptbahnhof,0,79,0
2026-09-01 10:02:01,301272,Tiefgarage Stachus Einkaufszentrum,188,336,1
2026-09-01 10:02:01,301277,Parkhaus Elisenhof,103,145,1
2026-09-01 10:02:01,401004,PH Hauptbahnhof Süd,135,197,1
2026-09-01 10:02:01,401010,Parkhaus am Hofbräuhaus,256,393,1
2026-09-01 10:02:01,401055,Parkhaus Schrannenhalle,95,147,1
2026-09-01 10:02:01,401060,Königshof-Parking,82,102,1
2026-09-01 10:02:01,401062,Parkhaus am Salvatorplatz,249,349,1
2026-09-01 10:02:01,106525,Parkhaus am Hauptbahnhof,0,223,0
2026-09-01 11:02:01,106501,Parkhaus am Stachus,390,390,0
2026-09-01 11:02:01,106504,City-Parkhaus am Färbergraben,220,350,1
2026-09-01 11:02:01,106505,Parkgarage Rieger-City,170,266,1
2026-09-01 11:02:01,106506,Sonnenhof Parkgarage,21,77,0
2026-09-01 11:02:01,106507,Tiefgarage vor der Oper,96,275,1
2026-09-01 11:02:01,106508,Hertie-Parkhaus,417,504,0
2026-09-01 11:02:01,106509,Parkgarage Böhringer,90,150,1
2026-09-01 11:02:01,106513,TG Hotel Ibis City,39,0,0
2026-09-01 11:02:01,106521,Car Park Cristal,428,220,0
2026-09-01 11:02:01,106524,Parkhaus Oberanger,236,396,1
2026-09-01 11:02:01,301220,Tiefgarage Karstadt Oberpollinger,120,357,1
2026-09-01 11:02:01,301234,Pschorr-Garage,70,160,1
2026-09-01 11:02:01,301236,Marienplatz-Großgarage,161,220,0
2026-09-01 11:02:01,301264,Parkhaus Hopfenpost,190,230,0
2026-09-01 11:02:01,301270,Parkhaus Marsstr. 11,144,526,1
2026-09-01 11:02:01,301271,Tiefgarage am Hauptbahnhof,0,79,0
2026-09-01 11:02:01,301272,Tiefgarage Stachus Einkaufszentrum,186,336,1
2026-09-01 11:02:01,301277,Parkhaus Elisenhof,83,145,1
2026-09-01 11:02:01,401004,PH Hauptbahnhof Süd,143,197,1
2026-09-01 11:02:01,401010,Parkhaus am Hofbräuhaus,201,393,1
2026-09-01 11:02:01,401055,Parkhaus Schrannenhalle,60,150,1
2026-09-01 11:02:01,401060,Königshof-Parking,87,102,1
2026-09-01 11:02:01,401062,Parkhaus am Salvatorplatz,209,349,1
2026-09-01 11:02:01,106525,Parkhaus am Hauptbahnhof,0,223,0
2026-09-01 12:02:01,106501,Parkhaus am Stachus,390,390,0
2026-09-01 12:02:01,106504,City-Parkhaus am Färbergraben,192,350,1
2026-09-01 12:02:01,106505,Parkgarage Rieger-City,154,266,1
2026-09-01 12:02:01,106506,Sonnenhof Parkgarage,21,77,0
2026-09-01 12:02:01,106507,Tiefgarage vor der Oper,43,275,1
2026-09-01 12:02:01,106508,Hertie-Parkhaus,417,504,0
2026-09-01 12:02:01,106509,Parkgarage Böhringer,71,150,1
2026-09-01 12:02:01,106513,TG Hotel Ibis City,39,0,0
2026-09-01 12:02:01,106521,Car Park Cristal,428,220,0
2026-09-01 12:02:01,106524,Parkhaus Oberanger,163,393,1
2026-09-01 12:02:01,301220,Tiefgarage Karstadt Oberpollinger,107,357,1
2026-09-01 12:02:01,301234,Pschorr-Garage,51,168,1
2026-09-01 12:02:01,301236,Marienplatz-Großgarage,161,220,0
2026-09-01 12:02:01,301264,Parkhaus Hopfenpost,190,230,0
2026-09-01 12:02:01,301270,Parkhaus Marsstr. 11,154,526,1
2026-09-01 12:02:01,301271,Tiefgarage am Hauptbahnhof,0,79,0
2026-09-01 12:02:01,301272,Tiefgarage Stachus Einkaufszentrum,174,336,1
2026-09-01 12:02:01,301277,Parkhaus Elisenhof,80,145,1
2026-09-01 12:02:01,401004,PH Hauptbahnhof Süd,136,197,1
2026-09-01 12:02:01,401010,Parkhaus am Hofbräuhaus,113,373,1
2026-09-01 12:02:01,401055,Parkhaus Schrannenhalle,31,150,1
2026-09-01 12:02:01,401060,Königshof-Parking,75,102,1
2026-09-01 12:02:01,401062,Parkhaus am Salvatorplatz,178,339,1
2026-09-01 12:02:01,106525,Parkhaus am Hauptbahnhof,0,223,0
2026-09-01 13:02:01,106501,Parkhaus am Stachus,390,390,0
2026-09-01 13:02:01,106504,City-Parkhaus am Färbergraben,167,350,1
2026-09-01 13:02:01,106505,Parkgarage Rieger-City,171,296,1
2026-09-01 13:02:01,106506,Sonnenhof Parkgarage,21,77,0
2026-09-01 13:02:01,106507,Tiefgarage vor der Oper,22,275,1
2026-09-01 13:02:01,106508,Hertie-Parkhaus,417,504,0
2026-09-01 13:02:01,106509,Parkgarage Böhringer,71,150,1
2026-09-01 13:02:01,106513,TG Hotel Ibis City,39,0,0
2026-09-01 13:02:01,106521,Car Park Cristal,428,220,0
2026-09-01 13:02:01,106524,Parkhaus Oberanger,148,393,1
2026-09-01 13:02:01,301220,Tiefgarage Karstadt Oberpollinger,89,357,1
2026-09-01 13:02:01,301234,Pschorr-Garage,29,168,1
2026-09-01 13:02:01,301236,Marienplatz-Großgarage,161,220,0
2026-09-01 13:02:01,301264,Parkhaus Hopfenpost,190,230,0
2026-09-01 13:02:01,301270,Parkhaus Marsstr. 11,167,526,1
2026-09-01 13:02:01,301271,Tiefgarage am Hauptbahnhof,0,79,0
2026-09-01 13:02:01,301272,Tiefgarage Stachus Einkaufszentrum,181,336,1
2026-09-01 13:02:01,301277,Parkhaus Elisenhof,69,145,1
2026-09-01 13:02:01,401004,PH Hauptbahnhof Süd,138,197,1
2026-09-01 13:02:01,401010,Parkhaus am Hofbräuhaus,95,373,1
2026-09-01 13:02:01,401055,Parkhaus Schrannenhalle,7,150,1
2026-09-01 13:02:01,401060,Königshof-Parking,74,102,1
2026-09-01 13:02:01,401062,Parkhaus am Salvatorplatz,159,339,1
2026-09-01 13:02:01,106525,Parkhaus am Hauptbahnhof,0,223,0
2026-09-01 14:02:01,106501,Parkhaus am Stachus,390,390,0
2026-09-01 14:02:01,106504,City-Parkhaus am Färbergraben,158,350,1
2026-09-01 14:02:01,106505,Parkgarage Rieger-City,165,296,1
2026-09-01 14:02:01,106506,Sonnenhof Parkgarage,21,77,0
2026-09-01 14:02:01,106507,Tiefgarage vor der Oper,26,275,1
2026-09-01 14:02:01,106508,Hertie-Parkhaus,417,504,0
2026-09-01 14:02:01,106509,Parkgarage Böhringer,59,150,1
2026-09-01 14:02:01,106513,TG Hotel Ibis City,39,0,0
2026-09-01 14:02:01,106521,Car Park Cristal,428,220,0
2026-09-01 14:02:01,106524,Parkhaus Oberanger,160,393,1
2026-09-01 14:02:01,301220,Tiefgarage Karstadt Oberpollinger,98,357,1
2026-09-01 14:02:01,301234,Pschorr-Garage,34,168,1
2026-09-01 14:02:01,301236,Marienplatz-Großgarage,161,220,0
2026-09-01 14:02:01,301264,Parkhaus Hopfenpost,190,230,0
2026-09-01 14:02:01,301270,Parkhaus Marsstr. 11,171,526,1
2026-09-01 14:02:01,301271,Tiefgarage am Hauptbahnhof,0,79,0
2026-09-01 14:02:01,301272,Tiefgarage Stachus Einkaufszentrum,191,336,1
2026-09-01 14:02:01,301277,Parkhaus Elisenhof,56,145,1
2026-09-01 14:02:01,401004,PH Hauptbahnhof Süd,134,197,1
2026-09-01 14:02:01,401010,Parkhaus am Hofbräuhaus,87,373,1
2026-09-01 14:02:01,401055,Parkhaus Schrannenhalle,21,150,1
2026-09-01 14:02:01,401060,Königshof-Parking,75,102,1
2026-09-01 14:02:01,401062,Parkhaus am Salvatorplatz,163,339,1
2026-09-01 14:02:01,106525,Parkhaus am Hauptbahnhof,0,223,0
2026-09-01 15:02:00,106501,Parkhaus am Stachus,390,390,0
2026-09-01 15:02:00,106504,City-Parkhaus am Färbergraben,160,350,1
2026-09-01 15:02:00,106505,Parkgarage Rieger-City,179,296,1
2026-09-01 15:02:00,106506,Sonnenhof Parkgarage,21,77,0
2026-09-01 15:02:00,106507,Tiefgarage vor der Oper,32,275,1
2026-09-01 15:02:00,106508,Hertie-Parkhaus,417,504,0
2026-09-01 15:02:00,106509,Parkgarage Böhringer,53,150,1
2026-09-01 15:02:00,106513,TG Hotel Ibis City,39,0,0
2026-09-01 15:02:00,106521,Car Park Cristal,428,220,0
2026-09-01 15:02:00,106524,Parkhaus Oberanger,165,393,1
2026-09-01 15:02:00,301220,Tiefgarage Karstadt Oberpollinger,102,357,1
2026-09-01 15:02:00,301234,Pschorr-Garage,45,168,1
2026-09-01 15:02:00,301236,Marienplatz-Großgarage,161,220,0
2026-09-01 15:02:00,301264,Parkhaus Hopfenpost,190,230,0
2026-09-01 15:02:00,301270,Parkhaus Marsstr. 11,178,526,1
2026-09-01 15:02:00,301271,Tiefgarage am Hauptbahnhof,0,79,0
2026-09-01 15:02:00,301272,Tiefgarage Stachus Einkaufszentrum,189,336,1
2026-09-01 15:02:00,301277,Parkhaus Elisenhof,67,145,1
2026-09-01 15:02:00,401004,PH Hauptbahnhof Süd,131,197,1
2026-09-01 15:02:00,401010,Parkhaus am Hofbräuhaus,104,373,1
2026-09-01 15:02:00,401055,Parkhaus Schrannenhalle,14,150,1
2026-09-01 15:02:00,401060,Königshof-Parking,76,102,1
2026-09-01 15:02:00,401062,Parkhaus am Salvatorplatz,177,339,1
2026-09-01 15:02:00,106525,Parkhaus am Hauptbahnhof,0,223,0
2026-09-01 16:02:01,106501,Parkhaus am Stachus,390,390,0
2026-09-01 16:02:01,106504,City-Parkhaus am Färbergraben,190,350,1
2026-09-01 16:02:01,106505,Parkgarage Rieger-City,194,296,1
2026-09-01 16:02:01,106506,Sonnenhof Parkgarage,21,77,0
2026-09-01 16:02:01,106507,Tiefgarage vor der Oper,45,275,1
2026-09-01 16:02:01,106508,Hertie-Parkhaus,417,504,0
2026-09-01 16:02:01,106509,Parkgarage Böhringer,69,150,1
2026-09-01 16:02:01,106513,TG Hotel Ibis City,39,0,0
2026-09-01 16:02:01,106521,Car Park Cristal,428,220,0
2026-09-01 16:02:01,106524,Parkhaus Oberanger,201,393,1
2026-09-01 16:02:01,301220,Tiefgarage Karstadt Oberpollinger,93,357,1
2026-09-01 16:02:01,301234,Pschorr-Garage,45,160,1
2026-09-01 16:02:01,301236,Marienplatz-Großgarage,161,220,0
2026-09-01 16:02:01,301264,Parkhaus Hopfenpost,190,230,0
2026-09-01 16:02:01,301270,Parkhaus Marsstr. 11,170,526,1
2026-09-01 16:02:01,301271,Tiefgarage am Hauptbahnhof,0,79,0
2026-09-01 16:02:01,301272,Tiefgarage Stachus Einkaufszentrum,193,336,1
2026-09-01 16:02:01,301277,Parkhaus Elisenhof,61,145,1
2026-09-01 16:02:01,401004,PH Hauptbahnhof Süd,117,197,1
2026-09-01 16:02:01,401010,Parkhaus am Hofbräuhaus,160,373,1
2026-09-01 16:02:01,401055,Parkhaus Schrannenhalle,26,150,1
2026-09-01 16:02:01,401060,Königshof-Parking,78,102,1
2026-09-01 16:02:01,401062,Parkhaus am Salvatorplatz,167,339,1
2026-09-01 16:02:01,106525,Parkhaus am Hauptbahnhof,0,223,0
2026-09-01 17:02:01,106501,Parkhaus am Stachus,390,390,0
2026-09-01 17:02:01,106504,City-Parkhaus am Färbergraben,202,350,1
2026-09-01 17:02:01,106505,Parkgarage Rieger-City,207,296,1
2026-09-01 17:02:01,106506,Sonnenhof Parkgarage,21,77,0
2026-09-01 17:02:01,106507,Tiefgarage vor der Oper,58,275,1
2026-09-01 17:02:01,106508,Hertie-Parkhaus,417,504,0
2026-09-01 17:02:01,106509,Parkgarage Böhringer,86,150,1
2026-09-01 17:02:01,106513,TG Hotel Ibis City,39,0,0
2026-09-01 17:02:01,106521,Car Park Cristal,428,220,0
2026-09-01 17:02:01,106524,Parkhaus Oberanger,218,393,1
2026-09-01 17:02:01,301220,Tiefgarage Karstadt Oberpollinger,115,357,1
2026-09-01 17:02:01,301234,Pschorr-Garage,56,160,1
2026-09-01 17:02:01,301236,Marienplatz-Großgarage,161,220,0
2026-09-01 17:02:01,301264,Parkhaus Hopfenpost,190,230,0
2026-09-01 17:02:01,301270,Parkhaus Marsstr. 11,165,526,1
2026-09-01 17:02:01,301271,Tiefgarage am Hauptbahnhof,0,79,0
2026-09-01 17:02:01,301272,Tiefgarage Stachus Einkaufszentrum,191,336,1
2026-09-01 17:02:01,301277,Parkhaus Elisenhof,56,145,1
2026-09-01 17:02:01,401004,PH Hauptbahnhof Süd,119,197,1
2026-09-01 17:02:01,401010,Parkhaus am Hofbräuhaus,188,373,1
2026-09-01 17:02:01,401055,Parkhaus Schrannenhalle,51,150,1
2026-09-01 17:02:01,401060,Königshof-Parking,76,102,1
2026-09-01 17:02:01,401062,Parkhaus am Salvatorplatz,201,339,1
2026-09-01 17:02:01,106525,Parkhaus am Hauptbahnhof,0,223,0
2026-09-01 18:02:01,106501,Parkhaus am Stachus,390,390,0
2026-09-01 18:02:01,106504,City-Parkhaus am Färbergraben,242,350,1
2026-09-01 18:02:01,106505,Parkgarage Rieger-City,208,296,1
2026-09-01 18:02:01,106506,Sonnenhof Parkgarage,21,77,0
2026-09-01 18:02:01,106507,Tiefgarage vor der Oper,72,275,1
2026-09-01 18:02:01,106508,Hertie-Parkhaus,417,504,0
2026-09-01 18:02:01,106509,Parkgarage Böhringer,95,150,1
2026-09-01 18:02:01,106513,TG Hotel Ibis City,39,0,0
2026-09-01 18:02:01,106521,Car Park Cristal,428,220,0
2026-09-01 18:02:01,106524,Parkhaus Oberanger,258,393,1
2026-09-01 18:02:01,301220,Tiefgarage Karstadt Oberpollinger,146,357,1
2026-09-01 18:02:01,301234,Pschorr-Garage,45,160,1
2026-09-01 18:02:01,301236,Marienplatz-Großgarage,161,220,0
2026-09-01 18:02:01,301264,Parkhaus Hopfenpost,190,230,0
2026-09-01 18:02:01,301270,Parkhaus Marsstr. 11,164,526,1
2026-09-01 18:02:01,301271,Tiefgarage am Hauptbahnhof,0,79,0
2026-09-01 18:02:01,301272,Tiefgarage Stachus Einkaufszentrum,189,336,1
2026-09-01 18:02:01,301277,Parkhaus Elisenhof,62,145,1
2026-09-01 18:02:01,401004,PH Hauptbahnhof Süd,111,197,1
2026-09-01 18:02:01,401010,Parkhaus am Hofbräuhaus,206,373,1
2026-09-01 18:02:01,401055,Parkhaus Schrannenhalle,54,150,1
2026-09-01 18:02:01,401060,Königshof-Parking,70,102,1
2026-09-01 18:02:01,401062,Parkhaus am Salvatorplatz,228,339,1
2026-09-01 18:02:01,106525,Parkhaus am Hauptbahnhof,0,223,0
2026-09-01 19:02:01,106501,Parkhaus am Stachus,390,390,0
2026-09-01 19:02:01,106504,City-Parkhaus am Färbergraben,243,350,1
2026-09-01 19:02:01,106505,Parkgarage Rieger-City,210,296,1
2026-09-01 19:02:01,106506,Sonnenhof Parkgarage,21,77,0
2026-09-01 19:02:01,106507,Tiefgarage vor der Oper,108,275,1
2026-09-01 19:02:01,106508,Hertie-Parkhaus,417,504,0
2026-09-01 19:02:01,106509,Parkgarage Böhringer,96,150,1
2026-09-01 19:02:01,106513,TG Hotel Ibis City,39,0,0
2026-09-01 19:02:01,106521,Car Park Cristal,428,220,0
2026-09-01 19:02:01,106524,Parkhaus Oberanger,282,393,1
2026-09-01 19:02:01,301220,Tiefgarage Karstadt Oberpollinger,167,357,1
2026-09-01 19:02:01,301234,Pschorr-Garage,54,160,1
2026-09-01 19:02:01,301236,Marienplatz-Großgarage,161,220,0
2026-09-01 19:02:01,301264,Parkhaus Hopfenpost,190,230,0
2026-09-01 19:02:01,301270,Parkhaus Marsstr. 11,159,526,1
2026-09-01 19:02:01,301271,Tiefgarage am Hauptbahnhof,0,79,0
2026-09-01 19:02:01,301272,Tiefgarage Stachus Einkaufszentrum,197,336,1
2026-09-01 19:02:01,301277,Parkhaus Elisenhof,63,145,1
2026-09-01 19:02:01,401004,PH Hauptbahnhof Süd,108,197,1
2026-09-01 19:02:01,401010,Parkhaus am Hofbräuhaus,215,373,1
2026-09-01 19:02:01,401055,Parkhaus Schrannenhalle,73,150,1
2026-09-01 19:02:01,401060,Königshof-Parking,0,0,1
2026-09-01 19:02:01,401062,Parkhaus am Salvatorplatz,252,339,1
2026-09-01 19:02:01,106525,Parkhaus am Hauptbahnhof,0,223,0
2026-09-01 20:02:01,106501,Parkhaus am Stachus,390,390,0
2026-09-01 20:02:01,106504,City-Parkhaus am Färbergraben,291,350,1
2026-09-01 20:02:01,106505,Parkgarage Rieger-City,216,296,1
2026-09-01 20:02:01,106506,Sonnenhof Parkgarage,21,77,0
2026-09-01 20:02:01,106507,Tiefgarage vor der Oper,144,275,1
2026-09-01 20:02:01,106508,Hertie-Parkhaus,417,504,0
2026-09-01 20:02:01,106509,Parkgarage Böhringer,98,150,1
2026-09-01 20:02:01,106513,TG Hotel Ibis City,39,0,0
2026-09-01 20:02:01,106521,Car Park Cristal,428,220,0
2026-09-01 20:02:01,106524,Parkhaus Oberanger,319,393,1
2026-09-01 20:02:01,301220,Tiefgarage Karstadt Oberpollinger,203,357,1
2026-09-01 20:02:01,301234,Pschorr-Garage,78,160,1
2026-09-01 20:02:01,301236,Marienplatz-Großgarage,161,220,0
2026-09-01 20:02:01,301264,Parkhaus Hopfenpost,190,230,0
2026-09-01 20:02:01,301270,Parkhaus Marsstr. 11,151,526,1
2026-09-01 20:02:01,301271,Tiefgarage am Hauptbahnhof,0,79,0
2026-09-01 20:02:01,301272,Tiefgarage Stachus Einkaufszentrum,201,336,1
2026-09-01 20:02:01,301277,Parkhaus Elisenhof,75,145,1
2026-09-01 20:02:01,401004,PH Hauptbahnhof Süd,105,197,1
2026-09-01 20:02:01,401010,Parkhaus am Hofbräuhaus,243,373,1
2026-09-01 20:02:01,401055,Parkhaus Schrannenhalle,83,150,1
2026-09-01 20:02:01,401060,Königshof-Parking,70,102,1
2026-09-01 20:02:01,401062,Parkhaus am Salvatorplatz,274,339,1
2026-09-01 20:02:01,106525,Parkhaus am Hauptbahnhof,0,223,0
2026-09-01 21:02:01,106501,Parkhaus am Stachus,390,390,0
2026-09-01 21:02:01,106504,City-Parkhaus am Färbergraben,325,350,1
2026-09-01 21:02:01,106505,Parkgarage Rieger-City,225,296,1
2026-09-01 21:02:01,106506,Sonnenhof Parkgarage,21,77,0
2026-09-01 21:02:01,106507,Tiefgarage vor der Oper,181,275,1
2026-09-01 21:02:01,106508,Hertie-Parkhaus,417,504,0
2026-09-01 21:02:01,106509,Parkgarage Böhringer,113,150,1
2026-09-01 21:02:01,106513,TG Hotel Ibis City,39,0,0
2026-09-01 21:02:01,106521,Car Park Cristal,428,220,0
2026-09-01 21:02:01,106524,Parkhaus Oberanger,345,393,1
2026-09-01 21:02:01,301220,Tiefgarage Karstadt Oberpollinger,223,357,1
2026-09-01 21:02:01,301234,Pschorr-Garage,101,160,1
2026-09-01 21:02:01,301236,Marienplatz-Großgarage,161,220,0
2026-09-01 21:02:01,301264,Parkhaus Hopfenpost,190,230,0
2026-09-01 21:02:01,301270,Parkhaus Marsstr. 11,134,526,1
2026-09-01 21:02:01,301271,Tiefgarage am Hauptbahnhof,0,79,0
2026-09-01 21:02:01,301272,Tiefgarage Stachus Einkaufszentrum,207,336,1
2026-09-01 21:02:01,301277,Parkhaus Elisenhof,83,145,1
2026-09-01 21:02:01,401004,PH Hauptbahnhof Süd,104,197,1
2026-09-01 21:02:01,401010,Parkhaus am Hofbräuhaus,260,373,1
2026-09-01 21:02:01,401055,Parkhaus Schrannenhalle,114,150,1
2026-09-01 21:02:01,401060,Königshof-Parking,73,102,1
2026-09-01 21:02:01,401062,Parkhaus am Salvatorplatz,294,339,1
2026-09-01 21:02:01,106525,Parkhaus am Hauptbahnhof,0,223,0
2026-09-01 22:02:01,106501,Parkhaus am Stachus,390,390,0
2026-09-01 22:02:01,106504,City-Parkhaus am Färbergraben,335,350,1
2026-09-01 22:02:01,106505,Parkgarage Rieger-City,233,296,1
2026-09-01 22:02:01,106506,Sonnenhof Parkgarage,21,77,0
2026-09-01 22:02:01,106507,Tiefgarage vor der Oper,213,275,1
2026-09-01 22:02:01,106508,Hertie-Parkhaus,417,504,0
2026-09-01 22:02:01,106509,Parkgarage Böhringer,117,150,1
2026-09-01 22:02:01,106513,TG Hotel Ibis City,39,0,0
2026-09-01 22:02:01,106521,Car Park Cristal,428,220,0
2026-09-01 22:02:01,106524,Parkhaus Oberanger,365,393,1
2026-09-01 22:02:01,301220,Tiefgarage Karstadt Oberpollinger,230,357,1
2026-09-01 22:02:01,301234,Pschorr-Garage,115,160,1
2026-09-01 22:02:01,301236,Marienplatz-Großgarage,161,220,0
2026-09-01 22:02:01,301264,Parkhaus Hopfenpost,190,230,0
2026-09-01 22:02:01,301270,Parkhaus Marsstr. 11,126,526,1
2026-09-01 22:02:01,301271,Tiefgarage am Hauptbahnhof,0,79,0
2026-09-01 22:02:01,301272,Tiefgarage Stachus Einkaufszentrum,206,336,1
2026-09-01 22:02:01,301277,Parkhaus Elisenhof,138,145,1
2026-09-01 22:02:01,401004,PH Hauptbahnhof Süd,106,197,1
2026-09-01 22:02:01,401010,Parkhaus am Hofbräuhaus,286,373,1
2026-09-01 22:02:01,401055,Parkhaus Schrannenhalle,140,150,1
2026-09-01 22:02:01,401060,Königshof-Parking,78,102,1
2026-09-01 22:02:01,401062,Parkhaus am Salvatorplatz,305,339,1
2026-09-01 22:02:01,106525,Parkhaus am Hauptbahnhof,0,223,0
2026-09-01 23:02:01,106501,Parkhaus am Stachus,390,390,0
2026-09-01 23:02:01,106504,City-Parkhaus am Färbergraben,338,350,1
2026-09-01 23:02:01,106505,Parkgarage Rieger-City,214,266,1
2026-09-01 23:02:01,106506,Sonnenhof Parkgarage,21,77,0
2026-09-01 23:02:01,106507,Tiefgarage vor der Oper,233,275,1
2026-09-01 23:02:01,106508,Hertie-Parkhaus,417,504,0
2026-09-01 23:02:01,106509,Parkgarage Böhringer,130,150,1
2026-09-01 23:02:01,106513,TG Hotel Ibis City,39,0,0
2026-09-01 23:02:01,106521,Car Park Cristal,428,220,0
2026-09-01 23:02:01,106524,Parkhaus Oberanger,372,393,1
2026-09-01 23:02:01,301220,Tiefgarage Karstadt Oberpollinger,243,357,1
2026-09-01 23:02:01,301234,Pschorr-Garage,120,160,1
2026-09-01 23:02:01,301236,Marienplatz-Großgarage,161,220,0
2026-09-01 23:02:01,301264,Parkhaus Hopfenpost,190,230,0
2026-09-01 23:02:01,301270,Parkhaus Marsstr. 11,128,526,1
2026-09-01 23:02:01,301271,Tiefgarage am Hauptbahnhof,0,79,0
2026-09-01 23:02:01,301272,Tiefgarage Stachus Einkaufszentrum,216,336,1
2026-09-01 23:02:01,301277,Parkhaus Elisenhof,145,145,1
2026-09-01 23:02:01,401004,PH Hauptbahnhof Süd,104,197,1
2026-09-01 23:02:01,401010,Parkhaus am Hofbräuhaus,307,373,1
2026-09-01 23:02:01,401055,Parkhaus Schrannenhalle,145,147,1
2026-09-01 23:02:01,401060,Königshof-Parking,86,102,1
2026-09-01 23:02:01,401062,Parkhaus am Salvatorplatz,308,339,1
2026-09-01 23:02:01,106525,Parkhaus am Hauptbahnhof,0,223,0
2026-09-02 00:02:01,106501,Parkhaus am Stachus,390,390,0
2026-09-02 00:02:01,106504,City-Parkhaus am Färbergraben,0,350,1
2026-09-02 00:02:01,106505,Parkgarage Rieger-City,217,266,1
2026-09-02 00:02:01,106506,Sonnenhof Parkgarage,21,77,0
2026-09-02 00:02:01,106507,Tiefgarage vor der Oper,239,275,1
2026-09-02 00:02:01,106508,Hertie-Parkhaus,417,504,0
2026-09-02 00:02:01,106509,Parkgarage Böhringer,129,150,1
2026-09-02 00:02:01,106513,TG Hotel Ibis City,39,0,0
2026-09-02 00:02:01,106521,Car Park Cristal,428,220,0
2026-09-02 00:02:01,106524,Parkhaus Oberanger,373,393,1
2026-09-02 00:02:01,301220,Tiefgarage Karstadt Oberpollinger,246,357,1
2026-09-02 00:02:01,301234,Pschorr-Garage,119,160,1
2026-09-02 00:02:01,301236,Marienplatz-Großgarage,161,220,0
2026-09-02 00:02:01,301264,Parkhaus Hopfenpost,190,230,0
2026-09-02 00:02:01,301270,Parkhaus Marsstr. 11,127,526,1
2026-09-02 00:02:01,301271,Tiefgarage am Hauptbahnhof,0,79,0
2026-09-02 00:02:01,301272,Tiefgarage Stachus Einkaufszentrum,220,336,1
2026-09-02 00:02:01,301277,Parkhaus Elisenhof,144,145,1
2026-09-02 00:02:01,401004,PH Hauptbahnhof Süd,106,197,1
2026-09-02 00:02:01,401010,Parkhaus am Hofbräuhaus,338,393,1
2026-09-02 00:02:01,401055,Parkhaus Schrannenhalle,147,147,1
2026-09-02 00:02:01,401060,Königshof-Parking,88,102,1
2026-09-02 00:02:01,401062,Parkhaus am Salvatorplatz,309,339,1
2026-09-02 00:02:01,106525,Parkhaus am Hauptbahnhof,0,223,0
2026-09-02 01:02:01,106501,Parkhaus am Stachus,390,390,0
2026-09-02 01:02:01,106504,City-Parkhaus am Färbergraben,0,350,1
2026-09-02 01:02:01,106505,Parkgarage Rieger-City,217,266,1
2026-09-02 01:02:01,106506,Sonnenhof Parkgarage,21,77,0
2026-09-02 01:02:01,106507,Tiefgarage vor der Oper,269,275,1
2026-09-02 01:02:01,106508,Hertie-Parkhaus,417,504,0
2026-09-02 01:02:01,106509,Parkgarage Böhringer,130,150,1
2026-09-02 01:02:01,106513,TG Hotel Ibis City,39,0,0
2026-09-02 01:02:01,106521,Car Park Cristal,428,220,0
2026-09-02 01:02:01,106524,Parkhaus Oberanger,373,393,1
2026-09-02 01:02:01,301220,Tiefgarage Karstadt Oberpollinger,247,357,1
2026-09-02 01:02:01,301234,Pschorr-Garage,119,160,1
2026-09-02 01:02:01,301236,Marienplatz-Großgarage,161,220,0
2026-09-02 01:02:01,301264,Parkhaus Hopfenpost,190,230,0
2026-09-02 01:02:01,301270,Parkhaus Marsstr. 11,127,526,1
2026-09-02 01:02:01,301271,Tiefgarage am Hauptbahnhof,0,79,0
2026-09-02 01:02:01,301272,Tiefgarage Stachus Einkaufszentrum,220,336,1
2026-09-02 01:02:01,301277,Parkhaus Elisenhof,144,145,1
2026-09-02 01:02:01,401004,PH Hauptbahnhof Süd,105,197,1
2026-09-02 01:02:01,401010,Parkhaus am Hofbräuhaus,339,393,1
2026-09-02 01:02:01,401055,Parkhaus Schrannenhalle,147,147,1
2026-09-02 01:02:01,401060,Königshof-Parking,89,102,1
2026-09-02 01:02:01,401062,Parkhaus am Salvatorplatz,309,339,1
2026-09-02 01:02:01,106525,Parkhaus am Hauptbahnhof,0,223,0
2026-09-02 02:02:01,106501,Parkhaus am Stachus,390,390,0
2026-09-02 02:02:01,106504,City-Parkhaus am Färbergraben,0,350,1
2026-09-02 02:02:01,106505,Parkgarage Rieger-City,218,266,1
2026-09-02 02:02:01,106506,Sonnenhof Parkgarage,21,77,0
2026-09-02 02:02:01,106507,Tiefgarage vor der Oper,269,275,1
2026-09-02 02:02:01,106508,Hertie-Parkhaus,417,504,0
2026-09-02 02:02:01,106509,Parkgarage Böhringer,130,150,1
2026-09-02 02:02:01,106513,TG Hotel Ibis City,39,0,0
2026-09-02 02:02:01,106521,Car Park Cristal,428,220,0
2026-09-02 02:02:01,106524,Parkhaus Oberanger,373,393,1
2026-09-02 02:02:01,301220,Tiefgarage Karstadt Oberpollinger,247,357,1
2026-09-02 02:02:01,301234,Pschorr-Garage,119,160,1
2026-09-02 02:02:01,301236,Marienplatz-Großgarage,161,220,0
2026-09-02 02:02:01,301264,Parkhaus Hopfenpost,190,230,0
2026-09-02 02:02:01,301270,Parkhaus Marsstr. 11,129,526,1
2026-09-02 02:02:01,301271,Tiefgarage am Hauptbahnhof,0,79,0
2026-09-02 02:02:01,301272,Tiefgarage Stachus Einkaufszentrum,220,336,1
2026-09-02 02:02:01,301277,Parkhaus Elisenhof,145,145,1
2026-09-02 02:02:01,401004,PH Hauptbahnhof Süd,105,197,1
2026-09-02 02:02:01,401010,Parkhaus am Hofbräuhaus,339,393,1
2026-09-02 02:02:01,401055,Parkhaus Schrannenhalle,147,147,1
2026-09-02 02:02:01,401060,Königshof-Parking,89,102,1
2026-09-02 02:02:01,401062,Parkhaus am Salvatorplatz,309,339,1
2026-09-02 02:02:01,106525,Parkhaus am Hauptbahnhof,0,223,0
2026-09-02 03:02:01,106501,Parkhaus am Stachus,390,390,0
2026-09-02 03:02:01,106504,City-Parkhaus am Färbergraben,0,350,1
2026-09-02 03:02:01,106505,Parkgarage Rieger-City,218,266,1
2026-09-02 03:02:01,106506,Sonnenhof Parkgarage,21,77,0
2026-09-02 03:02:01,106507,Tiefgarage vor der Oper,269,275,1
2026-09-02 03:02:01,106508,Hertie-Parkhaus,417,504,0
2026-09-02 03:02:01,106509,Parkgarage Böhringer,130,150,1
2026-09-02 03:02:01,106513,TG Hotel Ibis City,39,0,0
2026-09-02 03:02:01,106521,Car Park Cristal,428,220,0
2026-09-02 03:02:01,106524,Parkhaus Oberanger,373,393,1
2026-09-02 03:02:01,301220,Tiefgarage Karstadt Oberpollinger,247,357,1
2026-09-02 03:02:01,301234,Pschorr-Garage,119,160,1
2026-09-02 03:02:01,301236,Marienplatz-Großgarage,161,220,0
2026-09-02 03:02:01,301264,Parkhaus Hopfenpost,190,230,0
2026-09-02 03:02:01,301270,Parkhaus Marsstr. 11,129,526,1
2026-09-02 03:02:01,301271,Tiefgarage am Hauptbahnhof,0,79,0
2026-09-02 03:02:01,301272,Tiefgarage Stachus Einkaufszentrum,221,336,1
2026-09-02 03:02:01,301277,Parkhaus Elisenhof,145,145,1
2026-09-02 03:02:01,401004,PH Hauptbahnhof Süd,105,197,1
2026-09-02 03:02:01,401010,Parkhaus am Hofbräuhaus,339,393,1
2026-09-02 03:02:01,401055,Parkhaus Schrannenhalle,147,147,1
2026-09-02 03:02:01,401060,Königshof-Parking,89,102,1
2026-09-02 03:02:01,401062,Parkhaus am Salvatorplatz,309,339,1
2026-09-02 03:02:01,106525,Parkhaus am Hauptbahnhof,0,223,0
2026-09-02 04:02:01,106501,Parkhaus am Stachus,390,390,0
2026-09-02 04:02:01,106504,City-Parkhaus am Färbergraben,0,350,1
2026-09-02 04:02:01,106505,Parkgarage Rieger-City,218,266,1
2026-09-02 04:02:01,106506,Sonnenhof Parkgarage,21,77,0
2026-09-02 04:02:01,106507,Tiefgarage vor der Oper,269,275,1
2026-09-02 04:02:01,106508,Hertie-Parkhaus,417,504,0
2026-09-02 04:02:01,106509,Parkgarage Böhringer,130,150,1
2026-09-02 04:02:01,106513,TG Hotel Ibis City,39,0,0
2026-09-02 04:02:01,106521,Car Park Cristal,428,220,0
2026-09-02 04:02:01,106524,Parkhaus Oberanger,373,393,1
2026-09-02 04:02:01,301220,Tiefgarage Karstadt Oberpollinger,247,357,1
2026-09-02 04:02:01,301234,Pschorr-Garage,119,160,1
2026-09-02 04:02:01,301236,Marienplatz-Großgarage,161,220,0
2026-09-02 04:02:01,301264,Parkhaus Hopfenpost,190,230,0
2026-09-02 04:02:01,301270,Parkhaus Marsstr. 11,129,526,0
2026-09-02 04:02:01,301271,Tiefgarage am Hauptbahnhof,0,79,0
2026-09-02 04:02:01,301272,Tiefgarage Stachus Einkaufszentrum,221,336,1
2026-09-02 04:02:01,301277,Parkhaus Elisenhof,145,145,1
2026-09-02 04:02:01,401004,PH Hauptbahnhof Süd,105,197,1
2026-09-02 04:02:01,401010,Parkhaus am Hofbräuhaus,339,393,1
2026-09-02 04:02:01,401055,Parkhaus Schrannenhalle,147,147,1
2026-09-02 04:02:01,401060,Königshof-Parking,89,102,1
2026-09-02 04:02:01,401062,Parkhaus am Salvatorplatz,308,339,1
2026-09-02 04:02:01,106525,Parkhaus am Hauptbahnhof,0,223,0
2026-09-02 05:02:02,106501,Parkhaus am Stachus,390,390,0
2026-09-02 05:02:02,106504,City-Parkhaus am Färbergraben,0,350,1
2026-09-02 05:02:02,106505,Parkgarage Rieger-City,218,266,1
2026-09-02 05:02:02,106506,Sonnenhof Parkgarage,21,77,0
2026-09-02 05:02:02,106507,Tiefgarage vor der Oper,269,275,1
2026-09-02 05:02:02,106508,Hertie-Parkhaus,417,504,0
2026-09-02 05:02:02,106509,Parkgarage Böhringer,130,150,1
2026-09-02 05:02:02,106513,TG Hotel Ibis City,39,0,0
2026-09-02 05:02:02,106521,Car Park Cristal,428,220,0
2026-09-02 05:02:02,106524,Parkhaus Oberanger,373,393,1
2026-09-02 05:02:02,301220,Tiefgarage Karstadt Oberpollinger,247,357,1
2026-09-02 05:02:02,301234,Pschorr-Garage,118,160,1
2026-09-02 05:02:02,301236,Marienplatz-Großgarage,161,220,0
2026-09-02 05:02:02,301264,Parkhaus Hopfenpost,190,230,0
2026-09-02 05:02:02,301270,Parkhaus Marsstr. 11,129,526,1
2026-09-02 05:02:02,301271,Tiefgarage am Hauptbahnhof,0,79,0
2026-09-02 05:02:02,301272,Tiefgarage Stachus Einkaufszentrum,221,336,1
2026-09-02 05:02:02,301277,Parkhaus Elisenhof,143,145,1
2026-09-02 05:02:02,401004,PH Hauptbahnhof Süd,104,197,1
2026-09-02 05:02:02,401010,Parkhaus am Hofbräuhaus,340,393,1
2026-09-02 05:02:02,401055,Parkhaus Schrannenhalle,147,147,1
2026-09-02 05:02:02,401060,Königshof-Parking,89,102,1
2026-09-02 05:02:02,401062,Parkhaus am Salvatorplatz,308,339,1
2026-09-02 05:02:02,106525,Parkhaus am Hauptbahnhof,0,223,0
2026-09-02 06:02:01,106501,Parkhaus am Stachus,390,390,0
2026-09-02 06:02:01,106504,City-Parkhaus am Färbergraben,0,350,1
2026-09-02 06:02:01,106505,Parkgarage Rieger-City,218,266,1
2026-09-02 06:02:01,106506,Sonnenhof Parkgarage,21,77,0
2026-09-02 06:02:01,106507,Tiefgarage vor der Oper,266,275,1
2026-09-02 06:02:01,106508,Hertie-Parkhaus,417,504,0
2026-09-02 06:02:01,106509,Parkgarage Böhringer,130,150,1
2026-09-02 06:02:01,106513,TG Hotel Ibis City,39,0,0
2026-09-02 06:02:01,106521,Car Park Cristal,428,220,0
2026-09-02 06:02:01,106524,Parkhaus Oberanger,372,393,1
2026-09-02 06:02:01,301220,Tiefgarage Karstadt Oberpollinger,247,357,1
2026-09-02 06:02:01,301234,Pschorr-Garage,118,160,1
2026-09-02 06:02:01,301236,Marienplatz-Großgarage,161,220,0
2026-09-02 06:02:01,301264,Parkhaus Hopfenpost,190,230,0
2026-09-02 06:02:01,301270,Parkhaus Marsstr. 11,127,526,1
2026-09-02 06:02:01,301271,Tiefgarage am Hauptbahnhof,0,79,0
2026-09-02 06:02:01,301272,Tiefgarage Stachus Einkaufszentrum,221,336,1
2026-09-02 06:02:01,301277,Parkhaus Elisenhof,144,145,1
2026-09-02 06:02:01,401004,PH Hauptbahnhof Süd,104,197,1
2026-09-02 06:02:01,401010,Parkhaus am Hofbräuhaus,341,393,1
2026-09-02 06:02:01,401055,Parkhaus Schrannenhalle,147,147,1
2026-09-02 06:02:01,401060,Königshof-Parking,89,102,1
2026-09-02 06:02:01,401062,Parkhaus am Salvatorplatz,307,339,1
2026-09-02 06:02:01,106525,Parkhaus am Hauptbahnhof,0,223,0
2026-09-02 07:02:01,106501,Parkhaus am Stachus,390,390,0
2026-09-02 07:02:01,106504,City-Parkhaus am Färbergraben,341,350,1
2026-09-02 07:02:01,106505,Parkgarage Rieger-City,216,266,1
2026-09-02 07:02:01,106506,Sonnenhof Parkgarage,21,77,0
2026-09-02 07:02:01,106507,Tiefgarage vor der Oper,261,275,1
2026-09-02 07:02:01,106508,Hertie-Parkhaus,417,504,0
2026-09-02 07:02:01,106509,Parkgarage Böhringer,126,150,1
2026-09-02 07:02:01,106513,TG Hotel Ibis City,39,0,0
2026-09-02 07:02:01,106521,Car Park Cristal,428,220,0
2026-09-02 07:02:01,106524,Parkhaus Oberanger,364,393,1
2026-09-02 07:02:01,301220,Tiefgarage Karstadt Oberpollinger,245,357,1
2026-09-02 07:02:01,301234,Pschorr-Garage,119,160,1
2026-09-02 07:02:01,301236,Marienplatz-Großgarage,161,220,0
2026-09-02 07:02:01,301264,Parkhaus Hopfenpost,190,230,0
2026-09-02 07:02:01,301270,Parkhaus Marsstr. 11,129,526,1
2026-09-02 07:02:01,301271,Tiefgarage am Hauptbahnhof,0,79,0
2026-09-02 07:02:01,301272,Tiefgarage Stachus Einkaufszentrum,223,336,1
2026-09-02 07:02:01,301277,Parkhaus Elisenhof,142,145,1
2026-09-02 07:02:01,401004,PH Hauptbahnhof Süd,104,197,1
2026-09-02 07:02:01,401010,Parkhaus am Hofbräuhaus,341,393,1
2026-09-02 07:02:01,401055,Parkhaus Schrannenhalle,144,147,1
2026-09-02 07:02:01,401060,Königshof-Parking,90,102,1
2026-09-02 07:02:01,401062,Parkhaus am Salvatorplatz,307,339,1
2026-09-02 07:02:01,106525,Parkhaus am Hauptbahnhof,0,223,0
2026-09-02 08:02:01,106501,Parkhaus am Stachus,390,390,0
2026-09-02 08:02:01,106504,City-Parkhaus am Färbergraben,324,350,1
2026-09-02 08:02:01,106505,Parkgarage Rieger-City,214,266,1
2026-09-02 08:02:01,106506,Sonnenhof Parkgarage,21,77,0
2026-09-02 08:02:01,106507,Tiefgarage vor der Oper,249,275,1
2026-09-02 08:02:01,106508,Hertie-Parkhaus,417,504,0
2026-09-02 08:02:01,106509,Parkgarage Böhringer,122,150,1
2026-09-02 08:02:01,106513,TG Hotel Ibis City,39,0,0
2026-09-02 08:02:01,106521,Car Park Cristal,428,220,0
2026-09-02 08:02:01,106524,Parkhaus Oberanger,345,393,1
2026-09-02 08:02:01,301220,Tiefgarage Karstadt Oberpollinger,241,357,1
2026-09-02 08:02:01,301234,Pschorr-Garage,115,160,1
2026-09-02 08:02:01,301236,Marienplatz-Großgarage,161,220,0
2026-09-02 08:02:01,301264,Parkhaus Hopfenpost,190,230,0
2026-09-02 08:02:01,301270,Parkhaus Marsstr. 11,133,526,1
2026-09-02 08:02:01,301271,Tiefgarage am Hauptbahnhof,0,79,0
2026-09-02 08:02:01,301272,Tiefgarage Stachus Einkaufszentrum,219,336,1
2026-09-02 08:02:01,301277,Parkhaus Elisenhof,139,145,1
2026-09-02 08:02:01,401004,PH Hauptbahnhof Süd,104,197,1
2026-09-02 08:02:01,401010,Parkhaus am Hofbräuhaus,326,393,1
2026-09-02 08:02:01,401055,Parkhaus Schrannenhalle,143,147,1
2026-09-02 08:02:01,401060,Königshof-Parking,89,102,1
2026-09-02 08:02:01,401062,Parkhaus am Salvatorplatz,303,339,1
2026-09-02 08:02:01,106525,Parkhaus am Hauptbahnhof,0,223,0
2026-09-02 09:02:01,106501,Parkhaus am Stachus,390,390,0
2026-09-02 09:02:01,106504,City-Parkhaus am Färbergraben,305,350,1
2026-09-02 09:02:01,106505,Parkgarage Rieger-City,205,266,1
2026-09-02 09:02:01,106506,Sonnenhof Parkgarage,21,77,0
2026-09-02 09:02:01,106507,Tiefgarage vor der Oper,209,275,1
2026-09-02 09:02:01,106508,Hertie-Parkhaus,417,504,0
2026-09-02 09:02:01,106509,Parkgarage Böhringer,110,150,1
2026-09-02 09:02:01,106513,TG Hotel Ibis City,39,0,0
2026-09-02 09:02:01,106521,Car Park Cristal,428,220,0
2026-09-02 09:02:01,106524,Parkhaus Oberanger,317,393,1
2026-09-02 09:02:01,301220,Tiefgarage Karstadt Oberpollinger,212,357,1
2026-09-02 09:02:01,301234,Pschorr-Garage,106,160,1
2026-09-02 09:02:01,301236,Marienplatz-Großgarage,161,220,0
2026-09-02 09:02:01,301264,Parkhaus Hopfenpost,190,230,0
2026-09-02 09:02:01,301270,Parkhaus Marsstr. 11,136,526,1
2026-09-02 09:02:01,301271,Tiefgarage am Hauptbahnhof,0,79,0
2026-09-02 09:02:01,301272,Tiefgarage Stachus Einkaufszentrum,214,336,1
2026-09-02 09:02:01,301277,Parkhaus Elisenhof,132,145,1
2026-09-02 09:02:01,401004,PH Hauptbahnhof Süd,109,197,1
2026-09-02 09:02:01,401010,Parkhaus am Hofbräuhaus,307,393,1
2026-09-02 09:02:01,401055,Parkhaus Schrannenhalle,129,147,1
2026-09-02 09:02:01,401060,Königshof-Parking,88,102,1
2026-09-02 09:02:01,401062,Parkhaus am Salvatorplatz,275,339,1
2026-09-02 09:02:01,106525,Parkhaus am Hauptbahnhof,0,223,0
2026-09-02 10:02:00,106501,Parkhaus am Stachus,390,390,0
2026-09-02 10:02:00,106504,City-Parkhaus am Färbergraben,270,350,1
2026-09-02 10:02:00,106505,Parkgarage Rieger-City,205,266,0
2026-09-02 10:02:00,106506,Sonnenhof Parkgarage,21,77,0
2026-09-02 10:02:00,106507,Tiefgarage vor der Oper,148,275,1
2026-09-02 10:02:00,106508,Hertie-Parkhaus,417,504,0
2026-09-02 10:02:00,106509,Parkgarage Böhringer,93,150,1
2026-09-02 10:02:00,106513,TG Hotel Ibis City,39,0,0
2026-09-02 10:02:00,106521,Car Park Cristal,428,220,0
2026-09-02 10:02:00,106524,Parkhaus Oberanger,276,393,1
2026-09-02 10:02:00,301220,Tiefgarage Karstadt Oberpollinger,178,357,1
2026-09-02 10:02:00,301234,Pschorr-Garage,95,160,1
2026-09-02 10:02:00,301236,Marienplatz-Großgarage,161,220,0
2026-09-02 10:02:00,301264,Parkhaus Hopfenpost,190,230,0
2026-09-02 10:02:00,301270,Parkhaus Marsstr. 11,201,526,1
2026-09-02 10:02:00,301271,Tiefgarage am Hauptbahnhof,0,79,0
2026-09-02 10:02:00,301272,Tiefgarage Stachus Einkaufszentrum,203,336,1
2026-09-02 10:02:00,301277,Parkhaus Elisenhof,126,145,1
2026-09-02 10:02:00,401004,PH Hauptbahnhof Süd,117,197,1
2026-09-02 10:02:00,401010,Parkhaus am Hofbräuhaus,220,373,1
2026-09-02 10:02:00,401055,Parkhaus Schrannenhalle,106,147,1
2026-09-02 10:02:00,401060,Königshof-Parking,91,102,1
2026-09-02 10:02:00,401062,Parkhaus am Salvatorplatz,245,339,1
2026-09-02 10:02:00,106525,Parkhaus am Hauptbahnhof,0,223,0
2026-09-02 11:02:01,106501,Parkhaus am Stachus,390,390,0
2026-09-02 11:02:01,106504,City-Parkhaus am Färbergraben,228,350,1
2026-09-02 11:02:01,106505,Parkgarage Rieger-City,205,266,0
2026-09-02 11:02:01,106506,Sonnenhof Parkgarage,21,77,0
2026-09-02 11:02:01,106507,Tiefgarage vor der Oper,89,275,1
2026-09-02 11:02:01,106508,Hertie-Parkhaus,417,504,0
2026-09-02 11:02:01,106509,Parkgarage Böhringer,73,150,1
2026-09-02 11:02:01,106513,TG Hotel Ibis City,39,0,0
2026-09-02 11:02:01,106521,Car Park Cristal,428,220,0
2026-09-02 11:02:01,106524,Parkhaus Oberanger,209,393,1
2026-09-02 11:02:01,301220,Tiefgarage Karstadt Oberpollinger,141,357,1
2026-09-02 11:02:01,301234,Pschorr-Garage,68,160,1
2026-09-02 11:02:01,301236,Marienplatz-Großgarage,161,220,0
2026-09-02 11:02:01,301264,Parkhaus Hopfenpost,190,230,0
2026-09-02 11:02:01,301270,Parkhaus Marsstr. 11,208,526,1
2026-09-02 11:02:01,301271,Tiefgarage am Hauptbahnhof,0,79,0
2026-09-02 11:02:01,301272,Tiefgarage Stachus Einkaufszentrum,206,336,1
2026-09-02 11:02:01,301277,Parkhaus Elisenhof,121,145,1
2026-09-02 11:02:01,401004,PH Hauptbahnhof Süd,126,197,1
2026-09-02 11:02:01,401010,Parkhaus am Hofbräuhaus,157,373,1
2026-09-02 11:02:01,401055,Parkhaus Schrannenhalle,65,147,1
2026-09-02 11:02:01,401060,Königshof-Parking,88,102,1
2026-09-02 11:02:01,401062,Parkhaus am Salvatorplatz,202,339,1
2026-09-02 11:02:01,106525,Parkhaus am Hauptbahnhof,0,223,0
2026-09-02 12:02:01,106501,Parkhaus am Stachus,390,390,0
2026-09-02 12:02:01,106504,City-Parkhaus am Färbergraben,180,350,1
2026-09-02 12:02:01,106505,Parkgarage Rieger-City,205,266,0
2026-09-02 12:02:01,106506,Sonnenhof Parkgarage,21,77,0
2026-09-02 12:02:01,106507,Tiefgarage vor der Oper,24,275,1
2026-09-02 12:02:01,106508,Hertie-Parkhaus,417,504,0
2026-09-02 12:02:01,106509,Parkgarage Böhringer,52,150,1
2026-09-02 12:02:01,106513,TG Hotel Ibis City,39,0,0
2026-09-02 12:02:01,106521,Car Park Cristal,428,220,0
2026-09-02 12:02:01,106524,Parkhaus Oberanger,164,393,1
2026-09-02 12:02:01,301220,Tiefgarage Karstadt Oberpollinger,109,357,1
2026-09-02 12:02:01,301234,Pschorr-Garage,47,168,1
2026-09-02 12:02:01,301236,Marienplatz-Großgarage,161,220,0
2026-09-02 12:02:01,301264,Parkhaus Hopfenpost,190,230,0
2026-09-02 12:02:01,301270,Parkhaus Marsstr. 11,227,526,1
2026-09-02 12:02:01,301271,Tiefgarage am Hauptbahnhof,0,79,0
2026-09-02 12:02:01,301272,Tiefgarage Stachus Einkaufszentrum,192,336,1
2026-09-02 12:02:01,301277,Parkhaus Elisenhof,109,145,1
2026-09-02 12:02:01,401004,PH Hauptbahnhof Süd,121,197,1
2026-09-02 12:02:01,401010,Parkhaus am Hofbräuhaus,99,373,1
2026-09-02 12:02:01,401055,Parkhaus Schrannenhalle,28,147,1
2026-09-02 12:02:01,401060,Königshof-Parking,85,102,1
2026-09-02 12:02:01,401062,Parkhaus am Salvatorplatz,163,339,1
2026-09-02 12:02:01,106525,Parkhaus am Hauptbahnhof,0,223,0
2026-09-02 13:02:01,106501,Parkhaus am Stachus,390,390,0
2026-09-02 13:02:01,106504,City-Parkhaus am Färbergraben,171,350,1
2026-09-02 13:02:01,106505,Parkgarage Rieger-City,205,266,0
2026-09-02 13:02:01,106506,Sonnenhof Parkgarage,21,77,0
2026-09-02 13:02:01,106507,Tiefgarage vor der Oper,0,275,1
2026-09-02 13:02:01,106508,Hertie-Parkhaus,417,504,0
2026-09-02 13:02:01,106509,Parkgarage Böhringer,32,150,1
2026-09-02 13:02:01,106513,TG Hotel Ibis City,39,0,0
2026-09-02 13:02:01,106521,Car Park Cristal,428,220,0
2026-09-02 13:02:01,106524,Parkhaus Oberanger,155,393,1
2026-09-02 13:02:01,301220,Tiefgarage Karstadt Oberpollinger,83,357,1
2026-09-02 13:02:01,301234,Pschorr-Garage,29,168,1
2026-09-02 13:02:01,301236,Marienplatz-Großgarage,161,220,0
2026-09-02 13:02:01,301264,Parkhaus Hopfenpost,190,230,0
2026-09-02 13:02:01,301270,Parkhaus Marsstr. 11,232,526,1
2026-09-02 13:02:01,301271,Tiefgarage am Hauptbahnhof,0,79,0
2026-09-02 13:02:01,301272,Tiefgarage Stachus Einkaufszentrum,183,336,1
2026-09-02 13:02:01,301277,Parkhaus Elisenhof,99,145,1
2026-09-02 13:02:01,401004,PH Hauptbahnhof Süd,128,197,1
2026-09-02 13:02:01,401010,Parkhaus am Hofbräuhaus,72,373,1
2026-09-02 13:02:01,401055,Parkhaus Schrannenhalle,5,147,1
2026-09-02 13:02:01,401060,Königshof-Parking,82,102,1
2026-09-02 13:02:01,401062,Parkhaus am Salvatorplatz,137,339,1
2026-09-02 13:02:01,106525,Parkhaus am Hauptbahnhof,0,223,0
2026-09-02 14:02:01,106501,Parkhaus am Stachus,390,390,0
2026-09-02 14:02:01,106504,City-Parkhaus am Färbergraben,154,350,1
2026-09-02 14:02:01,106505,Parkgarage Rieger-City,205,266,0
2026-09-02 14:02:01,106506,Sonnenhof Parkgarage,21,77,0
2026-09-02 14:02:01,106507,Tiefgarage vor der Oper,1,275,1
2026-09-02 14:02:01,106508,Hertie-Parkhaus,417,504,0
2026-09-02 14:02:01,106509,Parkgarage Böhringer,32,150,1
2026-09-02 14:02:01,106513,TG Hotel Ibis City,39,0,0
2026-09-02 14:02:01,106521,Car Park Cristal,428,220,0
2026-09-02 14:02:01,106524,Parkhaus Oberanger,160,393,1
2026-09-02 14:02:01,301220,Tiefgarage Karstadt Oberpollinger,83,357,1
2026-09-02 14:02:01,301234,Pschorr-Garage,9,168,1
2026-09-02 14:02:01,301236,Marienplatz-Großgarage,161,220,0
2026-09-02 14:02:01,301264,Parkhaus Hopfenpost,190,230,0
2026-09-02 14:02:01,301270,Parkhaus Marsstr. 11,232,526,1
2026-09-02 14:02:01,301271,Tiefgarage am Hauptbahnhof,0,79,0
2026-09-02 14:02:01,301272,Tiefgarage Stachus Einkaufszentrum,172,336,1
2026-09-02 14:02:01,301277,Parkhaus Elisenhof,87,145,1
2026-09-02 14:02:01,401004,PH Hauptbahnhof Süd,122,197,1
2026-09-02 14:02:01,401010,Parkhaus am Hofbräuhaus,82,373,1
2026-09-02 14:02:01,401055,Parkhaus Schrannenhalle,11,147,1
2026-09-02 14:02:01,401060,Königshof-Parking,83,102,1
2026-09-02 14:02:01,401062,Parkhaus am Salvatorplatz,139,339,1
2026-09-02 14:02:01,106525,Parkhaus am Hauptbahnhof,0,223,0
2026-09-02 15:02:01,106501,Parkhaus am Stachus,390,390,0
2026-09-02 15:02:01,106504,City-Parkhaus am Färbergraben,187,350,1
2026-09-02 15:02:01,106505,Parkgarage Rieger-City,205,266,0
2026-09-02 15:02:01,106506,Sonnenhof Parkgarage,21,77,0
2026-09-02 15:02:01,106507,Tiefgarage vor der Oper,18,275,1
2026-09-02 15:02:01,106508,Hertie-Parkhaus,417,504,0
2026-09-02 15:02:01,106509,Parkgarage Böhringer,40,150,1
2026-09-02 15:02:01,106513,TG Hotel Ibis City,39,0,0
2026-09-02 15:02:01,106521,Car Park Cristal,428,220,0
2026-09-02 15:02:01,106524,Parkhaus Oberanger,185,393,1
2026-09-02 15:02:01,301220,Tiefgarage Karstadt Oberpollinger,93,357,1
2026-09-02 15:02:01,301234,Pschorr-Garage,22,168,1
2026-09-02 15:02:01,301236,Marienplatz-Großgarage,161,220,0
2026-09-02 15:02:01,301264,Parkhaus Hopfenpost,190,230,0
2026-09-02 15:02:01,301270,Parkhaus Marsstr. 11,243,526,1
2026-09-02 15:02:01,301271,Tiefgarage am Hauptbahnhof,0,79,0
2026-09-02 15:02:01,301272,Tiefgarage Stachus Einkaufszentrum,173,336,1
2026-09-02 15:02:01,301277,Parkhaus Elisenhof,96,145,1
2026-09-02 15:02:01,401004,PH Hauptbahnhof Süd,121,197,1
2026-09-02 15:02:01,401010,Parkhaus am Hofbräuhaus,97,373,1
2026-09-02 15:02:01,401055,Parkhaus Schrannenhalle,29,147,1
2026-09-02 15:02:01,401060,Königshof-Parking,80,102,1
2026-09-02 15:02:01,401062,Parkhaus am Salvatorplatz,161,339,1
2026-09-02 15:02:01,106525,Parkhaus am Hauptbahnhof,0,223,0
2026-09-02 16:02:01,106501,Parkhaus am Stachus,390,390,0
2026-09-02 16:02:01,106504,City-Parkhaus am Färbergraben,206,350,1
2026-09-02 16:02:01,106505,Parkgarage Rieger-City,205,266,0
2026-09-02 16:02:01,106506,Sonnenhof Parkgarage,21,77,0
2026-09-02 16:02:01,106507,Tiefgarage vor der Oper,40,275,1
2026-09-02 16:02:01,106508,Hertie-Parkhaus,417,504,0
2026-09-02 16:02:01,106509,Parkgarage Böhringer,63,150,1
2026-09-02 16:02:01,106513,TG Hotel Ibis City,39,0,0
2026-09-02 16:02:01,106521,Car Park Cristal,428,220,0
2026-09-02 16:02:01,106524,Parkhaus Oberanger,211,393,1
2026-09-02 16:02:01,301220,Tiefgarage Karstadt Oberpollinger,107,357,1
2026-09-02 16:02:01,301234,Pschorr-Garage,41,168,1
2026-09-02 16:02:01,301236,Marienplatz-Großgarage,161,220,0
2026-09-02 16:02:01,301264,Parkhaus Hopfenpost,190,230,0
2026-09-02 16:02:01,301270,Parkhaus Marsstr. 11,241,526,1
2026-09-02 16:02:01,301271,Tiefgarage am Hauptbahnhof,0,79,0
2026-09-02 16:02:01,301272,Tiefgarage Stachus Einkaufszentrum,187,336,1
2026-09-02 16:02:01,301277,Parkhaus Elisenhof,106,145,1
2026-09-02 16:02:01,401004,PH Hauptbahnhof Süd,119,197,1
2026-09-02 16:02:01,401010,Parkhaus am Hofbräuhaus,156,373,1
2026-09-02 16:02:01,401055,Parkhaus Schrannenhalle,39,147,1
2026-09-02 16:02:01,401060,Königshof-Parking,79,102,1
2026-09-02 16:02:01,401062,Parkhaus am Salvatorplatz,181,339,1
2026-09-02 16:02:01,106525,Parkhaus am Hauptbahnhof,0,223,0
2026-09-02 17:02:01,106501,Parkhaus am Stachus,390,390,0
2026-09-02 17:02:01,106504,City-Parkhaus am Färbergraben,243,350,1
2026-09-02 17:02:01,106505,Parkgarage Rieger-City,205,266,0
2026-09-02 17:02:01,106506,Sonnenhof Parkgarage,21,77,0
2026-09-02 17:02:01,106507,Tiefgarage vor der Oper,60,275,1
2026-09-02 17:02:01,106508,Hertie-Parkhaus,417,504,0
2026-09-02 17:02:01,106509,Parkgarage Böhringer,65,150,1
2026-09-02 17:02:01,106513,TG Hotel Ibis City,39,0,0
2026-09-02 17:02:01,106521,Car Park Cristal,428,220,0
2026-09-02 17:02:01,106524,Parkhaus Oberanger,246,393,1
2026-09-02 17:02:01,301220,Tiefgarage Karstadt Oberpollinger,116,357,1
2026-09-02 17:02:01,301234,Pschorr-Garage,63,168,1
2026-09-02 17:02:01,301236,Marienplatz-Großgarage,161,220,0
2026-09-02 17:02:01,301264,Parkhaus Hopfenpost,190,230,0
2026-09-02 17:02:01,301270,Parkhaus Marsstr. 11,239,526,1
2026-09-02 17:02:01,301271,Tiefgarage am Hauptbahnhof,0,79,0
2026-09-02 17:02:01,301272,Tiefgarage Stachus Einkaufszentrum,193,336,1
2026-09-02 17:02:01,301277,Parkhaus Elisenhof,116,145,1
2026-09-02 17:02:01,401004,PH Hauptbahnhof Süd,111,197,1
2026-09-02 17:02:01,401010,Parkhaus am Hofbräuhaus,193,373,1
2026-09-02 17:02:01,401055,Parkhaus Schrannenhalle,69,147,1
2026-09-02 17:02:01,401060,Königshof-Parking,74,102,1
2026-09-02 17:02:01,401062,Parkhaus am Salvatorplatz,221,339,1
2026-09-02 17:02:01,106525,Parkhaus am Hauptbahnhof,0,223,0
2026-09-02 18:02:01,106501,Parkhaus am Stachus,390,390,0
2026-09-02 18:02:01,106504,City-Parkhaus am Färbergraben,244,350,1
2026-09-02 18:02:01,106505,Parkgarage Rieger-City,205,266,0
2026-09-02 18:02:01,106506,Sonnenhof Parkgarage,21,77,0
2026-09-02 18:02:01,106507,Tiefgarage vor der Oper,96,275,1
2026-09-02 18:02:01,106508,Hertie-Parkhaus,417,504,0
2026-09-02 18:02:01,106509,Parkgarage Böhringer,87,150,1
2026-09-02 18:02:01,106513,TG Hotel Ibis City,39,0,0
2026-09-02 18:02:01,106521,Car Park Cristal,428,220,0
2026-09-02 18:02:01,106524,Parkhaus Oberanger,259,393,1
2026-09-02 18:02:01,301220,Tiefgarage Karstadt Oberpollinger,130,357,1
2026-09-02 18:02:01,301234,Pschorr-Garage,72,160,1
2026-09-02 18:02:01,301236,Marienplatz-Großgarage,161,220,0
2026-09-02 18:02:01,301264,Parkhaus Hopfenpost,190,230,0
2026-09-02 18:02:01,301270,Parkhaus Marsstr. 11,230,526,1
2026-09-02 18:02:01,301271,Tiefgarage am Hauptbahnhof,0,79,0
2026-09-02 18:02:01,301272,Tiefgarage Stachus Einkaufszentrum,195,336,1
2026-09-02 18:02:01,301277,Parkhaus Elisenhof,115,145,1
2026-09-02 18:02:01,401004,PH Hauptbahnhof Süd,99,197,1
2026-09-02 18:02:01,401010,Parkhaus am Hofbräuhaus,211,373,1
2026-09-02 18:02:01,401055,Parkhaus Schrannenhalle,67,147,1
2026-09-02 18:02:01,401060,Königshof-Parking,77,102,1
2026-09-02 18:02:01,401062,Parkhaus am Salvatorplatz,251,339,1
2026-09-02 18:02:01,106525,Parkhaus am Hauptbahnhof,0,223,0
2026-09-02 19:02:01,106501,Parkhaus am Stachus,390,390,0
2026-09-02 19:02:01,106504,City-Parkhaus am Färbergraben,265,350,1
2026-09-02 19:02:01,106505,Parkgarage Rieger-City,205,266,0
2026-09-02 19:02:01,106506,Sonnenhof Parkgarage,21,77,0
2026-09-02 19:02:01,106507,Tiefgarage vor der Oper,130,275,1
2026-09-02 19:02:01,106508,Hertie-Parkhaus,417,504,0
2026-09-02 19:02:01,106509,Parkgarage Böhringer,92,150,1
2026-09-02 19:02:01,106513,TG Hotel Ibis City,39,0,0
2026-09-02 19:02:01,106521,Car Park Cristal,428,220,0
2026-09-02 19:02:01,106524,Parkhaus Oberanger,273,393,1
2026-09-02 19:02:01,301220,Tiefgarage Karstadt Oberpollinger,141,357,1
2026-09-02 19:02:01,301234,Pschorr-Garage,75,160,1
2026-09-02 19:02:01,301236,Marienplatz-Großgarage,161,220,0
2026-09-02 19:02:01,301264,Parkhaus Hopfenpost,190,230,0
2026-09-02 19:02:01,301270,Parkhaus Marsstr. 11,229,526,1
2026-09-02 19:02:01,301271,Tiefgarage am Hauptbahnhof,0,79,0
2026-09-02 19:02:01,301272,Tiefgarage Stachus Einkaufszentrum,186,336,1
2026-09-02 19:02:01,301277,Parkhaus Elisenhof,120,145,1
2026-09-02 19:02:01,401004,PH Hauptbahnhof Süd,101,197,1
2026-09-02 19:02:01,401010,Parkhaus am Hofbräuhaus,209,373,1
2026-09-02 19:02:01,401055,Parkhaus Schrannenhalle,71,147,1
2026-09-02 19:02:01,401060,Königshof-Parking,68,102,1
2026-09-02 19:02:01,401062,Parkhaus am Salvatorplatz,263,339,1
2026-09-02 19:02:01,106525,Parkhaus am Hauptbahnhof,0,223,0
2026-09-02 20:02:01,106501,Parkhaus am Stachus,390,390,0
2026-09-02 20:02:01,106504,City-Parkhaus am Färbergraben,297,350,1
2026-09-02 20:02:01,106505,Parkgarage Rieger-City,205,266,0
2026-09-02 20:02:01,106506,Sonnenhof Parkgarage,21,77,0
2026-09-02 20:02:01,106507,Tiefgarage vor der Oper,163,275,1
2026-09-02 20:02:01,106508,Hertie-Parkhaus,417,504,0
2026-09-02 20:02:01,106509,Parkgarage Böhringer,83,150,1
2026-09-02 20:02:01,106513,TG Hotel Ibis City,39,0,0
2026-09-02 20:02:01,106521,Car Park Cristal,428,220,0
2026-09-02 20:02:01,106524,Parkhaus Oberanger,302,393,1
2026-09-02 20:02:01,301220,Tiefgarage Karstadt Oberpollinger,190,357,1
2026-09-02 20:02:01,301234,Pschorr-Garage,105,160,1
2026-09-02 20:02:01,301236,Marienplatz-Großgarage,161,220,0
2026-09-02 20:02:01,301264,Parkhaus Hopfenpost,190,230,0
2026-09-02 20:02:01,301270,Parkhaus Marsstr. 11,224,526,1
2026-09-02 20:02:01,301271,Tiefgarage am Hauptbahnhof,0,79,0
2026-09-02 20:02:01,301272,Tiefgarage Stachus Einkaufszentrum,193,336,1
2026-09-02 20:02:01,301277,Parkhaus Elisenhof,128,145,1
2026-09-02 20:02:01,401004,PH Hauptbahnhof Süd,100,197,1
2026-09-02 20:02:01,401010,Parkhaus am Hofbräuhaus,227,373,1
2026-09-02 20:02:01,401055,Parkhaus Schrannenhalle,89,147,1
2026-09-02 20:02:01,401060,Königshof-Parking,70,102,1
2026-09-02 20:02:01,401062,Parkhaus am Salvatorplatz,279,339,1
2026-09-02 20:02:01,106525,Parkhaus am Hauptbahnhof,0,223,0
2026-09-02 21:02:01,106501,Parkhaus am Stachus,390,390,0
2026-09-02 21:02:01,106504,City-Parkhaus am Färbergraben,322,350,1
2026-09-02 21:02:01,106505,Parkgarage Rieger-City,205,266,0
2026-09-02 21:02:01,106506,Sonnenhof Parkgarage,21,77,0
2026-09-02 21:02:01,106507,Tiefgarage vor der Oper,188,275,1
2026-09-02 21:02:01,106508,Hertie-Parkhaus,417,504,0
2026-09-02 21:02:01,106509,Parkgarage Böhringer,91,150,1
2026-09-02 21:02:01,106513,TG Hotel Ibis City,39,0,0
2026-09-02 21:02:01,106521,Car Park Cristal,428,220,0
2026-09-02 21:02:01,106524,Parkhaus Oberanger,337,393,1
2026-09-02 21:02:01,301220,Tiefgarage Karstadt Oberpollinger,224,357,1
2026-09-02 21:02:01,301234,Pschorr-Garage,117,160,1
2026-09-02 21:02:01,301236,Marienplatz-Großgarage,161,220,0
2026-09-02 21:02:01,301264,Parkhaus Hopfenpost,190,230,0
2026-09-02 21:02:01,301270,Parkhaus Marsstr. 11,212,526,1
2026-09-02 21:02:01,301271,Tiefgarage am Hauptbahnhof,0,79,0
2026-09-02 21:02:01,301272,Tiefgarage Stachus Einkaufszentrum,197,336,1
2026-09-02 21:02:01,301277,Parkhaus Elisenhof,135,145,1
2026-09-02 21:02:01,401004,PH Hauptbahnhof Süd,99,197,1
2026-09-02 21:02:01,401010,Parkhaus am Hofbräuhaus,250,373,1
2026-09-02 21:02:01,401055,Parkhaus Schrannenhalle,110,147,1
2026-09-02 21:02:01,401060,Königshof-Parking,70,102,1
2026-09-02 21:02:01,401062,Parkhaus am Salvatorplatz,288,339,1
2026-09-02 21:02:01,106525,Parkhaus am Hauptbahnhof,0,223,0
2026-09-02 22:02:01,106501,Parkhaus am Stachus,390,390,0
2026-09-02 22:02:01,106504,City-Parkhaus am Färbergraben,338,350,1
2026-09-02 22:02:01,106505,Parkgarage Rieger-City,205,266,0
2026-09-02 22:02:01,106506,Sonnenhof Parkgarage,21,77,0
2026-09-02 22:02:01,106507,Tiefgarage vor der Oper,211,275,1
2026-09-02 22:02:01,106508,Hertie-Parkhaus,417,504,0
2026-09-02 22:02:01,106509,Parkgarage Böhringer,107,150,1
2026-09-02 22:02:01,106513,TG Hotel Ibis City,39,0,0
2026-09-02 22:02:01,106521,Car Park Cristal,428,220,0
2026-09-02 22:02:01,106524,Parkhaus Oberanger,354,393,1
2026-09-02 22:02:01,301220,Tiefgarage Karstadt Oberpollinger,234,357,1
2026-09-02 22:02:01,301234,Pschorr-Garage,133,160,1
2026-09-02 22:02:01,301236,Marienplatz-Großgarage,161,220,0
2026-09-02 22:02:01,301264,Parkhaus Hopfenpost,190,230,0
2026-09-02 22:02:01,301270,Parkhaus Marsstr. 11,197,526,1
2026-09-02 22:02:01,301271,Tiefgarage am Hauptbahnhof,0,79,0
2026-09-02 22:02:01,301272,Tiefgarage Stachus Einkaufszentrum,205,336,1
2026-09-02 22:02:01,301277,Parkhaus Elisenhof,145,145,1
2026-09-02 22:02:01,401004,PH Hauptbahnhof Süd,99,197,1
2026-09-02 22:02:01,401010,Parkhaus am Hofbräuhaus,280,373,1
2026-09-02 22:02:01,401055,Parkhaus Schrannenhalle,128,147,1
2026-09-02 22:02:01,401060,Königshof-Parking,77,102,1
2026-09-02 22:02:01,401062,Parkhaus am Salvatorplatz,299,339,1
2026-09-02 22:02:01,106525,Parkhaus am Hauptbahnhof,0,223,0
2026-09-02 23:02:01,106501,Parkhaus am Stachus,390,390,0
2026-09-02 23:02:01,106504,City-Parkhaus am Färbergraben,340,350,1
2026-09-02 23:02:01,106505,Parkgarage Rieger-City,205,266,0
2026-09-02 23:02:01,106506,Sonnenhof Parkgarage,21,77,0
2026-09-02 23:02:01,106507,Tiefgarage vor der Oper,235,275,1
2026-09-02 23:02:01,106508,Hertie-Parkhaus,417,504,0
2026-09-02 23:02:01,106509,Parkgarage Böhringer,118,150,1
2026-09-02 23:02:01,106513,TG Hotel Ibis City,39,0,0
2026-09-02 23:02:01,106521,Car Park Cristal,428,220,0
2026-09-02 23:02:01,106524,Parkhaus Oberanger,363,393,1
2026-09-02 23:02:01,301220,Tiefgarage Karstadt Oberpollinger,241,357,1
2026-09-02 23:02:01,301234,Pschorr-Garage,138,160,1
2026-09-02 23:02:01,301236,Marienplatz-Großgarage,161,220,0
2026-09-02 23:02:01,301264,Parkhaus Hopfenpost,190,230,0
2026-09-02 23:02:01,301270,Parkhaus Marsstr. 11,203,526,1
2026-09-02 23:02:01,301271,Tiefgarage am Hauptbahnhof,0,79,0
2026-09-02 23:02:01,301272,Tiefgarage Stachus Einkaufszentrum,208,336,1
2026-09-02 23:02:01,301277,Parkhaus Elisenhof,145,145,1
2026-09-02 23:02:01,401004,PH Hauptbahnhof Süd,94,197,1
2026-09-02 23:02:01,401010,Parkhaus am Hofbräuhaus,307,373,1
2026-09-02 23:02:01,401055,Parkhaus Schrannenhalle,138,147,1
2026-09-02 23:02:01,401060,Königshof-Parking,82,102,1
2026-09-02 23:02:01,401062,Parkhaus am Salvatorplatz,305,339,1
2026-09-02 23:02:01,106525,Parkhaus am Hauptbahnhof,0,223,0
2026-09-03 00:02:01,106501,Parkhaus am Stachus,390,390,0
2026-09-03 00:02:01,106504,City-Parkhaus am Färbergraben,0,350,1
2026-09-03 00:02:01,106505,Parkgarage Rieger-City,205,266,0
2026-09-03 00:02:01,106506,Sonnenhof Parkgarage,21,77,0
2026-09-03 00:02:01,106507,Tiefgarage vor der Oper,247,275,1
2026-09-03 00:02:01,106508,Hertie-Parkhaus,417,504,0
2026-09-03 00:02:01,106509,Parkgarage Böhringer,126,150,1
2026-09-03 00:02:01,106513,TG Hotel Ibis City,39,0,0
2026-09-03 00:02:01,106521,Car Park Cristal,428,220,0
2026-09-03 00:02:01,106524,Parkhaus Oberanger,367,393,1
2026-09-03 00:02:01,301220,Tiefgarage Karstadt Oberpollinger,245,357,1
2026-09-03 00:02:01,301234,Pschorr-Garage,142,160,1
2026-09-03 00:02:01,301236,Marienplatz-Großgarage,161,220,0
2026-09-03 00:02:01,301264,Parkhaus Hopfenpost,190,230,0
2026-09-03 00:02:01,301270,Parkhaus Marsstr. 11,203,526,1
2026-09-03 00:02:01,301271,Tiefgarage am Hauptbahnhof,0,79,0
2026-09-03 00:02:01,301272,Tiefgarage Stachus Einkaufszentrum,208,336,1
2026-09-03 00:02:01,301277,Parkhaus Elisenhof,144,145,1
2026-09-03 00:02:01,401004,PH Hauptbahnhof Süd,96,197,1
2026-09-03 00:02:01,401010,Parkhaus am Hofbräuhaus,316,373,1
2026-09-03 00:02:01,401055,Parkhaus Schrannenhalle,141,147,1
2026-09-03 00:02:01,401060,Königshof-Parking,90,102,1
2026-09-03 00:02:01,401062,Parkhaus am Salvatorplatz,306,339,1
2026-09-03 00:02:01,106525,Parkhaus am Hauptbahnhof,0,223,0
2026-09-03 01:02:01,106501,Parkhaus am Stachus,390,390,0
2026-09-03 01:02:01,106504,City-Parkhaus am Färbergraben,0,350,1
2026-09-03 01:02:01,106505,Parkgarage Rieger-City,205,266,0
2026-09-03 01:02:01,106506,Sonnenhof Parkgarage,21,77,0
2026-09-03 01:02:01,106507,Tiefgarage vor der Oper,264,275,1
2026-09-03 01:02:01,106508,Hertie-Parkhaus,417,504,0
2026-09-03 01:02:01,106509,Parkgarage Böhringer,128,150,1
2026-09-03 01:02:01,106513,TG Hotel Ibis City,39,0,0
2026-09-03 01:02:01,106521,Car Park Cristal,428,220,0
2026-09-03 01:02:01,106524,Parkhaus Oberanger,368,393,1
2026-09-03 01:02:01,301220,Tiefgarage Karstadt Oberpollinger,246,357,1
2026-09-03 01:02:01,301234,Pschorr-Garage,142,160,1
2026-09-03 01:02:01,301236,Marienplatz-Großgarage,161,220,0
2026-09-03 01:02:01,301264,Parkhaus Hopfenpost,190,230,0
2026-09-03 01:02:01,301270,Parkhaus Marsstr. 11,205,526,1
2026-09-03 01:02:01,301271,Tiefgarage am Hauptbahnhof,0,79,0
2026-09-03 01:02:01,301272,Tiefgarage Stachus Einkaufszentrum,207,336,1
2026-09-03 01:02:01,301277,Parkhaus Elisenhof,145,145,1
2026-09-03 01:02:01,401004,PH Hauptbahnhof Süd,96,197,1
2026-09-03 01:02:01,401010,Parkhaus am Hofbräuhaus,316,373,1
2026-09-03 01:02:01,401055,Parkhaus Schrannenhalle,142,147,1
2026-09-03 01:02:01,401060,Königshof-Parking,92,102,1
2026-09-03 01:02:01,401062,Parkhaus am Salvatorplatz,306,339,1
2026-09-03 01:02:01,106525,Parkhaus am Hauptbahnhof,0,223,0
2026-09-03 02:02:01,106501,Parkhaus am Stachus,390,390,0
2026-09-03 02:02:01,106504,City-Parkhaus am Färbergraben,0,350,1
2026-09-03 02:02:01,106505,Parkgarage Rieger-City,205,266,0
2026-09-03 02:02:01,106506,Sonnenhof Parkgarage,21,77,0
2026-09-03 02:02:01,106507,Tiefgarage vor der Oper,264,275,1
2026-09-03 02:02:01,106508,Hertie-Parkhaus,417,504,0
2026-09-03 02:02:01,106509,Parkgarage Böhringer,128,150,1
2026-09-03 02:02:01,106513,TG Hotel Ibis City,39,0,0
2026-09-03 02:02:01,106521,Car Park Cristal,428,220,0
2026-09-03 02:02:01,106524,Parkhaus Oberanger,368,393,1
2026-09-03 02:02:01,301220,Tiefgarage Karstadt Oberpollinger,246,357,1
2026-09-03 02:02:01,301234,Pschorr-Garage,142,160,1
2026-09-03 02:02:01,301236,Marienplatz-Großgarage,161,220,0
2026-09-03 02:02:01,301264,Parkhaus Hopfenpost,190,230,0
2026-09-03 02:02:01,301270,Parkhaus Marsstr. 11,204,526,1
2026-09-03 02:02:01,301271,Tiefgarage am Hauptbahnhof,0,79,0
2026-09-03 02:02:01,301272,Tiefgarage Stachus Einkaufszentrum,207,336,1
2026-09-03 02:02:01,301277,Parkhaus Elisenhof,145,145,1
2026-09-03 02:02:01,401004,PH Hauptbahnhof Süd,96,197,1
2026-09-03 02:02:01,401010,Parkhaus am Hofbräuhaus,317,373,1
2026-09-03 02:02:01,401055,Parkhaus Schrannenhalle,142,147,1
2026-09-03 02:02:01,401060,Königshof-Parking,92,102,1
2026-09-03 02:02:01,401062,Parkhaus am Salvatorplatz,306,339,1
2026-09-03 02:02:01,106525,Parkhaus am Hauptbahnhof,0,223,0
2026-09-03 03:02:01,106501,Parkhaus am Stachus,390,390,0
2026-09-03 03:02:01,106504,City-Parkhaus am Färbergraben,0,350,1
2026-09-03 03:02:01,106505,Parkgarage Rieger-City,205,266,0
2026-09-03 03:02:01,106506,Sonnenhof Parkgarage,21,77,0
2026-09-03 03:02:01,106507,Tiefgarage vor der Oper,264,275,1
2026-09-03 03:02:01,106508,Hertie-Parkhaus,417,504,0
2026-09-03 03:02:01,106509,Parkgarage Böhringer,128,150,1
2026-09-03 03:02:01,106513,TG Hotel Ibis City,39,0,0
2026-09-03 03:02:01,106521,Car Park Cristal,428,220,0
2026-09-03 03:02:01,106524,Parkhaus Oberanger,368,393,1
2026-09-03 03:02:01,301220,Tiefgarage Karstadt Oberpollinger,246,357,1
2026-09-03 03:02:01,301234,Pschorr-Garage,143,160,1
2026-09-03 03:02:01,301236,Marienplatz-Großgarage,161,220,0
2026-09-03 03:02:01,301264,Parkhaus Hopfenpost,190,230,0
2026-09-03 03:02:01,301270,Parkhaus Marsstr. 11,205,526,1
2026-09-03 03:02:01,301271,Tiefgarage am Hauptbahnhof,0,79,0
2026-09-03 03:02:01,301272,Tiefgarage Stachus Einkaufszentrum,207,336,1
2026-09-03 03:02:01,301277,Parkhaus Elisenhof,145,145,1
2026-09-03 03:02:01,401004,PH Hauptbahnhof Süd,96,197,1
2026-09-03 03:02:01,401010,Parkhaus am Hofbräuhaus,317,373,1
2026-09-03 03:02:01,401055,Parkhaus Schrannenhalle,142,147,1
2026-09-03 03:02:01,401060,Königshof-Parking,92,102,1
2026-09-03 03:02:01,401062,Parkhaus am Salvatorplatz,307,339,1
2026-09-03 03:02:01,106525,Parkhaus am Hauptbahnhof,0,223,0
2026-09-03 04:02:01,106501,Parkhaus am Stachus,390,390,0
2026-09-03 04:02:01,106504,City-Parkhaus am Färbergraben,0,350,1
2026-09-03 04:02:01,106505,Parkgarage Rieger-City,205,266,0
2026-09-03 04:02:01,106506,Sonnenhof Parkgarage,21,77,0
2026-09-03 04:02:01,106507,Tiefgarage vor der Oper,264,275,1
2026-09-03 04:02:01,106508,Hertie-Parkhaus,417,504,0
2026-09-03 04:02:01,106509,Parkgarage Böhringer,128,150,1
2026-09-03 04:02:01,106513,TG Hotel Ibis City,39,0,0
2026-09-03 04:02:01,106521,Car Park Cristal,428,220,0
2026-09-03 04:02:01,106524,Parkhaus Oberanger,368,393,1
2026-09-03 04:02:01,301220,Tiefgarage Karstadt Oberpollinger,247,357,1
2026-09-03 04:02:01,301234,Pschorr-Garage,143,160,1
2026-09-03 04:02:01,301236,Marienplatz-Großgarage,161,220,0
2026-09-03 04:02:01,301264,Parkhaus Hopfenpost,190,230,0
2026-09-03 04:02:01,301270,Parkhaus Marsstr. 11,205,526,1
2026-09-03 04:02:01,301271,Tiefgarage am Hauptbahnhof,0,79,0
2026-09-03 04:02:01,301272,Tiefgarage Stachus Einkaufszentrum,207,336,1
2026-09-03 04:02:01,301277,Parkhaus Elisenhof,145,145,1
2026-09-03 04:02:01,401004,PH Hauptbahnhof Süd,95,197,1
2026-09-03 04:02:01,401010,Parkhaus am Hofbräuhaus,317,373,1
2026-09-03 04:02:01,401055,Parkhaus Schrannenhalle,142,147,1
2026-09-03 04:02:01,401060,Königshof-Parking,92,102,1
2026-09-03 04:02:01,401062,Parkhaus am Salvatorplatz,306,339,1
2026-09-03 04:02:01,106525,Parkhaus am Hauptbahnhof,0,223,0
2026-09-03 05:02:01,106501,Parkhaus am Stachus,390,390,0
2026-09-03 05:02:01,106504,City-Parkhaus am Färbergraben,0,350,1
2026-09-03 05:02:01,106505,Parkgarage Rieger-City,205,266,0
2026-09-03 05:02:01,106506,Sonnenhof Parkgarage,21,77,0
2026-09-03 05:02:01,106507,Tiefgarage vor der Oper,264,275,1
2026-09-03 05:02:01,106508,Hertie-Parkhaus,417,504,0
2026-09-03 05:02:01,106509,Parkgarage Böhringer,128,150,1
2026-09-03 05:02:01,106513,TG Hotel Ibis City,39,0,0
2026-09-03 05:02:01,106521,Car Park Cristal,428,220,0
2026-09-03 05:02:01,106524,Parkhaus Oberanger,368,393,1
2026-09-03 05:02:01,301220,Tiefgarage Karstadt Oberpollinger,247,357,1
2026-09-03 05:02:01,301234,Pschorr-Garage,143,160,1
2026-09-03 05:02:01,301236,Marienplatz-Großgarage,161,220,0
2026-09-03 05:02:01,301264,Parkhaus Hopfenpost,190,230,0
2026-09-03 05:02:01,301270,Parkhaus Marsstr. 11,205,526,1
2026-09-03 05:02:01,301271,Tiefgarage am Hauptbahnhof,0,79,0
2026-09-03 05:02:01,301272,Tiefgarage Stachus Einkaufszentrum,207,336,1
2026-09-03 05:02:01,301277,Parkhaus Elisenhof,145,145,1
2026-09-03 05:02:01,401004,PH Hauptbahnhof Süd,95,197,1
2026-09-03 05:02:01,401010,Parkhaus am Hofbräuhaus,317,373,1
2026-09-03 05:02:01,401055,Parkhaus Schrannenhalle,142,147,1
2026-09-03 05:02:01,401060,Königshof-Parking,92,102,1
2026-09-03 05:02:01,401062,Parkhaus am Salvatorplatz,305,339,1
2026-09-03 05:02:01,106525,Parkhaus am Hauptbahnhof,0,223,0
2026-09-03 06:02:02,106501,Parkhaus am Stachus,390,390,0
2026-09-03 06:02:02,106504,City-Parkhaus am Färbergraben,0,350,1
2026-09-03 06:02:02,106505,Parkgarage Rieger-City,205,266,0
2026-09-03 06:02:02,106506,Sonnenhof Parkgarage,21,77,0
2026-09-03 06:02:02,106507,Tiefgarage vor der Oper,263,275,1
2026-09-03 06:02:02,106508,Hertie-Parkhaus,417,504,0
2026-09-03 06:02:02,106509,Parkgarage Böhringer,128,150,1
2026-09-03 06:02:02,106513,TG Hotel Ibis City,39,0,0
2026-09-03 06:02:02,106521,Car Park Cristal,428,220,0
2026-09-03 06:02:02,106524,Parkhaus Oberanger,368,393,1
2026-09-03 06:02:02,301220,Tiefgarage Karstadt Oberpollinger,246,357,1
2026-09-03 06:02:02,301234,Pschorr-Garage,143,160,1
2026-09-03 06:02:02,301236,Marienplatz-Großgarage,161,220,0
2026-09-03 06:02:02,301264,Parkhaus Hopfenpost,190,230,0
2026-09-03 06:02:02,301270,Parkhaus Marsstr. 11,202,526,1
2026-09-03 06:02:02,301271,Tiefgarage am Hauptbahnhof,0,79,0
2026-09-03 06:02:02,301272,Tiefgarage Stachus Einkaufszentrum,207,336,1
2026-09-03 06:02:02,301277,Parkhaus Elisenhof,143,145,1
2026-09-03 06:02:02,401004,PH Hauptbahnhof Süd,94,197,1
2026-09-03 06:02:02,401010,Parkhaus am Hofbräuhaus,318,373,1
2026-09-03 06:02:02,401055,Parkhaus Schrannenhalle,142,147,1
2026-09-03 06:02:02,401060,Königshof-Parking,92,102,1
2026-09-03 06:02:02,401062,Parkhaus am Salvatorplatz,306,339,1
2026-09-03 06:02:02,106525,Parkhaus am Hauptbahnhof,0,223,0
2026-09-03 07:02:01,106501,Parkhaus am Stachus,390,390,0
2026-09-03 07:02:01,106504,City-Parkhaus am Färbergraben,339,350,1
2026-09-03 07:02:01,106505,Parkgarage Rieger-City,205,266,0
2026-09-03 07:02:01,106506,Sonnenhof Parkgarage,21,77,0
2026-09-03 07:02:01,106507,Tiefgarage vor der Oper,258,275,1
2026-09-03 07:02:01,106508,Hertie-Parkhaus,417,504,0
2026-09-03 07:02:01,106509,Parkgarage Böhringer,125,150,1
2026-09-03 07:02:01,106513,TG Hotel Ibis City,39,0,0
2026-09-03 07:02:01,106521,Car Park Cristal,428,220,0
2026-09-03 07:02:01,106524,Parkhaus Oberanger,364,393,1
2026-09-03 07:02:01,301220,Tiefgarage Karstadt Oberpollinger,245,357,1
2026-09-03 07:02:01,301234,Pschorr-Garage,142,160,1
2026-09-03 07:02:01,301236,Marienplatz-Großgarage,161,220,0
2026-09-03 07:02:01,301264,Parkhaus Hopfenpost,190,230,0
2026-09-03 07:02:01,301270,Parkhaus Marsstr. 11,201,526,1
2026-09-03 07:02:01,301271,Tiefgarage am Hauptbahnhof,0,79,0
2026-09-03 07:02:01,301272,Tiefgarage Stachus Einkaufszentrum,209,336,1
2026-09-03 07:02:01,301277,Parkhaus Elisenhof,142,145,1
2026-09-03 07:02:01,401004,PH Hauptbahnhof Süd,95,197,1
2026-09-03 07:02:01,401010,Parkhaus am Hofbräuhaus,320,373,1
2026-09-03 07:02:01,401055,Parkhaus Schrannenhalle,142,147,1
2026-09-03 07:02:01,401060,Königshof-Parking,92,102,1
2026-09-03 07:02:01,401062,Parkhaus am Salvatorplatz,303,339,1
2026-09-03 07:02:01,106525,Parkhaus am Hauptbahnhof,0,223,0
2026-09-03 08:02:01,106501,Parkhaus am Stachus,390,390,0
2026-09-03 08:02:01,106504,City-Parkhaus am Färbergraben,327,350,1
2026-09-03 08:02:01,106505,Parkgarage Rieger-City,205,266,0
2026-09-03 08:02:01,106506,Sonnenhof Parkgarage,21,77,0
2026-09-03 08:02:01,106507,Tiefgarage vor der Oper,244,275,1
2026-09-03 08:02:01,106508,Hertie-Parkhaus,417,504,0
2026-09-03 08:02:01,106509,Parkgarage Böhringer,123,150,1
2026-09-03 08:02:01,106513,TG Hotel Ibis City,39,0,0
2026-09-03 08:02:01,106521,Car Park Cristal,428,220,0
2026-09-03 08:02:01,106524,Parkhaus Oberanger,340,393,1
2026-09-03 08:02:01,301220,Tiefgarage Karstadt Oberpollinger,239,357,1
2026-09-03 08:02:01,301234,Pschorr-Garage,130,160,1
2026-09-03 08:02:01,301236,Marienplatz-Großgarage,161,220,0
2026-09-03 08:02:01,301264,Parkhaus Hopfenpost,190,230,0
2026-09-03 08:02:01,301270,Parkhaus Marsstr. 11,206,526,1
2026-09-03 08:02:01,301271,Tiefgarage am Hauptbahnhof,0,79,0
2026-09-03 08:02:01,301272,Tiefgarage Stachus Einkaufszentrum,207,336,1
2026-09-03 08:02:01,301277,Parkhaus Elisenhof,139,145,1
2026-09-03 08:02:01,401004,PH Hauptbahnhof Süd,94,197,1
2026-09-03 08:02:01,401010,Parkhaus am Hofbräuhaus,306,373,1
2026-09-03 08:02:01,401055,Parkhaus Schrannenhalle,141,147,1
2026-09-03 08:02:01,401060,Königshof-Parking,91,102,1
2026-09-03 08:02:01,401062,Parkhaus am Salvatorplatz,303,339,1
2026-09-03 08:02:01,106525,Parkhaus am Hauptbahnhof,0,223,0
2026-09-03 09:02:02,106501,Parkhaus am Stachus,390,390,0
2026-09-03 09:02:02,106504,City-Parkhaus am Färbergraben,305,350,1
2026-09-03 09:02:02,106505,Parkgarage Rieger-City,205,266,0
2026-09-03 09:02:02,106506,Sonnenhof Parkgarage,21,77,0
2026-09-03 09:02:02,106507,Tiefgarage vor der Oper,213,275,1
2026-09-03 09:02:02,106508,Hertie-Parkhaus,417,504,0
2026-09-03 09:02:02,106509,Parkgarage Böhringer,107,150,1
2026-09-03 09:02:02,106513,TG Hotel Ibis City,39,0,0
2026-09-03 09:02:02,106521,Car Park Cristal,428,220,0
2026-09-03 09:02:02,106524,Parkhaus Oberanger,308,393,1
2026-09-03 09:02:02,301220,Tiefgarage Karstadt Oberpollinger,211,357,1
2026-09-03 09:02:02,301234,Pschorr-Garage,126,160,1
2026-09-03 09:02:02,301236,Marienplatz-Großgarage,161,220,0
2026-09-03 09:02:02,301264,Parkhaus Hopfenpost,190,230,0
2026-09-03 09:02:02,301270,Parkhaus Marsstr. 11,193,526,1
2026-09-03 09:02:02,301271,Tiefgarage am Hauptbahnhof,0,79,0
2026-09-03 09:02:02,301272,Tiefgarage Stachus Einkaufszentrum,206,336,1
2026-09-03 09:02:02,301277,Parkhaus Elisenhof,130,145,1
2026-09-03 09:02:02,401004,PH Hauptbahnhof Süd,99,197,1
2026-09-03 09:02:02,401010,Parkhaus am Hofbräuhaus,286,373,1
2026-09-03 09:02:02,401055,Parkhaus Schrannenhalle,125,147,1
2026-09-03 09:02:02,401060,Königshof-Parking,90,102,1
2026-09-03 09:02:02,401062,Parkhaus am Salvatorplatz,266,339,1
2026-09-03 09:02:02,106525,Parkhaus am Hauptbahnhof,0,223,0
2026-09-03 10:02:01,106501,Parkhaus am Stachus,390,390,0
2026-09-03 10:02:01,106504,City-Parkhaus am Färbergraben,267,350,1
2026-09-03 10:02:01,106505,Parkgarage Rieger-City,205,266,0
2026-09-03 10:02:01,106506,Sonnenhof Parkgarage,21,77,0
2026-09-03 10:02:01,106507,Tiefgarage vor der Oper,165,275,1
2026-09-03 10:02:01,106508,Hertie-Parkhaus,417,504,0
2026-09-03 10:02:01,106509,Parkgarage Böhringer,94,150,1
2026-09-03 10:02:01,106513,TG Hotel Ibis City,39,0,0
2026-09-03 10:02:01,106521,Car Park Cristal,428,220,0
2026-09-03 10:02:01,106524,Parkhaus Oberanger,256,393,1
2026-09-03 10:02:01,301220,Tiefgarage Karstadt Oberpollinger,166,357,1
2026-09-03 10:02:01,301234,Pschorr-Garage,97,160,1
2026-09-03 10:02:01,301236,Marienplatz-Großgarage,161,220,0
2026-09-03 10:02:01,301264,Parkhaus Hopfenpost,190,230,0
2026-09-03 10:02:01,301270,Parkhaus Marsstr. 11,204,526,1
2026-09-03 10:02:01,301271,Tiefgarage am Hauptbahnhof,0,79,0
2026-09-03 10:02:01,301272,Tiefgarage Stachus Einkaufszentrum,201,336,1
2026-09-03 10:02:01,301277,Parkhaus Elisenhof,127,145,1
2026-09-03 10:02:01,401004,PH Hauptbahnhof Süd,119,197,1
2026-09-03 10:02:01,401010,Parkhaus am Hofbräuhaus,230,373,1
2026-09-03 10:02:01,401055,Parkhaus Schrannenhalle,99,147,1
2026-09-03 10:02:01,401060,Königshof-Parking,81,102,1
2026-09-03 10:02:01,401062,Parkhaus am Salvatorplatz,226,339,1
2026-09-03 10:02:01,106525,Parkhaus am Hauptbahnhof,0,223,0
2026-09-03 11:02:01,106501,Parkhaus am Stachus,390,390,0
2026-09-03 11:02:01,106504,City-Parkhaus am Färbergraben,235,350,1
2026-09-03 11:02:01,106505,Parkgarage Rieger-City,205,266,0
2026-09-03 11:02:01,106506,Sonnenhof Parkgarage,21,77,0
2026-09-03 11:02:01,106507,Tiefgarage vor der Oper,120,275,1
2026-09-03 11:02:01,106508,Hertie-Parkhaus,417,504,0
2026-09-03 11:02:01,106509,Parkgarage Böhringer,73,150,1
2026-09-03 11:02:01,106513,TG Hotel Ibis City,39,0,0
2026-09-03 11:02:01,106521,Car Park Cristal,428,220,0
2026-09-03 11:02:01,106524,Parkhaus Oberanger,209,393,1
2026-09-03 11:02:01,301220,Tiefgarage Karstadt Oberpollinger,138,357,1
2026-09-03 11:02:01,301234,Pschorr-Garage,59,160,1
2026-09-03 11:02:01,301236,Marienplatz-Großgarage,161,220,0
2026-09-03 11:02:01,301264,Parkhaus Hopfenpost,190,230,0
2026-09-03 11:02:01,301270,Parkhaus Marsstr. 11,214,526,1
2026-09-03 11:02:01,301271,Tiefgarage am Hauptbahnhof,0,79,0
2026-09-03 11:02:01,301272,Tiefgarage Stachus Einkaufszentrum,188,336,1
2026-09-03 11:02:01,301277,Parkhaus Elisenhof,111,145,1
2026-09-03 11:02:01,401004,PH Hauptbahnhof Süd,122,197,1
2026-09-03 11:02:01,401010,Parkhaus am Hofbräuhaus,180,373,1
2026-09-03 11:02:01,401055,Parkhaus Schrannenhalle,46,147,1
2026-09-03 11:02:01,401060,Königshof-Parking,77,102,1
2026-09-03 11:02:01,401062,Parkhaus am Salvatorplatz,172,339,1
2026-09-03 11:02:01,106525,Parkhaus am Hauptbahnhof,0,223,0
2026-09-03 12:02:01,106501,Parkhaus am Stachus,390,390,0
2026-09-03 12:02:01,106504,City-Parkhaus am Färbergraben,212,350,1
2026-09-03 12:02:01,106505,Parkgarage Rieger-City,205,266,0
2026-09-03 12:02:01,106506,Sonnenhof Parkgarage,21,77,0
2026-09-03 12:02:01,106507,Tiefgarage vor der Oper,43,275,1
2026-09-03 12:02:01,106508,Hertie-Parkhaus,417,504,0
2026-09-03 12:02:01,106509,Parkgarage Böhringer,60,150,1
2026-09-03 12:02:01,106513,TG Hotel Ibis City,39,0,0
2026-09-03 12:02:01,106521,Car Park Cristal,428,220,0
2026-09-03 12:02:01,106524,Parkhaus Oberanger,172,393,1
2026-09-03 12:02:01,301220,Tiefgarage Karstadt Oberpollinger,112,357,1
2026-09-03 12:02:01,301234,Pschorr-Garage,42,160,1
2026-09-03 12:02:01,301236,Marienplatz-Großgarage,161,220,0
2026-09-03 12:02:01,301264,Parkhaus Hopfenpost,190,230,0
2026-09-03 12:02:01,301270,Parkhaus Marsstr. 11,207,526,1
2026-09-03 12:02:01,301271,Tiefgarage am Hauptbahnhof,0,79,0
2026-09-03 12:02:01,301272,Tiefgarage Stachus Einkaufszentrum,172,336,1
2026-09-03 12:02:01,301277,Parkhaus Elisenhof,104,145,1
2026-09-03 12:02:01,401004,PH Hauptbahnhof Süd,123,197,1
2026-09-03 12:02:01,401010,Parkhaus am Hofbräuhaus,127,373,1
2026-09-03 12:02:01,401055,Parkhaus Schrannenhalle,8,147,1
2026-09-03 12:02:01,401060,Königshof-Parking,72,102,1
2026-09-03 12:02:01,401062,Parkhaus am Salvatorplatz,157,339,1
2026-09-03 12:02:01,106525,Parkhaus am Hauptbahnhof,0,223,0
2026-09-03 13:02:02,106501,Parkhaus am Stachus,390,390,0
2026-09-03 13:02:02,106504,City-Parkhaus am Färbergraben,196,350,1
2026-09-03 13:02:02,106505,Parkgarage Rieger-City,205,266,0
2026-09-03 13:02:02,106506,Sonnenhof Parkgarage,21,77,0
2026-09-03 13:02:02,106507,Tiefgarage vor der Oper,2,275,1
2026-09-03 13:02:02,106508,Hertie-Parkhaus,417,504,0
2026-09-03 13:02:02,106509,Parkgarage Böhringer,48,150,1
2026-09-03 13:02:02,106513,TG Hotel Ibis City,39,0,0
2026-09-03 13:02:02,106521,Car Park Cristal,428,220,0
2026-09-03 13:02:02,106524,Parkhaus Oberanger,155,393,1
2026-09-03 13:02:02,301220,Tiefgarage Karstadt Oberpollinger,93,357,1
2026-09-03 13:02:02,301234,Pschorr-Garage,25,160,1
2026-09-03 13:02:02,301236,Marienplatz-Großgarage,161,220,0
2026-09-03 13:02:02,301264,Parkhaus Hopfenpost,190,230,0
2026-09-03 13:02:02,301270,Parkhaus Marsstr. 11,213,526,1
2026-09-03 13:02:02,301271,Tiefgarage am Hauptbahnhof,0,79,0
2026-09-03 13:02:02,301272,Tiefgarage Stachus Einkaufszentrum,169,336,1
2026-09-03 13:02:02,301277,Parkhaus Elisenhof,101,145,1
2026-09-03 13:02:02,401004,PH Hauptbahnhof Süd,125,197,1
2026-09-03 13:02:02,401010,Parkhaus am Hofbräuhaus,105,373,1
2026-09-03 13:02:02,401055,Parkhaus Schrannenhalle,0,147,1
2026-09-03 13:02:02,401060,Königshof-Parking,70,102,1
2026-09-03 13:02:02,401062,Parkhaus am Salvatorplatz,138,339,1
2026-09-03 13:02:02,106525,Parkhaus am Hauptbahnhof,0,223,0
2026-09-03 14:02:02,106501,Parkhaus am Stachus,390,390,0
2026-09-03 14:02:02,106504,City-Parkhaus am Färbergraben,190,350,1
2026-09-03 14:02:02,106505,Parkgarage Rieger-City,205,266,0
2026-09-03 14:02:02,106506,Sonnenhof Parkgarage,21,77,0
2026-09-03 14:02:02,106507,Tiefgarage vor der Oper,11,275,1
2026-09-03 14:02:02,106508,Hertie-Parkhaus,417,504,0
2026-09-03 14:02:02,106509,Parkgarage Böhringer,47,150,1
2026-09-03 14:02:02,106513,TG Hotel Ibis City,39,0,0
2026-09-03 14:02:02,106521,Car Park Cristal,428,220,0
2026-09-03 14:02:02,106524,Parkhaus Oberanger,156,393,1
2026-09-03 14:02:02,301220,Tiefgarage Karstadt Oberpollinger,90,357,1
2026-09-03 14:02:02,301234,Pschorr-Garage,18,160,1
2026-09-03 14:02:02,301236,Marienplatz-Großgarage,161,220,0
2026-09-03 14:02:02,301264,Parkhaus Hopfenpost,190,230,0
2026-09-03 14:02:02,301270,Parkhaus Marsstr. 11,211,526,1
2026-09-03 14:02:02,301271,Tiefgarage am Hauptbahnhof,0,79,0
2026-09-03 14:02:02,301272,Tiefgarage Stachus Einkaufszentrum,172,336,1
2026-09-03 14:02:02,301277,Parkhaus Elisenhof,91,145,1
2026-09-03 14:02:02,401004,PH Hauptbahnhof Süd,135,197,1
2026-09-03 14:02:02,401010,Parkhaus am Hofbräuhaus,98,373,1
2026-09-03 14:02:02,401055,Parkhaus Schrannenhalle,10,154,1
2026-09-03 14:02:02,401060,Königshof-Parking,72,102,1
2026-09-03 14:02:02,401062,Parkhaus am Salvatorplatz,141,339,1
2026-09-03 14:02:02,106525,Parkhaus am Hauptbahnhof,0,223,0
2026-09-03 16:02:01,106501,Parkhaus am Stachus,390,390,0
2026-09-03 16:02:01,106504,City-Parkhaus am Färbergraben,193,350,1
2026-09-03 16:02:01,106505,Parkgarage Rieger-City,205,266,0
2026-09-03 16:02:01,106506,Sonnenhof Parkgarage,21,77,0
2026-09-03 16:02:01,106507,Tiefgarage vor der Oper,59,275,1
2026-09-03 16:02:01,106508,Hertie-Parkhaus,417,504,0
2026-09-03 16:02:01,106509,Parkgarage Böhringer,61,150,1
2026-09-03 16:02:01,106513,TG Hotel Ibis City,39,0,0
2026-09-03 16:02:01,106521,Car Park Cristal,428,220,0
2026-09-03 16:02:01,106524,Parkhaus Oberanger,179,393,1
2026-09-03 16:02:01,301220,Tiefgarage Karstadt Oberpollinger,109,357,1
2026-09-03 16:02:01,301234,Pschorr-Garage,46,160,1
2026-09-03 16:02:01,301236,Marienplatz-Großgarage,161,220,0
2026-09-03 16:02:01,301264,Parkhaus Hopfenpost,190,230,0
2026-09-03 16:02:01,301270,Parkhaus Marsstr. 11,214,526,1
2026-09-03 16:02:01,301271,Tiefgarage am Hauptbahnhof,0,79,0
2026-09-03 16:02:01,301272,Tiefgarage Stachus Einkaufszentrum,186,336,1
2026-09-03 16:02:01,301277,Parkhaus Elisenhof,111,145,1
2026-09-03 16:02:01,401004,PH Hauptbahnhof Süd,142,197,1
2026-09-03 16:02:01,401010,Parkhaus am Hofbräuhaus,125,373,1
2026-09-03 16:02:01,401055,Parkhaus Schrannenhalle,42,154,1
2026-09-03 16:02:01,401060,Königshof-Parking,69,102,1
2026-09-03 16:02:01,401062,Parkhaus am Salvatorplatz,194,339,1
2026-09-03 16:02:01,106525,Parkhaus am Hauptbahnhof,0,223,0
2026-09-03 17:02:01,106501,Parkhaus am Stachus,390,390,0
2026-09-03 17:02:01,106504,City-Parkhaus am Färbergraben,207,350,1
2026-09-03 17:02:01,106505,Parkgarage Rieger-City,205,266,0
2026-09-03 17:02:01,106506,Sonnenhof Parkgarage,21,77,0
2026-09-03 17:02:01,106507,Tiefgarage vor der Oper,86,275,1
2026-09-03 17:02:01,106508,Hertie-Parkhaus,417,504,0
2026-09-03 17:02:01,106509,Parkgarage Böhringer,79,150,1
2026-09-03 17:02:01,106513,TG Hotel Ibis City,39,0,0
2026-09-03 17:02:01,106521,Car Park Cristal,428,220,0
2026-09-03 17:02:01,106524,Parkhaus Oberanger,223,393,1
2026-09-03 17:02:01,301220,Tiefgarage Karstadt Oberpollinger,110,357,1
2026-09-03 17:02:01,301234,Pschorr-Garage,49,160,1
2026-09-03 17:02:01,301236,Marienplatz-Großgarage,161,220,0
2026-09-03 17:02:01,301264,Parkhaus Hopfenpost,190,230,0
2026-09-03 17:02:01,301270,Parkhaus Marsstr. 11,207,526,1
2026-09-03 17:02:01,301271,Tiefgarage am Hauptbahnhof,0,79,0
2026-09-03 17:02:01,301272,Tiefgarage Stachus Einkaufszentrum,184,336,1
2026-09-03 17:02:01,301277,Parkhaus Elisenhof,123,145,1
2026-09-03 17:02:01,401004,PH Hauptbahnhof Süd,143,197,1
2026-09-03 17:02:01,401010,Parkhaus am Hofbräuhaus,153,373,1
2026-09-03 17:02:01,401055,Parkhaus Schrannenhalle,57,154,1
2026-09-03 17:02:01,401060,Königshof-Parking,72,102,1
2026-09-03 17:02:01,401062,Parkhaus am Salvatorplatz,223,339,1
2026-09-03 17:02:01,106525,Parkhaus am Hauptbahnhof,0,223,0
2026-09-03 18:02:01,106501,Parkhaus am Stachus,390,390,0
2026-09-03 18:02:01,106504,City-Parkhaus am Färbergraben,234,350,1
2026-09-03 18:02:01,106505,Parkgarage Rieger-City,205,266,0
2026-09-03 18:02:01,106506,Sonnenhof Parkgarage,21,77,0
2026-09-03 18:02:01,106507,Tiefgarage vor der Oper,111,275,1
2026-09-03 18:02:01,106508,Hertie-Parkhaus,417,504,0
2026-09-03 18:02:01,106509,Parkgarage Böhringer,83,150,1
2026-09-03 18:02:01,106513,TG Hotel Ibis City,39,0,0
2026-09-03 18:02:01,106521,Car Park Cristal,428,220,0
2026-09-03 18:02:01,106524,Parkhaus Oberanger,253,393,1
2026-09-03 18:02:01,301220,Tiefgarage Karstadt Oberpollinger,132,357,1
2026-09-03 18:02:01,301234,Pschorr-Garage,53,160,1
2026-09-03 18:02:01,301236,Marienplatz-Großgarage,161,220,0
2026-09-03 18:02:01,301264,Parkhaus Hopfenpost,190,230,0
2026-09-03 18:02:01,301270,Parkhaus Marsstr. 11,205,526,1
2026-09-03 18:02:01,301271,Tiefgarage am Hauptbahnhof,0,79,0
2026-09-03 18:02:01,301272,Tiefgarage Stachus Einkaufszentrum,180,336,1
2026-09-03 18:02:01,301277,Parkhaus Elisenhof,116,145,1
2026-09-03 18:02:01,401004,PH Hauptbahnhof Süd,135,197,1
2026-09-03 18:02:01,401010,Parkhaus am Hofbräuhaus,186,373,1
2026-09-03 18:02:01,401055,Parkhaus Schrannenhalle,57,154,1
2026-09-03 18:02:01,401060,Königshof-Parking,66,102,1
2026-09-03 18:02:01,401062,Parkhaus am Salvatorplatz,246,339,1
2026-09-03 18:02:01,106525,Parkhaus am Hauptbahnhof,0,223,0
2026-09-03 19:02:02,106501,Parkhaus am Stachus,390,390,0
2026-09-03 19:02:02,106504,City-Parkhaus am Färbergraben,262,350,1
2026-09-03 19:02:02,106505,Parkgarage Rieger-City,205,266,0
2026-09-03 19:02:02,106506,Sonnenhof Parkgarage,21,77,0
2026-09-03 19:02:02,106507,Tiefgarage vor der Oper,144,275,1
2026-09-03 19:02:02,106508,Hertie-Parkhaus,417,504,0
2026-09-03 19:02:02,106509,Parkgarage Böhringer,97,150,1
2026-09-03 19:02:02,106513,TG Hotel Ibis City,39,0,0
2026-09-03 19:02:02,106521,Car Park Cristal,428,220,0
2026-09-03 19:02:02,106524,Parkhaus Oberanger,272,393,1
2026-09-03 19:02:02,301220,Tiefgarage Karstadt Oberpollinger,161,357,1
2026-09-03 19:02:02,301234,Pschorr-Garage,63,160,1
2026-09-03 19:02:02,301236,Marienplatz-Großgarage,161,220,0
2026-09-03 19:02:02,301264,Parkhaus Hopfenpost,190,230,0
2026-09-03 19:02:02,301270,Parkhaus Marsstr. 11,193,526,1
2026-09-03 19:02:02,301271,Tiefgarage am Hauptbahnhof,0,79,0
2026-09-03 19:02:02,301272,Tiefgarage Stachus Einkaufszentrum,184,336,1
2026-09-03 19:02:02,301277,Parkhaus Elisenhof,121,145,1
2026-09-03 19:02:02,401004,PH Hauptbahnhof Süd,127,197,1
2026-09-03 19:02:02,401010,Parkhaus am Hofbräuhaus,202,373,1
2026-09-03 19:02:02,401055,Parkhaus Schrannenhalle,72,154,1
2026-09-03 19:02:02,401060,Königshof-Parking,61,102,1
2026-09-03 19:02:02,401062,Parkhaus am Salvatorplatz,262,339,1
2026-09-03 19:02:02,106525,Parkhaus am Hauptbahnhof,0,223,0
2026-09-03 20:02:01,106501,Parkhaus am Stachus,390,390,0
2026-09-03 20:02:01,106504,City-Parkhaus am Färbergraben,305,350,1
2026-09-03 20:02:01,106505,Parkgarage Rieger-City,205,266,0
2026-09-03 20:02:01,106506,Sonnenhof Parkgarage,21,77,0
2026-09-03 20:02:01,106507,Tiefgarage vor der Oper,148,275,1
2026-09-03 20:02:01,106508,Hertie-Parkhaus,417,504,0
2026-09-03 20:02:01,106509,Parkgarage Böhringer,96,150,1
2026-09-03 20:02:01,106513,TG Hotel Ibis City,39,0,0
2026-09-03 20:02:01,106521,Car Park Cristal,428,220,0
2026-09-03 20:02:01,106524,Parkhaus Oberanger,301,393,1
2026-09-03 20:02:01,301220,Tiefgarage Karstadt Oberpollinger,193,357,1
2026-09-03 20:02:01,301234,Pschorr-Garage,85,160,1
2026-09-03 20:02:01,301236,Marienplatz-Großgarage,161,220,0
2026-09-03 20:02:01,301264,Parkhaus Hopfenpost,190,230,0
2026-09-03 20:02:01,301270,Parkhaus Marsstr. 11,176,526,1
2026-09-03 20:02:01,301271,Tiefgarage am Hauptbahnhof,0,79,0
2026-09-03 20:02:01,301272,Tiefgarage Stachus Einkaufszentrum,185,336,1
2026-09-03 20:02:01,301277,Parkhaus Elisenhof,127,145,1
2026-09-03 20:02:01,401004,PH Hauptbahnhof Süd,123,197,1
2026-09-03 20:02:01,401010,Parkhaus am Hofbräuhaus,229,373,1
2026-09-03 20:02:01,401055,Parkhaus Schrannenhalle,100,154,1
2026-09-03 20:02:01,401060,Königshof-Parking,61,102,1
2026-09-03 20:02:01,401062,Parkhaus am Salvatorplatz,269,339,1
2026-09-03 20:02:01,106525,Parkhaus am Hauptbahnhof,0,223,0
2026-09-03 21:02:01,106501,Parkhaus am Stachus,390,390,0
2026-09-03 21:02:01,106504,City-Parkhaus am Färbergraben,326,350,1
2026-09-03 21:02:01,106505,Parkgarage Rieger-City,205,266,0
2026-09-03 21:02:01,106506,Sonnenhof Parkgarage,21,77,0
2026-09-03 21:02:01,106507,Tiefgarage vor der Oper,179,275,1
2026-09-03 21:02:01,106508,Hertie-Parkhaus,417,504,0
2026-09-03 21:02:01,106509,Parkgarage Böhringer,103,150,1
2026-09-03 21:02:01,106513,TG Hotel Ibis City,39,0,0
2026-09-03 21:02:01,106521,Car Park Cristal,428,220,0
2026-09-03 21:02:01,106524,Parkhaus Oberanger,321,393,1
2026-09-03 21:02:01,301220,Tiefgarage Karstadt Oberpollinger,218,357,1
2026-09-03 21:02:01,301234,Pschorr-Garage,108,160,1
2026-09-03 21:02:01,301236,Marienplatz-Großgarage,161,220,0
2026-09-03 21:02:01,301264,Parkhaus Hopfenpost,190,230,0
2026-09-03 21:02:01,301270,Parkhaus Marsstr. 11,157,526,1
2026-09-03 21:02:01,301271,Tiefgarage am Hauptbahnhof,0,79,0
2026-09-03 21:02:01,301272,Tiefgarage Stachus Einkaufszentrum,184,336,1
2026-09-03 21:02:01,301277,Parkhaus Elisenhof,131,145,1
2026-09-03 21:02:01,401004,PH Hauptbahnhof Süd,121,197,1
2026-09-03 21:02:01,401010,Parkhaus am Hofbräuhaus,252,373,1
2026-09-03 21:02:01,401055,Parkhaus Schrannenhalle,113,154,1
2026-09-03 21:02:01,401060,Königshof-Parking,61,102,1
2026-09-03 21:02:01,401062,Parkhaus am Salvatorplatz,285,339,1
2026-09-03 21:02:01,106525,Parkhaus am Hauptbahnhof,0,223,0
2026-09-03 22:02:01,106501,Parkhaus am Stachus,390,390,0
2026-09-03 22:02:01,106504,City-Parkhaus am Färbergraben,332,350,1
2026-09-03 22:02:01,106505,Parkgarage Rieger-City,205,266,0
2026-09-03 22:02:01,106506,Sonnenhof Parkgarage,21,77,0
2026-09-03 22:02:01,106507,Tiefgarage vor der Oper,213,275,1
2026-09-03 22:02:01,106508,Hertie-Parkhaus,417,504,0
2026-09-03 22:02:01,106509,Parkgarage Böhringer,113,150,1
2026-09-03 22:02:01,106513,TG Hotel Ibis City,39,0,0
2026-09-03 22:02:01,106521,Car Park Cristal,428,220,0
2026-09-03 22:02:01,106524,Parkhaus Oberanger,342,393,1
2026-09-03 22:02:01,301220,Tiefgarage Karstadt Oberpollinger,228,357,1
2026-09-03 22:02:01,301234,Pschorr-Garage,127,160,1
2026-09-03 22:02:01,301236,Marienplatz-Großgarage,161,220,0
2026-09-03 22:02:01,301264,Parkhaus Hopfenpost,190,230,0
2026-09-03 22:02:01,301270,Parkhaus Marsstr. 11,150,526,1
2026-09-03 22:02:01,301271,Tiefgarage am Hauptbahnhof,0,79,0
2026-09-03 22:02:01,301272,Tiefgarage Stachus Einkaufszentrum,182,336,1
2026-09-03 22:02:01,301277,Parkhaus Elisenhof,137,145,1
2026-09-03 22:02:01,401004,PH Hauptbahnhof Süd,122,197,1
2026-09-03 22:02:01,401010,Parkhaus am Hofbräuhaus,289,373,1
2026-09-03 22:02:01,401055,Parkhaus Schrannenhalle,119,154,1
2026-09-03 22:02:01,401060,Königshof-Parking,62,102,1
2026-09-03 22:02:01,401062,Parkhaus am Salvatorplatz,297,339,1
2026-09-03 22:02:01,106525,Parkhaus am Hauptbahnhof,0,223,0
2026-09-03 23:02:01,106501,Parkhaus am Stachus,390,390,0
2026-09-03 23:02:01,106504,City-Parkhaus am Färbergraben,342,350,1
2026-09-03 23:02:01,106505,Parkgarage Rieger-City,205,266,0
2026-09-03 23:02:01,106506,Sonnenhof Parkgarage,21,77,0
2026-09-03 23:02:01,106507,Tiefgarage vor der Oper,236,275,1
2026-09-03 23:02:01,106508,Hertie-Parkhaus,417,504,0
2026-09-03 23:02:01,106509,Parkgarage Böhringer,122,150,1
2026-09-03 23:02:01,106513,TG Hotel Ibis City,39,0,0
2026-09-03 23:02:01,106521,Car Park Cristal,428,220,0
2026-09-03 23:02:01,106524,Parkhaus Oberanger,353,393,1
2026-09-03 23:02:01,301220,Tiefgarage Karstadt Oberpollinger,233,357,1
2026-09-03 23:02:01,301234,Pschorr-Garage,132,160,1
2026-09-03 23:02:01,301236,Marienplatz-Großgarage,161,220,0
2026-09-03 23:02:01,301264,Parkhaus Hopfenpost,190,230,0
2026-09-03 23:02:01,301270,Parkhaus Marsstr. 11,157,526,1
2026-09-03 23:02:01,301271,Tiefgarage am Hauptbahnhof,0,79,0
2026-09-03 23:02:01,301272,Tiefgarage Stachus Einkaufszentrum,181,336,1
2026-09-03 23:02:01,301277,Parkhaus Elisenhof,144,145,1
2026-09-03 23:02:01,401004,PH Hauptbahnhof Süd,117,197,1
2026-09-03 23:02:01,401010,Parkhaus am Hofbräuhaus,309,373,1
2026-09-03 23:02:01,401055,Parkhaus Schrannenhalle,123,147,1
2026-09-03 23:02:01,401060,Königshof-Parking,69,102,1
2026-09-03 23:02:01,401062,Parkhaus am Salvatorplatz,309,339,1
2026-09-03 23:02:01,106525,Parkhaus am Hauptbahnhof,0,223,0
2026-09-04 00:02:01,106501,Parkhaus am Stachus,390,390,0
2026-09-04 00:02:01,106504,City-Parkhaus am Färbergraben,0,350,1
2026-09-04 00:02:01,106505,Parkgarage Rieger-City,205,266,0
2026-09-04 00:02:01,106506,Sonnenhof Parkgarage,21,77,0
2026-09-04 00:02:01,106507,Tiefgarage vor der Oper,245,275,1
2026-09-04 00:02:01,106508,Hertie-Parkhaus,417,504,0
2026-09-04 00:02:01,106509,Parkgarage Böhringer,126,150,1
2026-09-04 00:02:01,106513,TG Hotel Ibis City,39,0,0
2026-09-04 00:02:01,106521,Car Park Cristal,428,220,0
2026-09-04 00:02:01,106524,Parkhaus Oberanger,359,393,1
2026-09-04 00:02:01,301220,Tiefgarage Karstadt Oberpollinger,235,357,1
2026-09-04 00:02:01,301234,Pschorr-Garage,135,160,1
2026-09-04 00:02:01,301236,Marienplatz-Großgarage,161,220,0
2026-09-04 00:02:01,301264,Parkhaus Hopfenpost,190,230,0
2026-09-04 00:02:01,301270,Parkhaus Marsstr. 11,162,526,1
2026-09-04 00:02:01,301271,Tiefgarage am Hauptbahnhof,0,79,0
2026-09-04 00:02:01,301272,Tiefgarage Stachus Einkaufszentrum,188,336,1
2026-09-04 00:02:01,301277,Parkhaus Elisenhof,145,145,1
2026-09-04 00:02:01,401004,PH Hauptbahnhof Süd,118,197,1
2026-09-04 00:02:01,401010,Parkhaus am Hofbräuhaus,322,373,1
2026-09-04 00:02:01,401055,Parkhaus Schrannenhalle,126,147,1
2026-09-04 00:02:01,401060,Königshof-Parking,79,102,1
2026-09-04 00:02:01,401062,Parkhaus am Salvatorplatz,310,339,1
2026-09-04 00:02:01,106525,Parkhaus am Hauptbahnhof,0,223,0
2026-09-04 01:02:01,106501,Parkhaus am Stachus,390,390,0
2026-09-04 01:02:01,106504,City-Parkhaus am Färbergraben,0,350,1
2026-09-04 01:02:01,106505,Parkgarage Rieger-City,205,266,0
2026-09-04 01:02:01,106506,Sonnenhof Parkgarage,21,77,0
2026-09-04 01:02:01,106507,Tiefgarage vor der Oper,263,275,1
2026-09-04 01:02:01,106508,Hertie-Parkhaus,417,504,0
2026-09-04 01:02:01,106509,Parkgarage Böhringer,127,150,1
2026-09-04 01:02:01,106513,TG Hotel Ibis City,39,0,0
2026-09-04 01:02:01,106521,Car Park Cristal,428,220,0
2026-09-04 01:02:01,106524,Parkhaus Oberanger,362,393,1
2026-09-04 01:02:01,301220,Tiefgarage Karstadt Oberpollinger,239,357,1
2026-09-04 01:02:01,301234,Pschorr-Garage,135,160,1
2026-09-04 01:02:01,301236,Marienplatz-Großgarage,161,220,0
2026-09-04 01:02:01,301264,Parkhaus Hopfenpost,190,230,0
2026-09-04 01:02:01,301270,Parkhaus Marsstr. 11,163,526,1
2026-09-04 01:02:01,301271,Tiefgarage am Hauptbahnhof,0,79,0
2026-09-04 01:02:01,301272,Tiefgarage Stachus Einkaufszentrum,189,336,1
2026-09-04 01:02:01,301277,Parkhaus Elisenhof,145,145,1
2026-09-04 01:02:01,401004,PH Hauptbahnhof Süd,120,197,1
2026-09-04 01:02:01,401010,Parkhaus am Hofbräuhaus,322,373,1
2026-09-04 01:02:01,401055,Parkhaus Schrannenhalle,127,147,1
2026-09-04 01:02:01,401060,Königshof-Parking,84,102,1
2026-09-04 01:02:01,401062,Parkhaus am Salvatorplatz,312,339,1
2026-09-04 01:02:01,106525,Parkhaus am Hauptbahnhof,0,223,0
2026-09-04 02:02:01,106501,Parkhaus am Stachus,390,390,0
2026-09-04 02:02:01,106504,City-Parkhaus am Färbergraben,0,350,1
2026-09-04 02:02:01,106505,Parkgarage Rieger-City,205,266,0
2026-09-04 02:02:01,106506,Sonnenhof Parkgarage,21,77,0
2026-09-04 02:02:01,106507,Tiefgarage vor der Oper,264,275,1
2026-09-04 02:02:01,106508,Hertie-Parkhaus,417,504,0
2026-09-04 02:02:01,106509,Parkgarage Böhringer,127,150,1
2026-09-04 02:02:01,106513,TG Hotel Ibis City,39,0,0
2026-09-04 02:02:01,106521,Car Park Cristal,428,220,0
2026-09-04 02:02:01,106524,Parkhaus Oberanger,362,393,1
2026-09-04 02:02:01,301220,Tiefgarage Karstadt Oberpollinger,239,357,1
2026-09-04 02:02:01,301234,Pschorr-Garage,134,160,1
2026-09-04 02:02:01,301236,Marienplatz-Großgarage,161,220,0
2026-09-04 02:02:01,301264,Parkhaus Hopfenpost,190,230,0
2026-09-04 02:02:01,301270,Parkhaus Marsstr. 11,163,526,1
2026-09-04 02:02:01,301271,Tiefgarage am Hauptbahnhof,0,79,0
2026-09-04 02:02:01,301272,Tiefgarage Stachus Einkaufszentrum,189,336,1
2026-09-04 02:02:01,301277,Parkhaus Elisenhof,144,145,1
2026-09-04 02:02:01,401004,PH Hauptbahnhof Süd,119,197,1
2026-09-04 02:02:01,401010,Parkhaus am Hofbräuhaus,324,373,1
2026-09-04 02:02:01,401055,Parkhaus Schrannenhalle,127,147,1
2026-09-04 02:02:01,401060,Königshof-Parking,84,102,1
2026-09-04 02:02:01,401062,Parkhaus am Salvatorplatz,312,339,1
2026-09-04 02:02:01,106525,Parkhaus am Hauptbahnhof,0,223,0
2026-09-04 03:02:01,106501,Parkhaus am Stachus,390,390,0
2026-09-04 03:02:01,106504,City-Parkhaus am Färbergraben,0,350,1
2026-09-04 03:02:01,106505,Parkgarage Rieger-City,205,266,0
2026-09-04 03:02:01,106506,Sonnenhof Parkgarage,21,77,0
2026-09-04 03:02:01,106507,Tiefgarage vor der Oper,264,275,1
2026-09-04 03:02:01,106508,Hertie-Parkhaus,417,504,0
2026-09-04 03:02:01,106509,Parkgarage Böhringer,127,150,1
2026-09-04 03:02:01,106513,TG Hotel Ibis City,39,0,0
2026-09-04 03:02:01,106521,Car Park Cristal,428,220,0
2026-09-04 03:02:01,106524,Parkhaus Oberanger,364,393,1
2026-09-04 03:02:01,301220,Tiefgarage Karstadt Oberpollinger,240,357,1
2026-09-04 03:02:01,301234,Pschorr-Garage,135,160,1
2026-09-04 03:02:01,301236,Marienplatz-Großgarage,161,220,0
2026-09-04 03:02:01,301264,Parkhaus Hopfenpost,190,230,0
2026-09-04 03:02:01,301270,Parkhaus Marsstr. 11,163,526,1
2026-09-04 03:02:01,301271,Tiefgarage am Hauptbahnhof,0,79,0
2026-09-04 03:02:01,301272,Tiefgarage Stachus Einkaufszentrum,189,336,1
2026-09-04 03:02:01,301277,Parkhaus Elisenhof,145,145,1
2026-09-04 03:02:01,401004,PH Hauptbahnhof Süd,120,197,1
2026-09-04 03:02:01,401010,Parkhaus am Hofbräuhaus,325,373,1
2026-09-04 03:02:01,401055,Parkhaus Schrannenhalle,127,147,1
2026-09-04 03:02:01,401060,Königshof-Parking,84,102,1
2026-09-04 03:02:01,401062,Parkhaus am Salvatorplatz,312,339,1
2026-09-04 03:02:01,106525,Parkhaus am Hauptbahnhof,0,223,0
2026-09-04 04:02:01,106501,Parkhaus am Stachus,390,390,0
2026-09-04 04:02:01,106504,City-Parkhaus am Färbergraben,0,350,1
2026-09-04 04:02:01,106505,Parkgarage Rieger-City,205,266,0
2026-09-04 04:02:01,106506,Sonnenhof Parkgarage,21,77,0
2026-09-04 04:02:01,106507,Tiefgarage vor der Oper,264,275,1
2026-09-04 04:02:01,106508,Hertie-Parkhaus,417,504,0
2026-09-04 04:02:01,106509,Parkgarage Böhringer,127,150,1
2026-09-04 04:02:01,106513,TG Hotel Ibis City,39,0,0
2026-09-04 04:02:01,106521,Car Park Cristal,428,220,0
2026-09-04 04:02:01,106524,Parkhaus Oberanger,364,393,1
2026-09-04 04:02:01,301220,Tiefgarage Karstadt Oberpollinger,240,357,1
2026-09-04 04:02:01,301234,Pschorr-Garage,135,160,1
2026-09-04 04:02:01,301236,Marienplatz-Großgarage,161,220,0
2026-09-04 04:02:01,301264,Parkhaus Hopfenpost,190,230,0
2026-09-04 04:02:01,301270,Parkhaus Marsstr. 11,162,526,1
2026-09-04 04:02:01,301271,Tiefgarage am Hauptbahnhof,0,79,0
2026-09-04 04:02:01,301272,Tiefgarage Stachus Einkaufszentrum,190,336,1
2026-09-04 04:02:01,301277,Parkhaus Elisenhof,145,145,1
2026-09-04 04:02:01,401004,PH Hauptbahnhof Süd,119,197,1
2026-09-04 04:02:01,401010,Parkhaus am Hofbräuhaus,326,373,1
2026-09-04 04:02:01,401055,Parkhaus Schrannenhalle,127,147,1
2026-09-04 04:02:01,401060,Königshof-Parking,84,102,1
2026-09-04 04:02:01,401062,Parkhaus am Salvatorplatz,311,339,1
2026-09-04 04:02:01,106525,Parkhaus am Hauptbahnhof,0,223,0
2026-09-04 05:02:01,106501,Parkhaus am Stachus,390,390,0
2026-09-04 05:02:01,106504,City-Parkhaus am Färbergraben,0,350,1
2026-09-04 05:02:01,106505,Parkgarage Rieger-City,205,266,0
2026-09-04 05:02:01,106506,Sonnenhof Parkgarage,21,77,0
2026-09-04 05:02:01,106507,Tiefgarage vor der Oper,264,275,1
2026-09-04 05:02:01,106508,Hertie-Parkhaus,417,504,0
2026-09-04 05:02:01,106509,Parkgarage Böhringer,127,150,1
2026-09-04 05:02:01,106513,TG Hotel Ibis City,39,0,0
2026-09-04 05:02:01,106521,Car Park Cristal,428,220,0
2026-09-04 05:02:01,106524,Parkhaus Oberanger,364,393,1
2026-09-04 05:02:01,301220,Tiefgarage Karstadt Oberpollinger,240,357,1
2026-09-04 05:02:01,301234,Pschorr-Garage,134,160,1
2026-09-04 05:02:01,301236,Marienplatz-Großgarage,161,220,0
2026-09-04 05:02:01,301264,Parkhaus Hopfenpost,190,230,0
2026-09-04 05:02:01,301270,Parkhaus Marsstr. 11,161,526,1
2026-09-04 05:02:01,301271,Tiefgarage am Hauptbahnhof,0,79,0
2026-09-04 05:02:01,301272,Tiefgarage Stachus Einkaufszentrum,190,336,1
2026-09-04 05:02:01,301277,Parkhaus Elisenhof,145,145,1
2026-09-04 05:02:01,401004,PH Hauptbahnhof Süd,119,197,1
2026-09-04 05:02:01,401010,Parkhaus am Hofbräuhaus,326,373,1
2026-09-04 05:02:01,401055,Parkhaus Schrannenhalle,127,147,1
2026-09-04 05:02:01,401060,Königshof-Parking,84,102,1
2026-09-04 05:02:01,401062,Parkhaus am Salvatorplatz,311,339,1
2026-09-04 05:02:01,106525,Parkhaus am Hauptbahnhof,0,223,0
2026-09-04 06:02:01,106501,Parkhaus am Stachus,390,390,0
2026-09-04 06:02:01,106504,City-Parkhaus am Färbergraben,0,350,1
2026-09-04 06:02:01,106505,Parkgarage Rieger-City,205,266,0
2026-09-04 06:02:01,106506,Sonnenhof Parkgarage,21,77,0
2026-09-04 06:02:01,106507,Tiefgarage vor der Oper,262,275,1
2026-09-04 06:02:01,106508,Hertie-Parkhaus,417,504,0
2026-09-04 06:02:01,106509,Parkgarage Böhringer,127,150,1
2026-09-04 06:02:01,106513,TG Hotel Ibis City,39,0,0
2026-09-04 06:02:01,106521,Car Park Cristal,428,220,0
2026-09-04 06:02:01,106524,Parkhaus Oberanger,364,393,1
2026-09-04 06:02:01,301220,Tiefgarage Karstadt Oberpollinger,239,357,1
2026-09-04 06:02:01,301234,Pschorr-Garage,134,160,1
2026-09-04 06:02:01,301236,Marienplatz-Großgarage,161,220,0
2026-09-04 06:02:01,301264,Parkhaus Hopfenpost,190,230,0
2026-09-04 06:02:01,301270,Parkhaus Marsstr. 11,160,526,1
2026-09-04 06:02:01,301271,Tiefgarage am Hauptbahnhof,0,79,0
2026-09-04 06:02:01,301272,Tiefgarage Stachus Einkaufszentrum,190,336,1
2026-09-04 06:02:01,301277,Parkhaus Elisenhof,143,145,1
2026-09-04 06:02:01,401004,PH Hauptbahnhof Süd,117,197,1
2026-09-04 06:02:01,401010,Parkhaus am Hofbräuhaus,327,373,1
2026-09-04 06:02:01,401055,Parkhaus Schrannenhalle,128,147,1
2026-09-04 06:02:01,401060,Königshof-Parking,84,102,1
2026-09-04 06:02:01,401062,Parkhaus am Salvatorplatz,311,339,1
2026-09-04 06:02:01,106525,Parkhaus am Hauptbahnhof,0,223,0
2026-09-04 07:02:01,106501,Parkhaus am Stachus,390,390,0
2026-09-04 07:02:01,106504,City-Parkhaus am Färbergraben,338,350,1
2026-09-04 07:02:01,106505,Parkgarage Rieger-City,205,266,0
2026-09-04 07:02:01,106506,Sonnenhof Parkgarage,21,77,0
2026-09-04 07:02:01,106507,Tiefgarage vor der Oper,257,275,1
2026-09-04 07:02:01,106508,Hertie-Parkhaus,417,504,0
2026-09-04 07:02:01,106509,Parkgarage Böhringer,124,150,1
2026-09-04 07:02:01,106513,TG Hotel Ibis City,39,0,0
2026-09-04 07:02:01,106521,Car Park Cristal,428,220,0
2026-09-04 07:02:01,106524,Parkhaus Oberanger,361,393,1
2026-09-04 07:02:01,301220,Tiefgarage Karstadt Oberpollinger,238,357,1
2026-09-04 07:02:01,301234,Pschorr-Garage,130,160,1
2026-09-04 07:02:01,301236,Marienplatz-Großgarage,161,220,0
2026-09-04 07:02:01,301264,Parkhaus Hopfenpost,190,230,0
2026-09-04 07:02:01,301270,Parkhaus Marsstr. 11,152,526,1
2026-09-04 07:02:01,301271,Tiefgarage am Hauptbahnhof,0,79,0
2026-09-04 07:02:01,301272,Tiefgarage Stachus Einkaufszentrum,191,336,1
2026-09-04 07:02:01,301277,Parkhaus Elisenhof,143,145,1
2026-09-04 07:02:01,401004,PH Hauptbahnhof Süd,118,197,1
2026-09-04 07:02:01,401010,Parkhaus am Hofbräuhaus,327,373,1
2026-09-04 07:02:01,401055,Parkhaus Schrannenhalle,126,147,1
2026-09-04 07:02:01,401060,Königshof-Parking,83,102,1
2026-09-04 07:02:01,401062,Parkhaus am Salvatorplatz,310,339,1
2026-09-04 07:02:01,106525,Parkhaus am Hauptbahnhof,0,223,0
2026-09-04 08:02:01,106501,Parkhaus am Stachus,390,390,0
2026-09-04 08:02:01,106504,City-Parkhaus am Färbergraben,325,350,1
2026-09-04 08:02:01,106505,Parkgarage Rieger-City,205,266,0
2026-09-04 08:02:01,106506,Sonnenhof Parkgarage,21,77,0
2026-09-04 08:02:01,106507,Tiefgarage vor der Oper,246,275,1
2026-09-04 08:02:01,106508,Hertie-Parkhaus,417,504,0
2026-09-04 08:02:01,106509,Parkgarage Böhringer,119,150,1
2026-09-04 08:02:01,106513,TG Hotel Ibis City,39,0,0
2026-09-04 08:02:01,106521,Car Park Cristal,428,220,0
2026-09-04 08:02:01,106524,Parkhaus Oberanger,348,393,1
2026-09-04 08:02:01,301220,Tiefgarage Karstadt Oberpollinger,229,357,1
2026-09-04 08:02:01,301234,Pschorr-Garage,134,160,1
2026-09-04 08:02:01,301236,Marienplatz-Großgarage,161,220,0
2026-09-04 08:02:01,301264,Parkhaus Hopfenpost,190,230,0
2026-09-04 08:02:01,301270,Parkhaus Marsstr. 11,197,526,1
2026-09-04 08:02:01,301271,Tiefgarage am Hauptbahnhof,0,79,0
2026-09-04 08:02:01,301272,Tiefgarage Stachus Einkaufszentrum,189,336,1
2026-09-04 08:02:01,301277,Parkhaus Elisenhof,142,145,1
2026-09-04 08:02:01,401004,PH Hauptbahnhof Süd,120,197,1
2026-09-04 08:02:01,401010,Parkhaus am Hofbräuhaus,316,373,1
2026-09-04 08:02:01,401055,Parkhaus Schrannenhalle,123,147,1
2026-09-04 08:02:01,401060,Königshof-Parking,83,102,1
2026-09-04 08:02:01,401062,Parkhaus am Salvatorplatz,293,339,1
2026-09-04 08:02:01,106525,Parkhaus am Hauptbahnhof,0,223,0
2026-09-04 09:02:01,106501,Parkhaus am Stachus,390,390,0
2026-09-04 09:02:01,106504,City-Parkhaus am Färbergraben,310,350,1
2026-09-04 09:02:01,106505,Parkgarage Rieger-City,205,266,0
2026-09-04 09:02:01,106506,Sonnenhof Parkgarage,21,77,0
2026-09-04 09:02:01,106507,Tiefgarage vor der Oper,214,275,1
2026-09-04 09:02:01,106508,Hertie-Parkhaus,417,504,0
2026-09-04 09:02:01,106509,Parkgarage Böhringer,116,150,1
2026-09-04 09:02:01,106513,TG Hotel Ibis City,39,0,0
2026-09-04 09:02:01,106521,Car Park Cristal,428,220,0
2026-09-04 09:02:01,106524,Parkhaus Oberanger,334,393,1
2026-09-04 09:02:01,301220,Tiefgarage Karstadt Oberpollinger,207,357,1
2026-09-04 09:02:01,301234,Pschorr-Garage,120,160,1
2026-09-04 09:02:01,301236,Marienplatz-Großgarage,161,220,0
2026-09-04 09:02:01,301264,Parkhaus Hopfenpost,190,230,0
2026-09-04 09:02:01,301270,Parkhaus Marsstr. 11,209,526,1
2026-09-04 09:02:01,301271,Tiefgarage am Hauptbahnhof,0,79,0
2026-09-04 09:02:01,301272,Tiefgarage Stachus Einkaufszentrum,187,336,1
2026-09-04 09:02:01,301277,Parkhaus Elisenhof,140,145,1
2026-09-04 09:02:01,401004,PH Hauptbahnhof Süd,126,197,1
2026-09-04 09:02:01,401010,Parkhaus am Hofbräuhaus,288,373,1
2026-09-04 09:02:01,401055,Parkhaus Schrannenhalle,115,147,1
2026-09-04 09:02:01,401060,Königshof-Parking,80,102,1
2026-09-04 09:02:01,401062,Parkhaus am Salvatorplatz,277,339,1
2026-09-04 09:02:01,106525,Parkhaus am Hauptbahnhof,0,223,0
2026-09-04 10:02:01,106501,Parkhaus am Stachus,390,390,0
2026-09-04 10:02:01,106504,City-Parkhaus am Färbergraben,267,350,1
2026-09-04 10:02:01,106505,Parkgarage Rieger-City,205,266,0
2026-09-04 10:02:01,106506,Sonnenhof Parkgarage,21,77,0
2026-09-04 10:02:01,106507,Tiefgarage vor der Oper,157,275,1
2026-09-04 10:02:01,106508,Hertie-Parkhaus,417,504,0
2026-09-04 10:02:01,106509,Parkgarage Böhringer,104,150,1
2026-09-04 10:02:01,106513,TG Hotel Ibis City,39,0,0
2026-09-04 10:02:01,106521,Car Park Cristal,428,220,0
2026-09-04 10:02:01,106524,Parkhaus Oberanger,302,393,1
2026-09-04 10:02:01,301220,Tiefgarage Karstadt Oberpollinger,175,357,1
2026-09-04 10:02:01,301234,Pschorr-Garage,96,160,1
2026-09-04 10:02:01,301236,Marienplatz-Großgarage,161,220,0
2026-09-04 10:02:01,301264,Parkhaus Hopfenpost,190,230,0
2026-09-04 10:02:01,301270,Parkhaus Marsstr. 11,230,526,1
2026-09-04 10:02:01,301271,Tiefgarage am Hauptbahnhof,0,79,0
2026-09-04 10:02:01,301272,Tiefgarage Stachus Einkaufszentrum,191,336,1
2026-09-04 10:02:01,301277,Parkhaus Elisenhof,127,145,1
2026-09-04 10:02:01,401004,PH Hauptbahnhof Süd,140,197,1
2026-09-04 10:02:01,401010,Parkhaus am Hofbräuhaus,234,373,1
2026-09-04 10:02:01,401055,Parkhaus Schrannenhalle,89,147,1
2026-09-04 10:02:01,401060,Königshof-Parking,71,102,1
2026-09-04 10:02:01,401062,Parkhaus am Salvatorplatz,244,339,1
2026-09-04 10:02:01,106525,Parkhaus am Hauptbahnhof,0,223,0
2026-09-04 11:02:01,106501,Parkhaus am Stachus,390,390,0
2026-09-04 11:02:01,106504,City-Parkhaus am Färbergraben,225,350,1
2026-09-04 11:02:01,106505,Parkgarage Rieger-City,205,266,0
2026-09-04 11:02:01,106506,Sonnenhof Parkgarage,21,77,0
2026-09-04 11:02:01,106507,Tiefgarage vor der Oper,101,275,1
2026-09-04 11:02:01,106508,Hertie-Parkhaus,417,504,0
2026-09-04 11:02:01,106509,Parkgarage Böhringer,95,150,1
2026-09-04 11:02:01,106513,TG Hotel Ibis City,39,0,0
2026-09-04 11:02:01,106521,Car Park Cristal,428,220,0
2026-09-04 11:02:01,106524,Parkhaus Oberanger,260,393,1
2026-09-04 11:02:01,301220,Tiefgarage Karstadt Oberpollinger,138,357,1
2026-09-04 11:02:01,301234,Pschorr-Garage,65,160,1
2026-09-04 11:02:01,301236,Marienplatz-Großgarage,161,220,0
2026-09-04 11:02:01,301264,Parkhaus Hopfenpost,190,230,0
2026-09-04 11:02:01,301270,Parkhaus Marsstr. 11,253,526,1
2026-09-04 11:02:01,301271,Tiefgarage am Hauptbahnhof,0,79,0
2026-09-04 11:02:01,301272,Tiefgarage Stachus Einkaufszentrum,176,336,1
2026-09-04 11:02:01,301277,Parkhaus Elisenhof,117,145,1
2026-09-04 11:02:01,401004,PH Hauptbahnhof Süd,141,197,1
2026-09-04 11:02:01,401010,Parkhaus am Hofbräuhaus,188,373,1
2026-09-04 11:02:01,401055,Parkhaus Schrannenhalle,62,147,1
2026-09-04 11:02:01,401060,Königshof-Parking,68,102,1
2026-09-04 11:02:01,401062,Parkhaus am Salvatorplatz,192,339,1
2026-09-04 11:02:01,106525,Parkhaus am Hauptbahnhof,0,223,0
2026-09-04 12:02:01,106501,Parkhaus am Stachus,390,390,0
2026-09-04 12:02:01,106504,City-Parkhaus am Färbergraben,203,350,1
2026-09-04 12:02:01,106505,Parkgarage Rieger-City,205,266,0
2026-09-04 12:02:01,106506,Sonnenhof Parkgarage,21,77,0
2026-09-04 12:02:01,106507,Tiefgarage vor der Oper,52,275,1
2026-09-04 12:02:01,106508,Hertie-Parkhaus,417,504,0
2026-09-04 12:02:01,106509,Parkgarage Böhringer,69,150,1
2026-09-04 12:02:01,106513,TG Hotel Ibis City,39,0,0
2026-09-04 12:02:01,106521,Car Park Cristal,428,220,0
2026-09-04 12:02:01,106524,Parkhaus Oberanger,223,393,1
2026-09-04 12:02:01,301220,Tiefgarage Karstadt Oberpollinger,119,357,1
2026-09-04 12:02:01,301234,Pschorr-Garage,44,160,1
2026-09-04 12:02:01,301236,Marienplatz-Großgarage,161,220,0
2026-09-04 12:02:01,301264,Parkhaus Hopfenpost,190,230,0
2026-09-04 12:02:01,301270,Parkhaus Marsstr. 11,260,526,1
2026-09-04 12:02:01,301271,Tiefgarage am Hauptbahnhof,0,79,0
2026-09-04 12:02:01,301272,Tiefgarage Stachus Einkaufszentrum,168,336,1
2026-09-04 12:02:01,301277,Parkhaus Elisenhof,108,145,1
2026-09-04 12:02:01,401004,PH Hauptbahnhof Süd,150,197,1
2026-09-04 12:02:01,401010,Parkhaus am Hofbräuhaus,147,373,1
2026-09-04 12:02:01,401055,Parkhaus Schrannenhalle,27,147,1
2026-09-04 12:02:01,401060,Königshof-Parking,72,102,1
2026-09-04 12:02:01,401062,Parkhaus am Salvatorplatz,180,339,1
2026-09-04 12:02:01,106525,Parkhaus am Hauptbahnhof,0,223,0
2026-09-04 13:02:01,106501,Parkhaus am Stachus,390,390,0
2026-09-04 13:02:01,106504,City-Parkhaus am Färbergraben,193,350,1
2026-09-04 13:02:01,106505,Parkgarage Rieger-City,205,266,0
2026-09-04 13:02:01,106506,Sonnenhof Parkgarage,21,77,0
2026-09-04 13:02:01,106507,Tiefgarage vor der Oper,44,275,1
2026-09-04 13:02:01,106508,Hertie-Parkhaus,417,504,0
2026-09-04 13:02:01,106509,Parkgarage Böhringer,60,150,1
2026-09-04 13:02:01,106513,TG Hotel Ibis City,39,0,0
2026-09-04 13:02:01,106521,Car Park Cristal,428,220,0
2026-09-04 13:02:01,106524,Parkhaus Oberanger,207,393,1
2026-09-04 13:02:01,301220,Tiefgarage Karstadt Oberpollinger,107,357,1
2026-09-04 13:02:01,301234,Pschorr-Garage,17,160,1
2026-09-04 13:02:01,301236,Marienplatz-Großgarage,161,220,0
2026-09-04 13:02:01,301264,Parkhaus Hopfenpost,190,230,0
2026-09-04 13:02:01,301270,Parkhaus Marsstr. 11,253,526,1
2026-09-04 13:02:01,301271,Tiefgarage am Hauptbahnhof,0,79,0
2026-09-04 13:02:01,301272,Tiefgarage Stachus Einkaufszentrum,159,336,1
2026-09-04 13:02:01,301277,Parkhaus Elisenhof,113,145,1
2026-09-04 13:02:01,401004,PH Hauptbahnhof Süd,151,197,1
2026-09-04 13:02:01,401010,Parkhaus am Hofbräuhaus,118,373,1
2026-09-04 13:02:01,401055,Parkhaus Schrannenhalle,24,147,1
2026-09-04 13:02:01,401060,Königshof-Parking,71,102,1
2026-09-04 13:02:01,401062,Parkhaus am Salvatorplatz,173,339,1
2026-09-04 13:02:01,106525,Parkhaus am Hauptbahnhof,0,223,0
2026-09-04 14:02:02,106501,Parkhaus am Stachus,390,390,0
2026-09-04 14:02:02,106504,City-Parkhaus am Färbergraben,181,350,1
2026-09-04 14:02:02,106505,Parkgarage Rieger-City,205,266,0
2026-09-04 14:02:02,106506,Sonnenhof Parkgarage,21,77,0
2026-09-04 14:02:02,106507,Tiefgarage vor der Oper,55,275,1
2026-09-04 14:02:02,106508,Hertie-Parkhaus,417,504,0
2026-09-04 14:02:02,106509,Parkgarage Böhringer,42,150,1
2026-09-04 14:02:02,106513,TG Hotel Ibis City,39,0,0
2026-09-04 14:02:02,106521,Car Park Cristal,428,220,0
2026-09-04 14:02:02,106524,Parkhaus Oberanger,209,393,1
2026-09-04 14:02:02,301220,Tiefgarage Karstadt Oberpollinger,116,357,1
2026-09-04 14:02:02,301234,Pschorr-Garage,22,170,1
2026-09-04 14:02:02,301236,Marienplatz-Großgarage,161,220,0
2026-09-04 14:02:02,301264,Parkhaus Hopfenpost,190,230,0
2026-09-04 14:02:02,301270,Parkhaus Marsstr. 11,263,526,1
2026-09-04 14:02:02,301271,Tiefgarage am Hauptbahnhof,0,79,0
2026-09-04 14:02:02,301272,Tiefgarage Stachus Einkaufszentrum,156,336,1
2026-09-04 14:02:02,301277,Parkhaus Elisenhof,64,95,1
2026-09-04 14:02:02,401004,PH Hauptbahnhof Süd,146,197,1
2026-09-04 14:02:02,401010,Parkhaus am Hofbräuhaus,130,373,1
2026-09-04 14:02:02,401055,Parkhaus Schrannenhalle,21,147,1
2026-09-04 14:02:02,401060,Königshof-Parking,71,102,1
2026-09-04 14:02:02,401062,Parkhaus am Salvatorplatz,180,339,1
2026-09-04 14:02:02,106525,Parkhaus am Hauptbahnhof,0,223,0
2026-09-04 15:02:02,106501,Parkhaus am Stachus,390,390,0
2026-09-04 15:02:02,106504,City-Parkhaus am Färbergraben,179,350,1
2026-09-04 15:02:02,106505,Parkgarage Rieger-City,205,266,0
2026-09-04 15:02:02,106506,Sonnenhof Parkgarage,21,77,0
2026-09-04 15:02:02,106507,Tiefgarage vor der Oper,69,275,1
2026-09-04 15:02:02,106508,Hertie-Parkhaus,417,504,0
2026-09-04 15:02:02,106509,Parkgarage Böhringer,52,150,1
2026-09-04 15:02:02,106513,TG Hotel Ibis City,39,0,0
2026-09-04 15:02:02,106521,Car Park Cristal,428,220,0
2026-09-04 15:02:02,106524,Parkhaus Oberanger,244,393,1
2026-09-04 15:02:02,301220,Tiefgarage Karstadt Oberpollinger,121,357,1
2026-09-04 15:02:02,301234,Pschorr-Garage,10,170,1
2026-09-04 15:02:02,301236,Marienplatz-Großgarage,161,220,0
2026-09-04 15:02:02,301264,Parkhaus Hopfenpost,190,230,0
2026-09-04 15:02:02,301270,Parkhaus Marsstr. 11,262,526,1
2026-09-04 15:02:02,301271,Tiefgarage am Hauptbahnhof,0,79,0
2026-09-04 15:02:02,301272,Tiefgarage Stachus Einkaufszentrum,160,336,1
2026-09-04 15:02:02,301277,Parkhaus Elisenhof,55,95,1
2026-09-04 15:02:02,401004,PH Hauptbahnhof Süd,140,197,1
2026-09-04 15:02:02,401010,Parkhaus am Hofbräuhaus,126,373,1
2026-09-04 15:02:02,401055,Parkhaus Schrannenhalle,22,147,1
2026-09-04 15:02:02,401060,Königshof-Parking,67,102,1
2026-09-04 15:02:02,401062,Parkhaus am Salvatorplatz,216,339,1
2026-09-04 15:02:02,106525,Parkhaus am Hauptbahnhof,0,223,0
2026-09-04 16:02:01,106501,Parkhaus am Stachus,390,390,0
2026-09-04 16:02:01,106504,City-Parkhaus am Färbergraben,204,350,1
2026-09-04 16:02:01,106505,Parkgarage Rieger-City,205,266,0
2026-09-04 16:02:01,106506,Sonnenhof Parkgarage,21,77,0
2026-09-04 16:02:01,106507,Tiefgarage vor der Oper,97,275,1
2026-09-04 16:02:01,106508,Hertie-Parkhaus,417,504,0
2026-09-04 16:02:01,106509,Parkgarage Böhringer,58,150,1
2026-09-04 16:02:01,106513,TG Hotel Ibis City,39,0,0
2026-09-04 16:02:01,106521,Car Park Cristal,428,220,0
2026-09-04 16:02:01,106524,Parkhaus Oberanger,256,393,1
2026-09-04 16:02:01,301220,Tiefgarage Karstadt Oberpollinger,125,357,1
2026-09-04 16:02:01,301234,Pschorr-Garage,11,170,1
2026-09-04 16:02:01,301236,Marienplatz-Großgarage,161,220,0
2026-09-04 16:02:01,301264,Parkhaus Hopfenpost,190,230,0
2026-09-04 16:02:01,301270,Parkhaus Marsstr. 11,261,526,1
2026-09-04 16:02:01,301271,Tiefgarage am Hauptbahnhof,0,79,0
2026-09-04 16:02:01,301272,Tiefgarage Stachus Einkaufszentrum,167,336,1
2026-09-04 16:02:01,301277,Parkhaus Elisenhof,52,95,1
2026-09-04 16:02:01,401004,PH Hauptbahnhof Süd,130,197,1
2026-09-04 16:02:01,401010,Parkhaus am Hofbräuhaus,136,373,1
2026-09-04 16:02:01,401055,Parkhaus Schrannenhalle,29,147,1
2026-09-04 16:02:01,401060,Königshof-Parking,71,102,1
2026-09-04 16:02:01,401062,Parkhaus am Salvatorplatz,218,339,1
2026-09-04 16:02:01,106525,Parkhaus am Hauptbahnhof,0,223,0
2026-09-04 17:02:01,106501,Parkhaus am Stachus,390,390,0
2026-09-04 17:02:01,106504,City-Parkhaus am Färbergraben,206,350,1
2026-09-04 17:02:01,106505,Parkgarage Rieger-City,205,266,0
2026-09-04 17:02:01,106506,Sonnenhof Parkgarage,21,77,0
2026-09-04 17:02:01,106507,Tiefgarage vor der Oper,108,275,1
2026-09-04 17:02:01,106508,Hertie-Parkhaus,417,504,0
2026-09-04 17:02:01,106509,Parkgarage Böhringer,69,150,1
2026-09-04 17:02:01,106513,TG Hotel Ibis City,39,0,0
2026-09-04 17:02:01,106521,Car Park Cristal,428,220,0
2026-09-04 17:02:01,106524,Parkhaus Oberanger,255,393,1
2026-09-04 17:02:01,301220,Tiefgarage Karstadt Oberpollinger,128,357,1
2026-09-04 17:02:01,301234,Pschorr-Garage,26,170,1
2026-09-04 17:02:01,301236,Marienplatz-Großgarage,161,220,0
2026-09-04 17:02:01,301264,Parkhaus Hopfenpost,190,230,0
2026-09-04 17:02:01,301270,Parkhaus Marsstr. 11,267,526,1
2026-09-04 17:02:01,301271,Tiefgarage am Hauptbahnhof,0,79,0
2026-09-04 17:02:01,301272,Tiefgarage Stachus Einkaufszentrum,161,336,1
2026-09-04 17:02:01,301277,Parkhaus Elisenhof,60,95,1
2026-09-04 17:02:01,401004,PH Hauptbahnhof Süd,116,197,1
2026-09-04 17:02:01,401010,Parkhaus am Hofbräuhaus,176,373,1
2026-09-04 17:02:01,401055,Parkhaus Schrannenhalle,35,147,1
2026-09-04 17:02:01,401060,Königshof-Parking,69,102,1
2026-09-04 17:02:01,401062,Parkhaus am Salvatorplatz,219,339,1
2026-09-04 17:02:01,106525,Parkhaus am Hauptbahnhof,0,223,0
2026-09-04 18:02:01,106501,Parkhaus am Stachus,390,390,0
2026-09-04 18:02:01,106504,City-Parkhaus am Färbergraben,218,350,1
2026-09-04 18:02:01,106505,Parkgarage Rieger-City,205,266,0
2026-09-04 18:02:01,106506,Sonnenhof Parkgarage,21,77,0
2026-09-04 18:02:01,106507,Tiefgarage vor der Oper,114,275,1
2026-09-04 18:02:01,106508,Hertie-Parkhaus,417,504,0
2026-09-04 18:02:01,106509,Parkgarage Böhringer,78,150,1
2026-09-04 18:02:01,106513,TG Hotel Ibis City,39,0,0
2026-09-04 18:02:01,106521,Car Park Cristal,428,220,0
2026-09-04 18:02:01,106524,Parkhaus Oberanger,260,393,1
2026-09-04 18:02:01,301220,Tiefgarage Karstadt Oberpollinger,130,357,1
2026-09-04 18:02:01,301234,Pschorr-Garage,27,170,1
2026-09-04 18:02:01,301236,Marienplatz-Großgarage,161,220,0
2026-09-04 18:02:01,301264,Parkhaus Hopfenpost,190,230,0
2026-09-04 18:02:01,301270,Parkhaus Marsstr. 11,250,526,1
2026-09-04 18:02:01,301271,Tiefgarage am Hauptbahnhof,0,79,0
2026-09-04 18:02:01,301272,Tiefgarage Stachus Einkaufszentrum,155,336,1
2026-09-04 18:02:01,301277,Parkhaus Elisenhof,58,95,1
2026-09-04 18:02:01,401004,PH Hauptbahnhof Süd,113,197,1
2026-09-04 18:02:01,401010,Parkhaus am Hofbräuhaus,182,373,1
2026-09-04 18:02:01,401055,Parkhaus Schrannenhalle,23,147,1
2026-09-04 18:02:01,401060,Königshof-Parking,67,102,1
2026-09-04 18:02:01,401062,Parkhaus am Salvatorplatz,233,339,1
2026-09-04 18:02:01,106525,Parkhaus am Hauptbahnhof,0,223,0
2026-09-04 19:02:01,106501,Parkhaus am Stachus,390,390,0
2026-09-04 19:02:01,106504,City-Parkhaus am Färbergraben,224,350,1
2026-09-04 19:02:01,106505,Parkgarage Rieger-City,205,266,0
2026-09-04 19:02:01,106506,Sonnenhof Parkgarage,21,77,0
2026-09-04 19:02:01,106507,Tiefgarage vor der Oper,133,275,1
2026-09-04 19:02:01,106508,Hertie-Parkhaus,417,504,0
2026-09-04 19:02:01,106509,Parkgarage Böhringer,73,150,1
2026-09-04 19:02:01,106513,TG Hotel Ibis City,39,0,0
2026-09-04 19:02:01,106521,Car Park Cristal,428,220,0
2026-09-04 19:02:01,106524,Parkhaus Oberanger,266,393,1
2026-09-04 19:02:01,301220,Tiefgarage Karstadt Oberpollinger,147,357,1
2026-09-04 19:02:01,301234,Pschorr-Garage,26,170,1
2026-09-04 19:02:01,301236,Marienplatz-Großgarage,161,220,0
2026-09-04 19:02:01,301264,Parkhaus Hopfenpost,190,230,0
2026-09-04 19:02:01,301270,Parkhaus Marsstr. 11,231,526,1
2026-09-04 19:02:01,301271,Tiefgarage am Hauptbahnhof,0,79,0
2026-09-04 19:02:01,301272,Tiefgarage Stachus Einkaufszentrum,153,336,1
2026-09-04 19:02:01,301277,Parkhaus Elisenhof,62,95,1
2026-09-04 19:02:01,401004,PH Hauptbahnhof Süd,101,197,1
2026-09-04 19:02:01,401010,Parkhaus am Hofbräuhaus,183,373,1
2026-09-04 19:02:01,401055,Parkhaus Schrannenhalle,34,147,1
2026-09-04 19:02:01,401060,Königshof-Parking,66,102,1
2026-09-04 19:02:01,401062,Parkhaus am Salvatorplatz,247,339,1
2026-09-04 19:02:01,106525,Parkhaus am Hauptbahnhof,0,223,0
2026-09-04 20:02:01,106501,Parkhaus am Stachus,390,390,0
2026-09-04 20:02:01,106504,City-Parkhaus am Färbergraben,257,350,1
2026-09-04 20:02:01,106505,Parkgarage Rieger-City,205,266,0
2026-09-04 20:02:01,106506,Sonnenhof Parkgarage,21,77,0
2026-09-04 20:02:01,106507,Tiefgarage vor der Oper,149,275,1
2026-09-04 20:02:01,106508,Hertie-Parkhaus,417,504,0
2026-09-04 20:02:01,106509,Parkgarage Böhringer,64,150,1
2026-09-04 20:02:01,106513,TG Hotel Ibis City,39,0,0
2026-09-04 20:02:01,106521,Car Park Cristal,428,220,0
2026-09-04 20:02:01,106524,Parkhaus Oberanger,291,393,1
2026-09-04 20:02:01,301220,Tiefgarage Karstadt Oberpollinger,180,357,1
2026-09-04 20:02:01,301234,Pschorr-Garage,56,160,1
2026-09-04 20:02:01,301236,Marienplatz-Großgarage,161,220,0
2026-09-04 20:02:01,301264,Parkhaus Hopfenpost,190,230,0
2026-09-04 20:02:01,301270,Parkhaus Marsstr. 11,211,526,1
2026-09-04 20:02:01,301271,Tiefgarage am Hauptbahnhof,0,79,0
2026-09-04 20:02:01,301272,Tiefgarage Stachus Einkaufszentrum,156,336,1
2026-09-04 20:02:01,301277,Parkhaus Elisenhof,56,95,1
2026-09-04 20:02:01,401004,PH Hauptbahnhof Süd,97,197,1
2026-09-04 20:02:01,401010,Parkhaus am Hofbräuhaus,185,373,1
2026-09-04 20:02:01,401055,Parkhaus Schrannenhalle,44,147,1
2026-09-04 20:02:01,401060,Königshof-Parking,56,102,1
2026-09-04 20:02:01,401062,Parkhaus am Salvatorplatz,259,339,1
2026-09-04 20:02:01,106525,Parkhaus am Hauptbahnhof,0,223,0
2026-09-04 21:02:01,106501,Parkhaus am Stachus,390,390,0
2026-09-04 21:02:01,106504,City-Parkhaus am Färbergraben,297,350,1
2026-09-04 21:02:01,106505,Parkgarage Rieger-City,205,266,0
2026-09-04 21:02:01,106506,Sonnenhof Parkgarage,21,77,0
2026-09-04 21:02:01,106507,Tiefgarage vor der Oper,174,275,1
2026-09-04 21:02:01,106508,Hertie-Parkhaus,417,504,0
2026-09-04 21:02:01,106509,Parkgarage Böhringer,67,150,1
2026-09-04 21:02:01,106513,TG Hotel Ibis City,39,0,0
2026-09-04 21:02:01,106521,Car Park Cristal,428,220,0
2026-09-04 21:02:01,106524,Parkhaus Oberanger,305,393,1
2026-09-04 21:02:01,301220,Tiefgarage Karstadt Oberpollinger,207,357,1
2026-09-04 21:02:01,301234,Pschorr-Garage,87,160,1
2026-09-04 21:02:01,301236,Marienplatz-Großgarage,161,220,0
2026-09-04 21:02:01,301264,Parkhaus Hopfenpost,190,230,0
2026-09-04 21:02:01,301270,Parkhaus Marsstr. 11,196,526,1
2026-09-04 21:02:01,301271,Tiefgarage am Hauptbahnhof,0,79,0
2026-09-04 21:02:01,301272,Tiefgarage Stachus Einkaufszentrum,152,336,1
2026-09-04 21:02:01,301277,Parkhaus Elisenhof,57,95,1
2026-09-04 21:02:01,401004,PH Hauptbahnhof Süd,89,197,1
2026-09-04 21:02:01,401010,Parkhaus am Hofbräuhaus,206,373,1
2026-09-04 21:02:01,401055,Parkhaus Schrannenhalle,60,147,1
2026-09-04 21:02:01,401060,Königshof-Parking,53,102,1
2026-09-04 21:02:01,401062,Parkhaus am Salvatorplatz,268,339,1
2026-09-04 21:02:01,106525,Parkhaus am Hauptbahnhof,0,223,0
2026-09-04 22:02:02,106501,Parkhaus am Stachus,390,390,0
2026-09-04 22:02:02,106504,City-Parkhaus am Färbergraben,329,350,1
2026-09-04 22:02:02,106505,Parkgarage Rieger-City,205,266,0
2026-09-04 22:02:02,106506,Sonnenhof Parkgarage,21,77,0
2026-09-04 22:02:02,106507,Tiefgarage vor der Oper,187,275,1
2026-09-04 22:02:02,106508,Hertie-Parkhaus,417,504,0
2026-09-04 22:02:02,106509,Parkgarage Böhringer,69,150,1
2026-09-04 22:02:02,106513,TG Hotel Ibis City,39,0,0
2026-09-04 22:02:02,106521,Car Park Cristal,428,220,0
2026-09-04 22:02:02,106524,Parkhaus Oberanger,335,393,1
2026-09-04 22:02:02,301220,Tiefgarage Karstadt Oberpollinger,217,357,1
2026-09-04 22:02:02,301234,Pschorr-Garage,103,160,1
2026-09-04 22:02:02,301236,Marienplatz-Großgarage,161,220,0
2026-09-04 22:02:02,301264,Parkhaus Hopfenpost,190,230,0
2026-09-04 22:02:02,301270,Parkhaus Marsstr. 11,204,526,1
2026-09-04 22:02:02,301271,Tiefgarage am Hauptbahnhof,0,79,0
2026-09-04 22:02:02,301272,Tiefgarage Stachus Einkaufszentrum,149,336,1
2026-09-04 22:02:02,301277,Parkhaus Elisenhof,51,95,1
2026-09-04 22:02:02,401004,PH Hauptbahnhof Süd,80,197,1
2026-09-04 22:02:02,401010,Parkhaus am Hofbräuhaus,247,373,1
2026-09-04 22:02:02,401055,Parkhaus Schrannenhalle,84,147,1
2026-09-04 22:02:02,401060,Königshof-Parking,62,102,1
2026-09-04 22:02:02,401062,Parkhaus am Salvatorplatz,279,339,1
2026-09-04 22:02:02,106525,Parkhaus am Hauptbahnhof,0,223,0
2026-09-04 23:02:01,106501,Parkhaus am Stachus,390,390,0
2026-09-04 23:02:01,106504,City-Parkhaus am Färbergraben,337,350,1
2026-09-04 23:02:01,106505,Parkgarage Rieger-City,205,266,0
2026-09-04 23:02:01,106506,Sonnenhof Parkgarage,21,77,0
2026-09-04 23:02:01,106507,Tiefgarage vor der Oper,219,275,1
2026-09-04 23:02:01,106508,Hertie-Parkhaus,417,504,0
2026-09-04 23:02:01,106509,Parkgarage Böhringer,81,150,1
2026-09-04 23:02:01,106513,TG Hotel Ibis City,39,0,0
2026-09-04 23:02:01,106521,Car Park Cristal,428,220,0
2026-09-04 23:02:01,106524,Parkhaus Oberanger,355,393,1
2026-09-04 23:02:01,301220,Tiefgarage Karstadt Oberpollinger,226,357,1
2026-09-04 23:02:01,301234,Pschorr-Garage,119,160,1
2026-09-04 23:02:01,301236,Marienplatz-Großgarage,161,220,0
2026-09-04 23:02:01,301264,Parkhaus Hopfenpost,190,230,0
2026-09-04 23:02:01,301270,Parkhaus Marsstr. 11,218,526,1
2026-09-04 23:02:01,301271,Tiefgarage am Hauptbahnhof,0,79,0
2026-09-04 23:02:01,301272,Tiefgarage Stachus Einkaufszentrum,154,336,1
2026-09-04 23:02:01,301277,Parkhaus Elisenhof,66,95,1
2026-09-04 23:02:01,401004,PH Hauptbahnhof Süd,77,197,1
2026-09-04 23:02:01,401010,Parkhaus am Hofbräuhaus,283,373,1
2026-09-04 23:02:01,401055,Parkhaus Schrannenhalle,92,147,1
2026-09-04 23:02:01,401060,Königshof-Parking,60,102,1
2026-09-04 23:02:01,401062,Parkhaus am Salvatorplatz,289,339,1
2026-09-04 23:02:01,106525,Parkhaus am Hauptbahnhof,0,223,0
2026-09-05 00:02:01,106501,Parkhaus am Stachus,390,390,0
2026-09-05 00:02:01,106504,City-Parkhaus am Färbergraben,0,350,1
2026-09-05 00:02:01,106505,Parkgarage Rieger-City,205,266,0
2026-09-05 00:02:01,106506,Sonnenhof Parkgarage,21,77,0
2026-09-05 00:02:01,106507,Tiefgarage vor der Oper,248,275,1
2026-09-05 00:02:01,106508,Hertie-Parkhaus,417,504,0
2026-09-05 00:02:01,106509,Parkgarage Böhringer,98,150,1
2026-09-05 00:02:01,106513,TG Hotel Ibis City,39,0,0
2026-09-05 00:02:01,106521,Car Park Cristal,428,220,0
2026-09-05 00:02:01,106524,Parkhaus Oberanger,363,393,1
2026-09-05 00:02:01,301220,Tiefgarage Karstadt Oberpollinger,234,357,1
2026-09-05 00:02:01,301234,Pschorr-Garage,124,160,1
2026-09-05 00:02:01,301236,Marienplatz-Großgarage,161,220,0
2026-09-05 00:02:01,301264,Parkhaus Hopfenpost,190,230,0
2026-09-05 00:02:01,301270,Parkhaus Marsstr. 11,224,526,1
2026-09-05 00:02:01,301271,Tiefgarage am Hauptbahnhof,0,79,0
2026-09-05 00:02:01,301272,Tiefgarage Stachus Einkaufszentrum,158,336,1
2026-09-05 00:02:01,301277,Parkhaus Elisenhof,71,95,1
2026-09-05 00:02:01,401004,PH Hauptbahnhof Süd,80,197,1
2026-09-05 00:02:01,401010,Parkhaus am Hofbräuhaus,314,373,1
2026-09-05 00:02:01,401055,Parkhaus Schrannenhalle,100,147,1
2026-09-05 00:02:01,401060,Königshof-Parking,71,102,1
2026-09-05 00:02:01,401062,Parkhaus am Salvatorplatz,291,339,1
2026-09-05 00:02:01,106525,Parkhaus am Hauptbahnhof,0,223,0
2026-09-05 01:02:01,106501,Parkhaus am Stachus,390,390,0
2026-09-05 01:02:01,106504,City-Parkhaus am Färbergraben,0,350,1
2026-09-05 01:02:01,106505,Parkgarage Rieger-City,205,266,0
2026-09-05 01:02:01,106506,Sonnenhof Parkgarage,21,77,0
2026-09-05 01:02:01,106507,Tiefgarage vor der Oper,254,275,1
2026-09-05 01:02:01,106508,Hertie-Parkhaus,417,504,0
2026-09-05 01:02:01,106509,Parkgarage Böhringer,104,150,1
2026-09-05 01:02:01,106513,TG Hotel Ibis City,39,0,0
2026-09-05 01:02:01,106521,Car Park Cristal,428,220,0
2026-09-05 01:02:01,106524,Parkhaus Oberanger,366,393,1
2026-09-05 01:02:01,301220,Tiefgarage Karstadt Oberpollinger,233,357,1
2026-09-05 01:02:01,301234,Pschorr-Garage,128,160,1
2026-09-05 01:02:01,301236,Marienplatz-Großgarage,161,220,0
2026-09-05 01:02:01,301264,Parkhaus Hopfenpost,190,230,0
2026-09-05 01:02:01,301270,Parkhaus Marsstr. 11,225,526,1
2026-09-05 01:02:01,301271,Tiefgarage am Hauptbahnhof,0,79,0
2026-09-05 01:02:01,301272,Tiefgarage Stachus Einkaufszentrum,167,336,1
2026-09-05 01:02:01,301277,Parkhaus Elisenhof,74,95,1
2026-09-05 01:02:01,401004,PH Hauptbahnhof Süd,80,197,1
2026-09-05 01:02:01,401010,Parkhaus am Hofbräuhaus,322,373,1
2026-09-05 01:02:01,401055,Parkhaus Schrannenhalle,105,147,1
2026-09-05 01:02:01,401060,Königshof-Parking,76,102,1
2026-09-05 01:02:01,401062,Parkhaus am Salvatorplatz,294,339,1
2026-09-05 01:02:01,106525,Parkhaus am Hauptbahnhof,0,223,0
2026-09-05 02:02:01,106501,Parkhaus am Stachus,390,390,0
2026-09-05 02:02:01,106504,City-Parkhaus am Färbergraben,0,350,1
2026-09-05 02:02:01,106505,Parkgarage Rieger-City,205,266,0
2026-09-05 02:02:01,106506,Sonnenhof Parkgarage,21,77,0
2026-09-05 02:02:01,106507,Tiefgarage vor der Oper,257,275,1
2026-09-05 02:02:01,106508,Hertie-Parkhaus,417,504,0
2026-09-05 02:02:01,106509,Parkgarage Böhringer,105,150,1
2026-09-05 02:02:01,106513,TG Hotel Ibis City,39,0,0
2026-09-05 02:02:01,106521,Car Park Cristal,428,220,0
2026-09-05 02:02:01,106524,Parkhaus Oberanger,368,393,1
2026-09-05 02:02:01,301220,Tiefgarage Karstadt Oberpollinger,238,357,1
2026-09-05 02:02:01,301234,Pschorr-Garage,129,160,1
2026-09-05 02:02:01,301236,Marienplatz-Großgarage,161,220,0
2026-09-05 02:02:01,301264,Parkhaus Hopfenpost,190,230,0
2026-09-05 02:02:01,301270,Parkhaus Marsstr. 11,224,526,1
2026-09-05 02:02:01,301271,Tiefgarage am Hauptbahnhof,0,79,0
2026-09-05 02:02:01,301272,Tiefgarage Stachus Einkaufszentrum,167,336,1
2026-09-05 02:02:01,301277,Parkhaus Elisenhof,74,95,1
2026-09-05 02:02:01,401004,PH Hauptbahnhof Süd,81,197,1
2026-09-05 02:02:01,401010,Parkhaus am Hofbräuhaus,323,373,1
2026-09-05 02:02:01,401055,Parkhaus Schrannenhalle,108,147,1
2026-09-05 02:02:01,401060,Königshof-Parking,76,102,1
2026-09-05 02:02:01,401062,Parkhaus am Salvatorplatz,294,339,1
2026-09-05 02:02:01,106525,Parkhaus am Hauptbahnhof,0,223,0
2026-09-05 03:02:01,106501,Parkhaus am Stachus,390,390,0
2026-09-05 03:02:01,106504,City-Parkhaus am Färbergraben,0,350,1
2026-09-05 03:02:01,106505,Parkgarage Rieger-City,205,266,0
2026-09-05 03:02:01,106506,Sonnenhof Parkgarage,21,77,0
2026-09-05 03:02:01,106507,Tiefgarage vor der Oper,257,275,1
2026-09-05 03:02:01,106508,Hertie-Parkhaus,417,504,0
2026-09-05 03:02:01,106509,Parkgarage Böhringer,106,150,1
2026-09-05 03:02:01,106513,TG Hotel Ibis City,39,0,0
2026-09-05 03:02:01,106521,Car Park Cristal,428,220,0
2026-09-05 03:02:01,106524,Parkhaus Oberanger,368,393,1
2026-09-05 03:02:01,301220,Tiefgarage Karstadt Oberpollinger,243,357,1
2026-09-05 03:02:01,301234,Pschorr-Garage,131,160,1
2026-09-05 03:02:01,301236,Marienplatz-Großgarage,161,220,0
2026-09-05 03:02:01,301264,Parkhaus Hopfenpost,190,230,0
2026-09-05 03:02:01,301270,Parkhaus Marsstr. 11,226,526,1
2026-09-05 03:02:01,301271,Tiefgarage am Hauptbahnhof,0,79,0
2026-09-05 03:02:01,301272,Tiefgarage Stachus Einkaufszentrum,168,336,1
2026-09-05 03:02:01,301277,Parkhaus Elisenhof,74,95,1
2026-09-05 03:02:01,401004,PH Hauptbahnhof Süd,82,197,1
2026-09-05 03:02:01,401010,Parkhaus am Hofbräuhaus,325,373,1
2026-09-05 03:02:01,401055,Parkhaus Schrannenhalle,109,147,1
2026-09-05 03:02:01,401060,Königshof-Parking,76,102,1
2026-09-05 03:02:01,401062,Parkhaus am Salvatorplatz,295,339,1
2026-09-05 03:02:01,106525,Parkhaus am Hauptbahnhof,0,223,0
2026-09-05 04:02:01,106501,Parkhaus am Stachus,390,390,0
2026-09-05 04:02:01,106504,City-Parkhaus am Färbergraben,0,350,1
2026-09-05 04:02:01,106505,Parkgarage Rieger-City,205,266,0
2026-09-05 04:02:01,106506,Sonnenhof Parkgarage,21,77,0
2026-09-05 04:02:01,106507,Tiefgarage vor der Oper,257,275,1
2026-09-05 04:02:01,106508,Hertie-Parkhaus,417,504,0
2026-09-05 04:02:01,106509,Parkgarage Böhringer,106,150,1
2026-09-05 04:02:01,106513,TG Hotel Ibis City,39,0,0
2026-09-05 04:02:01,106521,Car Park Cristal,428,220,0
2026-09-05 04:02:01,106524,Parkhaus Oberanger,368,393,1
2026-09-05 04:02:01,301220,Tiefgarage Karstadt Oberpollinger,243,357,1
2026-09-05 04:02:01,301234,Pschorr-Garage,132,160,1
2026-09-05 04:02:01,301236,Marienplatz-Großgarage,161,220,0
2026-09-05 04:02:01,301264,Parkhaus Hopfenpost,190,230,0
2026-09-05 04:02:01,301270,Parkhaus Marsstr. 11,226,526,1
2026-09-05 04:02:01,301271,Tiefgarage am Hauptbahnhof,0,79,0
2026-09-05 04:02:01,301272,Tiefgarage Stachus Einkaufszentrum,168,336,1
2026-09-05 04:02:01,301277,Parkhaus Elisenhof,74,95,1
2026-09-05 04:02:01,401004,PH Hauptbahnhof Süd,82,197,1
2026-09-05 04:02:01,401010,Parkhaus am Hofbräuhaus,325,373,1
2026-09-05 04:02:01,401055,Parkhaus Schrannenhalle,109,147,1
2026-09-05 04:02:01,401060,Königshof-Parking,76,102,1
2026-09-05 04:02:01,401062,Parkhaus am Salvatorplatz,295,339,1
2026-09-05 04:02:01,106525,Parkhaus am Hauptbahnhof,0,223,0
2026-09-05 05:02:02,106501,Parkhaus am Stachus,390,390,0
2026-09-05 05:02:02,106504,City-Parkhaus am Färbergraben,0,350,1
2026-09-05 05:02:02,106505,Parkgarage Rieger-City,205,266,0
2026-09-05 05:02:02,106506,Sonnenhof Parkgarage,21,77,0
2026-09-05 05:02:02,106507,Tiefgarage vor der Oper,257,275,1
2026-09-05 05:02:02,106508,Hertie-Parkhaus,417,504,0
2026-09-05 05:02:02,106509,Parkgarage Böhringer,106,150,1
2026-09-05 05:02:02,106513,TG Hotel Ibis City,39,0,0
2026-09-05 05:02:02,106521,Car Park Cristal,428,220,0
2026-09-05 05:02:02,106524,Parkhaus Oberanger,368,393,1
2026-09-05 05:02:02,301220,Tiefgarage Karstadt Oberpollinger,244,357,1
2026-09-05 05:02:02,301234,Pschorr-Garage,133,160,1
2026-09-05 05:02:02,301236,Marienplatz-Großgarage,161,220,0
2026-09-05 05:02:02,301264,Parkhaus Hopfenpost,190,230,0
2026-09-05 05:02:02,301270,Parkhaus Marsstr. 11,225,526,1
2026-09-05 05:02:02,301271,Tiefgarage am Hauptbahnhof,0,79,0
2026-09-05 05:02:02,301272,Tiefgarage Stachus Einkaufszentrum,169,336,1
2026-09-05 05:02:02,301277,Parkhaus Elisenhof,74,95,1
2026-09-05 05:02:02,401004,PH Hauptbahnhof Süd,82,197,1
2026-09-05 05:02:02,401010,Parkhaus am Hofbräuhaus,325,373,1
2026-09-05 05:02:02,401055,Parkhaus Schrannenhalle,109,147,1
2026-09-05 05:02:02,401060,Königshof-Parking,76,102,1
2026-09-05 05:02:02,401062,Parkhaus am Salvatorplatz,295,339,1
2026-09-05 05:02:02,106525,Parkhaus am Hauptbahnhof,0,223,0
2026-09-05 06:02:01,106501,Parkhaus am Stachus,390,390,0
2026-09-05 06:02:01,106504,City-Parkhaus am Färbergraben,0,350,1
2026-09-05 06:02:01,106505,Parkgarage Rieger-City,205,266,0
2026-09-05 06:02:01,106506,Sonnenhof Parkgarage,21,77,0
2026-09-05 06:02:01,106507,Tiefgarage vor der Oper,255,275,1
2026-09-05 06:02:01,106508,Hertie-Parkhaus,417,504,0
2026-09-05 06:02:01,106509,Parkgarage Böhringer,106,150,1
2026-09-05 06:02:01,106513,TG Hotel Ibis City,39,0,0
2026-09-05 06:02:01,106521,Car Park Cristal,428,220,0
2026-09-05 06:02:01,106524,Parkhaus Oberanger,367,393,1
2026-09-05 06:02:01,301220,Tiefgarage Karstadt Oberpollinger,297,357,1
2026-09-05 06:02:01,301234,Pschorr-Garage,133,160,1
2026-09-05 06:02:01,301236,Marienplatz-Großgarage,161,220,0
2026-09-05 06:02:01,301264,Parkhaus Hopfenpost,190,230,0
2026-09-05 06:02:01,301270,Parkhaus Marsstr. 11,224,526,1
2026-09-05 06:02:01,301271,Tiefgarage am Hauptbahnhof,0,79,0
2026-09-05 06:02:01,301272,Tiefgarage Stachus Einkaufszentrum,168,336,1
2026-09-05 06:02:01,301277,Parkhaus Elisenhof,73,95,1
2026-09-05 06:02:01,401004,PH Hauptbahnhof Süd,81,197,1
2026-09-05 06:02:01,401010,Parkhaus am Hofbräuhaus,327,373,1
2026-09-05 06:02:01,401055,Parkhaus Schrannenhalle,109,147,1
2026-09-05 06:02:01,401060,Königshof-Parking,76,102,1
2026-09-05 06:02:01,401062,Parkhaus am Salvatorplatz,295,339,1
2026-09-05 06:02:01,106525,Parkhaus am Hauptbahnhof,0,223,0
2026-09-05 07:02:01,106501,Parkhaus am Stachus,390,390,0
2026-09-05 07:02:01,106504,City-Parkhaus am Färbergraben,344,350,1
2026-09-05 07:02:01,106505,Parkgarage Rieger-City,205,266,0
2026-09-05 07:02:01,106506,Sonnenhof Parkgarage,21,77,0
2026-09-05 07:02:01,106507,Tiefgarage vor der Oper,253,275,1
2026-09-05 07:02:01,106508,Hertie-Parkhaus,417,504,0
2026-09-05 07:02:01,106509,Parkgarage Böhringer,106,150,1
2026-09-05 07:02:01,106513,TG Hotel Ibis City,39,0,0
2026-09-05 07:02:01,106521,Car Park Cristal,428,220,0
2026-09-05 07:02:01,106524,Parkhaus Oberanger,365,393,1
2026-09-05 07:02:01,301220,Tiefgarage Karstadt Oberpollinger,297,357,1
2026-09-05 07:02:01,301234,Pschorr-Garage,132,160,1
2026-09-05 07:02:01,301236,Marienplatz-Großgarage,161,220,0
2026-09-05 07:02:01,301264,Parkhaus Hopfenpost,190,230,0
2026-09-05 07:02:01,301270,Parkhaus Marsstr. 11,222,526,1
2026-09-05 07:02:01,301271,Tiefgarage am Hauptbahnhof,0,79,0
2026-09-05 07:02:01,301272,Tiefgarage Stachus Einkaufszentrum,167,336,1
2026-09-05 07:02:01,301277,Parkhaus Elisenhof,74,95,1
2026-09-05 07:02:01,401004,PH Hauptbahnhof Süd,81,197,1
2026-09-05 07:02:01,401010,Parkhaus am Hofbräuhaus,329,373,1
2026-09-05 07:02:01,401055,Parkhaus Schrannenhalle,110,147,1
2026-09-05 07:02:01,401060,Königshof-Parking,77,102,1
2026-09-05 07:02:01,401062,Parkhaus am Salvatorplatz,294,339,1
2026-09-05 07:02:01,106525,Parkhaus am Hauptbahnhof,0,223,0
2026-09-05 08:02:01,106501,Parkhaus am Stachus,390,390,0
2026-09-05 08:02:01,106504,City-Parkhaus am Färbergraben,341,350,1
2026-09-05 08:02:01,106505,Parkgarage Rieger-City,205,266,0
2026-09-05 08:02:01,106506,Sonnenhof Parkgarage,21,77,0
2026-09-05 08:02:01,106507,Tiefgarage vor der Oper,250,275,1
2026-09-05 08:02:01,106508,Hertie-Parkhaus,417,504,0
2026-09-05 08:02:01,106509,Parkgarage Böhringer,106,150,1
2026-09-05 08:02:01,106513,TG Hotel Ibis City,39,0,0
2026-09-05 08:02:01,106521,Car Park Cristal,428,220,0
2026-09-05 08:02:01,106524,Parkhaus Oberanger,363,393,1
2026-09-05 08:02:01,301220,Tiefgarage Karstadt Oberpollinger,296,357,1
2026-09-05 08:02:01,301234,Pschorr-Garage,127,160,1
2026-09-05 08:02:01,301236,Marienplatz-Großgarage,161,220,0
2026-09-05 08:02:01,301264,Parkhaus Hopfenpost,190,230,0
2026-09-05 08:02:01,301270,Parkhaus Marsstr. 11,227,526,1
2026-09-05 08:02:01,301271,Tiefgarage am Hauptbahnhof,0,79,0
2026-09-05 08:02:01,301272,Tiefgarage Stachus Einkaufszentrum,168,336,1
2026-09-05 08:02:01,301277,Parkhaus Elisenhof,69,95,1
2026-09-05 08:02:01,401004,PH Hauptbahnhof Süd,82,197,1
2026-09-05 08:02:01,401010,Parkhaus am Hofbräuhaus,328,373,1
2026-09-05 08:02:01,401055,Parkhaus Schrannenhalle,110,147,1
2026-09-05 08:02:01,401060,Königshof-Parking,76,102,1
2026-09-05 08:02:01,401062,Parkhaus am Salvatorplatz,293,339,1
2026-09-05 08:02:01,106525,Parkhaus am Hauptbahnhof,0,223,0
2026-09-05 09:02:01,106501,Parkhaus am Stachus,390,390,0
2026-09-05 09:02:01,106504,City-Parkhaus am Färbergraben,335,350,1
2026-09-05 09:02:01,106505,Parkgarage Rieger-City,205,266,0
2026-09-05 09:02:01,106506,Sonnenhof Parkgarage,21,77,0
2026-09-05 09:02:01,106507,Tiefgarage vor der Oper,239,275,1
2026-09-05 09:02:01,106508,Hertie-Parkhaus,417,504,0
2026-09-05 09:02:01,106509,Parkgarage Böhringer,102,150,1
2026-09-05 09:02:01,106513,TG Hotel Ibis City,39,0,0
2026-09-05 09:02:01,106521,Car Park Cristal,428,220,0
2026-09-05 09:02:01,106524,Parkhaus Oberanger,349,393,1
2026-09-05 09:02:01,301220,Tiefgarage Karstadt Oberpollinger,287,357,1
2026-09-05 09:02:01,301234,Pschorr-Garage,124,160,1
2026-09-05 09:02:01,301236,Marienplatz-Großgarage,161,220,0
2026-09-05 09:02:01,301264,Parkhaus Hopfenpost,190,230,0
2026-09-05 09:02:01,301270,Parkhaus Marsstr. 11,236,526,1
2026-09-05 09:02:01,301271,Tiefgarage am Hauptbahnhof,0,79,0
2026-09-05 09:02:01,301272,Tiefgarage Stachus Einkaufszentrum,173,336,1
2026-09-05 09:02:01,301277,Parkhaus Elisenhof,71,95,1
2026-09-05 09:02:01,401004,PH Hauptbahnhof Süd,87,197,1
2026-09-05 09:02:01,401010,Parkhaus am Hofbräuhaus,317,373,1
2026-09-05 09:02:01,401055,Parkhaus Schrannenhalle,104,147,1
2026-09-05 09:02:01,401060,Königshof-Parking,74,102,1
2026-09-05 09:02:01,401062,Parkhaus am Salvatorplatz,290,339,1
2026-09-05 09:02:01,106525,Parkhaus am Hauptbahnhof,0,223,0
2026-09-05 10:02:01,106501,Parkhaus am Stachus,390,390,0
2026-09-05 10:02:01,106504,City-Parkhaus am Färbergraben,297,350,1
2026-09-05 10:02:01,106505,Parkgarage Rieger-City,205,266,0
2026-09-05 10:02:01,106506,Sonnenhof Parkgarage,21,77,0
2026-09-05 10:02:01,106507,Tiefgarage vor der Oper,195,275,1
2026-09-05 10:02:01,106508,Hertie-Parkhaus,417,504,0
2026-09-05 10:02:01,106509,Parkgarage Böhringer,85,150,1
2026-09-05 10:02:01,106513,TG Hotel Ibis City,39,0,0
2026-09-05 10:02:01,106521,Car Park Cristal,428,220,0
2026-09-05 10:02:01,106524,Parkhaus Oberanger,319,393,1
2026-09-05 10:02:01,301220,Tiefgarage Karstadt Oberpollinger,260,357,1
2026-09-05 10:02:01,301234,Pschorr-Garage,119,160,1
2026-09-05 10:02:01,301236,Marienplatz-Großgarage,161,220,0
2026-09-05 10:02:01,301264,Parkhaus Hopfenpost,190,230,0
2026-09-05 10:02:01,301270,Parkhaus Marsstr. 11,246,526,1
2026-09-05 10:02:01,301271,Tiefgarage am Hauptbahnhof,0,79,0
2026-09-05 10:02:01,301272,Tiefgarage Stachus Einkaufszentrum,178,336,1
2026-09-05 10:02:01,301277,Parkhaus Elisenhof,63,95,1
2026-09-05 10:02:01,401004,PH Hauptbahnhof Süd,92,197,1
2026-09-05 10:02:01,401010,Parkhaus am Hofbräuhaus,283,373,1
2026-09-05 10:02:01,401055,Parkhaus Schrannenhalle,68,150,1
2026-09-05 10:02:01,401060,Königshof-Parking,72,102,1
2026-09-05 10:02:01,401062,Parkhaus am Salvatorplatz,278,339,1
2026-09-05 10:02:01,106525,Parkhaus am Hauptbahnhof,0,223,0
2026-09-05 11:02:01,106501,Parkhaus am Stachus,390,390,0
2026-09-05 11:02:01,106504,City-Parkhaus am Färbergraben,234,350,1
2026-09-05 11:02:01,106505,Parkgarage Rieger-City,205,266,0
2026-09-05 11:02:01,106506,Sonnenhof Parkgarage,21,77,0
2026-09-05 11:02:01,106507,Tiefgarage vor der Oper,124,275,1
2026-09-05 11:02:01,106508,Hertie-Parkhaus,417,504,0
2026-09-05 11:02:01,106509,Parkgarage Böhringer,64,150,1
2026-09-05 11:02:01,106513,TG Hotel Ibis City,39,0,0
2026-09-05 11:02:01,106521,Car Park Cristal,428,220,0
2026-09-05 11:02:01,106524,Parkhaus Oberanger,246,393,1
2026-09-05 11:02:01,301220,Tiefgarage Karstadt Oberpollinger,212,357,1
2026-09-05 11:02:01,301234,Pschorr-Garage,80,168,1
2026-09-05 11:02:01,301236,Marienplatz-Großgarage,161,220,0
2026-09-05 11:02:01,301264,Parkhaus Hopfenpost,190,230,0
2026-09-05 11:02:01,301270,Parkhaus Marsstr. 11,258,526,1
2026-09-05 11:02:01,301271,Tiefgarage am Hauptbahnhof,0,79,0
2026-09-05 11:02:01,301272,Tiefgarage Stachus Einkaufszentrum,170,336,1
2026-09-05 11:02:01,301277,Parkhaus Elisenhof,45,95,1
2026-09-05 11:02:01,401004,PH Hauptbahnhof Süd,100,197,1
2026-09-05 11:02:01,401010,Parkhaus am Hofbräuhaus,210,373,1
2026-09-05 11:02:01,401055,Parkhaus Schrannenhalle,4,150,1
2026-09-05 11:02:01,401060,Königshof-Parking,69,102,1
2026-09-05 11:02:01,401062,Parkhaus am Salvatorplatz,245,339,1
2026-09-05 11:02:01,106525,Parkhaus am Hauptbahnhof,0,223,0
2026-09-05 12:02:01,106501,Parkhaus am Stachus,390,390,0
2026-09-05 12:02:01,106504,City-Parkhaus am Färbergraben,180,350,1
2026-09-05 12:02:01,106505,Parkgarage Rieger-City,205,266,0
2026-09-05 12:02:01,106506,Sonnenhof Parkgarage,21,77,0
2026-09-05 12:02:01,106507,Tiefgarage vor der Oper,19,275,1
2026-09-05 12:02:01,106508,Hertie-Parkhaus,417,504,0
2026-09-05 12:02:01,106509,Parkgarage Böhringer,15,150,1
2026-09-05 12:02:01,106513,TG Hotel Ibis City,39,0,0
2026-09-05 12:02:01,106521,Car Park Cristal,428,220,0
2026-09-05 12:02:01,106524,Parkhaus Oberanger,152,393,1
2026-09-05 12:02:01,301220,Tiefgarage Karstadt Oberpollinger,146,357,1
2026-09-05 12:02:01,301234,Pschorr-Garage,28,168,1
2026-09-05 12:02:01,301236,Marienplatz-Großgarage,161,220,0
2026-09-05 12:02:01,301264,Parkhaus Hopfenpost,190,230,0
2026-09-05 12:02:01,301270,Parkhaus Marsstr. 11,265,526,1
2026-09-05 12:02:01,301271,Tiefgarage am Hauptbahnhof,0,79,0
2026-09-05 12:02:01,301272,Tiefgarage Stachus Einkaufszentrum,164,336,1
2026-09-05 12:02:01,301277,Parkhaus Elisenhof,33,95,1
2026-09-05 12:02:01,401004,PH Hauptbahnhof Süd,106,197,1
2026-09-05 12:02:01,401010,Parkhaus am Hofbräuhaus,152,393,1
2026-09-05 12:02:01,401055,Parkhaus Schrannenhalle,0,150,1
2026-09-05 12:02:01,401060,Königshof-Parking,65,102,1
2026-09-05 12:02:01,401062,Parkhaus am Salvatorplatz,205,339,1
2026-09-05 12:02:01,106525,Parkhaus am Hauptbahnhof,0,223,0
2026-09-05 13:02:01,106501,Parkhaus am Stachus,390,390,0
2026-09-05 13:02:01,106504,City-Parkhaus am Färbergraben,97,350,1
2026-09-05 13:02:01,106505,Parkgarage Rieger-City,205,266,0
2026-09-05 13:02:01,106506,Sonnenhof Parkgarage,21,77,0
2026-09-05 13:02:01,106507,Tiefgarage vor der Oper,0,275,1
2026-09-05 13:02:01,106508,Hertie-Parkhaus,417,504,0
2026-09-05 13:02:01,106509,Parkgarage Böhringer,0,150,1
2026-09-05 13:02:01,106513,TG Hotel Ibis City,39,0,0
2026-09-05 13:02:01,106521,Car Park Cristal,428,220,0
2026-09-05 13:02:01,106524,Parkhaus Oberanger,95,393,1
2026-09-05 13:02:01,301220,Tiefgarage Karstadt Oberpollinger,107,357,1
2026-09-05 13:02:01,301234,Pschorr-Garage,1,186,1
2026-09-05 13:02:01,301236,Marienplatz-Großgarage,161,220,0
2026-09-05 13:02:01,301264,Parkhaus Hopfenpost,190,230,0
2026-09-05 13:02:01,301270,Parkhaus Marsstr. 11,263,526,1
2026-09-05 13:02:01,301271,Tiefgarage am Hauptbahnhof,0,79,0
2026-09-05 13:02:01,301272,Tiefgarage Stachus Einkaufszentrum,146,336,1
2026-09-05 13:02:01,301277,Parkhaus Elisenhof,5,95,1
2026-09-05 13:02:01,401004,PH Hauptbahnhof Süd,105,197,1
2026-09-05 13:02:01,401010,Parkhaus am Hofbräuhaus,28,393,1
2026-09-05 13:02:01,401055,Parkhaus Schrannenhalle,0,165,1
2026-09-05 13:02:01,401060,Königshof-Parking,56,102,1
2026-09-05 13:02:01,401062,Parkhaus am Salvatorplatz,161,339,1
2026-09-05 13:02:01,106525,Parkhaus am Hauptbahnhof,0,223,0
2026-09-05 14:02:01,106501,Parkhaus am Stachus,390,390,0
2026-09-05 14:02:01,106504,City-Parkhaus am Färbergraben,50,350,1
2026-09-05 14:02:01,106505,Parkgarage Rieger-City,205,266,0
2026-09-05 14:02:01,106506,Sonnenhof Parkgarage,21,77,0
2026-09-05 14:02:01,106507,Tiefgarage vor der Oper,2,275,1
2026-09-05 14:02:01,106508,Hertie-Parkhaus,417,504,0
2026-09-05 14:02:01,106509,Parkgarage Böhringer,0,150,1
2026-09-05 14:02:01,106513,TG Hotel Ibis City,39,0,0
2026-09-05 14:02:01,106521,Car Park Cristal,428,220,0
2026-09-05 14:02:01,106524,Parkhaus Oberanger,67,393,1
2026-09-05 14:02:01,301220,Tiefgarage Karstadt Oberpollinger,70,357,1
2026-09-05 14:02:01,301234,Pschorr-Garage,0,186,1
2026-09-05 14:02:01,301236,Marienplatz-Großgarage,161,220,0
2026-09-05 14:02:01,301264,Parkhaus Hopfenpost,190,230,0
2026-09-05 14:02:01,301270,Parkhaus Marsstr. 11,261,526,1
2026-09-05 14:02:01,301271,Tiefgarage am Hauptbahnhof,0,79,0
2026-09-05 14:02:01,301272,Tiefgarage Stachus Einkaufszentrum,127,336,1
2026-09-05 14:02:01,301277,Parkhaus Elisenhof,25,145,1
2026-09-05 14:02:01,401004,PH Hauptbahnhof Süd,102,197,1
2026-09-05 14:02:01,401010,Parkhaus am Hofbräuhaus,0,393,1
2026-09-05 14:02:01,401055,Parkhaus Schrannenhalle,0,165,1
2026-09-05 14:02:01,401060,Königshof-Parking,59,102,1
2026-09-05 14:02:01,401062,Parkhaus am Salvatorplatz,137,339,1
2026-09-05 14:02:01,106525,Parkhaus am Hauptbahnhof,0,223,0
2026-09-05 15:02:01,106501,Parkhaus am Stachus,390,390,0
2026-09-05 15:02:01,106504,City-Parkhaus am Färbergraben,11,350,1
2026-09-05 15:02:01,106505,Parkgarage Rieger-City,205,266,0
2026-09-05 15:02:01,106506,Sonnenhof Parkgarage,21,77,0
2026-09-05 15:02:01,106507,Tiefgarage vor der Oper,0,275,1
2026-09-05 15:02:01,106508,Hertie-Parkhaus,417,504,0
2026-09-05 15:02:01,106509,Parkgarage Böhringer,1,150,1
2026-09-05 15:02:01,106513,TG Hotel Ibis City,39,0,0
2026-09-05 15:02:01,106521,Car Park Cristal,428,220,0
2026-09-05 15:02:01,106524,Parkhaus Oberanger,26,393,1
2026-09-05 15:02:01,301220,Tiefgarage Karstadt Oberpollinger,55,357,1
2026-09-05 15:02:01,301234,Pschorr-Garage,2,186,1
2026-09-05 15:02:01,301236,Marienplatz-Großgarage,161,220,0
2026-09-05 15:02:01,301264,Parkhaus Hopfenpost,190,230,0
2026-09-05 15:02:01,301270,Parkhaus Marsstr. 11,257,526,1
2026-09-05 15:02:01,301271,Tiefgarage am Hauptbahnhof,0,79,0
2026-09-05 15:02:01,301272,Tiefgarage Stachus Einkaufszentrum,125,336,1
2026-09-05 15:02:01,301277,Parkhaus Elisenhof,10,145,1
2026-09-05 15:02:01,401004,PH Hauptbahnhof Süd,98,197,1
2026-09-05 15:02:01,401010,Parkhaus am Hofbräuhaus,0,393,1
2026-09-05 15:02:01,401055,Parkhaus Schrannenhalle,0,165,1
2026-09-05 15:02:01,401060,Königshof-Parking,46,102,1
2026-09-05 15:02:01,401062,Parkhaus am Salvatorplatz,121,349,1
2026-09-05 15:02:01,106525,Parkhaus am Hauptbahnhof,0,223,0
2026-09-05 16:02:01,106501,Parkhaus am Stachus,390,390,0
2026-09-05 16:02:01,106504,City-Parkhaus am Färbergraben,17,350,1
2026-09-05 16:02:01,106505,Parkgarage Rieger-City,205,266,0
2026-09-05 16:02:01,106506,Sonnenhof Parkgarage,21,77,0
2026-09-05 16:02:01,106507,Tiefgarage vor der Oper,1,275,1
2026-09-05 16:02:01,106508,Hertie-Parkhaus,417,504,0
2026-09-05 16:02:01,106509,Parkgarage Böhringer,1,150,1
2026-09-05 16:02:01,106513,TG Hotel Ibis City,39,0,0
2026-09-05 16:02:01,106521,Car Park Cristal,428,220,0
2026-09-05 16:02:01,106524,Parkhaus Oberanger,32,393,1
2026-09-05 16:02:01,301220,Tiefgarage Karstadt Oberpollinger,57,357,1
2026-09-05 16:02:01,301234,Pschorr-Garage,1,186,1
2026-09-05 16:02:01,301236,Marienplatz-Großgarage,161,220,0
2026-09-05 16:02:01,301264,Parkhaus Hopfenpost,190,230,0
2026-09-05 16:02:01,301270,Parkhaus Marsstr. 11,246,526,1
2026-09-05 16:02:01,301271,Tiefgarage am Hauptbahnhof,0,79,0
2026-09-05 16:02:01,301272,Tiefgarage Stachus Einkaufszentrum,129,336,1
2026-09-05 16:02:01,301277,Parkhaus Elisenhof,31,165,1
2026-09-05 16:02:01,401004,PH Hauptbahnhof Süd,81,197,1
2026-09-05 16:02:01,401010,Parkhaus am Hofbräuhaus,44,443,1
2026-09-05 16:02:01,401055,Parkhaus Schrannenhalle,0,165,1
2026-09-05 16:02:01,401060,Königshof-Parking,48,102,1
2026-09-05 16:02:01,401062,Parkhaus am Salvatorplatz,156,389,1
2026-09-05 16:02:01,106525,Parkhaus am Hauptbahnhof,0,223,0
2026-09-05 17:02:02,106501,Parkhaus am Stachus,390,390,0
2026-09-05 17:02:02,106504,City-Parkhaus am Färbergraben,44,350,1
2026-09-05 17:02:02,106505,Parkgarage Rieger-City,205,266,0
2026-09-05 17:02:02,106506,Sonnenhof Parkgarage,21,77,0
2026-09-05 17:02:02,106507,Tiefgarage vor der Oper,14,275,1
2026-09-05 17:02:02,106508,Hertie-Parkhaus,417,504,0
2026-09-05 17:02:02,106509,Parkgarage Böhringer,0,150,1
2026-09-05 17:02:02,106513,TG Hotel Ibis City,39,0,0
2026-09-05 17:02:02,106521,Car Park Cristal,428,220,0
2026-09-05 17:02:02,106524,Parkhaus Oberanger,52,393,1
2026-09-05 17:02:02,301220,Tiefgarage Karstadt Oberpollinger,46,357,1
2026-09-05 17:02:02,301234,Pschorr-Garage,2,186,1
2026-09-05 17:02:02,301236,Marienplatz-Großgarage,161,220,0
2026-09-05 17:02:02,301264,Parkhaus Hopfenpost,190,230,0
2026-09-05 17:02:02,301270,Parkhaus Marsstr. 11,241,526,1
2026-09-05 17:02:02,301271,Tiefgarage am Hauptbahnhof,0,79,0
2026-09-05 17:02:02,301272,Tiefgarage Stachus Einkaufszentrum,112,336,1
2026-09-05 17:02:02,301277,Parkhaus Elisenhof,31,165,1
2026-09-05 17:02:02,401004,PH Hauptbahnhof Süd,72,197,1
2026-09-05 17:02:02,401010,Parkhaus am Hofbräuhaus,41,443,1
2026-09-05 17:02:02,401055,Parkhaus Schrannenhalle,1,165,1
2026-09-05 17:02:02,401060,Königshof-Parking,50,102,1
2026-09-05 17:02:02,401062,Parkhaus am Salvatorplatz,189,389,1
2026-09-05 17:02:02,106525,Parkhaus am Hauptbahnhof,0,223,0
2026-09-05 18:02:01,106501,Parkhaus am Stachus,390,390,0
2026-09-05 18:02:01,106504,City-Parkhaus am Färbergraben,99,350,1
2026-09-05 18:02:01,106505,Parkgarage Rieger-City,205,266,0
2026-09-05 18:02:01,106506,Sonnenhof Parkgarage,21,77,0
2026-09-05 18:02:01,106507,Tiefgarage vor der Oper,51,275,1
2026-09-05 18:02:01,106508,Hertie-Parkhaus,417,504,0
2026-09-05 18:02:01,106509,Parkgarage Böhringer,16,150,1
2026-09-05 18:02:01,106513,TG Hotel Ibis City,39,0,0
2026-09-05 18:02:01,106521,Car Park Cristal,428,220,0
2026-09-05 18:02:01,106524,Parkhaus Oberanger,97,393,1
2026-09-05 18:02:01,301220,Tiefgarage Karstadt Oberpollinger,72,357,1
2026-09-05 18:02:01,301234,Pschorr-Garage,13,178,1
2026-09-05 18:02:01,301236,Marienplatz-Großgarage,161,220,0
2026-09-05 18:02:01,301264,Parkhaus Hopfenpost,190,230,0
2026-09-05 18:02:01,301270,Parkhaus Marsstr. 11,236,526,1
2026-09-05 18:02:01,301271,Tiefgarage am Hauptbahnhof,0,79,0
2026-09-05 18:02:01,301272,Tiefgarage Stachus Einkaufszentrum,116,336,1
2026-09-05 18:02:01,301277,Parkhaus Elisenhof,50,165,1
2026-09-05 18:02:01,401004,PH Hauptbahnhof Süd,51,197,1
2026-09-05 18:02:01,401010,Parkhaus am Hofbräuhaus,81,443,1
2026-09-05 18:02:01,401055,Parkhaus Schrannenhalle,14,165,1
2026-09-05 18:02:01,401060,Königshof-Parking,54,102,1
2026-09-05 18:02:01,401062,Parkhaus am Salvatorplatz,208,389,1
2026-09-05 18:02:01,106525,Parkhaus am Hauptbahnhof,0,223,0
2026-09-05 19:02:01,106501,Parkhaus am Stachus,390,390,0
2026-09-05 19:02:01,106504,City-Parkhaus am Färbergraben,162,350,1
2026-09-05 19:02:01,106505,Parkgarage Rieger-City,205,266,0
2026-09-05 19:02:01,106506,Sonnenhof Parkgarage,21,77,0
2026-09-05 19:02:01,106507,Tiefgarage vor der Oper,73,275,1
2026-09-05 19:02:01,106508,Hertie-Parkhaus,417,504,0
2026-09-05 19:02:01,106509,Parkgarage Böhringer,20,150,1
2026-09-05 19:02:01,106513,TG Hotel Ibis City,39,0,0
2026-09-05 19:02:01,106521,Car Park Cristal,428,220,0
2026-09-05 19:02:01,106524,Parkhaus Oberanger,165,393,1
2026-09-05 19:02:01,301220,Tiefgarage Karstadt Oberpollinger,114,357,1
2026-09-05 19:02:01,301234,Pschorr-Garage,21,183,1
2026-09-05 19:02:01,301236,Marienplatz-Großgarage,161,220,0
2026-09-05 19:02:01,301264,Parkhaus Hopfenpost,190,230,0
2026-09-05 19:02:01,301270,Parkhaus Marsstr. 11,233,526,1
2026-09-05 19:02:01,301271,Tiefgarage am Hauptbahnhof,0,79,0
2026-09-05 19:02:01,301272,Tiefgarage Stachus Einkaufszentrum,114,336,1
2026-09-05 19:02:01,301277,Parkhaus Elisenhof,52,165,1
2026-09-05 19:02:01,401004,PH Hauptbahnhof Süd,51,197,1
2026-09-05 19:02:01,401010,Parkhaus am Hofbräuhaus,124,443,1
2026-09-05 19:02:01,401055,Parkhaus Schrannenhalle,19,155,1
2026-09-05 19:02:01,401060,Königshof-Parking,48,102,1
2026-09-05 19:02:01,401062,Parkhaus am Salvatorplatz,234,389,1
2026-09-05 19:02:01,106525,Parkhaus am Hauptbahnhof,0,223,0
2026-09-05 20:02:02,106501,Parkhaus am Stachus,390,390,0
2026-09-05 20:02:02,106504,City-Parkhaus am Färbergraben,246,350,1
2026-09-05 20:02:02,106505,Parkgarage Rieger-City,205,266,0
2026-09-05 20:02:02,106506,Sonnenhof Parkgarage,21,77,0
2026-09-05 20:02:02,106507,Tiefgarage vor der Oper,112,275,1
2026-09-05 20:02:02,106508,Hertie-Parkhaus,417,504,0
2026-09-05 20:02:02,106509,Parkgarage Böhringer,40,150,1
2026-09-05 20:02:02,106513,TG Hotel Ibis City,39,0,0
2026-09-05 20:02:02,106521,Car Park Cristal,428,220,0
2026-09-05 20:02:02,106524,Parkhaus Oberanger,238,393,1
2026-09-05 20:02:02,301220,Tiefgarage Karstadt Oberpollinger,163,357,1
2026-09-05 20:02:02,301234,Pschorr-Garage,49,160,1
2026-09-05 20:02:02,301236,Marienplatz-Großgarage,161,220,0
2026-09-05 20:02:02,301264,Parkhaus Hopfenpost,190,230,0
2026-09-05 20:02:02,301270,Parkhaus Marsstr. 11,221,526,1
2026-09-05 20:02:02,301271,Tiefgarage am Hauptbahnhof,0,79,0
2026-09-05 20:02:02,301272,Tiefgarage Stachus Einkaufszentrum,126,336,1
2026-09-05 20:02:02,301277,Parkhaus Elisenhof,70,165,1
2026-09-05 20:02:02,401004,PH Hauptbahnhof Süd,49,197,1
2026-09-05 20:02:02,401010,Parkhaus am Hofbräuhaus,196,443,1
2026-09-05 20:02:02,401055,Parkhaus Schrannenhalle,33,155,1
2026-09-05 20:02:02,401060,Königshof-Parking,32,102,1
2026-09-05 20:02:02,401062,Parkhaus am Salvatorplatz,267,389,1
2026-09-05 20:02:02,106525,Parkhaus am Hauptbahnhof,0,223,0
2026-09-05 21:02:01,106501,Parkhaus am Stachus,390,390,0
2026-09-05 21:02:01,106504,City-Parkhaus am Färbergraben,306,350,1
2026-09-05 21:02:01,106505,Parkgarage Rieger-City,205,266,0
2026-09-05 21:02:01,106506,Sonnenhof Parkgarage,21,77,0
2026-09-05 21:02:01,106507,Tiefgarage vor der Oper,156,275,1
2026-09-05 21:02:01,106508,Hertie-Parkhaus,417,504,0
2026-09-05 21:02:01,106509,Parkgarage Böhringer,51,150,1
2026-09-05 21:02:01,106513,TG Hotel Ibis City,39,0,0
2026-09-05 21:02:01,106521,Car Park Cristal,428,220,0
2026-09-05 21:02:01,106524,Parkhaus Oberanger,297,393,1
2026-09-05 21:02:01,301220,Tiefgarage Karstadt Oberpollinger,225,357,1
2026-09-05 21:02:01,301234,Pschorr-Garage,85,160,1
2026-09-05 21:02:01,301236,Marienplatz-Großgarage,161,220,0
2026-09-05 21:02:01,301264,Parkhaus Hopfenpost,190,230,0
2026-09-05 21:02:01,301270,Parkhaus Marsstr. 11,207,526,1
2026-09-05 21:02:01,301271,Tiefgarage am Hauptbahnhof,0,79,0
2026-09-05 21:02:01,301272,Tiefgarage Stachus Einkaufszentrum,144,336,1
2026-09-05 21:02:01,301277,Parkhaus Elisenhof,85,165,1
2026-09-05 21:02:01,401004,PH Hauptbahnhof Süd,54,197,1
2026-09-05 21:02:01,401010,Parkhaus am Hofbräuhaus,262,443,1
2026-09-05 21:02:01,401055,Parkhaus Schrannenhalle,80,155,1
2026-09-05 21:02:01,401060,Königshof-Parking,36,102,1
2026-09-05 21:02:01,401062,Parkhaus am Salvatorplatz,299,389,1
2026-09-05 21:02:01,106525,Parkhaus am Hauptbahnhof,0,223,0
2026-09-05 22:02:01,106501,Parkhaus am Stachus,390,390,0
2026-09-05 22:02:01,106504,City-Parkhaus am Färbergraben,329,350,1
2026-09-05 22:02:01,106505,Parkgarage Rieger-City,205,266,0
2026-09-05 22:02:01,106506,Sonnenhof Parkgarage,21,77,0
2026-09-05 22:02:01,106507,Tiefgarage vor der Oper,183,275,1
2026-09-05 22:02:01,106508,Hertie-Parkhaus,417,504,0
2026-09-05 22:02:01,106509,Parkgarage Böhringer,68,150,1
2026-09-05 22:02:01,106513,TG Hotel Ibis City,39,0,0
2026-09-05 22:02:01,106521,Car Park Cristal,428,220,0
2026-09-05 22:02:01,106524,Parkhaus Oberanger,317,393,1
2026-09-05 22:02:01,301220,Tiefgarage Karstadt Oberpollinger,239,357,1
2026-09-05 22:02:01,301234,Pschorr-Garage,99,160,1
2026-09-05 22:02:01,301236,Marienplatz-Großgarage,161,220,0
2026-09-05 22:02:01,301264,Parkhaus Hopfenpost,190,230,0
2026-09-05 22:02:01,301270,Parkhaus Marsstr. 11,203,526,1
2026-09-05 22:02:01,301271,Tiefgarage am Hauptbahnhof,0,79,0
2026-09-05 22:02:01,301272,Tiefgarage Stachus Einkaufszentrum,146,336,1
2026-09-05 22:02:01,301277,Parkhaus Elisenhof,111,165,1
2026-09-05 22:02:01,401004,PH Hauptbahnhof Süd,56,197,1
2026-09-05 22:02:01,401010,Parkhaus am Hofbräuhaus,318,443,1
2026-09-05 22:02:01,401055,Parkhaus Schrannenhalle,101,155,1
2026-09-05 22:02:01,401060,Königshof-Parking,40,102,1
2026-09-05 22:02:01,401062,Parkhaus am Salvatorplatz,321,389,1
2026-09-05 22:02:01,106525,Parkhaus am Hauptbahnhof,0,223,0
2026-09-05 23:02:01,106501,Parkhaus am Stachus,390,390,0
2026-09-05 23:02:01,106504,City-Parkhaus am Färbergraben,350,350,1
2026-09-05 23:02:01,106505,Parkgarage Rieger-City,205,266,0
2026-09-05 23:02:01,106506,Sonnenhof Parkgarage,21,77,0
2026-09-05 23:02:01,106507,Tiefgarage vor der Oper,208,275,1
2026-09-05 23:02:01,106508,Hertie-Parkhaus,417,504,0
2026-09-05 23:02:01,106509,Parkgarage Böhringer,88,150,1
2026-09-05 23:02:01,106513,TG Hotel Ibis City,39,0,0
2026-09-05 23:02:01,106521,Car Park Cristal,428,220,0
2026-09-05 23:02:01,106524,Parkhaus Oberanger,336,393,1
2026-09-05 23:02:01,301220,Tiefgarage Karstadt Oberpollinger,252,357,1
2026-09-05 23:02:01,301234,Pschorr-Garage,121,160,1
2026-09-05 23:02:01,301236,Marienplatz-Großgarage,161,220,0
2026-09-05 23:02:01,301264,Parkhaus Hopfenpost,190,230,0
2026-09-05 23:02:01,301270,Parkhaus Marsstr. 11,206,526,1
2026-09-05 23:02:01,301271,Tiefgarage am Hauptbahnhof,0,79,0
2026-09-05 23:02:01,301272,Tiefgarage Stachus Einkaufszentrum,155,336,1
2026-09-05 23:02:01,301277,Parkhaus Elisenhof,127,165,1
2026-09-05 23:02:01,401004,PH Hauptbahnhof Süd,55,197,1
2026-09-05 23:02:01,401010,Parkhaus am Hofbräuhaus,353,443,1
2026-09-05 23:02:01,401055,Parkhaus Schrannenhalle,111,155,1
2026-09-05 23:02:01,401060,Königshof-Parking,49,102,1
2026-09-05 23:02:01,401062,Parkhaus am Salvatorplatz,336,389,1
2026-09-05 23:02:01,106525,Parkhaus am Hauptbahnhof,0,223,0
2026-09-06 00:02:01,106501,Parkhaus am Stachus,390,390,0
2026-09-06 00:02:01,106504,City-Parkhaus am Färbergraben,0,350,1
2026-09-06 00:02:01,106505,Parkgarage Rieger-City,205,266,0
2026-09-06 00:02:01,106506,Sonnenhof Parkgarage,21,77,0
2026-09-06 00:02:01,106507,Tiefgarage vor der Oper,231,275,1
2026-09-06 00:02:01,106508,Hertie-Parkhaus,417,504,0
2026-09-06 00:02:01,106509,Parkgarage Böhringer,100,150,1
2026-09-06 00:02:01,106513,TG Hotel Ibis City,39,0,0
2026-09-06 00:02:01,106521,Car Park Cristal,428,220,0
2026-09-06 00:02:01,106524,Parkhaus Oberanger,354,393,1
2026-09-06 00:02:01,301220,Tiefgarage Karstadt Oberpollinger,261,357,1
2026-09-06 00:02:01,301234,Pschorr-Garage,124,160,1
2026-09-06 00:02:01,301236,Marienplatz-Großgarage,161,220,0
2026-09-06 00:02:01,301264,Parkhaus Hopfenpost,190,230,0
2026-09-06 00:02:01,301270,Parkhaus Marsstr. 11,209,526,1
2026-09-06 00:02:01,301271,Tiefgarage am Hauptbahnhof,0,79,0
2026-09-06 00:02:01,301272,Tiefgarage Stachus Einkaufszentrum,158,336,1
2026-09-06 00:02:01,301277,Parkhaus Elisenhof,138,165,1
2026-09-06 00:02:01,401004,PH Hauptbahnhof Süd,59,197,1
2026-09-06 00:02:01,401010,Parkhaus am Hofbräuhaus,325,393,1
2026-09-06 00:02:01,401055,Parkhaus Schrannenhalle,119,155,1
2026-09-06 00:02:01,401060,Königshof-Parking,67,102,1
2026-09-06 00:02:01,401062,Parkhaus am Salvatorplatz,343,389,1
2026-09-06 00:02:01,106525,Parkhaus am Hauptbahnhof,0,223,0
2026-09-06 01:02:01,106501,Parkhaus am Stachus,390,390,0
2026-09-06 01:02:01,106504,City-Parkhaus am Färbergraben,0,350,1
2026-09-06 01:02:01,106505,Parkgarage Rieger-City,205,266,0
2026-09-06 01:02:01,106506,Sonnenhof Parkgarage,21,77,0
2026-09-06 01:02:01,106507,Tiefgarage vor der Oper,242,275,1
2026-09-06 01:02:01,106508,Hertie-Parkhaus,417,504,0
2026-09-06 01:02:01,106509,Parkgarage Böhringer,109,150,1
2026-09-06 01:02:01,106513,TG Hotel Ibis City,39,0,0
2026-09-06 01:02:01,106521,Car Park Cristal,428,220,0
2026-09-06 01:02:01,106524,Parkhaus Oberanger,364,393,1
2026-09-06 01:02:01,301220,Tiefgarage Karstadt Oberpollinger,272,357,1
2026-09-06 01:02:01,301234,Pschorr-Garage,125,160,1
2026-09-06 01:02:01,301236,Marienplatz-Großgarage,161,220,0
2026-09-06 01:02:01,301264,Parkhaus Hopfenpost,190,230,0
2026-09-06 01:02:01,301270,Parkhaus Marsstr. 11,209,526,1
2026-09-06 01:02:01,301271,Tiefgarage am Hauptbahnhof,0,79,0
2026-09-06 01:02:01,301272,Tiefgarage Stachus Einkaufszentrum,164,336,1
2026-09-06 01:02:01,301277,Parkhaus Elisenhof,142,165,1
2026-09-06 01:02:01,401004,PH Hauptbahnhof Süd,60,197,1
2026-09-06 01:02:01,401010,Parkhaus am Hofbräuhaus,332,393,1
2026-09-06 01:02:01,401055,Parkhaus Schrannenhalle,120,155,1
2026-09-06 01:02:01,401060,Königshof-Parking,77,102,1
2026-09-06 01:02:01,401062,Parkhaus am Salvatorplatz,342,389,1
2026-09-06 01:02:01,106525,Parkhaus am Hauptbahnhof,0,223,0
2026-09-06 02:02:02,106501,Parkhaus am Stachus,390,390,0
2026-09-06 02:02:02,106504,City-Parkhaus am Färbergraben,0,350,1
2026-09-06 02:02:02,106505,Parkgarage Rieger-City,205,266,0
2026-09-06 02:02:02,106506,Sonnenhof Parkgarage,21,77,0
2026-09-06 02:02:02,106507,Tiefgarage vor der Oper,244,275,1
2026-09-06 02:02:02,106508,Hertie-Parkhaus,417,504,0
2026-09-06 02:02:02,106509,Parkgarage Böhringer,115,150,1
2026-09-06 02:02:02,106513,TG Hotel Ibis City,39,0,0
2026-09-06 02:02:02,106521,Car Park Cristal,428,220,0
2026-09-06 02:02:02,106524,Parkhaus Oberanger,364,393,1
2026-09-06 02:02:02,301220,Tiefgarage Karstadt Oberpollinger,279,357,1
2026-09-06 02:02:02,301234,Pschorr-Garage,128,160,1
2026-09-06 02:02:02,301236,Marienplatz-Großgarage,161,220,0
2026-09-06 02:02:02,301264,Parkhaus Hopfenpost,190,230,0
2026-09-06 02:02:02,301270,Parkhaus Marsstr. 11,209,526,1
2026-09-06 02:02:02,301271,Tiefgarage am Hauptbahnhof,0,79,0
2026-09-06 02:02:02,301272,Tiefgarage Stachus Einkaufszentrum,167,336,1
2026-09-06 02:02:02,301277,Parkhaus Elisenhof,146,165,1
2026-09-06 02:02:02,401004,PH Hauptbahnhof Süd,62,197,1
2026-09-06 02:02:02,401010,Parkhaus am Hofbräuhaus,337,393,1
2026-09-06 02:02:02,401055,Parkhaus Schrannenhalle,123,155,1
2026-09-06 02:02:02,401060,Königshof-Parking,82,102,1
2026-09-06 02:02:02,401062,Parkhaus am Salvatorplatz,350,389,1
2026-09-06 02:02:02,106525,Parkhaus am Hauptbahnhof,0,223,0
2026-09-06 03:02:03,106501,Parkhaus am Stachus,390,390,0
2026-09-06 03:02:03,106504,City-Parkhaus am Färbergraben,0,350,1
2026-09-06 03:02:03,106505,Parkgarage Rieger-City,205,266,0
2026-09-06 03:02:03,106506,Sonnenhof Parkgarage,21,77,0
2026-09-06 03:02:03,106507,Tiefgarage vor der Oper,244,275,1
2026-09-06 03:02:03,106508,Hertie-Parkhaus,417,504,0
2026-09-06 03:02:03,106509,Parkgarage Böhringer,116,150,1
2026-09-06 03:02:03,106513,TG Hotel Ibis City,39,0,0
2026-09-06 03:02:03,106521,Car Park Cristal,428,220,0
2026-09-06 03:02:03,106524,Parkhaus Oberanger,365,393,1
2026-09-06 03:02:03,301220,Tiefgarage Karstadt Oberpollinger,282,357,1
2026-09-06 03:02:03,301234,Pschorr-Garage,130,160,1
2026-09-06 03:02:03,301236,Marienplatz-Großgarage,161,220,0
2026-09-06 03:02:03,301264,Parkhaus Hopfenpost,190,230,0
2026-09-06 03:02:03,301270,Parkhaus Marsstr. 11,211,526,1
2026-09-06 03:02:03,301271,Tiefgarage am Hauptbahnhof,0,79,0
2026-09-06 03:02:03,301272,Tiefgarage Stachus Einkaufszentrum,169,336,1
2026-09-06 03:02:03,301277,Parkhaus Elisenhof,147,165,1
2026-09-06 03:02:03,401004,PH Hauptbahnhof Süd,62,197,1
2026-09-06 03:02:03,401010,Parkhaus am Hofbräuhaus,339,393,1
2026-09-06 03:02:03,401055,Parkhaus Schrannenhalle,123,155,1
2026-09-06 03:02:03,401060,Königshof-Parking,84,102,1
2026-09-06 03:02:03,401062,Parkhaus am Salvatorplatz,354,389,1
2026-09-06 03:02:03,106525,Parkhaus am Hauptbahnhof,0,223,0
2026-09-06 04:02:01,106501,Parkhaus am Stachus,390,390,0
2026-09-06 04:02:01,106504,City-Parkhaus am Färbergraben,0,350,1
2026-09-06 04:02:01,106505,Parkgarage Rieger-City,205,266,0
2026-09-06 04:02:01,106506,Sonnenhof Parkgarage,21,77,0
2026-09-06 04:02:01,106507,Tiefgarage vor der Oper,244,275,1
2026-09-06 04:02:01,106508,Hertie-Parkhaus,417,504,0
2026-09-06 04:02:01,106509,Parkgarage Böhringer,116,150,1
2026-09-06 04:02:01,106513,TG Hotel Ibis City,39,0,0
2026-09-06 04:02:01,106521,Car Park Cristal,428,220,0
2026-09-06 04:02:01,106524,Parkhaus Oberanger,366,393,1
2026-09-06 04:02:01,301220,Tiefgarage Karstadt Oberpollinger,287,357,1
2026-09-06 04:02:01,301234,Pschorr-Garage,130,160,1
2026-09-06 04:02:01,301236,Marienplatz-Großgarage,161,220,0
2026-09-06 04:02:01,301264,Parkhaus Hopfenpost,190,230,0
2026-09-06 04:02:01,301270,Parkhaus Marsstr. 11,212,526,1
2026-09-06 04:02:01,301271,Tiefgarage am Hauptbahnhof,0,79,0
2026-09-06 04:02:01,301272,Tiefgarage Stachus Einkaufszentrum,169,336,1
2026-09-06 04:02:01,301277,Parkhaus Elisenhof,148,165,1
2026-09-06 04:02:01,401004,PH Hauptbahnhof Süd,63,197,1
2026-09-06 04:02:01,401010,Parkhaus am Hofbräuhaus,341,393,1
2026-09-06 04:02:01,401055,Parkhaus Schrannenhalle,123,155,1
2026-09-06 04:02:01,401060,Königshof-Parking,84,102,1
2026-09-06 04:02:01,401062,Parkhaus am Salvatorplatz,355,389,1
2026-09-06 04:02:01,106525,Parkhaus am Hauptbahnhof,0,223,0
2026-09-06 05:02:01,106501,Parkhaus am Stachus,390,390,0
2026-09-06 05:02:01,106504,City-Parkhaus am Färbergraben,0,350,1
2026-09-06 05:02:01,106505,Parkgarage Rieger-City,205,266,0
2026-09-06 05:02:01,106506,Sonnenhof Parkgarage,21,77,0
2026-09-06 05:02:01,106507,Tiefgarage vor der Oper,244,275,1
2026-09-06 05:02:01,106508,Hertie-Parkhaus,417,504,0
2026-09-06 05:02:01,106509,Parkgarage Böhringer,116,150,1
2026-09-06 05:02:01,106513,TG Hotel Ibis City,39,0,0
2026-09-06 05:02:01,106521,Car Park Cristal,428,220,0
2026-09-06 05:02:01,106524,Parkhaus Oberanger,366,393,1
2026-09-06 05:02:01,301220,Tiefgarage Karstadt Oberpollinger,288,357,1
2026-09-06 05:02:01,301234,Pschorr-Garage,130,160,1
2026-09-06 05:02:01,301236,Marienplatz-Großgarage,161,220,0
2026-09-06 05:02:01,301264,Parkhaus Hopfenpost,190,230,0
2026-09-06 05:02:01,301270,Parkhaus Marsstr. 11,211,526,1
2026-09-06 05:02:01,301271,Tiefgarage am Hauptbahnhof,0,79,0
2026-09-06 05:02:01,301272,Tiefgarage Stachus Einkaufszentrum,169,336,1
2026-09-06 05:02:01,301277,Parkhaus Elisenhof,150,165,1
2026-09-06 05:02:01,401004,PH Hauptbahnhof Süd,63,197,1
2026-09-06 05:02:01,401010,Parkhaus am Hofbräuhaus,343,393,1
2026-09-06 05:02:01,401055,Parkhaus Schrannenhalle,123,155,1
2026-09-06 05:02:01,401060,Königshof-Parking,84,102,1
2026-09-06 05:02:01,401062,Parkhaus am Salvatorplatz,356,389,1
2026-09-06 05:02:01,106525,Parkhaus am Hauptbahnhof,0,223,0
2026-09-06 06:02:01,106501,Parkhaus am Stachus,390,390,0
2026-09-06 06:02:01,106504,City-Parkhaus am Färbergraben,0,350,1
2026-09-06 06:02:01,106505,Parkgarage Rieger-City,205,266,0
2026-09-06 06:02:01,106506,Sonnenhof Parkgarage,21,77,0
2026-09-06 06:02:01,106507,Tiefgarage vor der Oper,242,275,1
2026-09-06 06:02:01,106508,Hertie-Parkhaus,417,504,0
2026-09-06 06:02:01,106509,Parkgarage Böhringer,116,150,1
2026-09-06 06:02:01,106513,TG Hotel Ibis City,39,0,0
2026-09-06 06:02:01,106521,Car Park Cristal,428,220,0
2026-09-06 06:02:01,106524,Parkhaus Oberanger,367,393,1
2026-09-06 06:02:01,301220,Tiefgarage Karstadt Oberpollinger,288,357,1
2026-09-06 06:02:01,301234,Pschorr-Garage,130,160,1
2026-09-06 06:02:01,301236,Marienplatz-Großgarage,161,220,0
2026-09-06 06:02:01,301264,Parkhaus Hopfenpost,190,230,0
2026-09-06 06:02:01,301270,Parkhaus Marsstr. 11,211,526,1
2026-09-06 06:02:01,301271,Tiefgarage am Hauptbahnhof,0,79,0
2026-09-06 06:02:01,301272,Tiefgarage Stachus Einkaufszentrum,169,336,1
2026-09-06 06:02:01,301277,Parkhaus Elisenhof,150,165,1
2026-09-06 06:02:01,401004,PH Hauptbahnhof Süd,65,197,1
2026-09-06 06:02:01,401010,Parkhaus am Hofbräuhaus,343,393,1
2026-09-06 06:02:01,401055,Parkhaus Schrannenhalle,122,155,1
2026-09-06 06:02:01,401060,Königshof-Parking,84,102,1
2026-09-06 06:02:01,401062,Parkhaus am Salvatorplatz,358,389,1
2026-09-06 06:02:01,106525,Parkhaus am Hauptbahnhof,0,223,0
2026-09-06 07:02:01,106501,Parkhaus am Stachus,390,390,0
2026-09-06 07:02:01,106504,City-Parkhaus am Färbergraben,0,350,1
2026-09-06 07:02:01,106505,Parkgarage Rieger-City,205,266,0
2026-09-06 07:02:01,106506,Sonnenhof Parkgarage,21,77,0
2026-09-06 07:02:01,106507,Tiefgarage vor der Oper,242,275,1
2026-09-06 07:02:01,106508,Hertie-Parkhaus,417,504,0
2026-09-06 07:02:01,106509,Parkgarage Böhringer,116,150,1
2026-09-06 07:02:01,106513,TG Hotel Ibis City,39,0,0
2026-09-06 07:02:01,106521,Car Park Cristal,428,220,0
2026-09-06 07:02:01,106524,Parkhaus Oberanger,368,393,1
2026-09-06 07:02:01,301220,Tiefgarage Karstadt Oberpollinger,288,357,1
2026-09-06 07:02:01,301234,Pschorr-Garage,130,160,1
2026-09-06 07:02:01,301236,Marienplatz-Großgarage,161,220,0
2026-09-06 07:02:01,301264,Parkhaus Hopfenpost,190,230,0
2026-09-06 07:02:01,301270,Parkhaus Marsstr. 11,212,526,1
2026-09-06 07:02:01,301271,Tiefgarage am Hauptbahnhof,0,79,0
2026-09-06 07:02:01,301272,Tiefgarage Stachus Einkaufszentrum,167,336,1
2026-09-06 07:02:01,301277,Parkhaus Elisenhof,151,165,1
2026-09-06 07:02:01,401004,PH Hauptbahnhof Süd,67,197,1
2026-09-06 07:02:01,401010,Parkhaus am Hofbräuhaus,347,393,1
2026-09-06 07:02:01,401055,Parkhaus Schrannenhalle,122,155,1
2026-09-06 07:02:01,401060,Königshof-Parking,84,102,1
2026-09-06 07:02:01,401062,Parkhaus am Salvatorplatz,358,389,1
2026-09-06 07:02:01,106525,Parkhaus am Hauptbahnhof,0,223,0
2026-09-06 08:02:01,106501,Parkhaus am Stachus,390,390,0
2026-09-06 08:02:01,106504,City-Parkhaus am Färbergraben,0,350,1
2026-09-06 08:02:01,106505,Parkgarage Rieger-City,205,266,0
2026-09-06 08:02:01,106506,Sonnenhof Parkgarage,21,77,0
2026-09-06 08:02:01,106507,Tiefgarage vor der Oper,242,275,1
2026-09-06 08:02:01,106508,Hertie-Parkhaus,417,504,0
2026-09-06 08:02:01,106509,Parkgarage Böhringer,116,150,1
2026-09-06 08:02:01,106513,TG Hotel Ibis City,39,0,0
2026-09-06 08:02:01,106521,Car Park Cristal,428,220,0
2026-09-06 08:02:01,106524,Parkhaus Oberanger,371,393,1
2026-09-06 08:02:01,301220,Tiefgarage Karstadt Oberpollinger,288,357,1
2026-09-06 08:02:01,301234,Pschorr-Garage,132,160,1
2026-09-06 08:02:01,301236,Marienplatz-Großgarage,161,220,0
2026-09-06 08:02:01,301264,Parkhaus Hopfenpost,190,230,0
2026-09-06 08:02:01,301270,Parkhaus Marsstr. 11,203,526,1
2026-09-06 08:02:01,301271,Tiefgarage am Hauptbahnhof,0,79,0
2026-09-06 08:02:01,301272,Tiefgarage Stachus Einkaufszentrum,165,336,1
2026-09-06 08:02:01,301277,Parkhaus Elisenhof,151,165,1
2026-09-06 08:02:01,401004,PH Hauptbahnhof Süd,75,197,1
2026-09-06 08:02:01,401010,Parkhaus am Hofbräuhaus,349,393,1
2026-09-06 08:02:01,401055,Parkhaus Schrannenhalle,123,155,1
2026-09-06 08:02:01,401060,Königshof-Parking,84,102,1
2026-09-06 08:02:01,401062,Parkhaus am Salvatorplatz,358,389,1
2026-09-06 08:02:01,106525,Parkhaus am Hauptbahnhof,0,223,0
2026-09-06 09:02:01,106501,Parkhaus am Stachus,390,390,0
2026-09-06 09:02:01,106504,City-Parkhaus am Färbergraben,0,350,1
2026-09-06 09:02:01,106505,Parkgarage Rieger-City,205,266,0
2026-09-06 09:02:01,106506,Sonnenhof Parkgarage,21,77,0
2026-09-06 09:02:01,106507,Tiefgarage vor der Oper,243,275,1
2026-09-06 09:02:01,106508,Hertie-Parkhaus,417,504,0
2026-09-06 09:02:01,106509,Parkgarage Böhringer,124,150,1
2026-09-06 09:02:01,106513,TG Hotel Ibis City,39,0,0
2026-09-06 09:02:01,106521,Car Park Cristal,428,220,0
2026-09-06 09:02:01,106524,Parkhaus Oberanger,374,393,1
2026-09-06 09:02:01,301220,Tiefgarage Karstadt Oberpollinger,288,357,1
2026-09-06 09:02:01,301234,Pschorr-Garage,133,160,1
2026-09-06 09:02:01,301236,Marienplatz-Großgarage,161,220,0
2026-09-06 09:02:01,301264,Parkhaus Hopfenpost,190,230,0
2026-09-06 09:02:01,301270,Parkhaus Marsstr. 11,198,526,1
2026-09-06 09:02:01,301271,Tiefgarage am Hauptbahnhof,0,79,0
2026-09-06 09:02:01,301272,Tiefgarage Stachus Einkaufszentrum,167,336,1
2026-09-06 09:02:01,301277,Parkhaus Elisenhof,150,165,1
2026-09-06 09:02:01,401004,PH Hauptbahnhof Süd,92,197,1
2026-09-06 09:02:01,401010,Parkhaus am Hofbräuhaus,343,393,1
2026-09-06 09:02:01,401055,Parkhaus Schrannenhalle,124,155,1
2026-09-06 09:02:01,401060,Königshof-Parking,82,102,1
2026-09-06 09:02:01,401062,Parkhaus am Salvatorplatz,359,389,1
2026-09-06 09:02:01,106525,Parkhaus am Hauptbahnhof,0,223,0
2026-09-06 10:02:01,106501,Parkhaus am Stachus,390,390,0
2026-09-06 10:02:01,106504,City-Parkhaus am Färbergraben,0,350,1
2026-09-06 10:02:01,106505,Parkgarage Rieger-City,205,266,0
2026-09-06 10:02:01,106506,Sonnenhof Parkgarage,21,77,0
2026-09-06 10:02:01,106507,Tiefgarage vor der Oper,242,275,1
2026-09-06 10:02:01,106508,Hertie-Parkhaus,417,504,0
2026-09-06 10:02:01,106509,Parkgarage Böhringer,121,150,1
2026-09-06 10:02:01,106513,TG Hotel Ibis City,39,0,0
2026-09-06 10:02:01,106521,Car Park Cristal,428,220,0
2026-09-06 10:02:01,106524,Parkhaus Oberanger,376,393,1
2026-09-06 10:02:01,301220,Tiefgarage Karstadt Oberpollinger,289,357,1
2026-09-06 10:02:01,301234,Pschorr-Garage,129,160,1
2026-09-06 10:02:01,301236,Marienplatz-Großgarage,161,220,0
2026-09-06 10:02:01,301264,Parkhaus Hopfenpost,190,230,0
2026-09-06 10:02:01,301270,Parkhaus Marsstr. 11,204,526,1
2026-09-06 10:02:01,301271,Tiefgarage am Hauptbahnhof,0,79,0
2026-09-06 10:02:01,301272,Tiefgarage Stachus Einkaufszentrum,169,336,1
2026-09-06 10:02:01,301277,Parkhaus Elisenhof,154,165,1
2026-09-06 10:02:01,401004,PH Hauptbahnhof Süd,113,197,1
2026-09-06 10:02:01,401010,Parkhaus am Hofbräuhaus,338,393,1
2026-09-06 10:02:01,401055,Parkhaus Schrannenhalle,126,155,1
2026-09-06 10:02:01,401060,Königshof-Parking,79,102,1
2026-09-06 10:02:01,401062,Parkhaus am Salvatorplatz,357,389,1
2026-09-06 10:02:01,106525,Parkhaus am Hauptbahnhof,0,223,0
2026-09-06 11:02:01,106501,Parkhaus am Stachus,390,390,0
2026-09-06 11:02:01,106504,City-Parkhaus am Färbergraben,0,350,1
2026-09-06 11:02:01,106505,Parkgarage Rieger-City,205,266,0
2026-09-06 11:02:01,106506,Sonnenhof Parkgarage,21,77,0
2026-09-06 11:02:01,106507,Tiefgarage vor der Oper,225,275,1
2026-09-06 11:02:01,106508,Hertie-Parkhaus,417,504,0
2026-09-06 11:02:01,106509,Parkgarage Böhringer,117,150,1
2026-09-06 11:02:01,106513,TG Hotel Ibis City,39,0,0
2026-09-06 11:02:01,106521,Car Park Cristal,428,220,0
2026-09-06 11:02:01,106524,Parkhaus Oberanger,374,393,1
2026-09-06 11:02:01,301220,Tiefgarage Karstadt Oberpollinger,288,357,1
2026-09-06 11:02:01,301234,Pschorr-Garage,127,160,1
2026-09-06 11:02:01,301236,Marienplatz-Großgarage,161,220,0
2026-09-06 11:02:01,301264,Parkhaus Hopfenpost,190,230,0
2026-09-06 11:02:01,301270,Parkhaus Marsstr. 11,212,526,1
2026-09-06 11:02:01,301271,Tiefgarage am Hauptbahnhof,0,79,0
2026-09-06 11:02:01,301272,Tiefgarage Stachus Einkaufszentrum,175,336,1
2026-09-06 11:02:01,301277,Parkhaus Elisenhof,152,165,1
2026-09-06 11:02:01,401004,PH Hauptbahnhof Süd,152,197,1
2026-09-06 11:02:01,401010,Parkhaus am Hofbräuhaus,340,393,1
2026-09-06 11:02:01,401055,Parkhaus Schrannenhalle,127,155,1
2026-09-06 11:02:01,401060,Königshof-Parking,78,102,1
2026-09-06 11:02:01,401062,Parkhaus am Salvatorplatz,349,389,1
2026-09-06 11:02:01,106525,Parkhaus am Hauptbahnhof,0,223,0
2026-09-06 12:02:01,106501,Parkhaus am Stachus,390,390,0
2026-09-06 12:02:01,106504,City-Parkhaus am Färbergraben,0,350,1
2026-09-06 12:02:01,106505,Parkgarage Rieger-City,205,266,0
2026-09-06 12:02:01,106506,Sonnenhof Parkgarage,21,77,0
2026-09-06 12:02:01,106507,Tiefgarage vor der Oper,210,275,1
2026-09-06 12:02:01,106508,Hertie-Parkhaus,417,504,0
2026-09-06 12:02:01,106509,Parkgarage Böhringer,115,150,1
2026-09-06 12:02:01,106513,TG Hotel Ibis City,39,0,0
2026-09-06 12:02:01,106521,Car Park Cristal,428,220,0
2026-09-06 12:02:01,106524,Parkhaus Oberanger,363,393,1
2026-09-06 12:02:01,301220,Tiefgarage Karstadt Oberpollinger,288,357,1
2026-09-06 12:02:01,301234,Pschorr-Garage,117,160,1
2026-09-06 12:02:01,301236,Marienplatz-Großgarage,161,220,0
2026-09-06 12:02:01,301264,Parkhaus Hopfenpost,190,230,0
2026-09-06 12:02:01,301270,Parkhaus Marsstr. 11,221,526,1
2026-09-06 12:02:01,301271,Tiefgarage am Hauptbahnhof,0,79,0
2026-09-06 12:02:01,301272,Tiefgarage Stachus Einkaufszentrum,178,336,1
2026-09-06 12:02:01,301277,Parkhaus Elisenhof,146,165,1
2026-09-06 12:02:01,401004,PH Hauptbahnhof Süd,165,197,1
2026-09-06 12:02:01,401010,Parkhaus am Hofbräuhaus,329,393,1
2026-09-06 12:02:01,401055,Parkhaus Schrannenhalle,121,155,1
2026-09-06 12:02:01,401060,Königshof-Parking,80,102,1
2026-09-06 12:02:01,401062,Parkhaus am Salvatorplatz,347,389,1
2026-09-06 12:02:01,106525,Parkhaus am Hauptbahnhof,0,223,0
2026-09-06 13:02:01,106501,Parkhaus am Stachus,390,390,0
2026-09-06 13:02:01,106504,City-Parkhaus am Färbergraben,0,350,1
2026-09-06 13:02:01,106505,Parkgarage Rieger-City,205,266,0
2026-09-06 13:02:01,106506,Sonnenhof Parkgarage,21,77,0
2026-09-06 13:02:01,106507,Tiefgarage vor der Oper,203,275,1
2026-09-06 13:02:01,106508,Hertie-Parkhaus,417,504,0
2026-09-06 13:02:01,106509,Parkgarage Böhringer,112,150,1
2026-09-06 13:02:01,106513,TG Hotel Ibis City,39,0,0
2026-09-06 13:02:01,106521,Car Park Cristal,428,220,0
2026-09-06 13:02:01,106524,Parkhaus Oberanger,361,393,1
2026-09-06 13:02:01,301220,Tiefgarage Karstadt Oberpollinger,274,357,1
2026-09-06 13:02:01,301234,Pschorr-Garage,78,160,1
2026-09-06 13:02:01,301236,Marienplatz-Großgarage,161,220,0
2026-09-06 13:02:01,301264,Parkhaus Hopfenpost,190,230,0
2026-09-06 13:02:01,301270,Parkhaus Marsstr. 11,230,526,1
2026-09-06 13:02:01,301271,Tiefgarage am Hauptbahnhof,0,79,0
2026-09-06 13:02:01,301272,Tiefgarage Stachus Einkaufszentrum,172,336,1
2026-09-06 13:02:01,301277,Parkhaus Elisenhof,144,165,1
2026-09-06 13:02:01,401004,PH Hauptbahnhof Süd,169,197,1
2026-09-06 13:02:01,401010,Parkhaus am Hofbräuhaus,313,393,1
2026-09-06 13:02:01,401055,Parkhaus Schrannenhalle,117,155,1
2026-09-06 13:02:01,401060,Königshof-Parking,85,102,1
2026-09-06 13:02:01,401062,Parkhaus am Salvatorplatz,349,389,1
2026-09-06 13:02:01,106525,Parkhaus am Hauptbahnhof,0,223,0
2026-09-06 14:02:01,106501,Parkhaus am Stachus,390,390,0
2026-09-06 14:02:01,106504,City-Parkhaus am Färbergraben,0,350,1
2026-09-06 14:02:01,106505,Parkgarage Rieger-City,205,266,0
2026-09-06 14:02:01,106506,Sonnenhof Parkgarage,21,77,0
2026-09-06 14:02:01,106507,Tiefgarage vor der Oper,198,275,1
2026-09-06 14:02:01,106508,Hertie-Parkhaus,417,504,0
2026-09-06 14:02:01,106509,Parkgarage Böhringer,113,150,1
2026-09-06 14:02:01,106513,TG Hotel Ibis City,39,0,0
2026-09-06 14:02:01,106521,Car Park Cristal,428,220,0
2026-09-06 14:02:01,106524,Parkhaus Oberanger,363,393,1
2026-09-06 14:02:01,301220,Tiefgarage Karstadt Oberpollinger,271,357,1
2026-09-06 14:02:01,301234,Pschorr-Garage,92,160,1
2026-09-06 14:02:01,301236,Marienplatz-Großgarage,161,220,0
2026-09-06 14:02:01,301264,Parkhaus Hopfenpost,190,230,0
2026-09-06 14:02:01,301270,Parkhaus Marsstr. 11,222,526,1
2026-09-06 14:02:01,301271,Tiefgarage am Hauptbahnhof,0,79,0
2026-09-06 14:02:01,301272,Tiefgarage Stachus Einkaufszentrum,176,336,1
2026-09-06 14:02:01,301277,Parkhaus Elisenhof,133,165,1
2026-09-06 14:02:01,401004,PH Hauptbahnhof Süd,172,197,1
2026-09-06 14:02:01,401010,Parkhaus am Hofbräuhaus,296,393,1
2026-09-06 14:02:01,401055,Parkhaus Schrannenhalle,108,155,1
2026-09-06 14:02:01,401060,Königshof-Parking,87,102,1
2026-09-06 14:02:01,401062,Parkhaus am Salvatorplatz,344,389,1
2026-09-06 14:02:01,106525,Parkhaus am Hauptbahnhof,0,223,0
2026-09-06 15:02:01,106501,Parkhaus am Stachus,390,390,0
2026-09-06 15:02:01,106504,City-Parkhaus am Färbergraben,0,350,1
2026-09-06 15:02:01,106505,Parkgarage Rieger-City,205,266,0
2026-09-06 15:02:01,106506,Sonnenhof Parkgarage,21,77,0
2026-09-06 15:02:01,106507,Tiefgarage vor der Oper,192,275,1
2026-09-06 15:02:01,106508,Hertie-Parkhaus,417,504,0
2026-09-06 15:02:01,106509,Parkgarage Böhringer,120,150,1
2026-09-06 15:02:01,106513,TG Hotel Ibis City,39,0,0
2026-09-06 15:02:01,106521,Car Park Cristal,428,220,0
2026-09-06 15:02:01,106524,Parkhaus Oberanger,357,393,1
2026-09-06 15:02:01,301220,Tiefgarage Karstadt Oberpollinger,278,357,1
2026-09-06 15:02:01,301234,Pschorr-Garage,105,160,1
2026-09-06 15:02:01,301236,Marienplatz-Großgarage,161,220,0
2026-09-06 15:02:01,301264,Parkhaus Hopfenpost,190,230,0
2026-09-06 15:02:01,301270,Parkhaus Marsstr. 11,204,526,1
2026-09-06 15:02:01,301271,Tiefgarage am Hauptbahnhof,0,79,0
2026-09-06 15:02:01,301272,Tiefgarage Stachus Einkaufszentrum,176,336,1
2026-09-06 15:02:01,301277,Parkhaus Elisenhof,137,165,1
2026-09-06 15:02:01,401004,PH Hauptbahnhof Süd,176,197,1
2026-09-06 15:02:01,401010,Parkhaus am Hofbräuhaus,290,393,1
2026-09-06 15:02:01,401055,Parkhaus Schrannenhalle,117,155,1
2026-09-06 15:02:01,401060,Königshof-Parking,85,102,1
2026-09-06 15:02:01,401062,Parkhaus am Salvatorplatz,347,389,1
2026-09-06 15:02:01,106525,Parkhaus am Hauptbahnhof,0,223,0
2026-09-06 16:02:01,106501,Parkhaus am Stachus,390,390,0
2026-09-06 16:02:01,106504,City-Parkhaus am Färbergraben,0,350,1
2026-09-06 16:02:01,106505,Parkgarage Rieger-City,205,266,0
2026-09-06 16:02:01,106506,Sonnenhof Parkgarage,21,77,0
2026-09-06 16:02:01,106507,Tiefgarage vor der Oper,188,275,1
2026-09-06 16:02:01,106508,Hertie-Parkhaus,417,504,0
2026-09-06 16:02:01,106509,Parkgarage Böhringer,125,150,1
2026-09-06 16:02:01,106513,TG Hotel Ibis City,39,0,0
2026-09-06 16:02:01,106521,Car Park Cristal,428,220,0
2026-09-06 16:02:01,106524,Parkhaus Oberanger,358,393,1
2026-09-06 16:02:01,301220,Tiefgarage Karstadt Oberpollinger,282,357,1
2026-09-06 16:02:01,301234,Pschorr-Garage,106,160,1
2026-09-06 16:02:01,301236,Marienplatz-Großgarage,161,220,0
2026-09-06 16:02:01,301264,Parkhaus Hopfenpost,190,230,0
2026-09-06 16:02:01,301270,Parkhaus Marsstr. 11,186,526,1
2026-09-06 16:02:01,301271,Tiefgarage am Hauptbahnhof,0,79,0
2026-09-06 16:02:01,301272,Tiefgarage Stachus Einkaufszentrum,173,336,1
2026-09-06 16:02:01,301277,Parkhaus Elisenhof,146,165,1
2026-09-06 16:02:01,401004,PH Hauptbahnhof Süd,173,197,1
2026-09-06 16:02:01,401010,Parkhaus am Hofbräuhaus,303,393,1
2026-09-06 16:02:01,401055,Parkhaus Schrannenhalle,119,155,1
2026-09-06 16:02:01,401060,Königshof-Parking,81,102,1
2026-09-06 16:02:01,401062,Parkhaus am Salvatorplatz,344,389,1
2026-09-06 16:02:01,106525,Parkhaus am Hauptbahnhof,0,223,0
2026-09-06 17:02:01,106501,Parkhaus am Stachus,390,390,0
2026-09-06 17:02:01,106504,City-Parkhaus am Färbergraben,0,350,1
2026-09-06 17:02:01,106505,Parkgarage Rieger-City,205,266,0
2026-09-06 17:02:01,106506,Sonnenhof Parkgarage,21,77,0
2026-09-06 17:02:01,106507,Tiefgarage vor der Oper,199,275,1
2026-09-06 17:02:01,106508,Hertie-Parkhaus,417,504,0
2026-09-06 17:02:01,106509,Parkgarage Böhringer,126,150,1
2026-09-06 17:02:01,106513,TG Hotel Ibis City,39,0,0
2026-09-06 17:02:01,106521,Car Park Cristal,428,220,0
2026-09-06 17:02:01,106524,Parkhaus Oberanger,354,393,1
2026-09-06 17:02:01,301220,Tiefgarage Karstadt Oberpollinger,283,357,1
2026-09-06 17:02:01,301234,Pschorr-Garage,106,160,1
2026-09-06 17:02:01,301236,Marienplatz-Großgarage,161,220,0
2026-09-06 17:02:01,301264,Parkhaus Hopfenpost,190,230,0
2026-09-06 17:02:01,301270,Parkhaus Marsstr. 11,181,526,1
2026-09-06 17:02:01,301271,Tiefgarage am Hauptbahnhof,0,79,0
2026-09-06 17:02:01,301272,Tiefgarage Stachus Einkaufszentrum,172,336,1
2026-09-06 17:02:01,301277,Parkhaus Elisenhof,149,165,1
2026-09-06 17:02:01,401004,PH Hauptbahnhof Süd,165,197,1
2026-09-06 17:02:01,401010,Parkhaus am Hofbräuhaus,315,393,1
2026-09-06 17:02:01,401055,Parkhaus Schrannenhalle,118,155,1
2026-09-06 17:02:01,401060,Königshof-Parking,78,102,1
2026-09-06 17:02:01,401062,Parkhaus am Salvatorplatz,344,389,1
2026-09-06 17:02:01,106525,Parkhaus am Hauptbahnhof,0,223,0
2026-09-06 18:02:01,106501,Parkhaus am Stachus,390,390,0
2026-09-06 18:02:01,106504,City-Parkhaus am Färbergraben,0,350,1
2026-09-06 18:02:01,106505,Parkgarage Rieger-City,205,266,0
2026-09-06 18:02:01,106506,Sonnenhof Parkgarage,21,77,0
2026-09-06 18:02:01,106507,Tiefgarage vor der Oper,213,275,1
2026-09-06 18:02:01,106508,Hertie-Parkhaus,417,504,0
2026-09-06 18:02:01,106509,Parkgarage Böhringer,141,150,1
2026-09-06 18:02:01,106513,TG Hotel Ibis City,39,0,0
2026-09-06 18:02:01,106521,Car Park Cristal,428,220,0
2026-09-06 18:02:01,106524,Parkhaus Oberanger,357,393,1
2026-09-06 18:02:01,301220,Tiefgarage Karstadt Oberpollinger,279,357,1
2026-09-06 18:02:01,301234,Pschorr-Garage,106,160,1
2026-09-06 18:02:01,301236,Marienplatz-Großgarage,161,220,0
2026-09-06 18:02:01,301264,Parkhaus Hopfenpost,190,230,0
2026-09-06 18:02:01,301270,Parkhaus Marsstr. 11,169,526,1
2026-09-06 18:02:01,301271,Tiefgarage am Hauptbahnhof,0,79,0
2026-09-06 18:02:01,301272,Tiefgarage Stachus Einkaufszentrum,177,336,1
2026-09-06 18:02:01,301277,Parkhaus Elisenhof,151,165,1
2026-09-06 18:02:01,401004,PH Hauptbahnhof Süd,151,197,1
2026-09-06 18:02:01,401010,Parkhaus am Hofbräuhaus,329,393,1
2026-09-06 18:02:01,401055,Parkhaus Schrannenhalle,115,155,1
2026-09-06 18:02:01,401060,Königshof-Parking,78,102,1
2026-09-06 18:02:01,401062,Parkhaus am Salvatorplatz,343,389,1
2026-09-06 18:02:01,106525,Parkhaus am Hauptbahnhof,0,223,0
2026-09-06 19:02:01,106501,Parkhaus am Stachus,390,390,0
2026-09-06 19:02:01,106504,City-Parkhaus am Färbergraben,0,350,1
2026-09-06 19:02:01,106505,Parkgarage Rieger-City,205,266,0
2026-09-06 19:02:01,106506,Sonnenhof Parkgarage,21,77,0
2026-09-06 19:02:01,106507,Tiefgarage vor der Oper,199,275,1
2026-09-06 19:02:01,106508,Hertie-Parkhaus,417,504,0
2026-09-06 19:02:01,106509,Parkgarage Böhringer,138,150,1
2026-09-06 19:02:01,106513,TG Hotel Ibis City,39,0,0
2026-09-06 19:02:01,106521,Car Park Cristal,428,220,0
2026-09-06 19:02:01,106524,Parkhaus Oberanger,360,393,1
2026-09-06 19:02:01,301220,Tiefgarage Karstadt Oberpollinger,282,357,1
2026-09-06 19:02:01,301234,Pschorr-Garage,108,160,1
2026-09-06 19:02:01,301236,Marienplatz-Großgarage,161,220,0
2026-09-06 19:02:01,301264,Parkhaus Hopfenpost,190,230,0
2026-09-06 19:02:01,301270,Parkhaus Marsstr. 11,153,526,1
2026-09-06 19:02:01,301271,Tiefgarage am Hauptbahnhof,0,79,0
2026-09-06 19:02:01,301272,Tiefgarage Stachus Einkaufszentrum,166,336,1
2026-09-06 19:02:01,301277,Parkhaus Elisenhof,159,165,1
2026-09-06 19:02:01,401004,PH Hauptbahnhof Süd,147,197,1
2026-09-06 19:02:01,401010,Parkhaus am Hofbräuhaus,319,393,1
2026-09-06 19:02:01,401055,Parkhaus Schrannenhalle,117,155,1
2026-09-06 19:02:01,401060,Königshof-Parking,73,102,1
2026-09-06 19:02:01,401062,Parkhaus am Salvatorplatz,343,389,1
2026-09-06 19:02:01,106525,Parkhaus am Hauptbahnhof,0,223,0
2026-09-06 20:02:01,106501,Parkhaus am Stachus,390,390,0
2026-09-06 20:02:01,106504,City-Parkhaus am Färbergraben,0,350,1
2026-09-06 20:02:01,106505,Parkgarage Rieger-City,205,266,0
2026-09-06 20:02:01,106506,Sonnenhof Parkgarage,21,77,0
2026-09-06 20:02:01,106507,Tiefgarage vor der Oper,190,275,1
2026-09-06 20:02:01,106508,Hertie-Parkhaus,417,504,0
2026-09-06 20:02:01,106509,Parkgarage Böhringer,138,150,1
2026-09-06 20:02:01,106513,TG Hotel Ibis City,39,0,0
2026-09-06 20:02:01,106521,Car Park Cristal,428,220,0
2026-09-06 20:02:01,106524,Parkhaus Oberanger,365,393,1
2026-09-06 20:02:01,301220,Tiefgarage Karstadt Oberpollinger,281,357,1
2026-09-06 20:02:01,301234,Pschorr-Garage,112,160,1
2026-09-06 20:02:01,301236,Marienplatz-Großgarage,161,220,0
2026-09-06 20:02:01,301264,Parkhaus Hopfenpost,190,230,0
2026-09-06 20:02:01,301270,Parkhaus Marsstr. 11,132,526,1
2026-09-06 20:02:01,301271,Tiefgarage am Hauptbahnhof,0,79,0
2026-09-06 20:02:01,301272,Tiefgarage Stachus Einkaufszentrum,161,336,1
2026-09-06 20:02:01,301277,Parkhaus Elisenhof,160,165,1
2026-09-06 20:02:01,401004,PH Hauptbahnhof Süd,139,197,1
2026-09-06 20:02:01,401010,Parkhaus am Hofbräuhaus,316,393,1
2026-09-06 20:02:01,401055,Parkhaus Schrannenhalle,125,155,1
2026-09-06 20:02:01,401060,Königshof-Parking,80,102,1
2026-09-06 20:02:01,401062,Parkhaus am Salvatorplatz,347,389,1
2026-09-06 20:02:01,106525,Parkhaus am Hauptbahnhof,0,223,0
2026-09-06 21:02:01,106501,Parkhaus am Stachus,390,390,0
2026-09-06 21:02:01,106504,City-Parkhaus am Färbergraben,0,350,1
2026-09-06 21:02:01,106505,Parkgarage Rieger-City,205,266,0
2026-09-06 21:02:01,106506,Sonnenhof Parkgarage,21,77,0
2026-09-06 21:02:01,106507,Tiefgarage vor der Oper,215,275,1
2026-09-06 21:02:01,106508,Hertie-Parkhaus,417,504,0
2026-09-06 21:02:01,106509,Parkgarage Böhringer,138,150,1
2026-09-06 21:02:01,106513,TG Hotel Ibis City,39,0,0
2026-09-06 21:02:01,106521,Car Park Cristal,428,220,0
2026-09-06 21:02:01,106524,Parkhaus Oberanger,372,393,1
2026-09-06 21:02:01,301220,Tiefgarage Karstadt Oberpollinger,289,357,1
2026-09-06 21:02:01,301234,Pschorr-Garage,118,160,1
2026-09-06 21:02:01,301236,Marienplatz-Großgarage,161,220,0
2026-09-06 21:02:01,301264,Parkhaus Hopfenpost,190,230,0
2026-09-06 21:02:01,301270,Parkhaus Marsstr. 11,108,526,1
2026-09-06 21:02:01,301271,Tiefgarage am Hauptbahnhof,0,79,0
2026-09-06 21:02:01,301272,Tiefgarage Stachus Einkaufszentrum,155,336,1
2026-09-06 21:02:01,301277,Parkhaus Elisenhof,160,165,1
2026-09-06 21:02:01,401004,PH Hauptbahnhof Süd,135,197,1
2026-09-06 21:02:01,401010,Parkhaus am Hofbräuhaus,336,393,1
2026-09-06 21:02:01,401055,Parkhaus Schrannenhalle,128,155,1
2026-09-06 21:02:01,401060,Königshof-Parking,79,102,1
2026-09-06 21:02:01,401062,Parkhaus am Salvatorplatz,351,389,1
2026-09-06 21:02:01,106525,Parkhaus am Hauptbahnhof,0,223,0
2026-09-06 22:02:01,106501,Parkhaus am Stachus,390,390,0
2026-09-06 22:02:01,106504,City-Parkhaus am Färbergraben,0,350,1
2026-09-06 22:02:01,106505,Parkgarage Rieger-City,205,266,0
2026-09-06 22:02:01,106506,Sonnenhof Parkgarage,21,77,0
2026-09-06 22:02:01,106507,Tiefgarage vor der Oper,237,275,1
2026-09-06 22:02:01,106508,Hertie-Parkhaus,417,504,0
2026-09-06 22:02:01,106509,Parkgarage Böhringer,146,150,1
2026-09-06 22:02:01,106513,TG Hotel Ibis City,39,0,0
2026-09-06 22:02:01,106521,Car Park Cristal,428,220,0
2026-09-06 22:02:01,106524,Parkhaus Oberanger,377,393,1
2026-09-06 22:02:01,301220,Tiefgarage Karstadt Oberpollinger,288,357,1
2026-09-06 22:02:01,301234,Pschorr-Garage,120,160,1
2026-09-06 22:02:01,301236,Marienplatz-Großgarage,161,220,0
2026-09-06 22:02:01,301264,Parkhaus Hopfenpost,190,230,0
2026-09-06 22:02:01,301270,Parkhaus Marsstr. 11,89,526,1
2026-09-06 22:02:01,301271,Tiefgarage am Hauptbahnhof,0,79,0
2026-09-06 22:02:01,301272,Tiefgarage Stachus Einkaufszentrum,155,336,1
2026-09-06 22:02:01,301277,Parkhaus Elisenhof,161,165,1
2026-09-06 22:02:01,401004,PH Hauptbahnhof Süd,130,197,1
2026-09-06 22:02:01,401010,Parkhaus am Hofbräuhaus,344,393,1
2026-09-06 22:02:01,401055,Parkhaus Schrannenhalle,130,155,1
2026-09-06 22:02:01,401060,Königshof-Parking,81,102,1
2026-09-06 22:02:01,401062,Parkhaus am Salvatorplatz,354,389,1
2026-09-06 22:02:01,106525,Parkhaus am Hauptbahnhof,0,223,0
2026-09-06 23:02:03,106501,Parkhaus am Stachus,390,390,0
2026-09-06 23:02:03,106504,City-Parkhaus am Färbergraben,0,350,1
2026-09-06 23:02:03,106505,Parkgarage Rieger-City,205,266,0
2026-09-06 23:02:03,106506,Sonnenhof Parkgarage,21,77,0
2026-09-06 23:02:03,106507,Tiefgarage vor der Oper,246,275,1
2026-09-06 23:02:03,106508,Hertie-Parkhaus,417,504,0
2026-09-06 23:02:03,106509,Parkgarage Böhringer,150,150,1
2026-09-06 23:02:03,106513,TG Hotel Ibis City,39,0,0
2026-09-06 23:02:03,106521,Car Park Cristal,428,220,0
2026-09-06 23:02:03,106524,Parkhaus Oberanger,379,393,1
2026-09-06 23:02:03,301220,Tiefgarage Karstadt Oberpollinger,288,357,1
2026-09-06 23:02:03,301234,Pschorr-Garage,120,160,1
2026-09-06 23:02:03,301236,Marienplatz-Großgarage,161,220,0
2026-09-06 23:02:03,301264,Parkhaus Hopfenpost,190,230,0
2026-09-06 23:02:03,301270,Parkhaus Marsstr. 11,91,526,1
2026-09-06 23:02:03,301271,Tiefgarage am Hauptbahnhof,0,79,0
2026-09-06 23:02:03,301272,Tiefgarage Stachus Einkaufszentrum,150,336,1
2026-09-06 23:02:03,301277,Parkhaus Elisenhof,165,165,1
2026-09-06 23:02:03,401004,PH Hauptbahnhof Süd,125,197,1
2026-09-06 23:02:03,401010,Parkhaus am Hofbräuhaus,353,393,1
2026-09-06 23:02:03,401055,Parkhaus Schrannenhalle,122,147,1
2026-09-06 23:02:03,401060,Königshof-Parking,83,102,1
2026-09-06 23:02:03,401062,Parkhaus am Salvatorplatz,355,389,1
2026-09-06 23:02:03,106525,Parkhaus am Hauptbahnhof,0,223,0
2026-09-07 00:02:02,106501,Parkhaus am Stachus,390,390,0
2026-09-07 00:02:02,106504,City-Parkhaus am Färbergraben,0,350,1
2026-09-07 00:02:02,106505,Parkgarage Rieger-City,205,266,0
2026-09-07 00:02:02,106506,Sonnenhof Parkgarage,21,77,0
2026-09-07 00:02:02,106507,Tiefgarage vor der Oper,247,275,1
2026-09-07 00:02:02,106508,Hertie-Parkhaus,417,504,0
2026-09-07 00:02:02,106509,Parkgarage Böhringer,150,150,1
2026-09-07 00:02:02,106513,TG Hotel Ibis City,39,0,0
2026-09-07 00:02:02,106521,Car Park Cristal,428,220,0
2026-09-07 00:02:02,106524,Parkhaus Oberanger,380,393,1
2026-09-07 00:02:02,301220,Tiefgarage Karstadt Oberpollinger,290,357,1
2026-09-07 00:02:02,301234,Pschorr-Garage,120,160,1
2026-09-07 00:02:02,301236,Marienplatz-Großgarage,161,220,0
2026-09-07 00:02:02,301264,Parkhaus Hopfenpost,190,230,0
2026-09-07 00:02:02,301270,Parkhaus Marsstr. 11,91,526,1
2026-09-07 00:02:02,301271,Tiefgarage am Hauptbahnhof,0,79,0
2026-09-07 00:02:02,301272,Tiefgarage Stachus Einkaufszentrum,153,336,1
2026-09-07 00:02:02,301277,Parkhaus Elisenhof,164,165,1
2026-09-07 00:02:02,401004,PH Hauptbahnhof Süd,124,197,1
2026-09-07 00:02:02,401010,Parkhaus am Hofbräuhaus,336,373,1
2026-09-07 00:02:02,401055,Parkhaus Schrannenhalle,123,147,1
2026-09-07 00:02:02,401060,Königshof-Parking,84,102,1
2026-09-07 00:02:02,401062,Parkhaus am Salvatorplatz,357,389,1
2026-09-07 00:02:02,106525,Parkhaus am Hauptbahnhof,0,223,0
2026-09-07 01:02:01,106501,Parkhaus am Stachus,390,390,0
2026-09-07 01:02:01,106504,City-Parkhaus am Färbergraben,0,350,1
2026-09-07 01:02:01,106505,Parkgarage Rieger-City,205,266,0
2026-09-07 01:02:01,106506,Sonnenhof Parkgarage,21,77,0
2026-09-07 01:02:01,106507,Tiefgarage vor der Oper,246,275,1
2026-09-07 01:02:01,106508,Hertie-Parkhaus,417,504,0
2026-09-07 01:02:01,106509,Parkgarage Böhringer,150,150,1
2026-09-07 01:02:01,106513,TG Hotel Ibis City,39,0,0
2026-09-07 01:02:01,106521,Car Park Cristal,428,220,0
2026-09-07 01:02:01,106524,Parkhaus Oberanger,381,393,1
2026-09-07 01:02:01,301220,Tiefgarage Karstadt Oberpollinger,291,357,1
2026-09-07 01:02:01,301234,Pschorr-Garage,119,160,1
2026-09-07 01:02:01,301236,Marienplatz-Großgarage,161,220,0
2026-09-07 01:02:01,301264,Parkhaus Hopfenpost,190,230,0
2026-09-07 01:02:01,301270,Parkhaus Marsstr. 11,92,526,1
2026-09-07 01:02:01,301271,Tiefgarage am Hauptbahnhof,0,79,0
2026-09-07 01:02:01,301272,Tiefgarage Stachus Einkaufszentrum,152,336,1
2026-09-07 01:02:01,301277,Parkhaus Elisenhof,163,165,1
2026-09-07 01:02:01,401004,PH Hauptbahnhof Süd,122,197,1
2026-09-07 01:02:01,401010,Parkhaus am Hofbräuhaus,338,373,1
2026-09-07 01:02:01,401055,Parkhaus Schrannenhalle,123,147,1
2026-09-07 01:02:01,401060,Königshof-Parking,90,102,1
2026-09-07 01:02:01,401062,Parkhaus am Salvatorplatz,357,389,1
2026-09-07 01:02:01,106525,Parkhaus am Hauptbahnhof,0,223,0
2026-09-07 02:02:01,106501,Parkhaus am Stachus,390,390,0
2026-09-07 02:02:01,106504,City-Parkhaus am Färbergraben,0,350,1
2026-09-07 02:02:01,106505,Parkgarage Rieger-City,205,266,0
2026-09-07 02:02:01,106506,Sonnenhof Parkgarage,21,77,0
2026-09-07 02:02:01,106507,Tiefgarage vor der Oper,248,275,1
2026-09-07 02:02:01,106508,Hertie-Parkhaus,417,504,0
2026-09-07 02:02:01,106509,Parkgarage Böhringer,150,150,1
2026-09-07 02:02:01,106513,TG Hotel Ibis City,39,0,0
2026-09-07 02:02:01,106521,Car Park Cristal,428,220,0
2026-09-07 02:02:01,106524,Parkhaus Oberanger,381,393,1
2026-09-07 02:02:01,301220,Tiefgarage Karstadt Oberpollinger,291,357,1
2026-09-07 02:02:01,301234,Pschorr-Garage,120,160,1
2026-09-07 02:02:01,301236,Marienplatz-Großgarage,161,220,0
2026-09-07 02:02:01,301264,Parkhaus Hopfenpost,190,230,0
2026-09-07 02:02:01,301270,Parkhaus Marsstr. 11,94,526,1
2026-09-07 02:02:01,301271,Tiefgarage am Hauptbahnhof,0,79,0
2026-09-07 02:02:01,301272,Tiefgarage Stachus Einkaufszentrum,152,336,1
2026-09-07 02:02:01,301277,Parkhaus Elisenhof,163,165,1
2026-09-07 02:02:01,401004,PH Hauptbahnhof Süd,123,197,1
2026-09-07 02:02:01,401010,Parkhaus am Hofbräuhaus,338,373,1
2026-09-07 02:02:01,401055,Parkhaus Schrannenhalle,123,147,1
2026-09-07 02:02:01,401060,Königshof-Parking,90,102,1
2026-09-07 02:02:01,401062,Parkhaus am Salvatorplatz,357,389,1
2026-09-07 02:02:01,106525,Parkhaus am Hauptbahnhof,0,223,0
2026-09-07 03:02:02,106501,Parkhaus am Stachus,390,390,0
2026-09-07 03:02:02,106504,City-Parkhaus am Färbergraben,0,350,1
2026-09-07 03:02:02,106505,Parkgarage Rieger-City,205,266,0
2026-09-07 03:02:02,106506,Sonnenhof Parkgarage,21,77,0
2026-09-07 03:02:02,106507,Tiefgarage vor der Oper,248,275,1
2026-09-07 03:02:02,106508,Hertie-Parkhaus,417,504,0
2026-09-07 03:02:02,106509,Parkgarage Böhringer,150,150,1
2026-09-07 03:02:02,106513,TG Hotel Ibis City,39,0,0
2026-09-07 03:02:02,106521,Car Park Cristal,428,220,0
2026-09-07 03:02:02,106524,Parkhaus Oberanger,381,393,1
2026-09-07 03:02:02,301220,Tiefgarage Karstadt Oberpollinger,291,357,1
2026-09-07 03:02:02,301234,Pschorr-Garage,120,160,1
2026-09-07 03:02:02,301236,Marienplatz-Großgarage,161,220,0
2026-09-07 03:02:02,301264,Parkhaus Hopfenpost,190,230,0
2026-09-07 03:02:02,301270,Parkhaus Marsstr. 11,94,526,1
2026-09-07 03:02:02,301271,Tiefgarage am Hauptbahnhof,0,79,0
2026-09-07 03:02:02,301272,Tiefgarage Stachus Einkaufszentrum,152,336,1
2026-09-07 03:02:02,301277,Parkhaus Elisenhof,163,165,1
2026-09-07 03:02:02,401004,PH Hauptbahnhof Süd,123,197,1
2026-09-07 03:02:02,401010,Parkhaus am Hofbräuhaus,338,373,1
2026-09-07 03:02:02,401055,Parkhaus Schrannenhalle,123,147,1
2026-09-07 03:02:02,401060,Königshof-Parking,90,102,1
2026-09-07 03:02:02,401062,Parkhaus am Salvatorplatz,357,389,1
2026-09-07 03:02:02,106525,Parkhaus am Hauptbahnhof,0,223,0
2026-09-07 04:02:01,106501,Parkhaus am Stachus,390,390,0
2026-09-07 04:02:01,106504,City-Parkhaus am Färbergraben,0,350,1
2026-09-07 04:02:01,106505,Parkgarage Rieger-City,205,266,0
2026-09-07 04:02:01,106506,Sonnenhof Parkgarage,21,77,0
2026-09-07 04:02:01,106507,Tiefgarage vor der Oper,248,275,1
2026-09-07 04:02:01,106508,Hertie-Parkhaus,417,504,0
2026-09-07 04:02:01,106509,Parkgarage Böhringer,150,150,1
2026-09-07 04:02:01,106513,TG Hotel Ibis City,39,0,0
2026-09-07 04:02:01,106521,Car Park Cristal,428,220,0
2026-09-07 04:02:01,106524,Parkhaus Oberanger,381,393,1
2026-09-07 04:02:01,301220,Tiefgarage Karstadt Oberpollinger,291,357,1
2026-09-07 04:02:01,301234,Pschorr-Garage,120,160,1
2026-09-07 04:02:01,301236,Marienplatz-Großgarage,161,220,0
2026-09-07 04:02:01,301264,Parkhaus Hopfenpost,190,230,0
2026-09-07 04:02:01,301270,Parkhaus Marsstr. 11,95,526,1
2026-09-07 04:02:01,301271,Tiefgarage am Hauptbahnhof,0,79,0
2026-09-07 04:02:01,301272,Tiefgarage Stachus Einkaufszentrum,152,336,1
2026-09-07 04:02:01,301277,Parkhaus Elisenhof,163,165,1
2026-09-07 04:02:01,401004,PH Hauptbahnhof Süd,123,197,1
2026-09-07 04:02:01,401010,Parkhaus am Hofbräuhaus,338,373,1
2026-09-07 04:02:01,401055,Parkhaus Schrannenhalle,123,147,1
2026-09-07 04:02:01,401060,Königshof-Parking,90,102,1
2026-09-07 04:02:01,401062,Parkhaus am Salvatorplatz,356,389,1
2026-09-07 04:02:01,106525,Parkhaus am Hauptbahnhof,0,223,0
2026-09-07 05:02:01,106501,Parkhaus am Stachus,390,390,0
2026-09-07 05:02:01,106504,City-Parkhaus am Färbergraben,0,350,1
2026-09-07 05:02:01,106505,Parkgarage Rieger-City,205,266,0
2026-09-07 05:02:01,106506,Sonnenhof Parkgarage,21,77,0
2026-09-07 05:02:01,106507,Tiefgarage vor der Oper,248,275,1
2026-09-07 05:02:01,106508,Hertie-Parkhaus,417,504,0
2026-09-07 05:02:01,106509,Parkgarage Böhringer,150,150,1
2026-09-07 05:02:01,106513,TG Hotel Ibis City,39,0,0
2026-09-07 05:02:01,106521,Car Park Cristal,428,220,0
2026-09-07 05:02:01,106524,Parkhaus Oberanger,381,393,1
2026-09-07 05:02:01,301220,Tiefgarage Karstadt Oberpollinger,291,357,1
2026-09-07 05:02:01,301234,Pschorr-Garage,120,160,1
2026-09-07 05:02:01,301236,Marienplatz-Großgarage,161,220,0
2026-09-07 05:02:01,301264,Parkhaus Hopfenpost,190,230,0
2026-09-07 05:02:01,301270,Parkhaus Marsstr. 11,92,526,1
2026-09-07 05:02:01,301271,Tiefgarage am Hauptbahnhof,0,79,0
2026-09-07 05:02:01,301272,Tiefgarage Stachus Einkaufszentrum,152,336,1
2026-09-07 05:02:01,301277,Parkhaus Elisenhof,161,165,1
2026-09-07 05:02:01,401004,PH Hauptbahnhof Süd,122,197,1
2026-09-07 05:02:01,401010,Parkhaus am Hofbräuhaus,338,373,1
2026-09-07 05:02:01,401055,Parkhaus Schrannenhalle,123,147,1
2026-09-07 05:02:01,401060,Königshof-Parking,90,102,1
2026-09-07 05:02:01,401062,Parkhaus am Salvatorplatz,356,389,1
2026-09-07 05:02:01,106525,Parkhaus am Hauptbahnhof,0,223,0
2026-09-07 06:02:02,106501,Parkhaus am Stachus,390,390,0
2026-09-07 06:02:02,106504,City-Parkhaus am Färbergraben,0,350,1
2026-09-07 06:02:02,106505,Parkgarage Rieger-City,205,266,0
2026-09-07 06:02:02,106506,Sonnenhof Parkgarage,21,77,0
2026-09-07 06:02:02,106507,Tiefgarage vor der Oper,248,275,1
2026-09-07 06:02:02,106508,Hertie-Parkhaus,417,504,0
2026-09-07 06:02:02,106509,Parkgarage Böhringer,150,150,1
2026-09-07 06:02:02,106513,TG Hotel Ibis City,39,0,0
2026-09-07 06:02:02,106521,Car Park Cristal,428,220,0
2026-09-07 06:02:02,106524,Parkhaus Oberanger,379,393,1
2026-09-07 06:02:02,301220,Tiefgarage Karstadt Oberpollinger,291,357,1
2026-09-07 06:02:02,301234,Pschorr-Garage,120,160,1
2026-09-07 06:02:02,301236,Marienplatz-Großgarage,161,220,0
2026-09-07 06:02:02,301264,Parkhaus Hopfenpost,190,230,0
2026-09-07 06:02:02,301270,Parkhaus Marsstr. 11,87,526,1
2026-09-07 06:02:02,301271,Tiefgarage am Hauptbahnhof,0,79,0
2026-09-07 06:02:02,301272,Tiefgarage Stachus Einkaufszentrum,152,336,1
2026-09-07 06:02:02,301277,Parkhaus Elisenhof,159,165,1
2026-09-07 06:02:02,401004,PH Hauptbahnhof Süd,123,197,1
2026-09-07 06:02:02,401010,Parkhaus am Hofbräuhaus,336,373,1
2026-09-07 06:02:02,401055,Parkhaus Schrannenhalle,123,147,1
2026-09-07 06:02:02,401060,Königshof-Parking,90,102,1
2026-09-07 06:02:02,401062,Parkhaus am Salvatorplatz,356,389,1
2026-09-07 06:02:02,106525,Parkhaus am Hauptbahnhof,0,223,0
2026-09-07 07:02:01,106501,Parkhaus am Stachus,390,390,0
2026-09-07 07:02:01,106504,City-Parkhaus am Färbergraben,339,350,1
2026-09-07 07:02:01,106505,Parkgarage Rieger-City,205,266,0
2026-09-07 07:02:01,106506,Sonnenhof Parkgarage,21,77,0
2026-09-07 07:02:01,106507,Tiefgarage vor der Oper,241,275,1
2026-09-07 07:02:01,106508,Hertie-Parkhaus,417,504,0
2026-09-07 07:02:01,106509,Parkgarage Böhringer,145,150,1
2026-09-07 07:02:01,106513,TG Hotel Ibis City,39,0,0
2026-09-07 07:02:01,106521,Car Park Cristal,428,220,0
2026-09-07 07:02:01,106524,Parkhaus Oberanger,375,393,1
2026-09-07 07:02:01,301220,Tiefgarage Karstadt Oberpollinger,289,357,1
2026-09-07 07:02:01,301234,Pschorr-Garage,125,160,1
2026-09-07 07:02:01,301236,Marienplatz-Großgarage,161,220,0
2026-09-07 07:02:01,301264,Parkhaus Hopfenpost,190,230,0
2026-09-07 07:02:01,301270,Parkhaus Marsstr. 11,77,526,1
2026-09-07 07:02:01,301271,Tiefgarage am Hauptbahnhof,0,79,0
2026-09-07 07:02:01,301272,Tiefgarage Stachus Einkaufszentrum,156,336,1
2026-09-07 07:02:01,301277,Parkhaus Elisenhof,159,165,1
2026-09-07 07:02:01,401004,PH Hauptbahnhof Süd,125,197,1
2026-09-07 07:02:01,401010,Parkhaus am Hofbräuhaus,333,373,1
2026-09-07 07:02:01,401055,Parkhaus Schrannenhalle,126,147,1
2026-09-07 07:02:01,401060,Königshof-Parking,91,102,1
2026-09-07 07:02:01,401062,Parkhaus am Salvatorplatz,356,389,1
2026-09-07 07:02:01,106525,Parkhaus am Hauptbahnhof,0,223,0
2026-09-07 08:02:01,106501,Parkhaus am Stachus,390,390,0
2026-09-07 08:02:01,106504,City-Parkhaus am Färbergraben,325,350,1
2026-09-07 08:02:01,106505,Parkgarage Rieger-City,205,266,0
2026-09-07 08:02:01,106506,Sonnenhof Parkgarage,21,77,0
2026-09-07 08:02:01,106507,Tiefgarage vor der Oper,251,275,1
2026-09-07 08:02:01,106508,Hertie-Parkhaus,417,504,0
2026-09-07 08:02:01,106509,Parkgarage Böhringer,141,150,1
2026-09-07 08:02:01,106513,TG Hotel Ibis City,39,0,0
2026-09-07 08:02:01,106521,Car Park Cristal,428,220,0
2026-09-07 08:02:01,106524,Parkhaus Oberanger,351,393,1
2026-09-07 08:02:01,301220,Tiefgarage Karstadt Oberpollinger,287,357,1
2026-09-07 08:02:01,301234,Pschorr-Garage,139,160,1
2026-09-07 08:02:01,301236,Marienplatz-Großgarage,161,220,0
2026-09-07 08:02:01,301264,Parkhaus Hopfenpost,190,230,0
2026-09-07 08:02:01,301270,Parkhaus Marsstr. 11,153,526,1
2026-09-07 08:02:01,301271,Tiefgarage am Hauptbahnhof,0,79,0
2026-09-07 08:02:01,301272,Tiefgarage Stachus Einkaufszentrum,160,336,1
2026-09-07 08:02:01,301277,Parkhaus Elisenhof,158,165,1
2026-09-07 08:02:01,401004,PH Hauptbahnhof Süd,128,197,1
2026-09-07 08:02:01,401010,Parkhaus am Hofbräuhaus,353,403,1
2026-09-07 08:02:01,401055,Parkhaus Schrannenhalle,122,147,1
2026-09-07 08:02:01,401060,Königshof-Parking,90,102,1
2026-09-07 08:02:01,401062,Parkhaus am Salvatorplatz,313,349,1
2026-09-07 08:02:01,106525,Parkhaus am Hauptbahnhof,0,223,0
2026-09-07 09:02:01,106501,Parkhaus am Stachus,390,390,0
2026-09-07 09:02:01,106504,City-Parkhaus am Färbergraben,303,350,1
2026-09-07 09:02:01,106505,Parkgarage Rieger-City,205,266,0
2026-09-07 09:02:01,106506,Sonnenhof Parkgarage,21,77,0
2026-09-07 09:02:01,106507,Tiefgarage vor der Oper,212,275,1
2026-09-07 09:02:01,106508,Hertie-Parkhaus,417,504,0
2026-09-07 09:02:01,106509,Parkgarage Böhringer,138,150,1
2026-09-07 09:02:01,106513,TG Hotel Ibis City,39,0,0
2026-09-07 09:02:01,106521,Car Park Cristal,428,220,0
2026-09-07 09:02:01,106524,Parkhaus Oberanger,328,393,1
2026-09-07 09:02:01,301220,Tiefgarage Karstadt Oberpollinger,274,357,1
2026-09-07 09:02:01,301234,Pschorr-Garage,123,160,1
2026-09-07 09:02:01,301236,Marienplatz-Großgarage,161,220,0
2026-09-07 09:02:01,301264,Parkhaus Hopfenpost,190,230,0
2026-09-07 09:02:01,301270,Parkhaus Marsstr. 11,162,526,1
2026-09-07 09:02:01,301271,Tiefgarage am Hauptbahnhof,0,79,0
2026-09-07 09:02:01,301272,Tiefgarage Stachus Einkaufszentrum,153,336,1
2026-09-07 09:02:01,301277,Parkhaus Elisenhof,147,165,1
2026-09-07 09:02:01,401004,PH Hauptbahnhof Süd,130,197,1
2026-09-07 09:02:01,401010,Parkhaus am Hofbräuhaus,314,403,1
2026-09-07 09:02:01,401055,Parkhaus Schrannenhalle,116,147,1
2026-09-07 09:02:01,401060,Königshof-Parking,79,102,1
2026-09-07 09:02:01,401062,Parkhaus am Salvatorplatz,293,349,1
2026-09-07 09:02:01,106525,Parkhaus am Hauptbahnhof,0,223,0
2026-09-07 10:02:01,106501,Parkhaus am Stachus,390,390,0
2026-09-07 10:02:01,106504,City-Parkhaus am Färbergraben,261,350,1
2026-09-07 10:02:01,106505,Parkgarage Rieger-City,205,266,0
2026-09-07 10:02:01,106506,Sonnenhof Parkgarage,21,77,0
2026-09-07 10:02:01,106507,Tiefgarage vor der Oper,155,275,1
2026-09-07 10:02:01,106508,Hertie-Parkhaus,417,504,0
2026-09-07 10:02:01,106509,Parkgarage Böhringer,118,150,1
2026-09-07 10:02:01,106513,TG Hotel Ibis City,39,0,0
2026-09-07 10:02:01,106521,Car Park Cristal,428,220,0
2026-09-07 10:02:01,106524,Parkhaus Oberanger,277,393,1
2026-09-07 10:02:01,301220,Tiefgarage Karstadt Oberpollinger,250,357,1
2026-09-07 10:02:01,301234,Pschorr-Garage,104,160,1
2026-09-07 10:02:01,301236,Marienplatz-Großgarage,161,220,0
2026-09-07 10:02:01,301264,Parkhaus Hopfenpost,190,230,0
2026-09-07 10:02:01,301270,Parkhaus Marsstr. 11,173,526,1
2026-09-07 10:02:01,301271,Tiefgarage am Hauptbahnhof,0,79,0
2026-09-07 10:02:01,301272,Tiefgarage Stachus Einkaufszentrum,146,336,1
2026-09-07 10:02:01,301277,Parkhaus Elisenhof,125,165,1
2026-09-07 10:02:01,401004,PH Hauptbahnhof Süd,131,197,1
2026-09-07 10:02:01,401010,Parkhaus am Hofbräuhaus,264,403,1
2026-09-07 10:02:01,401055,Parkhaus Schrannenhalle,82,147,1
2026-09-07 10:02:01,401060,Königshof-Parking,75,102,1
2026-09-07 10:02:01,401062,Parkhaus am Salvatorplatz,237,329,1
2026-09-07 10:02:01,106525,Parkhaus am Hauptbahnhof,0,223,0
2026-09-07 11:02:01,106501,Parkhaus am Stachus,390,390,0
2026-09-07 11:02:01,106504,City-Parkhaus am Färbergraben,219,350,1
2026-09-07 11:02:01,106505,Parkgarage Rieger-City,205,266,0
2026-09-07 11:02:01,106506,Sonnenhof Parkgarage,21,77,0
2026-09-07 11:02:01,106507,Tiefgarage vor der Oper,87,275,1
2026-09-07 11:02:01,106508,Hertie-Parkhaus,417,504,0
2026-09-07 11:02:01,106509,Parkgarage Böhringer,106,150,1
2026-09-07 11:02:01,106513,TG Hotel Ibis City,39,0,0
2026-09-07 11:02:01,106521,Car Park Cristal,428,220,0
2026-09-07 11:02:01,106524,Parkhaus Oberanger,248,393,1
2026-09-07 11:02:01,301220,Tiefgarage Karstadt Oberpollinger,203,357,1
2026-09-07 11:02:01,301234,Pschorr-Garage,65,160,1
2026-09-07 11:02:01,301236,Marienplatz-Großgarage,161,220,0
2026-09-07 11:02:01,301264,Parkhaus Hopfenpost,190,230,0
2026-09-07 11:02:01,301270,Parkhaus Marsstr. 11,183,526,1
2026-09-07 11:02:01,301271,Tiefgarage am Hauptbahnhof,0,79,0
2026-09-07 11:02:01,301272,Tiefgarage Stachus Einkaufszentrum,134,336,1
2026-09-07 11:02:01,301277,Parkhaus Elisenhof,113,165,1
2026-09-07 11:02:01,401004,PH Hauptbahnhof Süd,131,197,1
2026-09-07 11:02:01,401010,Parkhaus am Hofbräuhaus,218,403,1
2026-09-07 11:02:01,401055,Parkhaus Schrannenhalle,47,147,1
2026-09-07 11:02:01,401060,Königshof-Parking,67,102,1
2026-09-07 11:02:01,401062,Parkhaus am Salvatorplatz,200,324,1
2026-09-07 11:02:01,106525,Parkhaus am Hauptbahnhof,0,223,0
2026-09-07 12:02:02,106501,Parkhaus am Stachus,390,390,0
2026-09-07 12:02:02,106504,City-Parkhaus am Färbergraben,192,350,1
2026-09-07 12:02:02,106505,Parkgarage Rieger-City,205,266,0
2026-09-07 12:02:02,106506,Sonnenhof Parkgarage,21,77,0
2026-09-07 12:02:02,106507,Tiefgarage vor der Oper,56,275,1
2026-09-07 12:02:02,106508,Hertie-Parkhaus,417,504,0
2026-09-07 12:02:02,106509,Parkgarage Böhringer,86,150,1
2026-09-07 12:02:02,106513,TG Hotel Ibis City,39,0,0
2026-09-07 12:02:02,106521,Car Park Cristal,428,220,0
2026-09-07 12:02:02,106524,Parkhaus Oberanger,217,393,1
2026-09-07 12:02:02,301220,Tiefgarage Karstadt Oberpollinger,160,357,1
2026-09-07 12:02:02,301234,Pschorr-Garage,42,165,1
2026-09-07 12:02:02,301236,Marienplatz-Großgarage,161,220,0
2026-09-07 12:02:02,301264,Parkhaus Hopfenpost,190,230,0
2026-09-07 12:02:02,301270,Parkhaus Marsstr. 11,192,526,1
2026-09-07 12:02:02,301271,Tiefgarage am Hauptbahnhof,0,79,0
2026-09-07 12:02:02,301272,Tiefgarage Stachus Einkaufszentrum,133,336,1
2026-09-07 12:02:02,301277,Parkhaus Elisenhof,116,165,1
2026-09-07 12:02:02,401004,PH Hauptbahnhof Süd,128,197,1
2026-09-07 12:02:02,401010,Parkhaus am Hofbräuhaus,175,403,1
2026-09-07 12:02:02,401055,Parkhaus Schrannenhalle,5,147,1
2026-09-07 12:02:02,401060,Königshof-Parking,67,102,1
2026-09-07 12:02:02,401062,Parkhaus am Salvatorplatz,173,324,1
2026-09-07 12:02:02,106525,Parkhaus am Hauptbahnhof,0,223,0
2026-09-07 13:02:01,106501,Parkhaus am Stachus,390,390,0
2026-09-07 13:02:01,106504,City-Parkhaus am Färbergraben,172,350,1
2026-09-07 13:02:01,106505,Parkgarage Rieger-City,205,266,0
2026-09-07 13:02:01,106506,Sonnenhof Parkgarage,21,77,0
2026-09-07 13:02:01,106507,Tiefgarage vor der Oper,28,275,1
2026-09-07 13:02:01,106508,Hertie-Parkhaus,417,504,0
2026-09-07 13:02:01,106509,Parkgarage Böhringer,77,150,1
2026-09-07 13:02:01,106513,TG Hotel Ibis City,39,0,0
2026-09-07 13:02:01,106521,Car Park Cristal,428,220,0
2026-09-07 13:02:01,106524,Parkhaus Oberanger,192,393,1
2026-09-07 13:02:01,301220,Tiefgarage Karstadt Oberpollinger,139,357,1
2026-09-07 13:02:01,301234,Pschorr-Garage,29,165,1
2026-09-07 13:02:01,301236,Marienplatz-Großgarage,161,220,0
2026-09-07 13:02:01,301264,Parkhaus Hopfenpost,190,230,0
2026-09-07 13:02:01,301270,Parkhaus Marsstr. 11,190,526,1
2026-09-07 13:02:01,301271,Tiefgarage am Hauptbahnhof,0,79,0
2026-09-07 13:02:01,301272,Tiefgarage Stachus Einkaufszentrum,138,336,1
2026-09-07 13:02:01,301277,Parkhaus Elisenhof,115,165,1
2026-09-07 13:02:01,401004,PH Hauptbahnhof Süd,120,197,1
2026-09-07 13:02:01,401010,Parkhaus am Hofbräuhaus,88,403,1
2026-09-07 13:02:01,401055,Parkhaus Schrannenhalle,0,147,1
2026-09-07 13:02:01,401060,Königshof-Parking,71,102,1
2026-09-07 13:02:01,401062,Parkhaus am Salvatorplatz,173,324,1
2026-09-07 13:02:01,106525,Parkhaus am Hauptbahnhof,0,223,0
2026-09-07 14:02:01,106501,Parkhaus am Stachus,390,390,0
2026-09-07 14:02:01,106504,City-Parkhaus am Färbergraben,166,350,1
2026-09-07 14:02:01,106505,Parkgarage Rieger-City,205,266,0
2026-09-07 14:02:01,106506,Sonnenhof Parkgarage,21,77,0
2026-09-07 14:02:01,106507,Tiefgarage vor der Oper,33,275,1
2026-09-07 14:02:01,106508,Hertie-Parkhaus,417,504,0
2026-09-07 14:02:01,106509,Parkgarage Böhringer,77,150,1
2026-09-07 14:02:01,106513,TG Hotel Ibis City,39,0,0
2026-09-07 14:02:01,106521,Car Park Cristal,428,220,0
2026-09-07 14:02:01,106524,Parkhaus Oberanger,179,393,1
2026-09-07 14:02:01,301220,Tiefgarage Karstadt Oberpollinger,138,357,1
2026-09-07 14:02:01,301234,Pschorr-Garage,25,160,1
2026-09-07 14:02:01,301236,Marienplatz-Großgarage,161,220,0
2026-09-07 14:02:01,301264,Parkhaus Hopfenpost,190,230,0
2026-09-07 14:02:01,301270,Parkhaus Marsstr. 11,192,526,1
2026-09-07 14:02:01,301271,Tiefgarage am Hauptbahnhof,0,79,0
2026-09-07 14:02:01,301272,Tiefgarage Stachus Einkaufszentrum,132,336,1
2026-09-07 14:02:01,301277,Parkhaus Elisenhof,111,165,1
2026-09-07 14:02:01,401004,PH Hauptbahnhof Süd,129,197,1
2026-09-07 14:02:01,401010,Parkhaus am Hofbräuhaus,69,403,1
2026-09-07 14:02:01,401055,Parkhaus Schrannenhalle,11,147,1
2026-09-07 14:02:01,401060,Königshof-Parking,71,102,1
2026-09-07 14:02:01,401062,Parkhaus am Salvatorplatz,163,324,1
2026-09-07 14:02:01,106525,Parkhaus am Hauptbahnhof,0,223,0
2026-09-07 15:02:01,106501,Parkhaus am Stachus,390,390,0
2026-09-07 15:02:01,106504,City-Parkhaus am Färbergraben,174,350,1
2026-09-07 15:02:01,106505,Parkgarage Rieger-City,205,266,0
2026-09-07 15:02:01,106506,Sonnenhof Parkgarage,21,77,0
2026-09-07 15:02:01,106507,Tiefgarage vor der Oper,46,275,1
2026-09-07 15:02:01,106508,Hertie-Parkhaus,417,504,0
2026-09-07 15:02:01,106509,Parkgarage Böhringer,88,150,1
2026-09-07 15:02:01,106513,TG Hotel Ibis City,39,0,0
2026-09-07 15:02:01,106521,Car Park Cristal,428,220,0
2026-09-07 15:02:01,106524,Parkhaus Oberanger,184,393,1
2026-09-07 15:02:01,301220,Tiefgarage Karstadt Oberpollinger,124,357,1
2026-09-07 15:02:01,301234,Pschorr-Garage,18,160,1
2026-09-07 15:02:01,301236,Marienplatz-Großgarage,161,220,0
2026-09-07 15:02:01,301264,Parkhaus Hopfenpost,190,230,0
2026-09-07 15:02:01,301270,Parkhaus Marsstr. 11,192,526,1
2026-09-07 15:02:01,301271,Tiefgarage am Hauptbahnhof,0,79,0
2026-09-07 15:02:01,301272,Tiefgarage Stachus Einkaufszentrum,127,336,1
2026-09-07 15:02:01,301277,Parkhaus Elisenhof,112,165,1
2026-09-07 15:02:01,401004,PH Hauptbahnhof Süd,121,197,1
2026-09-07 15:02:01,401010,Parkhaus am Hofbräuhaus,75,403,1
2026-09-07 15:02:01,401055,Parkhaus Schrannenhalle,14,147,1
2026-09-07 15:02:01,401060,Königshof-Parking,74,102,1
2026-09-07 15:02:01,401062,Parkhaus am Salvatorplatz,154,324,1
2026-09-07 15:02:01,106525,Parkhaus am Hauptbahnhof,0,223,0
2026-09-07 16:02:02,106501,Parkhaus am Stachus,390,390,0
2026-09-07 16:02:02,106504,City-Parkhaus am Färbergraben,198,350,1
2026-09-07 16:02:02,106505,Parkgarage Rieger-City,205,266,0
2026-09-07 16:02:02,106506,Sonnenhof Parkgarage,21,77,0
2026-09-07 16:02:02,106507,Tiefgarage vor der Oper,47,275,1
2026-09-07 16:02:02,106508,Hertie-Parkhaus,417,504,0
2026-09-07 16:02:02,106509,Parkgarage Böhringer,96,150,1
2026-09-07 16:02:02,106513,TG Hotel Ibis City,39,0,0
2026-09-07 16:02:02,106521,Car Park Cristal,428,220,0
2026-09-07 16:02:02,106524,Parkhaus Oberanger,233,393,1
2026-09-07 16:02:02,301220,Tiefgarage Karstadt Oberpollinger,127,357,1
2026-09-07 16:02:02,301234,Pschorr-Garage,25,160,1
2026-09-07 16:02:02,301236,Marienplatz-Großgarage,161,220,0
2026-09-07 16:02:02,301264,Parkhaus Hopfenpost,190,230,0
2026-09-07 16:02:02,301270,Parkhaus Marsstr. 11,207,526,1
2026-09-07 16:02:02,301271,Tiefgarage am Hauptbahnhof,0,79,0
2026-09-07 16:02:02,301272,Tiefgarage Stachus Einkaufszentrum,135,336,1
2026-09-07 16:02:02,301277,Parkhaus Elisenhof,127,165,1
2026-09-07 16:02:02,401004,PH Hauptbahnhof Süd,121,197,1
2026-09-07 16:02:02,401010,Parkhaus am Hofbräuhaus,121,403,1
2026-09-07 16:02:02,401055,Parkhaus Schrannenhalle,35,147,1
2026-09-07 16:02:02,401060,Königshof-Parking,79,102,1
2026-09-07 16:02:02,401062,Parkhaus am Salvatorplatz,176,324,1
2026-09-07 16:02:02,106525,Parkhaus am Hauptbahnhof,0,223,0
2026-09-07 17:02:01,106501,Parkhaus am Stachus,390,390,0
2026-09-07 17:02:01,106504,City-Parkhaus am Färbergraben,226,350,1
2026-09-07 17:02:01,106505,Parkgarage Rieger-City,205,266,0
2026-09-07 17:02:01,106506,Sonnenhof Parkgarage,21,77,0
2026-09-07 17:02:01,106507,Tiefgarage vor der Oper,70,275,1
2026-09-07 17:02:01,106508,Hertie-Parkhaus,417,504,0
2026-09-07 17:02:01,106509,Parkgarage Böhringer,104,150,1
2026-09-07 17:02:01,106513,TG Hotel Ibis City,39,0,0
2026-09-07 17:02:01,106521,Car Park Cristal,428,220,0
2026-09-07 17:02:01,106524,Parkhaus Oberanger,265,393,1
2026-09-07 17:02:01,301220,Tiefgarage Karstadt Oberpollinger,137,357,1
2026-09-07 17:02:01,301234,Pschorr-Garage,54,160,1
2026-09-07 17:02:01,301236,Marienplatz-Großgarage,161,220,0
2026-09-07 17:02:01,301264,Parkhaus Hopfenpost,190,230,0
2026-09-07 17:02:01,301270,Parkhaus Marsstr. 11,217,526,1
2026-09-07 17:02:01,301271,Tiefgarage am Hauptbahnhof,0,79,0
2026-09-07 17:02:01,301272,Tiefgarage Stachus Einkaufszentrum,146,336,1
2026-09-07 17:02:01,301277,Parkhaus Elisenhof,132,165,1
2026-09-07 17:02:01,401004,PH Hauptbahnhof Süd,113,197,1
2026-09-07 17:02:01,401010,Parkhaus am Hofbräuhaus,154,403,1
2026-09-07 17:02:01,401055,Parkhaus Schrannenhalle,41,147,1
2026-09-07 17:02:01,401060,Königshof-Parking,74,102,1
2026-09-07 17:02:01,401062,Parkhaus am Salvatorplatz,216,324,1
2026-09-07 17:02:01,106525,Parkhaus am Hauptbahnhof,0,223,0
2026-09-07 18:02:02,106501,Parkhaus am Stachus,390,390,0
2026-09-07 18:02:02,106504,City-Parkhaus am Färbergraben,250,350,1
2026-09-07 18:02:02,106505,Parkgarage Rieger-City,205,266,0
2026-09-07 18:02:02,106506,Sonnenhof Parkgarage,21,77,0
2026-09-07 18:02:02,106507,Tiefgarage vor der Oper,110,275,1
2026-09-07 18:02:02,106508,Hertie-Parkhaus,417,504,0
2026-09-07 18:02:02,106509,Parkgarage Böhringer,119,150,1
2026-09-07 18:02:02,106513,TG Hotel Ibis City,39,0,0
2026-09-07 18:02:02,106521,Car Park Cristal,428,220,0
2026-09-07 18:02:02,106524,Parkhaus Oberanger,283,393,1
2026-09-07 18:02:02,301220,Tiefgarage Karstadt Oberpollinger,154,357,1
2026-09-07 18:02:02,301234,Pschorr-Garage,54,160,1
2026-09-07 18:02:02,301236,Marienplatz-Großgarage,161,220,0
2026-09-07 18:02:02,301264,Parkhaus Hopfenpost,190,230,0
2026-09-07 18:02:02,301270,Parkhaus Marsstr. 11,206,526,1
2026-09-07 18:02:02,301271,Tiefgarage am Hauptbahnhof,0,79,0
2026-09-07 18:02:02,301272,Tiefgarage Stachus Einkaufszentrum,154,336,1
2026-09-07 18:02:02,301277,Parkhaus Elisenhof,132,165,1
2026-09-07 18:02:02,401004,PH Hauptbahnhof Süd,106,197,1
2026-09-07 18:02:02,401010,Parkhaus am Hofbräuhaus,183,403,1
2026-09-07 18:02:02,401055,Parkhaus Schrannenhalle,55,152,1
2026-09-07 18:02:02,401060,Königshof-Parking,62,102,1
2026-09-07 18:02:02,401062,Parkhaus am Salvatorplatz,233,324,1
2026-09-07 18:02:02,106525,Parkhaus am Hauptbahnhof,0,223,0
2026-09-07 19:02:01,106501,Parkhaus am Stachus,390,390,0
2026-09-07 19:02:01,106504,City-Parkhaus am Färbergraben,264,350,1
2026-09-07 19:02:01,106505,Parkgarage Rieger-City,205,266,0
2026-09-07 19:02:01,106506,Sonnenhof Parkgarage,21,77,0
2026-09-07 19:02:01,106507,Tiefgarage vor der Oper,144,275,1
2026-09-07 19:02:01,106508,Hertie-Parkhaus,417,504,0
2026-09-07 19:02:01,106509,Parkgarage Böhringer,113,150,1
2026-09-07 19:02:01,106513,TG Hotel Ibis City,39,0,0
2026-09-07 19:02:01,106521,Car Park Cristal,428,220,0
2026-09-07 19:02:01,106524,Parkhaus Oberanger,290,393,1
2026-09-07 19:02:01,301220,Tiefgarage Karstadt Oberpollinger,184,357,1
2026-09-07 19:02:01,301234,Pschorr-Garage,83,160,1
2026-09-07 19:02:01,301236,Marienplatz-Großgarage,161,220,0
2026-09-07 19:02:01,301264,Parkhaus Hopfenpost,190,230,0
2026-09-07 19:02:01,301270,Parkhaus Marsstr. 11,188,526,1
2026-09-07 19:02:01,301271,Tiefgarage am Hauptbahnhof,0,79,0
2026-09-07 19:02:01,301272,Tiefgarage Stachus Einkaufszentrum,152,336,1
2026-09-07 19:02:01,301277,Parkhaus Elisenhof,134,165,1
2026-09-07 19:02:01,401004,PH Hauptbahnhof Süd,104,197,1
2026-09-07 19:02:01,401010,Parkhaus am Hofbräuhaus,212,403,1
2026-09-07 19:02:01,401055,Parkhaus Schrannenhalle,65,152,1
2026-09-07 19:02:01,401060,Königshof-Parking,66,102,1
2026-09-07 19:02:01,401062,Parkhaus am Salvatorplatz,252,324,1
2026-09-07 19:02:01,106525,Parkhaus am Hauptbahnhof,0,223,0
2026-09-07 20:02:02,106501,Parkhaus am Stachus,390,390,0
2026-09-07 20:02:02,106504,City-Parkhaus am Färbergraben,294,350,1
2026-09-07 20:02:02,106505,Parkgarage Rieger-City,205,266,0
2026-09-07 20:02:02,106506,Sonnenhof Parkgarage,21,77,0
2026-09-07 20:02:02,106507,Tiefgarage vor der Oper,175,275,1
2026-09-07 20:02:02,106508,Hertie-Parkhaus,417,504,0
2026-09-07 20:02:02,106509,Parkgarage Böhringer,117,150,1
2026-09-07 20:02:02,106513,TG Hotel Ibis City,39,0,0
2026-09-07 20:02:02,106521,Car Park Cristal,428,220,0
2026-09-07 20:02:02,106524,Parkhaus Oberanger,323,393,1
2026-09-07 20:02:02,301220,Tiefgarage Karstadt Oberpollinger,216,357,1
2026-09-07 20:02:02,301234,Pschorr-Garage,101,160,1
2026-09-07 20:02:02,301236,Marienplatz-Großgarage,161,220,0
2026-09-07 20:02:02,301264,Parkhaus Hopfenpost,190,230,0
2026-09-07 20:02:02,301270,Parkhaus Marsstr. 11,183,526,1
2026-09-07 20:02:02,301271,Tiefgarage am Hauptbahnhof,0,79,0
2026-09-07 20:02:02,301272,Tiefgarage Stachus Einkaufszentrum,162,336,1
2026-09-07 20:02:02,301277,Parkhaus Elisenhof,135,165,1
2026-09-07 20:02:02,401004,PH Hauptbahnhof Süd,99,197,1
2026-09-07 20:02:02,401010,Parkhaus am Hofbräuhaus,226,403,1
2026-09-07 20:02:02,401055,Parkhaus Schrannenhalle,89,152,1
2026-09-07 20:02:02,401060,Königshof-Parking,67,102,1
2026-09-07 20:02:02,401062,Parkhaus am Salvatorplatz,257,324,1
2026-09-07 20:02:02,106525,Parkhaus am Hauptbahnhof,0,223,0
2026-09-07 21:02:01,106501,Parkhaus am Stachus,390,390,0
2026-09-07 21:02:01,106504,City-Parkhaus am Färbergraben,325,350,1
2026-09-07 21:02:01,106505,Parkgarage Rieger-City,205,266,0
2026-09-07 21:02:01,106506,Sonnenhof Parkgarage,21,77,0
2026-09-07 21:02:01,106507,Tiefgarage vor der Oper,210,275,1
2026-09-07 21:02:01,106508,Hertie-Parkhaus,417,504,0
2026-09-07 21:02:01,106509,Parkgarage Böhringer,126,150,1
2026-09-07 21:02:01,106513,TG Hotel Ibis City,39,0,0
2026-09-07 21:02:01,106521,Car Park Cristal,428,220,0
2026-09-07 21:02:01,106524,Parkhaus Oberanger,357,393,1
2026-09-07 21:02:01,301220,Tiefgarage Karstadt Oberpollinger,240,357,1
2026-09-07 21:02:01,301234,Pschorr-Garage,114,160,1
2026-09-07 21:02:01,301236,Marienplatz-Großgarage,161,220,0
2026-09-07 21:02:01,301264,Parkhaus Hopfenpost,190,230,0
2026-09-07 21:02:01,301270,Parkhaus Marsstr. 11,170,526,1
2026-09-07 21:02:01,301271,Tiefgarage am Hauptbahnhof,0,79,0
2026-09-07 21:02:01,301272,Tiefgarage Stachus Einkaufszentrum,164,336,1
2026-09-07 21:02:01,301277,Parkhaus Elisenhof,146,165,1
2026-09-07 21:02:01,401004,PH Hauptbahnhof Süd,93,197,1
2026-09-07 21:02:01,401010,Parkhaus am Hofbräuhaus,257,403,1
2026-09-07 21:02:01,401055,Parkhaus Schrannenhalle,103,152,1
2026-09-07 21:02:01,401060,Königshof-Parking,76,102,1
2026-09-07 21:02:01,401062,Parkhaus am Salvatorplatz,277,324,1
2026-09-07 21:02:01,106525,Parkhaus am Hauptbahnhof,0,223,0
2026-09-07 22:02:01,106501,Parkhaus am Stachus,390,390,0
2026-09-07 22:02:01,106504,City-Parkhaus am Färbergraben,336,350,1
2026-09-07 22:02:01,106505,Parkgarage Rieger-City,205,266,0
2026-09-07 22:02:01,106506,Sonnenhof Parkgarage,21,77,0
2026-09-07 22:02:01,106507,Tiefgarage vor der Oper,235,275,1
2026-09-07 22:02:01,106508,Hertie-Parkhaus,417,504,0
2026-09-07 22:02:01,106509,Parkgarage Böhringer,135,150,1
2026-09-07 22:02:01,106513,TG Hotel Ibis City,39,0,0
2026-09-07 22:02:01,106521,Car Park Cristal,428,220,0
2026-09-07 22:02:01,106524,Parkhaus Oberanger,372,393,1
2026-09-07 22:02:01,301220,Tiefgarage Karstadt Oberpollinger,265,357,1
2026-09-07 22:02:01,301234,Pschorr-Garage,123,160,1
2026-09-07 22:02:01,301236,Marienplatz-Großgarage,161,220,0
2026-09-07 22:02:01,301264,Parkhaus Hopfenpost,190,230,0
2026-09-07 22:02:01,301270,Parkhaus Marsstr. 11,157,526,1
2026-09-07 22:02:01,301271,Tiefgarage am Hauptbahnhof,0,79,0
2026-09-07 22:02:01,301272,Tiefgarage Stachus Einkaufszentrum,169,336,1
2026-09-07 22:02:01,301277,Parkhaus Elisenhof,152,165,1
2026-09-07 22:02:01,401004,PH Hauptbahnhof Süd,92,197,1
2026-09-07 22:02:01,401010,Parkhaus am Hofbräuhaus,278,403,1
2026-09-07 22:02:01,401055,Parkhaus Schrannenhalle,123,152,1
2026-09-07 22:02:01,401060,Königshof-Parking,80,102,1
2026-09-07 22:02:01,401062,Parkhaus am Salvatorplatz,287,324,1
2026-09-07 22:02:01,106525,Parkhaus am Hauptbahnhof,0,223,0
2026-09-07 23:02:00,106501,Parkhaus am Stachus,390,390,0
2026-09-07 23:02:00,106504,City-Parkhaus am Färbergraben,344,350,1
2026-09-07 23:02:00,106505,Parkgarage Rieger-City,205,266,0
2026-09-07 23:02:00,106506,Sonnenhof Parkgarage,21,77,0
2026-09-07 23:02:00,106507,Tiefgarage vor der Oper,255,275,1
2026-09-07 23:02:00,106508,Hertie-Parkhaus,417,504,0
2026-09-07 23:02:00,106509,Parkgarage Böhringer,139,150,1
2026-09-07 23:02:00,106513,TG Hotel Ibis City,39,0,0
2026-09-07 23:02:00,106521,Car Park Cristal,428,220,0
2026-09-07 23:02:00,106524,Parkhaus Oberanger,377,393,1
2026-09-07 23:02:00,301220,Tiefgarage Karstadt Oberpollinger,274,357,1
2026-09-07 23:02:00,301234,Pschorr-Garage,127,160,1
2026-09-07 23:02:00,301236,Marienplatz-Großgarage,161,220,0
2026-09-07 23:02:00,301264,Parkhaus Hopfenpost,190,230,0
2026-09-07 23:02:00,301270,Parkhaus Marsstr. 11,161,526,1
2026-09-07 23:02:00,301271,Tiefgarage am Hauptbahnhof,0,79,0
2026-09-07 23:02:00,301272,Tiefgarage Stachus Einkaufszentrum,170,336,1
2026-09-07 23:02:00,301277,Parkhaus Elisenhof,154,165,1
2026-09-07 23:02:00,401004,PH Hauptbahnhof Süd,92,197,1
2026-09-07 23:02:00,401010,Parkhaus am Hofbräuhaus,297,403,1
2026-09-07 23:02:00,401055,Parkhaus Schrannenhalle,124,147,1
2026-09-07 23:02:00,401060,Königshof-Parking,83,102,1
2026-09-07 23:02:00,401062,Parkhaus am Salvatorplatz,292,324,1
2026-09-07 23:02:00,106525,Parkhaus am Hauptbahnhof,0,223,0
2026-09-08 00:02:01,106501,Parkhaus am Stachus,390,390,0
2026-09-08 00:02:01,106504,City-Parkhaus am Färbergraben,0,350,1
2026-09-08 00:02:01,106505,Parkgarage Rieger-City,205,266,0
2026-09-08 00:02:01,106506,Sonnenhof Parkgarage,21,77,0
2026-09-08 00:02:01,106507,Tiefgarage vor der Oper,257,275,1
2026-09-08 00:02:01,106508,Hertie-Parkhaus,417,504,0
2026-09-08 00:02:01,106509,Parkgarage Böhringer,143,150,1
2026-09-08 00:02:01,106513,TG Hotel Ibis City,39,0,0
2026-09-08 00:02:01,106521,Car Park Cristal,428,220,0
2026-09-08 00:02:01,106524,Parkhaus Oberanger,377,393,1
2026-09-08 00:02:01,301220,Tiefgarage Karstadt Oberpollinger,275,357,1
2026-09-08 00:02:01,301234,Pschorr-Garage,130,160,1
2026-09-08 00:02:01,301236,Marienplatz-Großgarage,161,220,0
2026-09-08 00:02:01,301264,Parkhaus Hopfenpost,190,230,0
2026-09-08 00:02:01,301270,Parkhaus Marsstr. 11,166,526,1
2026-09-08 00:02:01,301271,Tiefgarage am Hauptbahnhof,0,79,0
2026-09-08 00:02:01,301272,Tiefgarage Stachus Einkaufszentrum,171,336,1
2026-09-08 00:02:01,301277,Parkhaus Elisenhof,160,165,1
2026-09-08 00:02:01,401004,PH Hauptbahnhof Süd,90,197,1
2026-09-08 00:02:01,401010,Parkhaus am Hofbräuhaus,271,373,1
2026-09-08 00:02:01,401055,Parkhaus Schrannenhalle,126,147,1
2026-09-08 00:02:01,401060,Königshof-Parking,86,102,1
2026-09-08 00:02:01,401062,Parkhaus am Salvatorplatz,292,324,1
2026-09-08 00:02:01,106525,Parkhaus am Hauptbahnhof,0,223,0
2026-09-08 01:02:01,106501,Parkhaus am Stachus,390,390,0
2026-09-08 01:02:01,106504,City-Parkhaus am Färbergraben,0,350,1
2026-09-08 01:02:01,106505,Parkgarage Rieger-City,205,266,0
2026-09-08 01:02:01,106506,Sonnenhof Parkgarage,21,77,0
2026-09-08 01:02:01,106507,Tiefgarage vor der Oper,259,275,1
2026-09-08 01:02:01,106508,Hertie-Parkhaus,417,504,0
2026-09-08 01:02:01,106509,Parkgarage Böhringer,142,150,1
2026-09-08 01:02:01,106513,TG Hotel Ibis City,39,0,0
2026-09-08 01:02:01,106521,Car Park Cristal,428,220,0
2026-09-08 01:02:01,106524,Parkhaus Oberanger,377,393,1
2026-09-08 01:02:01,301220,Tiefgarage Karstadt Oberpollinger,278,357,1
2026-09-08 01:02:01,301234,Pschorr-Garage,131,160,1
2026-09-08 01:02:01,301236,Marienplatz-Großgarage,161,220,0
2026-09-08 01:02:01,301264,Parkhaus Hopfenpost,190,230,0
2026-09-08 01:02:01,301270,Parkhaus Marsstr. 11,168,526,1
2026-09-08 01:02:01,301271,Tiefgarage am Hauptbahnhof,0,79,0
2026-09-08 01:02:01,301272,Tiefgarage Stachus Einkaufszentrum,172,336,1
2026-09-08 01:02:01,301277,Parkhaus Elisenhof,160,165,1
2026-09-08 01:02:01,401004,PH Hauptbahnhof Süd,88,197,1
2026-09-08 01:02:01,401010,Parkhaus am Hofbräuhaus,271,373,1
2026-09-08 01:02:01,401055,Parkhaus Schrannenhalle,127,147,1
2026-09-08 01:02:01,401060,Königshof-Parking,86,102,1
2026-09-08 01:02:01,401062,Parkhaus am Salvatorplatz,292,324,1
2026-09-08 01:02:01,106525,Parkhaus am Hauptbahnhof,0,223,0
2026-09-08 02:02:01,106501,Parkhaus am Stachus,390,390,0
2026-09-08 02:02:01,106504,City-Parkhaus am Färbergraben,0,350,1
2026-09-08 02:02:01,106505,Parkgarage Rieger-City,205,266,0
2026-09-08 02:02:01,106506,Sonnenhof Parkgarage,21,77,0
2026-09-08 02:02:01,106507,Tiefgarage vor der Oper,259,275,1
2026-09-08 02:02:01,106508,Hertie-Parkhaus,417,504,0
2026-09-08 02:02:01,106509,Parkgarage Böhringer,142,150,1
2026-09-08 02:02:01,106513,TG Hotel Ibis City,39,0,0
2026-09-08 02:02:01,106521,Car Park Cristal,428,220,0
2026-09-08 02:02:01,106524,Parkhaus Oberanger,378,393,1
2026-09-08 02:02:01,301220,Tiefgarage Karstadt Oberpollinger,281,357,1
2026-09-08 02:02:01,301234,Pschorr-Garage,130,160,1
2026-09-08 02:02:01,301236,Marienplatz-Großgarage,161,220,0
2026-09-08 02:02:01,301264,Parkhaus Hopfenpost,190,230,0
2026-09-08 02:02:01,301270,Parkhaus Marsstr. 11,168,526,1
2026-09-08 02:02:01,301271,Tiefgarage am Hauptbahnhof,0,79,0
2026-09-08 02:02:01,301272,Tiefgarage Stachus Einkaufszentrum,172,336,1
2026-09-08 02:02:01,301277,Parkhaus Elisenhof,160,165,1
2026-09-08 02:02:01,401004,PH Hauptbahnhof Süd,87,197,1
2026-09-08 02:02:01,401010,Parkhaus am Hofbräuhaus,271,373,1
2026-09-08 02:02:01,401055,Parkhaus Schrannenhalle,127,147,1
2026-09-08 02:02:01,401060,Königshof-Parking,86,102,1
2026-09-08 02:02:01,401062,Parkhaus am Salvatorplatz,292,324,1
2026-09-08 02:02:01,106525,Parkhaus am Hauptbahnhof,0,223,0
2026-09-08 03:02:01,106501,Parkhaus am Stachus,390,390,0
2026-09-08 03:02:01,106504,City-Parkhaus am Färbergraben,0,350,1
2026-09-08 03:02:01,106505,Parkgarage Rieger-City,205,266,0
2026-09-08 03:02:01,106506,Sonnenhof Parkgarage,21,77,0
2026-09-08 03:02:01,106507,Tiefgarage vor der Oper,259,275,1
2026-09-08 03:02:01,106508,Hertie-Parkhaus,417,504,0
2026-09-08 03:02:01,106509,Parkgarage Böhringer,143,150,1
2026-09-08 03:02:01,106513,TG Hotel Ibis City,39,0,0
2026-09-08 03:02:01,106521,Car Park Cristal,428,220,0
2026-09-08 03:02:01,106524,Parkhaus Oberanger,378,393,1
2026-09-08 03:02:01,301220,Tiefgarage Karstadt Oberpollinger,283,357,1
2026-09-08 03:02:01,301234,Pschorr-Garage,130,160,1
2026-09-08 03:02:01,301236,Marienplatz-Großgarage,161,220,0
2026-09-08 03:02:01,301264,Parkhaus Hopfenpost,190,230,0
2026-09-08 03:02:01,301270,Parkhaus Marsstr. 11,168,526,1
2026-09-08 03:02:01,301271,Tiefgarage am Hauptbahnhof,0,79,0
2026-09-08 03:02:01,301272,Tiefgarage Stachus Einkaufszentrum,172,336,1
2026-09-08 03:02:01,301277,Parkhaus Elisenhof,160,165,1
2026-09-08 03:02:01,401004,PH Hauptbahnhof Süd,87,197,1
2026-09-08 03:02:01,401010,Parkhaus am Hofbräuhaus,272,373,1
2026-09-08 03:02:01,401055,Parkhaus Schrannenhalle,127,147,1
2026-09-08 03:02:01,401060,Königshof-Parking,86,102,1
2026-09-08 03:02:01,401062,Parkhaus am Salvatorplatz,292,324,1
2026-09-08 03:02:01,106525,Parkhaus am Hauptbahnhof,0,223,0
2026-09-08 04:02:01,106501,Parkhaus am Stachus,390,390,0
2026-09-08 04:02:01,106504,City-Parkhaus am Färbergraben,0,350,1
2026-09-08 04:02:01,106505,Parkgarage Rieger-City,205,266,0
2026-09-08 04:02:01,106506,Sonnenhof Parkgarage,21,77,0
2026-09-08 04:02:01,106507,Tiefgarage vor der Oper,259,275,1
2026-09-08 04:02:01,106508,Hertie-Parkhaus,417,504,0
2026-09-08 04:02:01,106509,Parkgarage Böhringer,143,150,1
2026-09-08 04:02:01,106513,TG Hotel Ibis City,39,0,0
2026-09-08 04:02:01,106521,Car Park Cristal,428,220,0
2026-09-08 04:02:01,106524,Parkhaus Oberanger,378,393,1
2026-09-08 04:02:01,301220,Tiefgarage Karstadt Oberpollinger,283,357,1
2026-09-08 04:02:01,301234,Pschorr-Garage,130,160,1
2026-09-08 04:02:01,301236,Marienplatz-Großgarage,161,220,0
2026-09-08 04:02:01,301264,Parkhaus Hopfenpost,190,230,0
2026-09-08 04:02:01,301270,Parkhaus Marsstr. 11,168,526,1
2026-09-08 04:02:01,301271,Tiefgarage am Hauptbahnhof,0,79,0
2026-09-08 04:02:01,301272,Tiefgarage Stachus Einkaufszentrum,172,336,1
2026-09-08 04:02:01,301277,Parkhaus Elisenhof,160,165,1
2026-09-08 04:02:01,401004,PH Hauptbahnhof Süd,87,197,1
2026-09-08 04:02:01,401010,Parkhaus am Hofbräuhaus,272,373,1
2026-09-08 04:02:01,401055,Parkhaus Schrannenhalle,127,147,1
2026-09-08 04:02:01,401060,Königshof-Parking,86,102,1
2026-09-08 04:02:01,401062,Parkhaus am Salvatorplatz,291,324,1
2026-09-08 04:02:01,106525,Parkhaus am Hauptbahnhof,0,223,0
2026-09-08 05:02:01,106501,Parkhaus am Stachus,390,390,0
2026-09-08 05:02:01,106504,City-Parkhaus am Färbergraben,0,350,1
2026-09-08 05:02:01,106505,Parkgarage Rieger-City,205,266,0
2026-09-08 05:02:01,106506,Sonnenhof Parkgarage,21,77,0
2026-09-08 05:02:01,106507,Tiefgarage vor der Oper,259,275,1
2026-09-08 05:02:01,106508,Hertie-Parkhaus,417,504,0
2026-09-08 05:02:01,106509,Parkgarage Böhringer,143,150,1
2026-09-08 05:02:01,106513,TG Hotel Ibis City,39,0,0
2026-09-08 05:02:01,106521,Car Park Cristal,428,220,0
2026-09-08 05:02:01,106524,Parkhaus Oberanger,377,393,1
2026-09-08 05:02:01,301220,Tiefgarage Karstadt Oberpollinger,284,357,1
2026-09-08 05:02:01,301234,Pschorr-Garage,130,160,1
2026-09-08 05:02:01,301236,Marienplatz-Großgarage,161,220,0
2026-09-08 05:02:01,301264,Parkhaus Hopfenpost,190,230,0
2026-09-08 05:02:01,301270,Parkhaus Marsstr. 11,167,526,1
2026-09-08 05:02:01,301271,Tiefgarage am Hauptbahnhof,0,79,0
2026-09-08 05:02:01,301272,Tiefgarage Stachus Einkaufszentrum,170,336,1
2026-09-08 05:02:01,301277,Parkhaus Elisenhof,160,165,1
2026-09-08 05:02:01,401004,PH Hauptbahnhof Süd,88,197,1
2026-09-08 05:02:01,401010,Parkhaus am Hofbräuhaus,272,373,1
2026-09-08 05:02:01,401055,Parkhaus Schrannenhalle,127,147,1
2026-09-08 05:02:01,401060,Königshof-Parking,86,102,1
2026-09-08 05:02:01,401062,Parkhaus am Salvatorplatz,291,324,1
2026-09-08 05:02:01,106525,Parkhaus am Hauptbahnhof,0,223,0
2026-09-08 06:02:02,106501,Parkhaus am Stachus,390,390,0
2026-09-08 06:02:02,106504,City-Parkhaus am Färbergraben,0,350,1
2026-09-08 06:02:02,106505,Parkgarage Rieger-City,205,266,0
2026-09-08 06:02:02,106506,Sonnenhof Parkgarage,21,77,0
2026-09-08 06:02:02,106507,Tiefgarage vor der Oper,257,275,1
2026-09-08 06:02:02,106508,Hertie-Parkhaus,417,504,0
2026-09-08 06:02:02,106509,Parkgarage Böhringer,143,150,1
2026-09-08 06:02:02,106513,TG Hotel Ibis City,39,0,0
2026-09-08 06:02:02,106521,Car Park Cristal,428,220,0
2026-09-08 06:02:02,106524,Parkhaus Oberanger,375,393,1
2026-09-08 06:02:02,301220,Tiefgarage Karstadt Oberpollinger,284,357,1
2026-09-08 06:02:02,301234,Pschorr-Garage,130,160,1
2026-09-08 06:02:02,301236,Marienplatz-Großgarage,161,220,0
2026-09-08 06:02:02,301264,Parkhaus Hopfenpost,190,230,0
2026-09-08 06:02:02,301270,Parkhaus Marsstr. 11,165,526,1
2026-09-08 06:02:02,301271,Tiefgarage am Hauptbahnhof,0,79,0
2026-09-08 06:02:02,301272,Tiefgarage Stachus Einkaufszentrum,171,336,1
2026-09-08 06:02:02,301277,Parkhaus Elisenhof,159,165,1
2026-09-08 06:02:02,401004,PH Hauptbahnhof Süd,87,197,1
2026-09-08 06:02:02,401010,Parkhaus am Hofbräuhaus,272,373,1
2026-09-08 06:02:02,401055,Parkhaus Schrannenhalle,128,147,1
2026-09-08 06:02:02,401060,Königshof-Parking,86,102,1
2026-09-08 06:02:02,401062,Parkhaus am Salvatorplatz,291,324,1
2026-09-08 06:02:02,106525,Parkhaus am Hauptbahnhof,0,223,0
2026-09-08 07:02:01,106501,Parkhaus am Stachus,390,390,0
2026-09-08 07:02:01,106504,City-Parkhaus am Färbergraben,343,350,1
2026-09-08 07:02:01,106505,Parkgarage Rieger-City,205,266,0
2026-09-08 07:02:01,106506,Sonnenhof Parkgarage,21,77,0
2026-09-08 07:02:01,106507,Tiefgarage vor der Oper,254,275,1
2026-09-08 07:02:01,106508,Hertie-Parkhaus,417,504,0
2026-09-08 07:02:01,106509,Parkgarage Böhringer,139,150,1
2026-09-08 07:02:01,106513,TG Hotel Ibis City,39,0,0
2026-09-08 07:02:01,106521,Car Park Cristal,428,220,0
2026-09-08 07:02:01,106524,Parkhaus Oberanger,373,393,1
2026-09-08 07:02:01,301220,Tiefgarage Karstadt Oberpollinger,283,357,1
2026-09-08 07:02:01,301234,Pschorr-Garage,132,160,1
2026-09-08 07:02:01,301236,Marienplatz-Großgarage,161,220,0
2026-09-08 07:02:01,301264,Parkhaus Hopfenpost,190,230,0
2026-09-08 07:02:01,301270,Parkhaus Marsstr. 11,159,526,1
2026-09-08 07:02:01,301271,Tiefgarage am Hauptbahnhof,0,79,0
2026-09-08 07:02:01,301272,Tiefgarage Stachus Einkaufszentrum,175,336,1
2026-09-08 07:02:01,301277,Parkhaus Elisenhof,154,165,1
2026-09-08 07:02:01,401004,PH Hauptbahnhof Süd,87,197,1
2026-09-08 07:02:01,401010,Parkhaus am Hofbräuhaus,266,373,1
2026-09-08 07:02:01,401055,Parkhaus Schrannenhalle,129,147,1
2026-09-08 07:02:01,401060,Königshof-Parking,88,102,1
2026-09-08 07:02:01,401062,Parkhaus am Salvatorplatz,292,324,1
2026-09-08 07:02:01,106525,Parkhaus am Hauptbahnhof,0,223,0
2026-09-08 08:02:01,106501,Parkhaus am Stachus,390,390,0
2026-09-08 08:02:01,106504,City-Parkhaus am Färbergraben,326,350,1
2026-09-08 08:02:01,106505,Parkgarage Rieger-City,205,266,0
2026-09-08 08:02:01,106506,Sonnenhof Parkgarage,21,77,0
2026-09-08 08:02:01,106507,Tiefgarage vor der Oper,237,275,1
2026-09-08 08:02:01,106508,Hertie-Parkhaus,417,504,0
2026-09-08 08:02:01,106509,Parkgarage Böhringer,135,150,1
2026-09-08 08:02:01,106513,TG Hotel Ibis City,39,0,0
2026-09-08 08:02:01,106521,Car Park Cristal,428,220,0
2026-09-08 08:02:01,106524,Parkhaus Oberanger,354,393,1
2026-09-08 08:02:01,301220,Tiefgarage Karstadt Oberpollinger,281,357,1
2026-09-08 08:02:01,301234,Pschorr-Garage,136,160,1
2026-09-08 08:02:01,301236,Marienplatz-Großgarage,161,220,0
2026-09-08 08:02:01,301264,Parkhaus Hopfenpost,190,230,0
2026-09-08 08:02:01,301270,Parkhaus Marsstr. 11,166,526,1
2026-09-08 08:02:01,301271,Tiefgarage am Hauptbahnhof,0,79,0
2026-09-08 08:02:01,301272,Tiefgarage Stachus Einkaufszentrum,173,336,1
2026-09-08 08:02:01,301277,Parkhaus Elisenhof,149,165,1
2026-09-08 08:02:01,401004,PH Hauptbahnhof Süd,88,197,1
2026-09-08 08:02:01,401010,Parkhaus am Hofbräuhaus,249,373,1
2026-09-08 08:02:01,401055,Parkhaus Schrannenhalle,124,147,1
2026-09-08 08:02:01,401060,Königshof-Parking,87,102,1
2026-09-08 08:02:01,401062,Parkhaus am Salvatorplatz,258,324,1
2026-09-08 08:02:01,106525,Parkhaus am Hauptbahnhof,0,223,0
2026-09-08 09:02:01,106501,Parkhaus am Stachus,390,390,0
2026-09-08 09:02:01,106504,City-Parkhaus am Färbergraben,312,350,1
2026-09-08 09:02:01,106505,Parkgarage Rieger-City,205,266,0
2026-09-08 09:02:01,106506,Sonnenhof Parkgarage,21,77,0
2026-09-08 09:02:01,106507,Tiefgarage vor der Oper,207,275,1
2026-09-08 09:02:01,106508,Hertie-Parkhaus,417,504,0
2026-09-08 09:02:01,106509,Parkgarage Böhringer,129,150,1
2026-09-08 09:02:01,106513,TG Hotel Ibis City,39,0,0
2026-09-08 09:02:01,106521,Car Park Cristal,428,220,0
2026-09-08 09:02:01,106524,Parkhaus Oberanger,314,393,1
2026-09-08 09:02:01,301220,Tiefgarage Karstadt Oberpollinger,275,357,1
2026-09-08 09:02:01,301234,Pschorr-Garage,116,160,1
2026-09-08 09:02:01,301236,Marienplatz-Großgarage,161,220,0
2026-09-08 09:02:01,301264,Parkhaus Hopfenpost,190,230,0
2026-09-08 09:02:01,301270,Parkhaus Marsstr. 11,175,526,1
2026-09-08 09:02:01,301271,Tiefgarage am Hauptbahnhof,0,79,0
2026-09-08 09:02:01,301272,Tiefgarage Stachus Einkaufszentrum,167,336,1
2026-09-08 09:02:01,301277,Parkhaus Elisenhof,135,165,1
2026-09-08 09:02:01,401004,PH Hauptbahnhof Süd,101,197,1
2026-09-08 09:02:01,401010,Parkhaus am Hofbräuhaus,250,403,1
2026-09-08 09:02:01,401055,Parkhaus Schrannenhalle,109,147,1
2026-09-08 09:02:01,401060,Königshof-Parking,82,102,1
2026-09-08 09:02:01,401062,Parkhaus am Salvatorplatz,233,324,1
2026-09-08 09:02:01,106525,Parkhaus am Hauptbahnhof,0,223,0
2026-09-08 10:02:01,106501,Parkhaus am Stachus,390,390,0
2026-09-08 10:02:01,106504,City-Parkhaus am Färbergraben,264,350,1
2026-09-08 10:02:01,106505,Parkgarage Rieger-City,205,266,0
2026-09-08 10:02:01,106506,Sonnenhof Parkgarage,21,77,0
2026-09-08 10:02:01,106507,Tiefgarage vor der Oper,118,275,1
2026-09-08 10:02:01,106508,Hertie-Parkhaus,417,504,0
2026-09-08 10:02:01,106509,Parkgarage Böhringer,113,150,1
2026-09-08 10:02:01,106513,TG Hotel Ibis City,39,0,0
2026-09-08 10:02:01,106521,Car Park Cristal,428,220,0
2026-09-08 10:02:01,106524,Parkhaus Oberanger,249,393,1
2026-09-08 10:02:01,301220,Tiefgarage Karstadt Oberpollinger,264,357,1
2026-09-08 10:02:01,301234,Pschorr-Garage,82,160,1
2026-09-08 10:02:01,301236,Marienplatz-Großgarage,161,220,0
2026-09-08 10:02:01,301264,Parkhaus Hopfenpost,190,230,0
2026-09-08 10:02:01,301270,Parkhaus Marsstr. 11,180,526,1
2026-09-08 10:02:01,301271,Tiefgarage am Hauptbahnhof,0,79,0
2026-09-08 10:02:01,301272,Tiefgarage Stachus Einkaufszentrum,151,336,1
2026-09-08 10:02:01,301277,Parkhaus Elisenhof,130,165,1
2026-09-08 10:02:01,401004,PH Hauptbahnhof Süd,118,197,1
2026-09-08 10:02:01,401010,Parkhaus am Hofbräuhaus,193,403,1
2026-09-08 10:02:01,401055,Parkhaus Schrannenhalle,87,147,1
2026-09-08 10:02:01,401060,Königshof-Parking,78,102,1
2026-09-08 10:02:01,401062,Parkhaus am Salvatorplatz,186,324,1
2026-09-08 10:02:01,106525,Parkhaus am Hauptbahnhof,0,223,0
2026-09-08 11:02:01,106501,Parkhaus am Stachus,390,390,0
2026-09-08 11:02:01,106504,City-Parkhaus am Färbergraben,218,350,1
2026-09-08 11:02:01,106505,Parkgarage Rieger-City,205,266,0
2026-09-08 11:02:01,106506,Sonnenhof Parkgarage,21,77,0
2026-09-08 11:02:01,106507,Tiefgarage vor der Oper,73,275,1
2026-09-08 11:02:01,106508,Hertie-Parkhaus,417,504,0
2026-09-08 11:02:01,106509,Parkgarage Böhringer,97,150,1
2026-09-08 11:02:01,106513,TG Hotel Ibis City,39,0,0
2026-09-08 11:02:01,106521,Car Park Cristal,428,220,0
2026-09-08 11:02:01,106524,Parkhaus Oberanger,198,393,1
2026-09-08 11:02:01,301220,Tiefgarage Karstadt Oberpollinger,237,357,1
2026-09-08 11:02:01,301234,Pschorr-Garage,50,160,1
2026-09-08 11:02:01,301236,Marienplatz-Großgarage,161,220,0
2026-09-08 11:02:01,301264,Parkhaus Hopfenpost,190,230,0
2026-09-08 11:02:01,301270,Parkhaus Marsstr. 11,198,526,1
2026-09-08 11:02:01,301271,Tiefgarage am Hauptbahnhof,0,79,0
2026-09-08 11:02:01,301272,Tiefgarage Stachus Einkaufszentrum,153,336,1
2026-09-08 11:02:01,301277,Parkhaus Elisenhof,112,165,1
2026-09-08 11:02:01,401004,PH Hauptbahnhof Süd,125,197,1
2026-09-08 11:02:01,401010,Parkhaus am Hofbräuhaus,141,403,1
2026-09-08 11:02:01,401055,Parkhaus Schrannenhalle,23,147,1
2026-09-08 11:02:01,401060,Königshof-Parking,77,102,1
2026-09-08 11:02:01,401062,Parkhaus am Salvatorplatz,143,319,1
2026-09-08 11:02:01,106525,Parkhaus am Hauptbahnhof,0,223,0
2026-09-08 12:02:02,106501,Parkhaus am Stachus,390,390,0
2026-09-08 12:02:02,106504,City-Parkhaus am Färbergraben,194,350,1
2026-09-08 12:02:02,106505,Parkgarage Rieger-City,205,266,0
2026-09-08 12:02:02,106506,Sonnenhof Parkgarage,21,77,0
2026-09-08 12:02:02,106507,Tiefgarage vor der Oper,9,275,1
2026-09-08 12:02:02,106508,Hertie-Parkhaus,417,504,0
2026-09-08 12:02:02,106509,Parkgarage Böhringer,87,150,1
2026-09-08 12:02:02,106513,TG Hotel Ibis City,39,0,0
2026-09-08 12:02:02,106521,Car Park Cristal,428,220,0
2026-09-08 12:02:02,106524,Parkhaus Oberanger,179,393,1
2026-09-08 12:02:02,301220,Tiefgarage Karstadt Oberpollinger,192,357,1
2026-09-08 12:02:02,301234,Pschorr-Garage,39,160,1
2026-09-08 12:02:02,301236,Marienplatz-Großgarage,161,220,0
2026-09-08 12:02:02,301264,Parkhaus Hopfenpost,190,230,0
2026-09-08 12:02:02,301270,Parkhaus Marsstr. 11,199,526,1
2026-09-08 12:02:02,301271,Tiefgarage am Hauptbahnhof,0,79,0
2026-09-08 12:02:02,301272,Tiefgarage Stachus Einkaufszentrum,151,336,1
2026-09-08 12:02:02,301277,Parkhaus Elisenhof,106,165,1
2026-09-08 12:02:02,401004,PH Hauptbahnhof Süd,130,197,1
2026-09-08 12:02:02,401010,Parkhaus am Hofbräuhaus,114,413,1
2026-09-08 12:02:02,401055,Parkhaus Schrannenhalle,4,147,1
2026-09-08 12:02:02,401060,Königshof-Parking,76,102,1
2026-09-08 12:02:02,401062,Parkhaus am Salvatorplatz,113,309,1
2026-09-08 12:02:02,106525,Parkhaus am Hauptbahnhof,0,223,0
2026-09-08 13:02:01,106501,Parkhaus am Stachus,390,390,0
2026-09-08 13:02:01,106504,City-Parkhaus am Färbergraben,165,350,1
2026-09-08 13:02:01,106505,Parkgarage Rieger-City,205,266,0
2026-09-08 13:02:01,106506,Sonnenhof Parkgarage,21,77,0
2026-09-08 13:02:01,106507,Tiefgarage vor der Oper,18,275,1
2026-09-08 13:02:01,106508,Hertie-Parkhaus,417,504,0
2026-09-08 13:02:01,106509,Parkgarage Böhringer,83,150,1
2026-09-08 13:02:01,106513,TG Hotel Ibis City,39,0,0
2026-09-08 13:02:01,106521,Car Park Cristal,428,220,0
2026-09-08 13:02:01,106524,Parkhaus Oberanger,165,393,1
2026-09-08 13:02:01,301220,Tiefgarage Karstadt Oberpollinger,159,357,1
2026-09-08 13:02:01,301234,Pschorr-Garage,30,160,1
2026-09-08 13:02:01,301236,Marienplatz-Großgarage,161,220,0
2026-09-08 13:02:01,301264,Parkhaus Hopfenpost,190,230,0
2026-09-08 13:02:01,301270,Parkhaus Marsstr. 11,203,526,1
2026-09-08 13:02:01,301271,Tiefgarage am Hauptbahnhof,0,79,0
2026-09-08 13:02:01,301272,Tiefgarage Stachus Einkaufszentrum,146,336,1
2026-09-08 13:02:01,301277,Parkhaus Elisenhof,93,165,1
2026-09-08 13:02:01,401004,PH Hauptbahnhof Süd,128,197,1
2026-09-08 13:02:01,401010,Parkhaus am Hofbräuhaus,95,413,1
2026-09-08 13:02:01,401055,Parkhaus Schrannenhalle,0,147,1
2026-09-08 13:02:01,401060,Königshof-Parking,75,102,1
2026-09-08 13:02:01,401062,Parkhaus am Salvatorplatz,90,309,1
2026-09-08 13:02:01,106525,Parkhaus am Hauptbahnhof,0,223,0
2026-09-08 14:02:01,106501,Parkhaus am Stachus,390,390,0
2026-09-08 14:02:01,106504,City-Parkhaus am Färbergraben,170,350,1
2026-09-08 14:02:01,106505,Parkgarage Rieger-City,205,266,0
2026-09-08 14:02:01,106506,Sonnenhof Parkgarage,21,77,0
2026-09-08 14:02:01,106507,Tiefgarage vor der Oper,14,275,1
2026-09-08 14:02:01,106508,Hertie-Parkhaus,417,504,0
2026-09-08 14:02:01,106509,Parkgarage Böhringer,79,150,1
2026-09-08 14:02:01,106513,TG Hotel Ibis City,39,0,0
2026-09-08 14:02:01,106521,Car Park Cristal,428,220,0
2026-09-08 14:02:01,106524,Parkhaus Oberanger,164,393,1
2026-09-08 14:02:01,301220,Tiefgarage Karstadt Oberpollinger,133,357,1
2026-09-08 14:02:01,301234,Pschorr-Garage,17,160,1
2026-09-08 14:02:01,301236,Marienplatz-Großgarage,161,220,0
2026-09-08 14:02:01,301264,Parkhaus Hopfenpost,190,230,0
2026-09-08 14:02:01,301270,Parkhaus Marsstr. 11,212,526,1
2026-09-08 14:02:01,301271,Tiefgarage am Hauptbahnhof,0,79,0
2026-09-08 14:02:01,301272,Tiefgarage Stachus Einkaufszentrum,142,336,1
2026-09-08 14:02:01,301277,Parkhaus Elisenhof,92,165,1
2026-09-08 14:02:01,401004,PH Hauptbahnhof Süd,120,197,1
2026-09-08 14:02:01,401010,Parkhaus am Hofbräuhaus,97,413,1
2026-09-08 14:02:01,401055,Parkhaus Schrannenhalle,0,147,1
2026-09-08 14:02:01,401060,Königshof-Parking,71,102,1
2026-09-08 14:02:01,401062,Parkhaus am Salvatorplatz,95,309,1
2026-09-08 14:02:01,106525,Parkhaus am Hauptbahnhof,0,223,0
2026-09-08 15:02:01,106501,Parkhaus am Stachus,390,390,0
2026-09-08 15:02:01,106504,City-Parkhaus am Färbergraben,154,350,1
2026-09-08 15:02:01,106505,Parkgarage Rieger-City,205,266,0
2026-09-08 15:02:01,106506,Sonnenhof Parkgarage,21,77,0
2026-09-08 15:02:01,106507,Tiefgarage vor der Oper,37,275,1
2026-09-08 15:02:01,106508,Hertie-Parkhaus,417,504,0
2026-09-08 15:02:01,106509,Parkgarage Böhringer,83,150,1
2026-09-08 15:02:01,106513,TG Hotel Ibis City,39,0,0
2026-09-08 15:02:01,106521,Car Park Cristal,428,220,0
2026-09-08 15:02:01,106524,Parkhaus Oberanger,188,393,1
2026-09-08 15:02:01,301220,Tiefgarage Karstadt Oberpollinger,119,357,1
2026-09-08 15:02:01,301234,Pschorr-Garage,24,160,1
2026-09-08 15:02:01,301236,Marienplatz-Großgarage,161,220,0
2026-09-08 15:02:01,301264,Parkhaus Hopfenpost,190,230,0
2026-09-08 15:02:01,301270,Parkhaus Marsstr. 11,219,526,1
2026-09-08 15:02:01,301271,Tiefgarage am Hauptbahnhof,0,79,0
2026-09-08 15:02:01,301272,Tiefgarage Stachus Einkaufszentrum,150,336,1
2026-09-08 15:02:01,301277,Parkhaus Elisenhof,107,165,1
2026-09-08 15:02:01,401004,PH Hauptbahnhof Süd,115,197,1
2026-09-08 15:02:01,401010,Parkhaus am Hofbräuhaus,109,413,1
2026-09-08 15:02:01,401055,Parkhaus Schrannenhalle,4,147,1
2026-09-08 15:02:01,401060,Königshof-Parking,73,102,1
2026-09-08 15:02:01,401062,Parkhaus am Salvatorplatz,119,309,1
2026-09-08 15:02:01,106525,Parkhaus am Hauptbahnhof,0,223,0
2026-09-08 16:02:01,106501,Parkhaus am Stachus,390,390,0
2026-09-08 16:02:01,106504,City-Parkhaus am Färbergraben,176,350,1
2026-09-08 16:02:01,106505,Parkgarage Rieger-City,205,266,0
2026-09-08 16:02:01,106506,Sonnenhof Parkgarage,21,77,0
2026-09-08 16:02:01,106507,Tiefgarage vor der Oper,56,275,1
2026-09-08 16:02:01,106508,Hertie-Parkhaus,417,504,0
2026-09-08 16:02:01,106509,Parkgarage Böhringer,94,150,1
2026-09-08 16:02:01,106513,TG Hotel Ibis City,39,0,0
2026-09-08 16:02:01,106521,Car Park Cristal,428,220,0
2026-09-08 16:02:01,106524,Parkhaus Oberanger,203,393,1
2026-09-08 16:02:01,301220,Tiefgarage Karstadt Oberpollinger,113,357,1
2026-09-08 16:02:01,301234,Pschorr-Garage,43,160,1
2026-09-08 16:02:01,301236,Marienplatz-Großgarage,161,220,0
2026-09-08 16:02:01,301264,Parkhaus Hopfenpost,190,230,0
2026-09-08 16:02:01,301270,Parkhaus Marsstr. 11,224,526,1
2026-09-08 16:02:01,301271,Tiefgarage am Hauptbahnhof,0,79,0
2026-09-08 16:02:01,301272,Tiefgarage Stachus Einkaufszentrum,155,336,1
2026-09-08 16:02:01,301277,Parkhaus Elisenhof,111,165,1
2026-09-08 16:02:01,401004,PH Hauptbahnhof Süd,123,197,1
2026-09-08 16:02:01,401010,Parkhaus am Hofbräuhaus,128,413,1
2026-09-08 16:02:01,401055,Parkhaus Schrannenhalle,41,147,1
2026-09-08 16:02:01,401060,Königshof-Parking,76,102,1
2026-09-08 16:02:01,401062,Parkhaus am Salvatorplatz,139,309,1
2026-09-08 16:02:01,106525,Parkhaus am Hauptbahnhof,0,223,0
2026-09-08 17:02:01,106501,Parkhaus am Stachus,390,390,0
2026-09-08 17:02:01,106504,City-Parkhaus am Färbergraben,213,350,1
2026-09-08 17:02:01,106505,Parkgarage Rieger-City,205,266,0
2026-09-08 17:02:01,106506,Sonnenhof Parkgarage,21,77,0
2026-09-08 17:02:01,106507,Tiefgarage vor der Oper,87,275,1
2026-09-08 17:02:01,106508,Hertie-Parkhaus,417,504,0
2026-09-08 17:02:01,106509,Parkgarage Böhringer,97,150,1
2026-09-08 17:02:01,106513,TG Hotel Ibis City,39,0,0
2026-09-08 17:02:01,106521,Car Park Cristal,428,220,0
2026-09-08 17:02:01,106524,Parkhaus Oberanger,237,393,1
2026-09-08 17:02:01,301220,Tiefgarage Karstadt Oberpollinger,120,357,1
2026-09-08 17:02:01,301234,Pschorr-Garage,49,160,1
2026-09-08 17:02:01,301236,Marienplatz-Großgarage,161,220,0
2026-09-08 17:02:01,301264,Parkhaus Hopfenpost,190,230,0
2026-09-08 17:02:01,301270,Parkhaus Marsstr. 11,216,526,1
2026-09-08 17:02:01,301271,Tiefgarage am Hauptbahnhof,0,79,0
2026-09-08 17:02:01,301272,Tiefgarage Stachus Einkaufszentrum,155,336,1
2026-09-08 17:02:01,301277,Parkhaus Elisenhof,118,165,1
2026-09-08 17:02:01,401004,PH Hauptbahnhof Süd,104,197,1
2026-09-08 17:02:01,401010,Parkhaus am Hofbräuhaus,151,413,1
2026-09-08 17:02:01,401055,Parkhaus Schrannenhalle,51,147,1
2026-09-08 17:02:01,401060,Königshof-Parking,74,102,1
2026-09-08 17:02:01,401062,Parkhaus am Salvatorplatz,166,309,1
2026-09-08 17:02:01,106525,Parkhaus am Hauptbahnhof,0,223,0
2026-09-08 18:02:02,106501,Parkhaus am Stachus,390,390,0
2026-09-08 18:02:02,106504,City-Parkhaus am Färbergraben,243,350,1
2026-09-08 18:02:02,106505,Parkgarage Rieger-City,205,266,0
2026-09-08 18:02:02,106506,Sonnenhof Parkgarage,21,77,0
2026-09-08 18:02:02,106507,Tiefgarage vor der Oper,122,275,1
2026-09-08 18:02:02,106508,Hertie-Parkhaus,417,504,0
2026-09-08 18:02:02,106509,Parkgarage Böhringer,107,150,1
2026-09-08 18:02:02,106513,TG Hotel Ibis City,39,0,0
2026-09-08 18:02:02,106521,Car Park Cristal,428,220,0
2026-09-08 18:02:02,106524,Parkhaus Oberanger,283,393,1
2026-09-08 18:02:02,301220,Tiefgarage Karstadt Oberpollinger,119,357,1
2026-09-08 18:02:02,301234,Pschorr-Garage,58,160,1
2026-09-08 18:02:02,301236,Marienplatz-Großgarage,161,220,0
2026-09-08 18:02:02,301264,Parkhaus Hopfenpost,190,230,0
2026-09-08 18:02:02,301270,Parkhaus Marsstr. 11,219,526,1
2026-09-08 18:02:02,301271,Tiefgarage am Hauptbahnhof,0,79,0
2026-09-08 18:02:02,301272,Tiefgarage Stachus Einkaufszentrum,162,336,1
2026-09-08 18:02:02,301277,Parkhaus Elisenhof,124,165,1
2026-09-08 18:02:02,401004,PH Hauptbahnhof Süd,108,197,1
2026-09-08 18:02:02,401010,Parkhaus am Hofbräuhaus,184,413,1
2026-09-08 18:02:02,401055,Parkhaus Schrannenhalle,45,147,1
2026-09-08 18:02:02,401060,Königshof-Parking,71,102,1
2026-09-08 18:02:02,401062,Parkhaus am Salvatorplatz,196,309,1
2026-09-08 18:02:02,106525,Parkhaus am Hauptbahnhof,0,223,0
2026-09-08 19:02:01,106501,Parkhaus am Stachus,390,390,0
2026-09-08 19:02:01,106504,City-Parkhaus am Färbergraben,264,350,1
2026-09-08 19:02:01,106505,Parkgarage Rieger-City,205,266,0
2026-09-08 19:02:01,106506,Sonnenhof Parkgarage,21,77,0
2026-09-08 19:02:01,106507,Tiefgarage vor der Oper,123,275,1
2026-09-08 19:02:01,106508,Hertie-Parkhaus,417,504,0
2026-09-08 19:02:01,106509,Parkgarage Böhringer,101,150,1
2026-09-08 19:02:01,106513,TG Hotel Ibis City,39,0,0
2026-09-08 19:02:01,106521,Car Park Cristal,428,220,0
2026-09-08 19:02:01,106524,Parkhaus Oberanger,295,393,1
2026-09-08 19:02:01,301220,Tiefgarage Karstadt Oberpollinger,149,357,1
2026-09-08 19:02:01,301234,Pschorr-Garage,61,160,1
2026-09-08 19:02:01,301236,Marienplatz-Großgarage,161,220,0
2026-09-08 19:02:01,301264,Parkhaus Hopfenpost,190,230,0
2026-09-08 19:02:01,301270,Parkhaus Marsstr. 11,221,526,1
2026-09-08 19:02:01,301271,Tiefgarage am Hauptbahnhof,0,79,0
2026-09-08 19:02:01,301272,Tiefgarage Stachus Einkaufszentrum,167,336,1
2026-09-08 19:02:01,301277,Parkhaus Elisenhof,123,165,1
2026-09-08 19:02:01,401004,PH Hauptbahnhof Süd,108,197,1
2026-09-08 19:02:01,401010,Parkhaus am Hofbräuhaus,184,413,1
2026-09-08 19:02:01,401055,Parkhaus Schrannenhalle,46,151,1
2026-09-08 19:02:01,401060,Königshof-Parking,69,102,1
2026-09-08 19:02:01,401062,Parkhaus am Salvatorplatz,214,309,1
2026-09-08 19:02:01,106525,Parkhaus am Hauptbahnhof,0,223,0
2026-09-08 20:02:01,106501,Parkhaus am Stachus,390,390,0
2026-09-08 20:02:01,106504,City-Parkhaus am Färbergraben,296,350,1
2026-09-08 20:02:01,106505,Parkgarage Rieger-City,205,266,0
2026-09-08 20:02:01,106506,Sonnenhof Parkgarage,21,77,0
2026-09-08 20:02:01,106507,Tiefgarage vor der Oper,146,275,1
2026-09-08 20:02:01,106508,Hertie-Parkhaus,417,504,0
2026-09-08 20:02:01,106509,Parkgarage Böhringer,96,150,1
2026-09-08 20:02:01,106513,TG Hotel Ibis City,39,0,0
2026-09-08 20:02:01,106521,Car Park Cristal,428,220,0
2026-09-08 20:02:01,106524,Parkhaus Oberanger,315,393,1
2026-09-08 20:02:01,301220,Tiefgarage Karstadt Oberpollinger,178,357,1
2026-09-08 20:02:01,301234,Pschorr-Garage,76,160,1
2026-09-08 20:02:01,301236,Marienplatz-Großgarage,161,220,0
2026-09-08 20:02:01,301264,Parkhaus Hopfenpost,190,230,0
2026-09-08 20:02:01,301270,Parkhaus Marsstr. 11,213,526,1
2026-09-08 20:02:01,301271,Tiefgarage am Hauptbahnhof,0,79,0
2026-09-08 20:02:01,301272,Tiefgarage Stachus Einkaufszentrum,166,336,1
2026-09-08 20:02:01,301277,Parkhaus Elisenhof,128,165,1
2026-09-08 20:02:01,401004,PH Hauptbahnhof Süd,100,197,1
2026-09-08 20:02:01,401010,Parkhaus am Hofbräuhaus,197,413,1
2026-09-08 20:02:01,401055,Parkhaus Schrannenhalle,67,157,1
2026-09-08 20:02:01,401060,Königshof-Parking,69,102,1
2026-09-08 20:02:01,401062,Parkhaus am Salvatorplatz,247,309,1
2026-09-08 20:02:01,106525,Parkhaus am Hauptbahnhof,0,223,0
2026-09-08 21:02:01,106501,Parkhaus am Stachus,390,390,0
2026-09-08 21:02:01,106504,City-Parkhaus am Färbergraben,320,350,1
2026-09-08 21:02:01,106505,Parkgarage Rieger-City,205,266,0
2026-09-08 21:02:01,106506,Sonnenhof Parkgarage,21,77,0
2026-09-08 21:02:01,106507,Tiefgarage vor der Oper,180,275,1
2026-09-08 21:02:01,106508,Hertie-Parkhaus,417,504,0
2026-09-08 21:02:01,106509,Parkgarage Böhringer,103,150,1
2026-09-08 21:02:01,106513,TG Hotel Ibis City,39,0,0
2026-09-08 21:02:01,106521,Car Park Cristal,428,220,0
2026-09-08 21:02:01,106524,Parkhaus Oberanger,338,393,1
2026-09-08 21:02:01,301220,Tiefgarage Karstadt Oberpollinger,192,357,1
2026-09-08 21:02:01,301234,Pschorr-Garage,93,160,1
2026-09-08 21:02:01,301236,Marienplatz-Großgarage,161,220,0
2026-09-08 21:02:01,301264,Parkhaus Hopfenpost,190,230,0
2026-09-08 21:02:01,301270,Parkhaus Marsstr. 11,201,526,1
2026-09-08 21:02:01,301271,Tiefgarage am Hauptbahnhof,0,79,0
2026-09-08 21:02:01,301272,Tiefgarage Stachus Einkaufszentrum,163,336,1
2026-09-08 21:02:01,301277,Parkhaus Elisenhof,135,165,1
2026-09-08 21:02:01,401004,PH Hauptbahnhof Süd,99,197,1
2026-09-08 21:02:01,401010,Parkhaus am Hofbräuhaus,239,413,1
2026-09-08 21:02:01,401055,Parkhaus Schrannenhalle,81,157,1
2026-09-08 21:02:01,401060,Königshof-Parking,73,102,1
2026-09-08 21:02:01,401062,Parkhaus am Salvatorplatz,248,309,1
2026-09-08 21:02:01,106525,Parkhaus am Hauptbahnhof,0,223,0
2026-09-08 22:02:01,106501,Parkhaus am Stachus,390,390,0
2026-09-08 22:02:01,106504,City-Parkhaus am Färbergraben,332,350,1
2026-09-08 22:02:01,106505,Parkgarage Rieger-City,205,266,0
2026-09-08 22:02:01,106506,Sonnenhof Parkgarage,21,77,0
2026-09-08 22:02:01,106507,Tiefgarage vor der Oper,235,275,1
2026-09-08 22:02:01,106508,Hertie-Parkhaus,417,504,0
2026-09-08 22:02:01,106509,Parkgarage Böhringer,114,150,1
2026-09-08 22:02:01,106513,TG Hotel Ibis City,39,0,0
2026-09-08 22:02:01,106521,Car Park Cristal,428,220,0
2026-09-08 22:02:01,106524,Parkhaus Oberanger,359,393,1
2026-09-08 22:02:01,301220,Tiefgarage Karstadt Oberpollinger,223,357,1
2026-09-08 22:02:01,301234,Pschorr-Garage,109,160,1
2026-09-08 22:02:01,301236,Marienplatz-Großgarage,161,220,0
2026-09-08 22:02:01,301264,Parkhaus Hopfenpost,190,230,0
2026-09-08 22:02:01,301270,Parkhaus Marsstr. 11,188,526,1
2026-09-08 22:02:01,301271,Tiefgarage am Hauptbahnhof,0,79,0
2026-09-08 22:02:01,301272,Tiefgarage Stachus Einkaufszentrum,163,336,1
2026-09-08 22:02:01,301277,Parkhaus Elisenhof,137,165,1
2026-09-08 22:02:01,401004,PH Hauptbahnhof Süd,97,197,1
2026-09-08 22:02:01,401010,Parkhaus am Hofbräuhaus,269,413,1
2026-09-08 22:02:01,401055,Parkhaus Schrannenhalle,113,157,1
2026-09-08 22:02:01,401060,Königshof-Parking,80,102,1
2026-09-08 22:02:01,401062,Parkhaus am Salvatorplatz,261,309,1
2026-09-08 22:02:01,106525,Parkhaus am Hauptbahnhof,0,223,0
2026-09-08 23:02:01,106501,Parkhaus am Stachus,390,390,0
2026-09-08 23:02:01,106504,City-Parkhaus am Färbergraben,342,350,1
2026-09-08 23:02:01,106505,Parkgarage Rieger-City,205,266,0
2026-09-08 23:02:01,106506,Sonnenhof Parkgarage,21,77,0
2026-09-08 23:02:01,106507,Tiefgarage vor der Oper,268,275,1
2026-09-08 23:02:01,106508,Hertie-Parkhaus,417,504,0
2026-09-08 23:02:01,106509,Parkgarage Böhringer,131,150,1
2026-09-08 23:02:01,106513,TG Hotel Ibis City,39,0,0
2026-09-08 23:02:01,106521,Car Park Cristal,428,220,0
2026-09-08 23:02:01,106524,Parkhaus Oberanger,371,393,1
2026-09-08 23:02:01,301220,Tiefgarage Karstadt Oberpollinger,251,357,1
2026-09-08 23:02:01,301234,Pschorr-Garage,119,160,1
2026-09-08 23:02:01,301236,Marienplatz-Großgarage,161,220,0
2026-09-08 23:02:01,301264,Parkhaus Hopfenpost,190,230,0
2026-09-08 23:02:01,301270,Parkhaus Marsstr. 11,188,526,1
2026-09-08 23:02:01,301271,Tiefgarage am Hauptbahnhof,0,79,0
2026-09-08 23:02:01,301272,Tiefgarage Stachus Einkaufszentrum,168,336,1
2026-09-08 23:02:01,301277,Parkhaus Elisenhof,147,165,1
2026-09-08 23:02:01,401004,PH Hauptbahnhof Süd,99,197,1
2026-09-08 23:02:01,401010,Parkhaus am Hofbräuhaus,307,413,1
2026-09-08 23:02:01,401055,Parkhaus Schrannenhalle,120,147,1
2026-09-08 23:02:01,401060,Königshof-Parking,83,102,1
2026-09-08 23:02:01,401062,Parkhaus am Salvatorplatz,275,309,1
2026-09-08 23:02:01,106525,Parkhaus am Hauptbahnhof,0,223,0
2026-09-09 00:02:01,106501,Parkhaus am Stachus,390,390,0
2026-09-09 00:02:01,106504,City-Parkhaus am Färbergraben,0,350,1
2026-09-09 00:02:01,106505,Parkgarage Rieger-City,205,266,0
2026-09-09 00:02:01,106506,Sonnenhof Parkgarage,21,77,0
2026-09-09 00:02:01,106507,Tiefgarage vor der Oper,274,275,1
2026-09-09 00:02:01,106508,Hertie-Parkhaus,417,504,0
2026-09-09 00:02:01,106509,Parkgarage Böhringer,138,150,1
2026-09-09 00:02:01,106513,TG Hotel Ibis City,39,0,0
2026-09-09 00:02:01,106521,Car Park Cristal,428,220,0
2026-09-09 00:02:01,106524,Parkhaus Oberanger,373,393,1
2026-09-09 00:02:01,301220,Tiefgarage Karstadt Oberpollinger,271,357,1
2026-09-09 00:02:01,301234,Pschorr-Garage,123,160,1
2026-09-09 00:02:01,301236,Marienplatz-Großgarage,161,220,0
2026-09-09 00:02:01,301264,Parkhaus Hopfenpost,190,230,0
2026-09-09 00:02:01,301270,Parkhaus Marsstr. 11,188,526,1
2026-09-09 00:02:01,301271,Tiefgarage am Hauptbahnhof,0,79,0
2026-09-09 00:02:01,301272,Tiefgarage Stachus Einkaufszentrum,169,336,1
2026-09-09 00:02:01,301277,Parkhaus Elisenhof,149,165,1
2026-09-09 00:02:01,401004,PH Hauptbahnhof Süd,99,197,1
2026-09-09 00:02:01,401010,Parkhaus am Hofbräuhaus,270,373,1
2026-09-09 00:02:01,401055,Parkhaus Schrannenhalle,123,147,1
2026-09-09 00:02:01,401060,Königshof-Parking,85,102,1
2026-09-09 00:02:01,401062,Parkhaus am Salvatorplatz,277,309,1
2026-09-09 00:02:01,106525,Parkhaus am Hauptbahnhof,0,223,0
2026-09-09 01:02:01,106501,Parkhaus am Stachus,390,390,0
2026-09-09 01:02:01,106504,City-Parkhaus am Färbergraben,0,350,1
2026-09-09 01:02:01,106505,Parkgarage Rieger-City,205,266,0
2026-09-09 01:02:01,106506,Sonnenhof Parkgarage,21,77,0
2026-09-09 01:02:01,106507,Tiefgarage vor der Oper,261,275,1
2026-09-09 01:02:01,106508,Hertie-Parkhaus,417,504,0
2026-09-09 01:02:01,106509,Parkgarage Böhringer,139,150,1
2026-09-09 01:02:01,106513,TG Hotel Ibis City,39,0,0
2026-09-09 01:02:01,106521,Car Park Cristal,428,220,0
2026-09-09 01:02:01,106524,Parkhaus Oberanger,375,393,1
2026-09-09 01:02:01,301220,Tiefgarage Karstadt Oberpollinger,283,357,1
2026-09-09 01:02:01,301234,Pschorr-Garage,123,160,1
2026-09-09 01:02:01,301236,Marienplatz-Großgarage,161,220,0
2026-09-09 01:02:01,301264,Parkhaus Hopfenpost,190,230,0
2026-09-09 01:02:01,301270,Parkhaus Marsstr. 11,188,526,1
2026-09-09 01:02:01,301271,Tiefgarage am Hauptbahnhof,0,79,0
2026-09-09 01:02:01,301272,Tiefgarage Stachus Einkaufszentrum,165,336,1
2026-09-09 01:02:01,301277,Parkhaus Elisenhof,149,165,1
2026-09-09 01:02:01,401004,PH Hauptbahnhof Süd,100,197,1
2026-09-09 01:02:01,401010,Parkhaus am Hofbräuhaus,273,373,1
2026-09-09 01:02:01,401055,Parkhaus Schrannenhalle,124,147,1
2026-09-09 01:02:01,401060,Königshof-Parking,87,102,1
2026-09-09 01:02:01,401062,Parkhaus am Salvatorplatz,277,309,1
2026-09-09 01:02:01,106525,Parkhaus am Hauptbahnhof,0,223,0
2026-09-09 02:02:01,106501,Parkhaus am Stachus,390,390,0
2026-09-09 02:02:01,106504,City-Parkhaus am Färbergraben,0,350,1
2026-09-09 02:02:01,106505,Parkgarage Rieger-City,205,266,0
2026-09-09 02:02:01,106506,Sonnenhof Parkgarage,21,77,0
2026-09-09 02:02:01,106507,Tiefgarage vor der Oper,262,275,1
2026-09-09 02:02:01,106508,Hertie-Parkhaus,417,504,0
2026-09-09 02:02:01,106509,Parkgarage Böhringer,139,150,1
2026-09-09 02:02:01,106513,TG Hotel Ibis City,39,0,0
2026-09-09 02:02:01,106521,Car Park Cristal,428,220,0
2026-09-09 02:02:01,106524,Parkhaus Oberanger,376,393,1
2026-09-09 02:02:01,301220,Tiefgarage Karstadt Oberpollinger,287,357,1
2026-09-09 02:02:01,301234,Pschorr-Garage,123,160,1
2026-09-09 02:02:01,301236,Marienplatz-Großgarage,161,220,0
2026-09-09 02:02:01,301264,Parkhaus Hopfenpost,190,230,0
2026-09-09 02:02:01,301270,Parkhaus Marsstr. 11,188,526,1
2026-09-09 02:02:01,301271,Tiefgarage am Hauptbahnhof,0,79,0
2026-09-09 02:02:01,301272,Tiefgarage Stachus Einkaufszentrum,161,336,1
2026-09-09 02:02:01,301277,Parkhaus Elisenhof,149,165,1
2026-09-09 02:02:01,401004,PH Hauptbahnhof Süd,102,197,1
2026-09-09 02:02:01,401010,Parkhaus am Hofbräuhaus,276,373,1
2026-09-09 02:02:01,401055,Parkhaus Schrannenhalle,125,147,1
2026-09-09 02:02:01,401060,Königshof-Parking,87,102,1
2026-09-09 02:02:01,401062,Parkhaus am Salvatorplatz,277,309,1
2026-09-09 02:02:01,106525,Parkhaus am Hauptbahnhof,0,223,0
2026-09-09 03:02:01,106501,Parkhaus am Stachus,390,390,0
2026-09-09 03:02:01,106504,City-Parkhaus am Färbergraben,0,350,1
2026-09-09 03:02:01,106505,Parkgarage Rieger-City,205,266,0
2026-09-09 03:02:01,106506,Sonnenhof Parkgarage,21,77,0
2026-09-09 03:02:01,106507,Tiefgarage vor der Oper,262,275,1
2026-09-09 03:02:01,106508,Hertie-Parkhaus,417,504,0
2026-09-09 03:02:01,106509,Parkgarage Böhringer,139,150,1
2026-09-09 03:02:01,106513,TG Hotel Ibis City,39,0,0
2026-09-09 03:02:01,106521,Car Park Cristal,428,220,0
2026-09-09 03:02:01,106524,Parkhaus Oberanger,376,393,1
2026-09-09 03:02:01,301220,Tiefgarage Karstadt Oberpollinger,287,357,1
2026-09-09 03:02:01,301234,Pschorr-Garage,123,160,1
2026-09-09 03:02:01,301236,Marienplatz-Großgarage,161,220,0
2026-09-09 03:02:01,301264,Parkhaus Hopfenpost,190,230,0
2026-09-09 03:02:01,301270,Parkhaus Marsstr. 11,188,526,1
2026-09-09 03:02:01,301271,Tiefgarage am Hauptbahnhof,0,79,0
2026-09-09 03:02:01,301272,Tiefgarage Stachus Einkaufszentrum,158,336,1
2026-09-09 03:02:01,301277,Parkhaus Elisenhof,149,165,1
2026-09-09 03:02:01,401004,PH Hauptbahnhof Süd,102,197,1
2026-09-09 03:02:01,401010,Parkhaus am Hofbräuhaus,276,373,1
2026-09-09 03:02:01,401055,Parkhaus Schrannenhalle,125,147,1
2026-09-09 03:02:01,401060,Königshof-Parking,87,102,1
2026-09-09 03:02:01,401062,Parkhaus am Salvatorplatz,278,309,1
2026-09-09 03:02:01,106525,Parkhaus am Hauptbahnhof,0,223,0
2026-09-09 04:02:01,106501,Parkhaus am Stachus,390,390,0
2026-09-09 04:02:01,106504,City-Parkhaus am Färbergraben,0,350,1
2026-09-09 04:02:01,106505,Parkgarage Rieger-City,205,266,0
2026-09-09 04:02:01,106506,Sonnenhof Parkgarage,21,77,0
2026-09-09 04:02:01,106507,Tiefgarage vor der Oper,262,275,1
2026-09-09 04:02:01,106508,Hertie-Parkhaus,417,504,0
2026-09-09 04:02:01,106509,Parkgarage Böhringer,139,150,1
2026-09-09 04:02:01,106513,TG Hotel Ibis City,39,0,0
2026-09-09 04:02:01,106521,Car Park Cristal,428,220,0
2026-09-09 04:02:01,106524,Parkhaus Oberanger,376,393,1
2026-09-09 04:02:01,301220,Tiefgarage Karstadt Oberpollinger,288,357,1
2026-09-09 04:02:01,301234,Pschorr-Garage,124,160,1
2026-09-09 04:02:01,301236,Marienplatz-Großgarage,161,220,0
2026-09-09 04:02:01,301264,Parkhaus Hopfenpost,190,230,0
2026-09-09 04:02:01,301270,Parkhaus Marsstr. 11,188,526,1
2026-09-09 04:02:01,301271,Tiefgarage am Hauptbahnhof,0,79,0
2026-09-09 04:02:01,301272,Tiefgarage Stachus Einkaufszentrum,157,336,1
2026-09-09 04:02:01,301277,Parkhaus Elisenhof,149,165,1
2026-09-09 04:02:01,401004,PH Hauptbahnhof Süd,102,197,1
2026-09-09 04:02:01,401010,Parkhaus am Hofbräuhaus,276,373,1
2026-09-09 04:02:01,401055,Parkhaus Schrannenhalle,125,147,1
2026-09-09 04:02:01,401060,Königshof-Parking,87,102,1
2026-09-09 04:02:01,401062,Parkhaus am Salvatorplatz,277,309,1
2026-09-09 04:02:01,106525,Parkhaus am Hauptbahnhof,0,223,0
2026-09-09 05:02:01,106501,Parkhaus am Stachus,390,390,0
2026-09-09 05:02:01,106504,City-Parkhaus am Färbergraben,0,350,1
2026-09-09 05:02:01,106505,Parkgarage Rieger-City,205,266,0
2026-09-09 05:02:01,106506,Sonnenhof Parkgarage,21,77,0
2026-09-09 05:02:01,106507,Tiefgarage vor der Oper,262,275,1
2026-09-09 05:02:01,106508,Hertie-Parkhaus,417,504,0
2026-09-09 05:02:01,106509,Parkgarage Böhringer,139,150,1
2026-09-09 05:02:01,106513,TG Hotel Ibis City,39,0,0
2026-09-09 05:02:01,106521,Car Park Cristal,428,220,0
2026-09-09 05:02:01,106524,Parkhaus Oberanger,376,393,1
2026-09-09 05:02:01,301220,Tiefgarage Karstadt Oberpollinger,288,357,1
2026-09-09 05:02:01,301234,Pschorr-Garage,124,160,1
2026-09-09 05:02:01,301236,Marienplatz-Großgarage,161,220,0
2026-09-09 05:02:01,301264,Parkhaus Hopfenpost,190,230,0
2026-09-09 05:02:01,301270,Parkhaus Marsstr. 11,188,526,1
2026-09-09 05:02:01,301271,Tiefgarage am Hauptbahnhof,0,79,0
2026-09-09 05:02:01,301272,Tiefgarage Stachus Einkaufszentrum,157,336,1
2026-09-09 05:02:01,301277,Parkhaus Elisenhof,147,165,1
2026-09-09 05:02:01,401004,PH Hauptbahnhof Süd,103,197,1
2026-09-09 05:02:01,401010,Parkhaus am Hofbräuhaus,275,373,1
2026-09-09 05:02:01,401055,Parkhaus Schrannenhalle,125,147,1
2026-09-09 05:02:01,401060,Königshof-Parking,87,102,1
2026-09-09 05:02:01,401062,Parkhaus am Salvatorplatz,277,309,1
2026-09-09 05:02:01,106525,Parkhaus am Hauptbahnhof,0,223,0
2026-09-09 06:02:01,106501,Parkhaus am Stachus,390,390,0
2026-09-09 06:02:01,106504,City-Parkhaus am Färbergraben,0,350,1
2026-09-09 06:02:01,106505,Parkgarage Rieger-City,205,266,0
2026-09-09 06:02:01,106506,Sonnenhof Parkgarage,21,77,0
2026-09-09 06:02:01,106507,Tiefgarage vor der Oper,260,275,1
2026-09-09 06:02:01,106508,Hertie-Parkhaus,417,504,0
2026-09-09 06:02:01,106509,Parkgarage Böhringer,139,150,1
2026-09-09 06:02:01,106513,TG Hotel Ibis City,39,0,0
2026-09-09 06:02:01,106521,Car Park Cristal,428,220,0
2026-09-09 06:02:01,106524,Parkhaus Oberanger,376,393,1
2026-09-09 06:02:01,301220,Tiefgarage Karstadt Oberpollinger,288,357,1
2026-09-09 06:02:01,301234,Pschorr-Garage,124,160,1
2026-09-09 06:02:01,301236,Marienplatz-Großgarage,161,220,0
2026-09-09 06:02:01,301264,Parkhaus Hopfenpost,190,230,0
2026-09-09 06:02:01,301270,Parkhaus Marsstr. 11,183,526,1
2026-09-09 06:02:01,301271,Tiefgarage am Hauptbahnhof,0,79,0
2026-09-09 06:02:01,301272,Tiefgarage Stachus Einkaufszentrum,157,336,1
2026-09-09 06:02:01,301277,Parkhaus Elisenhof,147,165,1
2026-09-09 06:02:01,401004,PH Hauptbahnhof Süd,103,197,1
2026-09-09 06:02:01,401010,Parkhaus am Hofbräuhaus,275,373,1
2026-09-09 06:02:01,401055,Parkhaus Schrannenhalle,126,147,1
2026-09-09 06:02:01,401060,Königshof-Parking,87,102,1
2026-09-09 06:02:01,401062,Parkhaus am Salvatorplatz,277,309,1
2026-09-09 06:02:01,106525,Parkhaus am Hauptbahnhof,0,223,0
2026-09-09 07:02:01,106501,Parkhaus am Stachus,390,390,0
2026-09-09 07:02:01,106504,City-Parkhaus am Färbergraben,340,350,1
2026-09-09 07:02:01,106505,Parkgarage Rieger-City,205,266,0
2026-09-09 07:02:01,106506,Sonnenhof Parkgarage,21,77,0
2026-09-09 07:02:01,106507,Tiefgarage vor der Oper,257,275,1
2026-09-09 07:02:01,106508,Hertie-Parkhaus,417,504,0
2026-09-09 07:02:01,106509,Parkgarage Böhringer,133,150,1
2026-09-09 07:02:01,106513,TG Hotel Ibis City,39,0,0
2026-09-09 07:02:01,106521,Car Park Cristal,428,220,0
2026-09-09 07:02:01,106524,Parkhaus Oberanger,371,393,1
2026-09-09 07:02:01,301220,Tiefgarage Karstadt Oberpollinger,288,357,1
2026-09-09 07:02:01,301234,Pschorr-Garage,122,160,1
2026-09-09 07:02:01,301236,Marienplatz-Großgarage,161,220,0
2026-09-09 07:02:01,301264,Parkhaus Hopfenpost,190,230,0
2026-09-09 07:02:01,301270,Parkhaus Marsstr. 11,180,526,1
2026-09-09 07:02:01,301271,Tiefgarage am Hauptbahnhof,0,79,0
2026-09-09 07:02:01,301272,Tiefgarage Stachus Einkaufszentrum,159,336,1
2026-09-09 07:02:01,301277,Parkhaus Elisenhof,145,165,1
2026-09-09 07:02:01,401004,PH Hauptbahnhof Süd,104,197,1
2026-09-09 07:02:01,401010,Parkhaus am Hofbräuhaus,272,373,1
2026-09-09 07:02:01,401055,Parkhaus Schrannenhalle,123,147,1
2026-09-09 07:02:01,401060,Königshof-Parking,88,102,1
2026-09-09 07:02:01,401062,Parkhaus am Salvatorplatz,277,309,1
2026-09-09 07:02:01,106525,Parkhaus am Hauptbahnhof,0,223,0
2026-09-09 08:02:01,106501,Parkhaus am Stachus,390,390,0
2026-09-09 08:02:01,106504,City-Parkhaus am Färbergraben,330,350,1
2026-09-09 08:02:01,106505,Parkgarage Rieger-City,205,266,0
2026-09-09 08:02:01,106506,Sonnenhof Parkgarage,21,77,0
2026-09-09 08:02:01,106507,Tiefgarage vor der Oper,233,275,1
2026-09-09 08:02:01,106508,Hertie-Parkhaus,417,504,0
2026-09-09 08:02:01,106509,Parkgarage Böhringer,129,150,1
2026-09-09 08:02:01,106513,TG Hotel Ibis City,39,0,0
2026-09-09 08:02:01,106521,Car Park Cristal,428,220,0
2026-09-09 08:02:01,106524,Parkhaus Oberanger,341,393,1
2026-09-09 08:02:01,301220,Tiefgarage Karstadt Oberpollinger,289,357,1
2026-09-09 08:02:01,301234,Pschorr-Garage,130,160,1
2026-09-09 08:02:01,301236,Marienplatz-Großgarage,161,220,0
2026-09-09 08:02:01,301264,Parkhaus Hopfenpost,190,230,0
2026-09-09 08:02:01,301270,Parkhaus Marsstr. 11,179,526,1
2026-09-09 08:02:01,301271,Tiefgarage am Hauptbahnhof,0,79,0
2026-09-09 08:02:01,301272,Tiefgarage Stachus Einkaufszentrum,156,336,1
2026-09-09 08:02:01,301277,Parkhaus Elisenhof,140,165,1
2026-09-09 08:02:01,401004,PH Hauptbahnhof Süd,104,197,1
2026-09-09 08:02:01,401010,Parkhaus am Hofbräuhaus,301,413,1
2026-09-09 08:02:01,401055,Parkhaus Schrannenhalle,117,147,1
2026-09-09 08:02:01,401060,Königshof-Parking,86,102,1
2026-09-09 08:02:01,401062,Parkhaus am Salvatorplatz,275,309,1
2026-09-09 08:02:01,106525,Parkhaus am Hauptbahnhof,0,223,0
2026-09-09 09:02:01,106501,Parkhaus am Stachus,390,390,0
2026-09-09 09:02:01,106504,City-Parkhaus am Färbergraben,306,350,1
2026-09-09 09:02:01,106505,Parkgarage Rieger-City,205,266,0
2026-09-09 09:02:01,106506,Sonnenhof Parkgarage,21,77,0
2026-09-09 09:02:01,106507,Tiefgarage vor der Oper,192,275,1
2026-09-09 09:02:01,106508,Hertie-Parkhaus,417,504,0
2026-09-09 09:02:01,106509,Parkgarage Böhringer,125,150,1
2026-09-09 09:02:01,106513,TG Hotel Ibis City,39,0,0
2026-09-09 09:02:01,106521,Car Park Cristal,428,220,0
2026-09-09 09:02:01,106524,Parkhaus Oberanger,314,393,1
2026-09-09 09:02:01,301220,Tiefgarage Karstadt Oberpollinger,289,357,1
2026-09-09 09:02:01,301234,Pschorr-Garage,115,160,1
2026-09-09 09:02:01,301236,Marienplatz-Großgarage,161,220,0
2026-09-09 09:02:01,301264,Parkhaus Hopfenpost,190,230,0
2026-09-09 09:02:01,301270,Parkhaus Marsstr. 11,180,526,1
2026-09-09 09:02:01,301271,Tiefgarage am Hauptbahnhof,0,79,0
2026-09-09 09:02:01,301272,Tiefgarage Stachus Einkaufszentrum,143,336,1
2026-09-09 09:02:01,301277,Parkhaus Elisenhof,135,165,1
2026-09-09 09:02:01,401004,PH Hauptbahnhof Süd,120,197,1
2026-09-09 09:02:01,401010,Parkhaus am Hofbräuhaus,276,413,1
2026-09-09 09:02:01,401055,Parkhaus Schrannenhalle,110,147,1
2026-09-09 09:02:01,401060,Königshof-Parking,86,102,1
2026-09-09 09:02:01,401062,Parkhaus am Salvatorplatz,247,309,1
2026-09-09 09:02:01,106525,Parkhaus am Hauptbahnhof,0,223,0
2026-09-09 10:02:01,106501,Parkhaus am Stachus,390,390,0
2026-09-09 10:02:01,106504,City-Parkhaus am Färbergraben,279,350,1
2026-09-09 10:02:01,106505,Parkgarage Rieger-City,205,266,0
2026-09-09 10:02:01,106506,Sonnenhof Parkgarage,21,77,0
2026-09-09 10:02:01,106507,Tiefgarage vor der Oper,127,275,1
2026-09-09 10:02:01,106508,Hertie-Parkhaus,417,504,0
2026-09-09 10:02:01,106509,Parkgarage Böhringer,97,150,1
2026-09-09 10:02:01,106513,TG Hotel Ibis City,39,0,0
2026-09-09 10:02:01,106521,Car Park Cristal,428,220,0
2026-09-09 10:02:01,106524,Parkhaus Oberanger,254,393,1
2026-09-09 10:02:01,301220,Tiefgarage Karstadt Oberpollinger,285,357,1
2026-09-09 10:02:01,301234,Pschorr-Garage,85,160,1
2026-09-09 10:02:01,301236,Marienplatz-Großgarage,161,220,0
2026-09-09 10:02:01,301264,Parkhaus Hopfenpost,190,230,0
2026-09-09 10:02:01,301270,Parkhaus Marsstr. 11,182,526,1
2026-09-09 10:02:01,301271,Tiefgarage am Hauptbahnhof,0,79,0
2026-09-09 10:02:01,301272,Tiefgarage Stachus Einkaufszentrum,130,336,1
2026-09-09 10:02:01,301277,Parkhaus Elisenhof,120,165,1
2026-09-09 10:02:01,401004,PH Hauptbahnhof Süd,122,197,1
2026-09-09 10:02:01,401010,Parkhaus am Hofbräuhaus,207,413,1
2026-09-09 10:02:01,401055,Parkhaus Schrannenhalle,74,147,1
2026-09-09 10:02:01,401060,Königshof-Parking,81,102,1
2026-09-09 10:02:01,401062,Parkhaus am Salvatorplatz,188,309,1
2026-09-09 10:02:01,106525,Parkhaus am Hauptbahnhof,0,223,0
2026-09-09 11:02:02,106501,Parkhaus am Stachus,390,390,0
2026-09-09 11:02:02,106504,City-Parkhaus am Färbergraben,227,350,1
2026-09-09 11:02:02,106505,Parkgarage Rieger-City,205,266,0
2026-09-09 11:02:02,106506,Sonnenhof Parkgarage,21,77,0
2026-09-09 11:02:02,106507,Tiefgarage vor der Oper,33,275,1
2026-09-09 11:02:02,106508,Hertie-Parkhaus,417,504,0
2026-09-09 11:02:02,106509,Parkgarage Böhringer,66,150,1
2026-09-09 11:02:02,106513,TG Hotel Ibis City,39,0,0
2026-09-09 11:02:02,106521,Car Park Cristal,428,220,0
2026-09-09 11:02:02,106524,Parkhaus Oberanger,194,393,1
2026-09-09 11:02:02,301220,Tiefgarage Karstadt Oberpollinger,271,357,1
2026-09-09 11:02:02,301234,Pschorr-Garage,50,168,1
2026-09-09 11:02:02,301236,Marienplatz-Großgarage,161,220,0
2026-09-09 11:02:02,301264,Parkhaus Hopfenpost,190,230,0
2026-09-09 11:02:02,301270,Parkhaus Marsstr. 11,188,526,1
2026-09-09 11:02:02,301271,Tiefgarage am Hauptbahnhof,0,79,0
2026-09-09 11:02:02,301272,Tiefgarage Stachus Einkaufszentrum,130,336,1
2026-09-09 11:02:02,301277,Parkhaus Elisenhof,102,165,1
2026-09-09 11:02:02,401004,PH Hauptbahnhof Süd,146,197,1
2026-09-09 11:02:02,401010,Parkhaus am Hofbräuhaus,143,413,1
2026-09-09 11:02:02,401055,Parkhaus Schrannenhalle,32,147,1
2026-09-09 11:02:02,401060,Königshof-Parking,80,102,1
2026-09-09 11:02:02,401062,Parkhaus am Salvatorplatz,151,309,1
2026-09-09 11:02:02,106525,Parkhaus am Hauptbahnhof,0,223,0
2026-09-09 12:02:01,106501,Parkhaus am Stachus,390,390,0
2026-09-09 12:02:01,106504,City-Parkhaus am Färbergraben,194,350,1
2026-09-09 12:02:01,106505,Parkgarage Rieger-City,205,266,0
2026-09-09 12:02:01,106506,Sonnenhof Parkgarage,21,77,0
2026-09-09 12:02:01,106507,Tiefgarage vor der Oper,0,275,1
2026-09-09 12:02:01,106508,Hertie-Parkhaus,417,504,0
2026-09-09 12:02:01,106509,Parkgarage Böhringer,43,150,1
2026-09-09 12:02:01,106513,TG Hotel Ibis City,39,0,0
2026-09-09 12:02:01,106521,Car Park Cristal,428,220,0
2026-09-09 12:02:01,106524,Parkhaus Oberanger,185,393,1
2026-09-09 12:02:01,301220,Tiefgarage Karstadt Oberpollinger,241,357,1
2026-09-09 12:02:01,301234,Pschorr-Garage,29,165,1
2026-09-09 12:02:01,301236,Marienplatz-Großgarage,161,220,0
2026-09-09 12:02:01,301264,Parkhaus Hopfenpost,190,230,0
2026-09-09 12:02:01,301270,Parkhaus Marsstr. 11,186,526,1
2026-09-09 12:02:01,301271,Tiefgarage am Hauptbahnhof,0,79,0
2026-09-09 12:02:01,301272,Tiefgarage Stachus Einkaufszentrum,116,336,1
2026-09-09 12:02:01,301277,Parkhaus Elisenhof,94,165,1
2026-09-09 12:02:01,401004,PH Hauptbahnhof Süd,149,197,1
2026-09-09 12:02:01,401010,Parkhaus am Hofbräuhaus,121,413,1
2026-09-09 12:02:01,401055,Parkhaus Schrannenhalle,7,147,1
2026-09-09 12:02:01,401060,Königshof-Parking,73,102,1
2026-09-09 12:02:01,401062,Parkhaus am Salvatorplatz,139,309,1
2026-09-09 12:02:01,106525,Parkhaus am Hauptbahnhof,0,223,0
2026-09-09 13:02:01,106501,Parkhaus am Stachus,390,390,0
2026-09-09 13:02:01,106504,City-Parkhaus am Färbergraben,172,350,1
2026-09-09 13:02:01,106505,Parkgarage Rieger-City,205,266,0
2026-09-09 13:02:01,106506,Sonnenhof Parkgarage,21,77,0
2026-09-09 13:02:01,106507,Tiefgarage vor der Oper,0,275,1
2026-09-09 13:02:01,106508,Hertie-Parkhaus,417,504,0
2026-09-09 13:02:01,106509,Parkgarage Böhringer,38,150,1
2026-09-09 13:02:01,106513,TG Hotel Ibis City,39,0,0
2026-09-09 13:02:01,106521,Car Park Cristal,428,220,0
2026-09-09 13:02:01,106524,Parkhaus Oberanger,153,393,1
2026-09-09 13:02:01,301220,Tiefgarage Karstadt Oberpollinger,188,357,1
2026-09-09 13:02:01,301234,Pschorr-Garage,5,167,1
2026-09-09 13:02:01,301236,Marienplatz-Großgarage,161,220,0
2026-09-09 13:02:01,301264,Parkhaus Hopfenpost,190,230,0
2026-09-09 13:02:01,301270,Parkhaus Marsstr. 11,189,526,1
2026-09-09 13:02:01,301271,Tiefgarage am Hauptbahnhof,0,79,0
2026-09-09 13:02:01,301272,Tiefgarage Stachus Einkaufszentrum,124,336,1
2026-09-09 13:02:01,301277,Parkhaus Elisenhof,89,165,1
2026-09-09 13:02:01,401004,PH Hauptbahnhof Süd,151,197,1
2026-09-09 13:02:01,401010,Parkhaus am Hofbräuhaus,97,413,1
2026-09-09 13:02:01,401055,Parkhaus Schrannenhalle,1,147,1
2026-09-09 13:02:01,401060,Königshof-Parking,70,102,1
2026-09-09 13:02:01,401062,Parkhaus am Salvatorplatz,116,309,1
2026-09-09 13:02:01,106525,Parkhaus am Hauptbahnhof,0,223,0
2026-09-09 14:02:02,106501,Parkhaus am Stachus,390,390,0
2026-09-09 14:02:02,106504,City-Parkhaus am Färbergraben,176,350,1
2026-09-09 14:02:02,106505,Parkgarage Rieger-City,205,266,0
2026-09-09 14:02:02,106506,Sonnenhof Parkgarage,21,77,0
2026-09-09 14:02:02,106507,Tiefgarage vor der Oper,3,275,1
2026-09-09 14:02:02,106508,Hertie-Parkhaus,417,504,0
2026-09-09 14:02:02,106509,Parkgarage Böhringer,42,150,1
2026-09-09 14:02:02,106513,TG Hotel Ibis City,39,0,0
2026-09-09 14:02:02,106521,Car Park Cristal,428,220,0
2026-09-09 14:02:02,106524,Parkhaus Oberanger,156,393,1
2026-09-09 14:02:02,301220,Tiefgarage Karstadt Oberpollinger,157,357,1
2026-09-09 14:02:02,301234,Pschorr-Garage,8,167,1
2026-09-09 14:02:02,301236,Marienplatz-Großgarage,161,220,0
2026-09-09 14:02:02,301264,Parkhaus Hopfenpost,190,230,0
2026-09-09 14:02:02,301270,Parkhaus Marsstr. 11,191,526,1
2026-09-09 14:02:02,301271,Tiefgarage am Hauptbahnhof,0,79,0
2026-09-09 14:02:02,301272,Tiefgarage Stachus Einkaufszentrum,127,336,1
2026-09-09 14:02:02,301277,Parkhaus Elisenhof,88,165,1
2026-09-09 14:02:02,401004,PH Hauptbahnhof Süd,149,197,1
2026-09-09 14:02:02,401010,Parkhaus am Hofbräuhaus,93,413,1
2026-09-09 14:02:02,401055,Parkhaus Schrannenhalle,10,147,1
2026-09-09 14:02:02,401060,Königshof-Parking,67,102,1
2026-09-09 14:02:02,401062,Parkhaus am Salvatorplatz,112,309,1
2026-09-09 14:02:02,106525,Parkhaus am Hauptbahnhof,0,223,0
2026-09-09 15:02:01,106501,Parkhaus am Stachus,390,390,0
2026-09-09 15:02:01,106504,City-Parkhaus am Färbergraben,165,350,1
2026-09-09 15:02:01,106505,Parkgarage Rieger-City,205,266,0
2026-09-09 15:02:01,106506,Sonnenhof Parkgarage,21,77,0
2026-09-09 15:02:01,106507,Tiefgarage vor der Oper,14,275,1
2026-09-09 15:02:01,106508,Hertie-Parkhaus,417,504,0
2026-09-09 15:02:01,106509,Parkgarage Böhringer,46,150,1
2026-09-09 15:02:01,106513,TG Hotel Ibis City,39,0,0
2026-09-09 15:02:01,106521,Car Park Cristal,428,220,0
2026-09-09 15:02:01,106524,Parkhaus Oberanger,169,393,1
2026-09-09 15:02:01,301220,Tiefgarage Karstadt Oberpollinger,135,357,1
2026-09-09 15:02:01,301234,Pschorr-Garage,14,167,1
2026-09-09 15:02:01,301236,Marienplatz-Großgarage,161,220,0
2026-09-09 15:02:01,301264,Parkhaus Hopfenpost,190,230,0
2026-09-09 15:02:01,301270,Parkhaus Marsstr. 11,195,526,1
2026-09-09 15:02:01,301271,Tiefgarage am Hauptbahnhof,0,79,0
2026-09-09 15:02:01,301272,Tiefgarage Stachus Einkaufszentrum,138,336,1
2026-09-09 15:02:01,301277,Parkhaus Elisenhof,97,165,1
2026-09-09 15:02:01,401004,PH Hauptbahnhof Süd,146,197,1
2026-09-09 15:02:01,401010,Parkhaus am Hofbräuhaus,118,413,1
2026-09-09 15:02:01,401055,Parkhaus Schrannenhalle,16,147,1
2026-09-09 15:02:01,401060,Königshof-Parking,66,102,1
2026-09-09 15:02:01,401062,Parkhaus am Salvatorplatz,127,309,1
2026-09-09 15:02:01,106525,Parkhaus am Hauptbahnhof,0,223,0
2026-09-09 17:02:01,106501,Parkhaus am Stachus,390,390,0
2026-09-09 17:02:01,106504,City-Parkhaus am Färbergraben,241,350,1
2026-09-09 17:02:01,106505,Parkgarage Rieger-City,205,266,0
2026-09-09 17:02:01,106506,Sonnenhof Parkgarage,21,77,0
2026-09-09 17:02:01,106507,Tiefgarage vor der Oper,76,275,1
2026-09-09 17:02:01,106508,Hertie-Parkhaus,417,504,0
2026-09-09 17:02:01,106509,Parkgarage Böhringer,70,150,1
2026-09-09 17:02:01,106513,TG Hotel Ibis City,39,0,0
2026-09-09 17:02:01,106521,Car Park Cristal,428,220,0
2026-09-09 17:02:01,106524,Parkhaus Oberanger,237,393,1
2026-09-09 17:02:01,301220,Tiefgarage Karstadt Oberpollinger,96,357,1
2026-09-09 17:02:01,301234,Pschorr-Garage,52,167,1
2026-09-09 17:02:01,301236,Marienplatz-Großgarage,161,220,0
2026-09-09 17:02:01,301264,Parkhaus Hopfenpost,190,230,0
2026-09-09 17:02:01,301270,Parkhaus Marsstr. 11,194,526,1
2026-09-09 17:02:01,301271,Tiefgarage am Hauptbahnhof,0,79,0
2026-09-09 17:02:01,301272,Tiefgarage Stachus Einkaufszentrum,137,336,1
2026-09-09 17:02:01,301277,Parkhaus Elisenhof,116,165,1
2026-09-09 17:02:01,401004,PH Hauptbahnhof Süd,138,197,1
2026-09-09 17:02:01,401010,Parkhaus am Hofbräuhaus,161,413,1
2026-09-09 17:02:01,401055,Parkhaus Schrannenhalle,43,147,1
2026-09-09 17:02:01,401060,Königshof-Parking,62,102,1
2026-09-09 17:02:01,401062,Parkhaus am Salvatorplatz,185,309,1
2026-09-09 17:02:01,106525,Parkhaus am Hauptbahnhof,0,223,0
2026-09-09 18:02:02,106501,Parkhaus am Stachus,390,390,0
2026-09-09 18:02:02,106504,City-Parkhaus am Färbergraben,258,350,1
2026-09-09 18:02:02,106505,Parkgarage Rieger-City,205,266,0
2026-09-09 18:02:02,106506,Sonnenhof Parkgarage,21,77,0
2026-09-09 18:02:02,106507,Tiefgarage vor der Oper,103,275,1
2026-09-09 18:02:02,106508,Hertie-Parkhaus,417,504,0
2026-09-09 18:02:02,106509,Parkgarage Böhringer,87,150,1
2026-09-09 18:02:02,106513,TG Hotel Ibis City,39,0,0
2026-09-09 18:02:02,106521,Car Park Cristal,428,220,0
2026-09-09 18:02:02,106524,Parkhaus Oberanger,266,393,1
2026-09-09 18:02:02,301220,Tiefgarage Karstadt Oberpollinger,103,357,1
2026-09-09 18:02:02,301234,Pschorr-Garage,50,167,1
2026-09-09 18:02:02,301236,Marienplatz-Großgarage,161,220,0
2026-09-09 18:02:02,301264,Parkhaus Hopfenpost,190,230,0
2026-09-09 18:02:02,301270,Parkhaus Marsstr. 11,186,526,1
2026-09-09 18:02:02,301271,Tiefgarage am Hauptbahnhof,0,79,0
2026-09-09 18:02:02,301272,Tiefgarage Stachus Einkaufszentrum,140,336,1
2026-09-09 18:02:02,301277,Parkhaus Elisenhof,118,165,1
2026-09-09 18:02:02,401004,PH Hauptbahnhof Süd,136,197,1
2026-09-09 18:02:02,401010,Parkhaus am Hofbräuhaus,193,413,1
2026-09-09 18:02:02,401055,Parkhaus Schrannenhalle,36,147,1
2026-09-09 18:02:02,401060,Königshof-Parking,62,102,1
2026-09-09 18:02:02,401062,Parkhaus am Salvatorplatz,211,309,1
2026-09-09 18:02:02,106525,Parkhaus am Hauptbahnhof,0,223,0
2026-09-09 19:02:04,106501,Parkhaus am Stachus,390,390,0
2026-09-09 19:02:04,106504,City-Parkhaus am Färbergraben,267,350,1
2026-09-09 19:02:04,106505,Parkgarage Rieger-City,205,266,0
2026-09-09 19:02:04,106506,Sonnenhof Parkgarage,21,77,0
2026-09-09 19:02:04,106507,Tiefgarage vor der Oper,154,275,1
2026-09-09 19:02:04,106508,Hertie-Parkhaus,417,504,0
2026-09-09 19:02:04,106509,Parkgarage Böhringer,71,150,1
2026-09-09 19:02:04,106513,TG Hotel Ibis City,39,0,0
2026-09-09 19:02:04,106521,Car Park Cristal,428,220,0
2026-09-09 19:02:04,106524,Parkhaus Oberanger,273,393,1
2026-09-09 19:02:04,301220,Tiefgarage Karstadt Oberpollinger,118,357,1
2026-09-09 19:02:04,301234,Pschorr-Garage,45,167,1
2026-09-09 19:02:04,301236,Marienplatz-Großgarage,161,220,0
2026-09-09 19:02:04,301264,Parkhaus Hopfenpost,190,230,0
2026-09-09 19:02:04,301270,Parkhaus Marsstr. 11,177,526,1
2026-09-09 19:02:04,301271,Tiefgarage am Hauptbahnhof,0,79,0
2026-09-09 19:02:04,301272,Tiefgarage Stachus Einkaufszentrum,131,336,1
2026-09-09 19:02:04,301277,Parkhaus Elisenhof,116,165,1
2026-09-09 19:02:04,401004,PH Hauptbahnhof Süd,126,197,1
2026-09-09 19:02:04,401010,Parkhaus am Hofbräuhaus,186,413,1
2026-09-09 19:02:04,401055,Parkhaus Schrannenhalle,29,147,1
2026-09-09 19:02:04,401060,Königshof-Parking,57,102,1
2026-09-09 19:02:04,401062,Parkhaus am Salvatorplatz,217,309,1
2026-09-09 19:02:04,106525,Parkhaus am Hauptbahnhof,0,223,0
2026-09-09 20:02:01,106501,Parkhaus am Stachus,390,390,0
2026-09-09 20:02:01,106504,City-Parkhaus am Färbergraben,281,350,1
2026-09-09 20:02:01,106505,Parkgarage Rieger-City,205,266,0
2026-09-09 20:02:01,106506,Sonnenhof Parkgarage,21,77,0
2026-09-09 20:02:01,106507,Tiefgarage vor der Oper,147,275,1
2026-09-09 20:02:01,106508,Hertie-Parkhaus,417,504,0
2026-09-09 20:02:01,106509,Parkgarage Böhringer,69,150,1
2026-09-09 20:02:01,106513,TG Hotel Ibis City,39,0,0
2026-09-09 20:02:01,106521,Car Park Cristal,428,220,0
2026-09-09 20:02:01,106524,Parkhaus Oberanger,289,393,1
2026-09-09 20:02:01,301220,Tiefgarage Karstadt Oberpollinger,150,357,1
2026-09-09 20:02:01,301234,Pschorr-Garage,74,167,1
2026-09-09 20:02:01,301236,Marienplatz-Großgarage,161,220,0
2026-09-09 20:02:01,301264,Parkhaus Hopfenpost,190,230,0
2026-09-09 20:02:01,301270,Parkhaus Marsstr. 11,173,526,1
2026-09-09 20:02:01,301271,Tiefgarage am Hauptbahnhof,0,79,0
2026-09-09 20:02:01,301272,Tiefgarage Stachus Einkaufszentrum,138,336,1
2026-09-09 20:02:01,301277,Parkhaus Elisenhof,113,165,1
2026-09-09 20:02:01,401004,PH Hauptbahnhof Süd,129,197,1
2026-09-09 20:02:01,401010,Parkhaus am Hofbräuhaus,207,413,1
2026-09-09 20:02:01,401055,Parkhaus Schrannenhalle,46,147,1
2026-09-09 20:02:01,401060,Königshof-Parking,48,102,1
2026-09-09 20:02:01,401062,Parkhaus am Salvatorplatz,230,309,1
2026-09-09 20:02:01,106525,Parkhaus am Hauptbahnhof,0,223,0
2026-09-09 21:02:01,106501,Parkhaus am Stachus,390,390,0
2026-09-09 21:02:01,106504,City-Parkhaus am Färbergraben,303,350,1
2026-09-09 21:02:01,106505,Parkgarage Rieger-City,205,266,0
2026-09-09 21:02:01,106506,Sonnenhof Parkgarage,21,77,0
2026-09-09 21:02:01,106507,Tiefgarage vor der Oper,185,275,1
2026-09-09 21:02:01,106508,Hertie-Parkhaus,417,504,0
2026-09-09 21:02:01,106509,Parkgarage Böhringer,79,150,1
2026-09-09 21:02:01,106513,TG Hotel Ibis City,39,0,0
2026-09-09 21:02:01,106521,Car Park Cristal,428,220,0
2026-09-09 21:02:01,106524,Parkhaus Oberanger,315,393,1
2026-09-09 21:02:01,301220,Tiefgarage Karstadt Oberpollinger,153,357,1
2026-09-09 21:02:01,301234,Pschorr-Garage,101,167,1
2026-09-09 21:02:01,301236,Marienplatz-Großgarage,161,220,0
2026-09-09 21:02:01,301264,Parkhaus Hopfenpost,190,230,0
2026-09-09 21:02:01,301270,Parkhaus Marsstr. 11,163,526,1
2026-09-09 21:02:01,301271,Tiefgarage am Hauptbahnhof,0,79,0
2026-09-09 21:02:01,301272,Tiefgarage Stachus Einkaufszentrum,137,336,1
2026-09-09 21:02:01,301277,Parkhaus Elisenhof,119,165,1
2026-09-09 21:02:01,401004,PH Hauptbahnhof Süd,127,197,1
2026-09-09 21:02:01,401010,Parkhaus am Hofbräuhaus,253,413,1
2026-09-09 21:02:01,401055,Parkhaus Schrannenhalle,74,147,1
2026-09-09 21:02:01,401060,Königshof-Parking,58,102,1
2026-09-09 21:02:01,401062,Parkhaus am Salvatorplatz,243,309,1
2026-09-09 21:02:01,106525,Parkhaus am Hauptbahnhof,0,223,0
2026-09-09 22:02:01,106501,Parkhaus am Stachus,390,390,0
2026-09-09 22:02:01,106504,City-Parkhaus am Färbergraben,315,350,1
2026-09-09 22:02:01,106505,Parkgarage Rieger-City,205,266,0
2026-09-09 22:02:01,106506,Sonnenhof Parkgarage,21,77,0
2026-09-09 22:02:01,106507,Tiefgarage vor der Oper,216,275,1
2026-09-09 22:02:01,106508,Hertie-Parkhaus,417,504,0
2026-09-09 22:02:01,106509,Parkgarage Böhringer,102,150,1
2026-09-09 22:02:01,106513,TG Hotel Ibis City,39,0,0
2026-09-09 22:02:01,106521,Car Park Cristal,428,220,0
2026-09-09 22:02:01,106524,Parkhaus Oberanger,342,393,1
2026-09-09 22:02:01,301220,Tiefgarage Karstadt Oberpollinger,177,357,1
2026-09-09 22:02:01,301234,Pschorr-Garage,113,167,1
2026-09-09 22:02:01,301236,Marienplatz-Großgarage,161,220,0
2026-09-09 22:02:01,301264,Parkhaus Hopfenpost,190,230,0
2026-09-09 22:02:01,301270,Parkhaus Marsstr. 11,166,526,1
2026-09-09 22:02:01,301271,Tiefgarage am Hauptbahnhof,0,79,0
2026-09-09 22:02:01,301272,Tiefgarage Stachus Einkaufszentrum,139,336,1
2026-09-09 22:02:01,301277,Parkhaus Elisenhof,132,165,1
2026-09-09 22:02:01,401004,PH Hauptbahnhof Süd,124,197,1
2026-09-09 22:02:01,401010,Parkhaus am Hofbräuhaus,293,413,1
2026-09-09 22:02:01,401055,Parkhaus Schrannenhalle,95,147,1
2026-09-09 22:02:01,401060,Königshof-Parking,57,102,1
2026-09-09 22:02:01,401062,Parkhaus am Salvatorplatz,260,309,1
2026-09-09 22:02:01,106525,Parkhaus am Hauptbahnhof,0,223,0
2026-09-09 23:02:01,106501,Parkhaus am Stachus,390,390,0
2026-09-09 23:02:01,106504,City-Parkhaus am Färbergraben,325,350,1
2026-09-09 23:02:01,106505,Parkgarage Rieger-City,205,266,0
2026-09-09 23:02:01,106506,Sonnenhof Parkgarage,21,77,0
2026-09-09 23:02:01,106507,Tiefgarage vor der Oper,242,275,1
2026-09-09 23:02:01,106508,Hertie-Parkhaus,417,504,0
2026-09-09 23:02:01,106509,Parkgarage Böhringer,124,150,1
2026-09-09 23:02:01,106513,TG Hotel Ibis City,39,0,0
2026-09-09 23:02:01,106521,Car Park Cristal,428,220,0
2026-09-09 23:02:01,106524,Parkhaus Oberanger,367,393,1
2026-09-09 23:02:01,301220,Tiefgarage Karstadt Oberpollinger,191,357,1
2026-09-09 23:02:01,301234,Pschorr-Garage,121,167,1
2026-09-09 23:02:01,301236,Marienplatz-Großgarage,161,220,0
2026-09-09 23:02:01,301264,Parkhaus Hopfenpost,190,230,0
2026-09-09 23:02:01,301270,Parkhaus Marsstr. 11,168,526,1
2026-09-09 23:02:01,301271,Tiefgarage am Hauptbahnhof,0,79,0
2026-09-09 23:02:01,301272,Tiefgarage Stachus Einkaufszentrum,144,336,1
2026-09-09 23:02:01,301277,Parkhaus Elisenhof,139,165,1
2026-09-09 23:02:01,401004,PH Hauptbahnhof Süd,127,197,1
2026-09-09 23:02:01,401010,Parkhaus am Hofbräuhaus,319,413,1
2026-09-09 23:02:01,401055,Parkhaus Schrannenhalle,116,147,1
2026-09-09 23:02:01,401060,Königshof-Parking,65,102,1
2026-09-09 23:02:01,401062,Parkhaus am Salvatorplatz,272,309,1
2026-09-09 23:02:01,106525,Parkhaus am Hauptbahnhof,0,223,0
2026-09-10 00:02:01,106501,Parkhaus am Stachus,390,390,0
2026-09-10 00:02:01,106504,City-Parkhaus am Färbergraben,328,350,1
2026-09-10 00:02:01,106505,Parkgarage Rieger-City,205,266,0
2026-09-10 00:02:01,106506,Sonnenhof Parkgarage,21,77,0
2026-09-10 00:02:01,106507,Tiefgarage vor der Oper,251,275,1
2026-09-10 00:02:01,106508,Hertie-Parkhaus,417,504,0
2026-09-10 00:02:01,106509,Parkgarage Böhringer,132,150,1
2026-09-10 00:02:01,106513,TG Hotel Ibis City,39,0,0
2026-09-10 00:02:01,106521,Car Park Cristal,428,220,0
2026-09-10 00:02:01,106524,Parkhaus Oberanger,372,393,1
2026-09-10 00:02:01,301220,Tiefgarage Karstadt Oberpollinger,225,357,1
2026-09-10 00:02:01,301234,Pschorr-Garage,125,167,1
2026-09-10 00:02:01,301236,Marienplatz-Großgarage,161,220,0
2026-09-10 00:02:01,301264,Parkhaus Hopfenpost,190,230,0
2026-09-10 00:02:01,301270,Parkhaus Marsstr. 11,170,526,1
2026-09-10 00:02:01,301271,Tiefgarage am Hauptbahnhof,0,79,0
2026-09-10 00:02:01,301272,Tiefgarage Stachus Einkaufszentrum,143,336,1
2026-09-10 00:02:01,301277,Parkhaus Elisenhof,145,165,1
2026-09-10 00:02:01,401004,PH Hauptbahnhof Süd,130,197,1
2026-09-10 00:02:01,401010,Parkhaus am Hofbräuhaus,284,373,1
2026-09-10 00:02:01,401055,Parkhaus Schrannenhalle,121,147,1
2026-09-10 00:02:01,401060,Königshof-Parking,74,102,1
2026-09-10 00:02:01,401062,Parkhaus am Salvatorplatz,274,309,1
2026-09-10 00:02:01,106525,Parkhaus am Hauptbahnhof,0,223,0
2026-09-10 01:02:01,106501,Parkhaus am Stachus,390,390,0
2026-09-10 01:02:01,106504,City-Parkhaus am Färbergraben,328,350,1
2026-09-10 01:02:01,106505,Parkgarage Rieger-City,205,266,0
2026-09-10 01:02:01,106506,Sonnenhof Parkgarage,21,77,0
2026-09-10 01:02:01,106507,Tiefgarage vor der Oper,263,275,1
2026-09-10 01:02:01,106508,Hertie-Parkhaus,417,504,0
2026-09-10 01:02:01,106509,Parkgarage Böhringer,132,150,1
2026-09-10 01:02:01,106513,TG Hotel Ibis City,39,0,0
2026-09-10 01:02:01,106521,Car Park Cristal,428,220,0
2026-09-10 01:02:01,106524,Parkhaus Oberanger,373,393,1
2026-09-10 01:02:01,301220,Tiefgarage Karstadt Oberpollinger,252,357,1
2026-09-10 01:02:01,301234,Pschorr-Garage,127,167,1
2026-09-10 01:02:01,301236,Marienplatz-Großgarage,161,220,0
2026-09-10 01:02:01,301264,Parkhaus Hopfenpost,190,230,0
2026-09-10 01:02:01,301270,Parkhaus Marsstr. 11,174,526,1
2026-09-10 01:02:01,301271,Tiefgarage am Hauptbahnhof,0,79,0
2026-09-10 01:02:01,301272,Tiefgarage Stachus Einkaufszentrum,146,336,1
2026-09-10 01:02:01,301277,Parkhaus Elisenhof,145,165,1
2026-09-10 01:02:01,401004,PH Hauptbahnhof Süd,130,197,1
2026-09-10 01:02:01,401010,Parkhaus am Hofbräuhaus,287,373,1
2026-09-10 01:02:01,401055,Parkhaus Schrannenhalle,123,147,1
2026-09-10 01:02:01,401060,Königshof-Parking,78,102,1
2026-09-10 01:02:01,401062,Parkhaus am Salvatorplatz,275,309,1
2026-09-10 01:02:01,106525,Parkhaus am Hauptbahnhof,0,223,0
2026-09-10 02:02:01,106501,Parkhaus am Stachus,390,390,0
2026-09-10 02:02:01,106504,City-Parkhaus am Färbergraben,328,350,1
2026-09-10 02:02:01,106505,Parkgarage Rieger-City,205,266,0
2026-09-10 02:02:01,106506,Sonnenhof Parkgarage,21,77,0
2026-09-10 02:02:01,106507,Tiefgarage vor der Oper,263,275,1
2026-09-10 02:02:01,106508,Hertie-Parkhaus,417,504,0
2026-09-10 02:02:01,106509,Parkgarage Böhringer,132,150,1
2026-09-10 02:02:01,106513,TG Hotel Ibis City,39,0,0
2026-09-10 02:02:01,106521,Car Park Cristal,428,220,0
2026-09-10 02:02:01,106524,Parkhaus Oberanger,373,393,1
2026-09-10 02:02:01,301220,Tiefgarage Karstadt Oberpollinger,263,357,1
2026-09-10 02:02:01,301234,Pschorr-Garage,126,167,1
2026-09-10 02:02:01,301236,Marienplatz-Großgarage,161,220,0
2026-09-10 02:02:01,301264,Parkhaus Hopfenpost,190,230,0
2026-09-10 02:02:01,301270,Parkhaus Marsstr. 11,175,526,1
2026-09-10 02:02:01,301271,Tiefgarage am Hauptbahnhof,0,79,0
2026-09-10 02:02:01,301272,Tiefgarage Stachus Einkaufszentrum,146,336,1
2026-09-10 02:02:01,301277,Parkhaus Elisenhof,146,165,1
2026-09-10 02:02:01,401004,PH Hauptbahnhof Süd,131,197,1
2026-09-10 02:02:01,401010,Parkhaus am Hofbräuhaus,287,373,1
2026-09-10 02:02:01,401055,Parkhaus Schrannenhalle,123,147,1
2026-09-10 02:02:01,401060,Königshof-Parking,78,102,1
2026-09-10 02:02:01,401062,Parkhaus am Salvatorplatz,276,309,1
2026-09-10 02:02:01,106525,Parkhaus am Hauptbahnhof,0,223,0
2026-09-10 03:02:01,106501,Parkhaus am Stachus,390,390,0
2026-09-10 03:02:01,106504,City-Parkhaus am Färbergraben,328,350,1
2026-09-10 03:02:01,106505,Parkgarage Rieger-City,205,266,0
2026-09-10 03:02:01,106506,Sonnenhof Parkgarage,21,77,0
2026-09-10 03:02:01,106507,Tiefgarage vor der Oper,263,275,1
2026-09-10 03:02:01,106508,Hertie-Parkhaus,417,504,0
2026-09-10 03:02:01,106509,Parkgarage Böhringer,132,150,1
2026-09-10 03:02:01,106513,TG Hotel Ibis City,39,0,0
2026-09-10 03:02:01,106521,Car Park Cristal,428,220,0
2026-09-10 03:02:01,106524,Parkhaus Oberanger,373,393,1
2026-09-10 03:02:01,301220,Tiefgarage Karstadt Oberpollinger,273,357,1
2026-09-10 03:02:01,301234,Pschorr-Garage,128,167,1
2026-09-10 03:02:01,301236,Marienplatz-Großgarage,161,220,0
2026-09-10 03:02:01,301264,Parkhaus Hopfenpost,190,230,0
2026-09-10 03:02:01,301270,Parkhaus Marsstr. 11,175,526,1
2026-09-10 03:02:01,301271,Tiefgarage am Hauptbahnhof,0,79,0
2026-09-10 03:02:01,301272,Tiefgarage Stachus Einkaufszentrum,146,336,1
2026-09-10 03:02:01,301277,Parkhaus Elisenhof,146,165,1
2026-09-10 03:02:01,401004,PH Hauptbahnhof Süd,131,197,1
2026-09-10 03:02:01,401010,Parkhaus am Hofbräuhaus,287,373,1
2026-09-10 03:02:01,401055,Parkhaus Schrannenhalle,123,147,1
2026-09-10 03:02:01,401060,Königshof-Parking,78,102,1
2026-09-10 03:02:01,401062,Parkhaus am Salvatorplatz,276,309,1
2026-09-10 03:02:01,106525,Parkhaus am Hauptbahnhof,0,223,0
2026-09-10 04:02:01,106501,Parkhaus am Stachus,390,390,0
2026-09-10 04:02:01,106504,City-Parkhaus am Färbergraben,328,350,1
2026-09-10 04:02:01,106505,Parkgarage Rieger-City,205,266,0
2026-09-10 04:02:01,106506,Sonnenhof Parkgarage,21,77,0
2026-09-10 04:02:01,106507,Tiefgarage vor der Oper,263,275,1
2026-09-10 04:02:01,106508,Hertie-Parkhaus,417,504,0
2026-09-10 04:02:01,106509,Parkgarage Böhringer,132,150,1
2026-09-10 04:02:01,106513,TG Hotel Ibis City,39,0,0
2026-09-10 04:02:01,106521,Car Park Cristal,428,220,0
2026-09-10 04:02:01,106524,Parkhaus Oberanger,373,393,1
2026-09-10 04:02:01,301220,Tiefgarage Karstadt Oberpollinger,279,357,1
2026-09-10 04:02:01,301234,Pschorr-Garage,128,167,1
2026-09-10 04:02:01,301236,Marienplatz-Großgarage,161,220,0
2026-09-10 04:02:01,301264,Parkhaus Hopfenpost,190,230,0
2026-09-10 04:02:01,301270,Parkhaus Marsstr. 11,176,526,1
2026-09-10 04:02:01,301271,Tiefgarage am Hauptbahnhof,0,79,0
2026-09-10 04:02:01,301272,Tiefgarage Stachus Einkaufszentrum,147,336,1
2026-09-10 04:02:01,301277,Parkhaus Elisenhof,146,165,1
2026-09-10 04:02:01,401004,PH Hauptbahnhof Süd,130,197,1
2026-09-10 04:02:01,401010,Parkhaus am Hofbräuhaus,287,373,1
2026-09-10 04:02:01,401055,Parkhaus Schrannenhalle,123,147,1
2026-09-10 04:02:01,401060,Königshof-Parking,78,102,1
2026-09-10 04:02:01,401062,Parkhaus am Salvatorplatz,275,309,1
2026-09-10 04:02:01,106525,Parkhaus am Hauptbahnhof,0,223,0
2026-09-10 05:02:01,106501,Parkhaus am Stachus,390,390,0
2026-09-10 05:02:01,106504,City-Parkhaus am Färbergraben,328,350,1
2026-09-10 05:02:01,106505,Parkgarage Rieger-City,205,266,0
2026-09-10 05:02:01,106506,Sonnenhof Parkgarage,21,77,0
2026-09-10 05:02:01,106507,Tiefgarage vor der Oper,263,275,1
2026-09-10 05:02:01,106508,Hertie-Parkhaus,417,504,0
2026-09-10 05:02:01,106509,Parkgarage Böhringer,132,150,1
2026-09-10 05:02:01,106513,TG Hotel Ibis City,39,0,0
2026-09-10 05:02:01,106521,Car Park Cristal,428,220,0
2026-09-10 05:02:01,106524,Parkhaus Oberanger,373,393,1
2026-09-10 05:02:01,301220,Tiefgarage Karstadt Oberpollinger,280,357,1
2026-09-10 05:02:01,301234,Pschorr-Garage,128,167,1
2026-09-10 05:02:01,301236,Marienplatz-Großgarage,161,220,0
2026-09-10 05:02:01,301264,Parkhaus Hopfenpost,190,230,0
2026-09-10 05:02:01,301270,Parkhaus Marsstr. 11,174,526,1
2026-09-10 05:02:01,301271,Tiefgarage am Hauptbahnhof,0,79,0
2026-09-10 05:02:01,301272,Tiefgarage Stachus Einkaufszentrum,147,336,1
2026-09-10 05:02:01,301277,Parkhaus Elisenhof,146,165,1
2026-09-10 05:02:01,401004,PH Hauptbahnhof Süd,130,197,1
2026-09-10 05:02:01,401010,Parkhaus am Hofbräuhaus,287,373,1
2026-09-10 05:02:01,401055,Parkhaus Schrannenhalle,123,147,1
2026-09-10 05:02:01,401060,Königshof-Parking,78,102,1
2026-09-10 05:02:01,401062,Parkhaus am Salvatorplatz,275,309,1
2026-09-10 05:02:01,106525,Parkhaus am Hauptbahnhof,0,223,0
2026-09-10 06:02:01,106501,Parkhaus am Stachus,390,390,0
2026-09-10 06:02:01,106504,City-Parkhaus am Färbergraben,328,350,1
2026-09-10 06:02:01,106505,Parkgarage Rieger-City,205,266,0
2026-09-10 06:02:01,106506,Sonnenhof Parkgarage,21,77,0
2026-09-10 06:02:01,106507,Tiefgarage vor der Oper,263,275,1
2026-09-10 06:02:01,106508,Hertie-Parkhaus,417,504,0
2026-09-10 06:02:01,106509,Parkgarage Böhringer,132,150,1
2026-09-10 06:02:01,106513,TG Hotel Ibis City,39,0,0
2026-09-10 06:02:01,106521,Car Park Cristal,428,220,0
2026-09-10 06:02:01,106524,Parkhaus Oberanger,373,393,1
2026-09-10 06:02:01,301220,Tiefgarage Karstadt Oberpollinger,280,357,1
2026-09-10 06:02:01,301234,Pschorr-Garage,128,167,1
2026-09-10 06:02:01,301236,Marienplatz-Großgarage,161,220,0
2026-09-10 06:02:01,301264,Parkhaus Hopfenpost,190,230,0
2026-09-10 06:02:01,301270,Parkhaus Marsstr. 11,172,526,1
2026-09-10 06:02:01,301271,Tiefgarage am Hauptbahnhof,0,79,0
2026-09-10 06:02:01,301272,Tiefgarage Stachus Einkaufszentrum,147,336,1
2026-09-10 06:02:01,301277,Parkhaus Elisenhof,144,165,1
2026-09-10 06:02:01,401004,PH Hauptbahnhof Süd,129,197,1
2026-09-10 06:02:01,401010,Parkhaus am Hofbräuhaus,287,373,1
2026-09-10 06:02:01,401055,Parkhaus Schrannenhalle,123,147,1
2026-09-10 06:02:01,401060,Königshof-Parking,78,102,1
2026-09-10 06:02:01,401062,Parkhaus am Salvatorplatz,275,309,1
2026-09-10 06:02:01,106525,Parkhaus am Hauptbahnhof,0,223,0
2026-09-10 07:02:01,106501,Parkhaus am Stachus,390,390,0
2026-09-10 07:02:01,106504,City-Parkhaus am Färbergraben,340,350,1
2026-09-10 07:02:01,106505,Parkgarage Rieger-City,205,266,0
2026-09-10 07:02:01,106506,Sonnenhof Parkgarage,21,77,0
2026-09-10 07:02:01,106507,Tiefgarage vor der Oper,257,275,1
2026-09-10 07:02:01,106508,Hertie-Parkhaus,417,504,0
2026-09-10 07:02:01,106509,Parkgarage Böhringer,123,150,1
2026-09-10 07:02:01,106513,TG Hotel Ibis City,39,0,0
2026-09-10 07:02:01,106521,Car Park Cristal,428,220,0
2026-09-10 07:02:01,106524,Parkhaus Oberanger,369,393,1
2026-09-10 07:02:01,301220,Tiefgarage Karstadt Oberpollinger,281,357,1
2026-09-10 07:02:01,301234,Pschorr-Garage,126,167,1
2026-09-10 07:02:01,301236,Marienplatz-Großgarage,161,220,0
2026-09-10 07:02:01,301264,Parkhaus Hopfenpost,190,230,0
2026-09-10 07:02:01,301270,Parkhaus Marsstr. 11,170,526,1
2026-09-10 07:02:01,301271,Tiefgarage am Hauptbahnhof,0,79,0
2026-09-10 07:02:01,301272,Tiefgarage Stachus Einkaufszentrum,147,336,1
2026-09-10 07:02:01,301277,Parkhaus Elisenhof,144,165,1
2026-09-10 07:02:01,401004,PH Hauptbahnhof Süd,130,197,1
2026-09-10 07:02:01,401010,Parkhaus am Hofbräuhaus,288,373,1
2026-09-10 07:02:01,401055,Parkhaus Schrannenhalle,122,147,1
2026-09-10 07:02:01,401060,Königshof-Parking,78,102,1
2026-09-10 07:02:01,401062,Parkhaus am Salvatorplatz,275,309,1
2026-09-10 07:02:01,106525,Parkhaus am Hauptbahnhof,0,223,0
2026-09-10 08:02:01,106501,Parkhaus am Stachus,390,390,0
2026-09-10 08:02:01,106504,City-Parkhaus am Färbergraben,321,350,1
2026-09-10 08:02:01,106505,Parkgarage Rieger-City,205,266,0
2026-09-10 08:02:01,106506,Sonnenhof Parkgarage,21,77,0
2026-09-10 08:02:01,106507,Tiefgarage vor der Oper,235,275,1
2026-09-10 08:02:01,106508,Hertie-Parkhaus,417,504,0
2026-09-10 08:02:01,106509,Parkgarage Böhringer,123,150,1
2026-09-10 08:02:01,106513,TG Hotel Ibis City,39,0,0
2026-09-10 08:02:01,106521,Car Park Cristal,428,220,0
2026-09-10 08:02:01,106524,Parkhaus Oberanger,346,393,1
2026-09-10 08:02:01,301220,Tiefgarage Karstadt Oberpollinger,281,357,1
2026-09-10 08:02:01,301234,Pschorr-Garage,141,167,1
2026-09-10 08:02:01,301236,Marienplatz-Großgarage,161,220,0
2026-09-10 08:02:01,301264,Parkhaus Hopfenpost,190,230,0
2026-09-10 08:02:01,301270,Parkhaus Marsstr. 11,167,526,1
2026-09-10 08:02:01,301271,Tiefgarage am Hauptbahnhof,0,79,0
2026-09-10 08:02:01,301272,Tiefgarage Stachus Einkaufszentrum,147,336,1
2026-09-10 08:02:01,301277,Parkhaus Elisenhof,136,165,1
2026-09-10 08:02:01,401004,PH Hauptbahnhof Süd,133,197,1
2026-09-10 08:02:01,401010,Parkhaus am Hofbräuhaus,274,373,1
2026-09-10 08:02:01,401055,Parkhaus Schrannenhalle,120,147,1
2026-09-10 08:02:01,401060,Königshof-Parking,78,102,1
2026-09-10 08:02:01,401062,Parkhaus am Salvatorplatz,267,309,1
2026-09-10 08:02:01,106525,Parkhaus am Hauptbahnhof,0,223,0
2026-09-10 09:02:01,106501,Parkhaus am Stachus,390,390,0
2026-09-10 09:02:01,106504,City-Parkhaus am Färbergraben,294,350,1
2026-09-10 09:02:01,106505,Parkgarage Rieger-City,205,266,0
2026-09-10 09:02:01,106506,Sonnenhof Parkgarage,21,77,0
2026-09-10 09:02:01,106507,Tiefgarage vor der Oper,198,275,1
2026-09-10 09:02:01,106508,Hertie-Parkhaus,417,504,0
2026-09-10 09:02:01,106509,Parkgarage Böhringer,117,150,1
2026-09-10 09:02:01,106513,TG Hotel Ibis City,39,0,0
2026-09-10 09:02:01,106521,Car Park Cristal,428,220,0
2026-09-10 09:02:01,106524,Parkhaus Oberanger,296,393,1
2026-09-10 09:02:01,301220,Tiefgarage Karstadt Oberpollinger,280,357,1
2026-09-10 09:02:01,301234,Pschorr-Garage,139,167,1
2026-09-10 09:02:01,301236,Marienplatz-Großgarage,161,220,0
2026-09-10 09:02:01,301264,Parkhaus Hopfenpost,190,230,0
2026-09-10 09:02:01,301270,Parkhaus Marsstr. 11,175,526,1
2026-09-10 09:02:01,301271,Tiefgarage am Hauptbahnhof,0,79,0
2026-09-10 09:02:01,301272,Tiefgarage Stachus Einkaufszentrum,145,336,1
2026-09-10 09:02:01,301277,Parkhaus Elisenhof,128,165,1
2026-09-10 09:02:01,401004,PH Hauptbahnhof Süd,136,197,1
2026-09-10 09:02:01,401010,Parkhaus am Hofbräuhaus,291,423,1
2026-09-10 09:02:01,401055,Parkhaus Schrannenhalle,107,147,1
2026-09-10 09:02:01,401060,Königshof-Parking,78,102,1
2026-09-10 09:02:01,401062,Parkhaus am Salvatorplatz,236,309,1
2026-09-10 09:02:01,106525,Parkhaus am Hauptbahnhof,0,223,0
2026-09-10 10:02:01,106501,Parkhaus am Stachus,390,390,0
2026-09-10 10:02:01,106504,City-Parkhaus am Färbergraben,247,350,1
2026-09-10 10:02:01,106505,Parkgarage Rieger-City,205,266,0
2026-09-10 10:02:01,106506,Sonnenhof Parkgarage,21,77,0
2026-09-10 10:02:01,106507,Tiefgarage vor der Oper,122,275,1
2026-09-10 10:02:01,106508,Hertie-Parkhaus,417,504,0
2026-09-10 10:02:01,106509,Parkgarage Böhringer,109,150,1
2026-09-10 10:02:01,106513,TG Hotel Ibis City,39,0,0
2026-09-10 10:02:01,106521,Car Park Cristal,428,220,0
2026-09-10 10:02:01,106524,Parkhaus Oberanger,242,393,1
2026-09-10 10:02:01,301220,Tiefgarage Karstadt Oberpollinger,281,357,1
2026-09-10 10:02:01,301234,Pschorr-Garage,111,167,1
2026-09-10 10:02:01,301236,Marienplatz-Großgarage,161,220,0
2026-09-10 10:02:01,301264,Parkhaus Hopfenpost,190,230,0
2026-09-10 10:02:01,301270,Parkhaus Marsstr. 11,183,526,1
2026-09-10 10:02:01,301271,Tiefgarage am Hauptbahnhof,0,79,0
2026-09-10 10:02:01,301272,Tiefgarage Stachus Einkaufszentrum,136,336,1
2026-09-10 10:02:01,301277,Parkhaus Elisenhof,105,165,1
2026-09-10 10:02:01,401004,PH Hauptbahnhof Süd,143,197,1
2026-09-10 10:02:01,401010,Parkhaus am Hofbräuhaus,255,423,1
2026-09-10 10:02:01,401055,Parkhaus Schrannenhalle,65,143,1
2026-09-10 10:02:01,401060,Königshof-Parking,78,102,1
2026-09-10 10:02:01,401062,Parkhaus am Salvatorplatz,172,309,1
2026-09-10 10:02:01,106525,Parkhaus am Hauptbahnhof,0,223,0
2026-09-10 11:02:02,106501,Parkhaus am Stachus,390,390,0
2026-09-10 11:02:02,106504,City-Parkhaus am Färbergraben,185,350,1
2026-09-10 11:02:02,106505,Parkgarage Rieger-City,205,266,0
2026-09-10 11:02:02,106506,Sonnenhof Parkgarage,21,77,0
2026-09-10 11:02:02,106507,Tiefgarage vor der Oper,61,275,1
2026-09-10 11:02:02,106508,Hertie-Parkhaus,417,504,0
2026-09-10 11:02:02,106509,Parkgarage Böhringer,86,150,1
2026-09-10 11:02:02,106513,TG Hotel Ibis City,39,0,0
2026-09-10 11:02:02,106521,Car Park Cristal,428,220,0
2026-09-10 11:02:02,106524,Parkhaus Oberanger,187,393,1
2026-09-10 11:02:02,301220,Tiefgarage Karstadt Oberpollinger,279,357,1
2026-09-10 11:02:02,301234,Pschorr-Garage,64,167,1
2026-09-10 11:02:02,301236,Marienplatz-Großgarage,161,220,0
2026-09-10 11:02:02,301264,Parkhaus Hopfenpost,190,230,0
2026-09-10 11:02:02,301270,Parkhaus Marsstr. 11,206,526,1
2026-09-10 11:02:02,301271,Tiefgarage am Hauptbahnhof,0,79,0
2026-09-10 11:02:02,301272,Tiefgarage Stachus Einkaufszentrum,133,336,1
2026-09-10 11:02:02,301277,Parkhaus Elisenhof,99,165,1
2026-09-10 11:02:02,401004,PH Hauptbahnhof Süd,151,197,1
2026-09-10 11:02:02,401010,Parkhaus am Hofbräuhaus,167,423,1
2026-09-10 11:02:02,401055,Parkhaus Schrannenhalle,7,143,1
2026-09-10 11:02:02,401060,Königshof-Parking,78,102,1
2026-09-10 11:02:02,401062,Parkhaus am Salvatorplatz,146,309,1
2026-09-10 11:02:02,106525,Parkhaus am Hauptbahnhof,0,223,0
2026-09-10 12:02:01,106501,Parkhaus am Stachus,390,390,0
2026-09-10 12:02:01,106504,City-Parkhaus am Färbergraben,169,350,1
2026-09-10 12:02:01,106505,Parkgarage Rieger-City,205,266,0
2026-09-10 12:02:01,106506,Sonnenhof Parkgarage,21,77,0
2026-09-10 12:02:01,106507,Tiefgarage vor der Oper,9,275,1
2026-09-10 12:02:01,106508,Hertie-Parkhaus,417,504,0
2026-09-10 12:02:01,106509,Parkgarage Böhringer,52,150,1
2026-09-10 12:02:01,106513,TG Hotel Ibis City,39,0,0
2026-09-10 12:02:01,106521,Car Park Cristal,428,220,0
2026-09-10 12:02:01,106524,Parkhaus Oberanger,126,393,1
2026-09-10 12:02:01,301220,Tiefgarage Karstadt Oberpollinger,274,357,1
2026-09-10 12:02:01,301234,Pschorr-Garage,29,167,1
2026-09-10 12:02:01,301236,Marienplatz-Großgarage,161,220,0
2026-09-10 12:02:01,301264,Parkhaus Hopfenpost,190,230,0
2026-09-10 12:02:01,301270,Parkhaus Marsstr. 11,215,526,1
2026-09-10 12:02:01,301271,Tiefgarage am Hauptbahnhof,0,79,0
2026-09-10 12:02:01,301272,Tiefgarage Stachus Einkaufszentrum,134,336,1
2026-09-10 12:02:01,301277,Parkhaus Elisenhof,83,165,1
2026-09-10 12:02:01,401004,PH Hauptbahnhof Süd,152,197,1
2026-09-10 12:02:01,401010,Parkhaus am Hofbräuhaus,103,423,1
2026-09-10 12:02:01,401055,Parkhaus Schrannenhalle,0,143,1
2026-09-10 12:02:01,401060,Königshof-Parking,78,102,1
2026-09-10 12:02:01,401062,Parkhaus am Salvatorplatz,115,309,1
2026-09-10 12:02:01,106525,Parkhaus am Hauptbahnhof,0,223,0
2026-09-10 13:02:01,106501,Parkhaus am Stachus,390,390,0
2026-09-10 13:02:01,106504,City-Parkhaus am Färbergraben,155,350,1
2026-09-10 13:02:01,106505,Parkgarage Rieger-City,205,266,0
2026-09-10 13:02:01,106506,Sonnenhof Parkgarage,21,77,0
2026-09-10 13:02:01,106507,Tiefgarage vor der Oper,0,275,1
2026-09-10 13:02:01,106508,Hertie-Parkhaus,417,504,0
2026-09-10 13:02:01,106509,Parkgarage Böhringer,29,150,1
2026-09-10 13:02:01,106513,TG Hotel Ibis City,39,0,0
2026-09-10 13:02:01,106521,Car Park Cristal,428,220,0
2026-09-10 13:02:01,106524,Parkhaus Oberanger,101,393,1
2026-09-10 13:02:01,301220,Tiefgarage Karstadt Oberpollinger,258,357,1
2026-09-10 13:02:01,301234,Pschorr-Garage,13,167,1
2026-09-10 13:02:01,301236,Marienplatz-Großgarage,161,220,0
2026-09-10 13:02:01,301264,Parkhaus Hopfenpost,190,230,0
2026-09-10 13:02:01,301270,Parkhaus Marsstr. 11,281,526,1
2026-09-10 13:02:01,301271,Tiefgarage am Hauptbahnhof,0,79,0
2026-09-10 13:02:01,301272,Tiefgarage Stachus Einkaufszentrum,136,336,1
2026-09-10 13:02:01,301277,Parkhaus Elisenhof,88,165,1
2026-09-10 13:02:01,401004,PH Hauptbahnhof Süd,151,197,1
2026-09-10 13:02:01,401010,Parkhaus am Hofbräuhaus,39,423,1
2026-09-10 13:02:01,401055,Parkhaus Schrannenhalle,0,143,1
2026-09-10 13:02:01,401060,Königshof-Parking,78,102,1
2026-09-10 13:02:01,401062,Parkhaus am Salvatorplatz,86,309,1
2026-09-10 13:02:01,106525,Parkhaus am Hauptbahnhof,0,223,0
2026-09-10 14:02:01,106501,Parkhaus am Stachus,390,390,0
2026-09-10 14:02:01,106504,City-Parkhaus am Färbergraben,146,350,1
2026-09-10 14:02:01,106505,Parkgarage Rieger-City,205,266,0
2026-09-10 14:02:01,106506,Sonnenhof Parkgarage,21,77,0
2026-09-10 14:02:01,106507,Tiefgarage vor der Oper,0,275,1
2026-09-10 14:02:01,106508,Hertie-Parkhaus,417,504,0
2026-09-10 14:02:01,106509,Parkgarage Böhringer,0,150,1
2026-09-10 14:02:01,106513,TG Hotel Ibis City,39,0,0
2026-09-10 14:02:01,106521,Car Park Cristal,428,220,0
2026-09-10 14:02:01,106524,Parkhaus Oberanger,91,393,1
2026-09-10 14:02:01,301220,Tiefgarage Karstadt Oberpollinger,226,357,1
2026-09-10 14:02:01,301234,Pschorr-Garage,1,167,1
2026-09-10 14:02:01,301236,Marienplatz-Großgarage,161,220,0
2026-09-10 14:02:01,301264,Parkhaus Hopfenpost,190,230,0
2026-09-10 14:02:01,301270,Parkhaus Marsstr. 11,257,526,1
2026-09-10 14:02:01,301271,Tiefgarage am Hauptbahnhof,0,79,0
2026-09-10 14:02:01,301272,Tiefgarage Stachus Einkaufszentrum,133,336,1
2026-09-10 14:02:01,301277,Parkhaus Elisenhof,65,165,1
2026-09-10 14:02:01,401004,PH Hauptbahnhof Süd,144,197,1
2026-09-10 14:02:01,401010,Parkhaus am Hofbräuhaus,34,423,1
2026-09-10 14:02:01,401055,Parkhaus Schrannenhalle,1,143,1
2026-09-10 14:02:01,401060,Königshof-Parking,78,102,1
2026-09-10 14:02:01,401062,Parkhaus am Salvatorplatz,77,309,1
2026-09-10 14:02:01,106525,Parkhaus am Hauptbahnhof,0,223,0
2026-09-10 15:02:01,106501,Parkhaus am Stachus,390,390,0
2026-09-10 15:02:01,106504,City-Parkhaus am Färbergraben,135,350,1
2026-09-10 15:02:01,106505,Parkgarage Rieger-City,205,266,0
2026-09-10 15:02:01,106506,Sonnenhof Parkgarage,21,77,0
2026-09-10 15:02:01,106507,Tiefgarage vor der Oper,12,275,1
2026-09-10 15:02:01,106508,Hertie-Parkhaus,417,504,0
2026-09-10 15:02:01,106509,Parkgarage Böhringer,1,150,1
2026-09-10 15:02:01,106513,TG Hotel Ibis City,39,0,0
2026-09-10 15:02:01,106521,Car Park Cristal,428,220,0
2026-09-10 15:02:01,106524,Parkhaus Oberanger,109,393,1
2026-09-10 15:02:01,301220,Tiefgarage Karstadt Oberpollinger,175,357,1
2026-09-10 15:02:01,301234,Pschorr-Garage,4,165,1
2026-09-10 15:02:01,301236,Marienplatz-Großgarage,161,220,0
2026-09-10 15:02:01,301264,Parkhaus Hopfenpost,190,230,0
2026-09-10 15:02:01,301270,Parkhaus Marsstr. 11,261,526,1
2026-09-10 15:02:01,301271,Tiefgarage am Hauptbahnhof,0,79,0
2026-09-10 15:02:01,301272,Tiefgarage Stachus Einkaufszentrum,138,336,1
2026-09-10 15:02:01,301277,Parkhaus Elisenhof,71,165,1
2026-09-10 15:02:01,401004,PH Hauptbahnhof Süd,141,197,1
2026-09-10 15:02:01,401010,Parkhaus am Hofbräuhaus,45,423,1
2026-09-10 15:02:01,401055,Parkhaus Schrannenhalle,5,143,1
2026-09-10 15:02:01,401060,Königshof-Parking,78,102,1
2026-09-10 15:02:01,401062,Parkhaus am Salvatorplatz,92,309,1
2026-09-10 15:02:01,106525,Parkhaus am Hauptbahnhof,0,223,0
2026-09-10 16:02:01,106501,Parkhaus am Stachus,390,390,0
2026-09-10 16:02:01,106504,City-Parkhaus am Färbergraben,164,350,1
2026-09-10 16:02:01,106505,Parkgarage Rieger-City,205,266,0
2026-09-10 16:02:01,106506,Sonnenhof Parkgarage,21,77,0
2026-09-10 16:02:01,106507,Tiefgarage vor der Oper,45,275,1
2026-09-10 16:02:01,106508,Hertie-Parkhaus,417,504,0
2026-09-10 16:02:01,106509,Parkgarage Böhringer,16,150,1
2026-09-10 16:02:01,106513,TG Hotel Ibis City,39,0,0
2026-09-10 16:02:01,106521,Car Park Cristal,428,220,0
2026-09-10 16:02:01,106524,Parkhaus Oberanger,150,393,1
2026-09-10 16:02:01,301220,Tiefgarage Karstadt Oberpollinger,135,357,1
2026-09-10 16:02:01,301234,Pschorr-Garage,7,165,1
2026-09-10 16:02:01,301236,Marienplatz-Großgarage,161,220,0
2026-09-10 16:02:01,301264,Parkhaus Hopfenpost,190,230,0
2026-09-10 16:02:01,301270,Parkhaus Marsstr. 11,261,526,1
2026-09-10 16:02:01,301271,Tiefgarage am Hauptbahnhof,0,79,0
2026-09-10 16:02:01,301272,Tiefgarage Stachus Einkaufszentrum,143,336,1
2026-09-10 16:02:01,301277,Parkhaus Elisenhof,86,165,1
2026-09-10 16:02:01,401004,PH Hauptbahnhof Süd,144,197,1
2026-09-10 16:02:01,401010,Parkhaus am Hofbräuhaus,73,428,1
2026-09-10 16:02:01,401055,Parkhaus Schrannenhalle,1,143,1
2026-09-10 16:02:01,401060,Königshof-Parking,78,102,1
2026-09-10 16:02:01,401062,Parkhaus am Salvatorplatz,112,309,1
2026-09-10 16:02:01,106525,Parkhaus am Hauptbahnhof,0,223,0
2026-09-10 17:02:01,106501,Parkhaus am Stachus,390,390,0
2026-09-10 17:02:01,106504,City-Parkhaus am Färbergraben,183,350,1
2026-09-10 17:02:01,106505,Parkgarage Rieger-City,205,266,0
2026-09-10 17:02:01,106506,Sonnenhof Parkgarage,21,77,0
2026-09-10 17:02:01,106507,Tiefgarage vor der Oper,42,275,1
2026-09-10 17:02:01,106508,Hertie-Parkhaus,417,504,0
2026-09-10 17:02:01,106509,Parkgarage Böhringer,28,150,1
2026-09-10 17:02:01,106513,TG Hotel Ibis City,39,0,0
2026-09-10 17:02:01,106521,Car Park Cristal,428,220,0
2026-09-10 17:02:01,106524,Parkhaus Oberanger,194,393,1
2026-09-10 17:02:01,301220,Tiefgarage Karstadt Oberpollinger,95,357,1
2026-09-10 17:02:01,301234,Pschorr-Garage,2,165,1
2026-09-10 17:02:01,301236,Marienplatz-Großgarage,161,220,0
2026-09-10 17:02:01,301264,Parkhaus Hopfenpost,190,230,0
2026-09-10 17:02:01,301270,Parkhaus Marsstr. 11,259,526,1
2026-09-10 17:02:01,301271,Tiefgarage am Hauptbahnhof,0,79,0
2026-09-10 17:02:01,301272,Tiefgarage Stachus Einkaufszentrum,139,336,1
2026-09-10 17:02:01,301277,Parkhaus Elisenhof,102,165,1
2026-09-10 17:02:01,401004,PH Hauptbahnhof Süd,133,197,1
2026-09-10 17:02:01,401010,Parkhaus am Hofbräuhaus,136,428,1
2026-09-10 17:02:01,401055,Parkhaus Schrannenhalle,2,143,1
2026-09-10 17:02:01,401060,Königshof-Parking,78,102,1
2026-09-10 17:02:01,401062,Parkhaus am Salvatorplatz,132,309,1
2026-09-10 17:02:01,106525,Parkhaus am Hauptbahnhof,0,223,0
2026-09-10 18:02:01,106501,Parkhaus am Stachus,390,390,0
2026-09-10 18:02:01,106504,City-Parkhaus am Färbergraben,218,350,1
2026-09-10 18:02:01,106505,Parkgarage Rieger-City,205,266,0
2026-09-10 18:02:01,106506,Sonnenhof Parkgarage,21,77,0
2026-09-10 18:02:01,106507,Tiefgarage vor der Oper,84,275,1
2026-09-10 18:02:01,106508,Hertie-Parkhaus,417,504,0
2026-09-10 18:02:01,106509,Parkgarage Böhringer,49,150,1
2026-09-10 18:02:01,106513,TG Hotel Ibis City,39,0,0
2026-09-10 18:02:01,106521,Car Park Cristal,428,220,0
2026-09-10 18:02:01,106524,Parkhaus Oberanger,237,393,1
2026-09-10 18:02:01,301220,Tiefgarage Karstadt Oberpollinger,60,357,1
2026-09-10 18:02:01,301234,Pschorr-Garage,28,165,1
2026-09-10 18:02:01,301236,Marienplatz-Großgarage,161,220,0
2026-09-10 18:02:01,301264,Parkhaus Hopfenpost,190,230,0
2026-09-10 18:02:01,301270,Parkhaus Marsstr. 11,252,526,1
2026-09-10 18:02:01,301271,Tiefgarage am Hauptbahnhof,0,79,0
2026-09-10 18:02:01,301272,Tiefgarage Stachus Einkaufszentrum,127,336,1
2026-09-10 18:02:01,301277,Parkhaus Elisenhof,110,165,1
2026-09-10 18:02:01,401004,PH Hauptbahnhof Süd,126,197,1
2026-09-10 18:02:01,401010,Parkhaus am Hofbräuhaus,158,428,1
2026-09-10 18:02:01,401055,Parkhaus Schrannenhalle,32,145,1
2026-09-10 18:02:01,401060,Königshof-Parking,78,102,1
2026-09-10 18:02:01,401062,Parkhaus am Salvatorplatz,151,309,1
2026-09-10 18:02:01,106525,Parkhaus am Hauptbahnhof,0,223,0
2026-09-10 19:02:01,106501,Parkhaus am Stachus,390,390,0
2026-09-10 19:02:01,106504,City-Parkhaus am Färbergraben,253,350,1
2026-09-10 19:02:01,106505,Parkgarage Rieger-City,205,266,0
2026-09-10 19:02:01,106506,Sonnenhof Parkgarage,21,77,0
2026-09-10 19:02:01,106507,Tiefgarage vor der Oper,105,275,1
2026-09-10 19:02:01,106508,Hertie-Parkhaus,417,504,0
2026-09-10 19:02:01,106509,Parkgarage Böhringer,50,150,1
2026-09-10 19:02:01,106513,TG Hotel Ibis City,39,0,0
2026-09-10 19:02:01,106521,Car Park Cristal,428,220,0
2026-09-10 19:02:01,106524,Parkhaus Oberanger,263,393,1
2026-09-10 19:02:01,301220,Tiefgarage Karstadt Oberpollinger,55,357,1
2026-09-10 19:02:01,301234,Pschorr-Garage,58,165,1
2026-09-10 19:02:01,301236,Marienplatz-Großgarage,161,220,0
2026-09-10 19:02:01,301264,Parkhaus Hopfenpost,190,230,0
2026-09-10 19:02:01,301270,Parkhaus Marsstr. 11,252,526,1
2026-09-10 19:02:01,301271,Tiefgarage am Hauptbahnhof,0,79,0
2026-09-10 19:02:01,301272,Tiefgarage Stachus Einkaufszentrum,132,336,1
2026-09-10 19:02:01,301277,Parkhaus Elisenhof,107,165,1
2026-09-10 19:02:01,401004,PH Hauptbahnhof Süd,123,197,1
2026-09-10 19:02:01,401010,Parkhaus am Hofbräuhaus,180,428,1
2026-09-10 19:02:01,401055,Parkhaus Schrannenhalle,38,145,1
2026-09-10 19:02:01,401060,Königshof-Parking,78,102,1
2026-09-10 19:02:01,401062,Parkhaus am Salvatorplatz,166,309,1
2026-09-10 19:02:01,106525,Parkhaus am Hauptbahnhof,0,223,0
2026-09-10 20:02:01,106501,Parkhaus am Stachus,390,390,0
2026-09-10 20:02:01,106504,City-Parkhaus am Färbergraben,291,350,1
2026-09-10 20:02:01,106505,Parkgarage Rieger-City,205,266,0
2026-09-10 20:02:01,106506,Sonnenhof Parkgarage,21,77,0
2026-09-10 20:02:01,106507,Tiefgarage vor der Oper,147,275,1
2026-09-10 20:02:01,106508,Hertie-Parkhaus,417,504,0
2026-09-10 20:02:01,106509,Parkgarage Böhringer,55,150,1
2026-09-10 20:02:01,106513,TG Hotel Ibis City,39,0,0
2026-09-10 20:02:01,106521,Car Park Cristal,428,220,0
2026-09-10 20:02:01,106524,Parkhaus Oberanger,286,393,1
2026-09-10 20:02:01,301220,Tiefgarage Karstadt Oberpollinger,72,357,1
2026-09-10 20:02:01,301234,Pschorr-Garage,68,165,1
2026-09-10 20:02:01,301236,Marienplatz-Großgarage,161,220,0
2026-09-10 20:02:01,301264,Parkhaus Hopfenpost,190,230,0
2026-09-10 20:02:01,301270,Parkhaus Marsstr. 11,245,526,1
2026-09-10 20:02:01,301271,Tiefgarage am Hauptbahnhof,0,79,0
2026-09-10 20:02:01,301272,Tiefgarage Stachus Einkaufszentrum,132,336,1
2026-09-10 20:02:01,301277,Parkhaus Elisenhof,98,165,1
2026-09-10 20:02:01,401004,PH Hauptbahnhof Süd,117,197,1
2026-09-10 20:02:01,401010,Parkhaus am Hofbräuhaus,199,428,1
2026-09-10 20:02:01,401055,Parkhaus Schrannenhalle,37,145,1
2026-09-10 20:02:01,401060,Königshof-Parking,78,102,1
2026-09-10 20:02:01,401062,Parkhaus am Salvatorplatz,178,309,1
2026-09-10 20:02:01,106525,Parkhaus am Hauptbahnhof,0,223,0
2026-09-10 21:02:01,106501,Parkhaus am Stachus,390,390,0
2026-09-10 21:02:01,106504,City-Parkhaus am Färbergraben,316,350,1
2026-09-10 21:02:01,106505,Parkgarage Rieger-City,205,266,0
2026-09-10 21:02:01,106506,Sonnenhof Parkgarage,21,77,0
2026-09-10 21:02:01,106507,Tiefgarage vor der Oper,183,275,1
2026-09-10 21:02:01,106508,Hertie-Parkhaus,417,504,0
2026-09-10 21:02:01,106509,Parkgarage Böhringer,66,150,1
2026-09-10 21:02:01,106513,TG Hotel Ibis City,39,0,0
2026-09-10 21:02:01,106521,Car Park Cristal,428,220,0
2026-09-10 21:02:01,106524,Parkhaus Oberanger,323,393,1
2026-09-10 21:02:01,301220,Tiefgarage Karstadt Oberpollinger,85,357,1
2026-09-10 21:02:01,301234,Pschorr-Garage,99,165,1
2026-09-10 21:02:01,301236,Marienplatz-Großgarage,161,220,0
2026-09-10 21:02:01,301264,Parkhaus Hopfenpost,190,230,0
2026-09-10 21:02:01,301270,Parkhaus Marsstr. 11,245,526,1
2026-09-10 21:02:01,301271,Tiefgarage am Hauptbahnhof,0,79,0
2026-09-10 21:02:01,301272,Tiefgarage Stachus Einkaufszentrum,139,336,1
2026-09-10 21:02:01,301277,Parkhaus Elisenhof,102,165,1
2026-09-10 21:02:01,401004,PH Hauptbahnhof Süd,117,197,1
2026-09-10 21:02:01,401010,Parkhaus am Hofbräuhaus,246,428,1
2026-09-10 21:02:01,401055,Parkhaus Schrannenhalle,74,145,1
2026-09-10 21:02:01,401060,Königshof-Parking,78,102,1
2026-09-10 21:02:01,401062,Parkhaus am Salvatorplatz,207,309,1
2026-09-10 21:02:01,106525,Parkhaus am Hauptbahnhof,0,223,0
2026-09-10 22:02:02,106501,Parkhaus am Stachus,390,390,0
2026-09-10 22:02:02,106504,City-Parkhaus am Färbergraben,336,350,1
2026-09-10 22:02:02,106505,Parkgarage Rieger-City,205,266,0
2026-09-10 22:02:02,106506,Sonnenhof Parkgarage,21,77,0
2026-09-10 22:02:02,106507,Tiefgarage vor der Oper,216,275,1
2026-09-10 22:02:02,106508,Hertie-Parkhaus,417,504,0
2026-09-10 22:02:02,106509,Parkgarage Böhringer,83,150,1
2026-09-10 22:02:02,106513,TG Hotel Ibis City,39,0,0
2026-09-10 22:02:02,106521,Car Park Cristal,428,220,0
2026-09-10 22:02:02,106524,Parkhaus Oberanger,337,393,1
2026-09-10 22:02:02,301220,Tiefgarage Karstadt Oberpollinger,103,357,1
2026-09-10 22:02:02,301234,Pschorr-Garage,113,165,1
2026-09-10 22:02:02,301236,Marienplatz-Großgarage,161,220,0
2026-09-10 22:02:02,301264,Parkhaus Hopfenpost,190,230,0
2026-09-10 22:02:02,301270,Parkhaus Marsstr. 11,245,526,1
2026-09-10 22:02:02,301271,Tiefgarage am Hauptbahnhof,0,79,0
2026-09-10 22:02:02,301272,Tiefgarage Stachus Einkaufszentrum,143,336,1
2026-09-10 22:02:02,301277,Parkhaus Elisenhof,114,165,1
2026-09-10 22:02:02,401004,PH Hauptbahnhof Süd,120,197,1
2026-09-10 22:02:02,401010,Parkhaus am Hofbräuhaus,286,428,1
2026-09-10 22:02:02,401055,Parkhaus Schrannenhalle,101,145,1
2026-09-10 22:02:02,401060,Königshof-Parking,78,102,1
2026-09-10 22:02:02,401062,Parkhaus am Salvatorplatz,231,309,1
2026-09-10 22:02:02,106525,Parkhaus am Hauptbahnhof,0,223,0
2026-09-10 23:02:01,106501,Parkhaus am Stachus,390,390,0
2026-09-10 23:02:01,106504,City-Parkhaus am Färbergraben,342,350,1
2026-09-10 23:02:01,106505,Parkgarage Rieger-City,205,266,0
2026-09-10 23:02:01,106506,Sonnenhof Parkgarage,21,77,0
2026-09-10 23:02:01,106507,Tiefgarage vor der Oper,243,275,1
2026-09-10 23:02:01,106508,Hertie-Parkhaus,417,504,0
2026-09-10 23:02:01,106509,Parkgarage Böhringer,96,150,1
2026-09-10 23:02:01,106513,TG Hotel Ibis City,39,0,0
2026-09-10 23:02:01,106521,Car Park Cristal,428,220,0
2026-09-10 23:02:01,106524,Parkhaus Oberanger,355,393,1
2026-09-10 23:02:01,301220,Tiefgarage Karstadt Oberpollinger,140,357,1
2026-09-10 23:02:01,301234,Pschorr-Garage,122,165,1
2026-09-10 23:02:01,301236,Marienplatz-Großgarage,161,220,0
2026-09-10 23:02:01,301264,Parkhaus Hopfenpost,190,230,0
2026-09-10 23:02:01,301270,Parkhaus Marsstr. 11,245,526,1
2026-09-10 23:02:01,301271,Tiefgarage am Hauptbahnhof,0,79,0
2026-09-10 23:02:01,301272,Tiefgarage Stachus Einkaufszentrum,149,336,1
2026-09-10 23:02:01,301277,Parkhaus Elisenhof,123,165,1
2026-09-10 23:02:01,401004,PH Hauptbahnhof Süd,124,197,1
2026-09-10 23:02:01,401010,Parkhaus am Hofbräuhaus,319,428,1
2026-09-10 23:02:01,401055,Parkhaus Schrannenhalle,121,147,1
2026-09-10 23:02:01,401060,Königshof-Parking,78,102,1
2026-09-10 23:02:01,401062,Parkhaus am Salvatorplatz,251,309,1
2026-09-10 23:02:01,106525,Parkhaus am Hauptbahnhof,0,223,0
2026-09-11 00:02:01,106501,Parkhaus am Stachus,390,390,0
2026-09-11 00:02:01,106504,City-Parkhaus am Färbergraben,0,350,1
2026-09-11 00:02:01,106505,Parkgarage Rieger-City,205,266,0
2026-09-11 00:02:01,106506,Sonnenhof Parkgarage,21,77,0
2026-09-11 00:02:01,106507,Tiefgarage vor der Oper,254,275,1
2026-09-11 00:02:01,106508,Hertie-Parkhaus,417,504,0
2026-09-11 00:02:01,106509,Parkgarage Böhringer,104,150,1
2026-09-11 00:02:01,106513,TG Hotel Ibis City,39,0,0
2026-09-11 00:02:01,106521,Car Park Cristal,428,220,0
2026-09-11 00:02:01,106524,Parkhaus Oberanger,363,393,1
2026-09-11 00:02:01,301220,Tiefgarage Karstadt Oberpollinger,177,357,1
2026-09-11 00:02:01,301234,Pschorr-Garage,125,165,1
2026-09-11 00:02:01,301236,Marienplatz-Großgarage,161,220,0
2026-09-11 00:02:01,301264,Parkhaus Hopfenpost,190,230,0
2026-09-11 00:02:01,301270,Parkhaus Marsstr. 11,245,526,1
2026-09-11 00:02:01,301271,Tiefgarage am Hauptbahnhof,0,79,0
2026-09-11 00:02:01,301272,Tiefgarage Stachus Einkaufszentrum,150,336,1
2026-09-11 00:02:01,301277,Parkhaus Elisenhof,130,165,1
2026-09-11 00:02:01,401004,PH Hauptbahnhof Süd,122,197,1
2026-09-11 00:02:01,401010,Parkhaus am Hofbräuhaus,277,373,1
2026-09-11 00:02:01,401055,Parkhaus Schrannenhalle,126,147,1
2026-09-11 00:02:01,401060,Königshof-Parking,78,102,1
2026-09-11 00:02:01,401062,Parkhaus am Salvatorplatz,261,309,1
2026-09-11 00:02:01,106525,Parkhaus am Hauptbahnhof,0,223,0
2026-09-11 01:02:01,106501,Parkhaus am Stachus,390,390,0
2026-09-11 01:02:01,106504,City-Parkhaus am Färbergraben,0,350,1
2026-09-11 01:02:01,106505,Parkgarage Rieger-City,205,266,0
2026-09-11 01:02:01,106506,Sonnenhof Parkgarage,21,77,0
2026-09-11 01:02:01,106507,Tiefgarage vor der Oper,254,275,1
2026-09-11 01:02:01,106508,Hertie-Parkhaus,417,504,0
2026-09-11 01:02:01,106509,Parkgarage Böhringer,104,150,1
2026-09-11 01:02:01,106513,TG Hotel Ibis City,39,0,0
2026-09-11 01:02:01,106521,Car Park Cristal,428,220,0
2026-09-11 01:02:01,106524,Parkhaus Oberanger,365,393,1
2026-09-11 01:02:01,301220,Tiefgarage Karstadt Oberpollinger,203,357,1
2026-09-11 01:02:01,301234,Pschorr-Garage,125,165,1
2026-09-11 01:02:01,301236,Marienplatz-Großgarage,161,220,0
2026-09-11 01:02:01,301264,Parkhaus Hopfenpost,190,230,0
2026-09-11 01:02:01,301270,Parkhaus Marsstr. 11,245,526,1
2026-09-11 01:02:01,301271,Tiefgarage am Hauptbahnhof,0,79,0
2026-09-11 01:02:01,301272,Tiefgarage Stachus Einkaufszentrum,150,336,1
2026-09-11 01:02:01,301277,Parkhaus Elisenhof,131,165,1
2026-09-11 01:02:01,401004,PH Hauptbahnhof Süd,122,197,1
2026-09-11 01:02:01,401010,Parkhaus am Hofbräuhaus,288,373,1
2026-09-11 01:02:01,401055,Parkhaus Schrannenhalle,129,147,1
2026-09-11 01:02:01,401060,Königshof-Parking,78,102,1
2026-09-11 01:02:01,401062,Parkhaus am Salvatorplatz,264,309,1
2026-09-11 01:02:01,106525,Parkhaus am Hauptbahnhof,0,223,0
2026-09-11 02:02:01,106501,Parkhaus am Stachus,390,390,0
2026-09-11 02:02:01,106504,City-Parkhaus am Färbergraben,0,350,1
2026-09-11 02:02:01,106505,Parkgarage Rieger-City,205,266,0
2026-09-11 02:02:01,106506,Sonnenhof Parkgarage,21,77,0
2026-09-11 02:02:01,106507,Tiefgarage vor der Oper,254,275,1
2026-09-11 02:02:01,106508,Hertie-Parkhaus,417,504,0
2026-09-11 02:02:01,106509,Parkgarage Böhringer,106,150,1
2026-09-11 02:02:01,106513,TG Hotel Ibis City,39,0,0
2026-09-11 02:02:01,106521,Car Park Cristal,428,220,0
2026-09-11 02:02:01,106524,Parkhaus Oberanger,365,393,1
2026-09-11 02:02:01,301220,Tiefgarage Karstadt Oberpollinger,237,357,1
2026-09-11 02:02:01,301234,Pschorr-Garage,124,165,1
2026-09-11 02:02:01,301236,Marienplatz-Großgarage,161,220,0
2026-09-11 02:02:01,301264,Parkhaus Hopfenpost,190,230,0
2026-09-11 02:02:01,301270,Parkhaus Marsstr. 11,245,526,1
2026-09-11 02:02:01,301271,Tiefgarage am Hauptbahnhof,0,79,0
2026-09-11 02:02:01,301272,Tiefgarage Stachus Einkaufszentrum,150,336,1
2026-09-11 02:02:01,301277,Parkhaus Elisenhof,131,165,1
2026-09-11 02:02:01,401004,PH Hauptbahnhof Süd,121,197,1
2026-09-11 02:02:01,401010,Parkhaus am Hofbräuhaus,289,373,1
2026-09-11 02:02:01,401055,Parkhaus Schrannenhalle,129,147,1
2026-09-11 02:02:01,401060,Königshof-Parking,78,102,1
2026-09-11 02:02:01,401062,Parkhaus am Salvatorplatz,264,309,1
2026-09-11 02:02:01,106525,Parkhaus am Hauptbahnhof,0,223,0
2026-09-11 03:02:01,106501,Parkhaus am Stachus,390,390,0
2026-09-11 03:02:01,106504,City-Parkhaus am Färbergraben,0,350,1
2026-09-11 03:02:01,106505,Parkgarage Rieger-City,205,266,0
2026-09-11 03:02:01,106506,Sonnenhof Parkgarage,21,77,0
2026-09-11 03:02:01,106507,Tiefgarage vor der Oper,254,275,1
2026-09-11 03:02:01,106508,Hertie-Parkhaus,417,504,0
2026-09-11 03:02:01,106509,Parkgarage Böhringer,106,150,1
2026-09-11 03:02:01,106513,TG Hotel Ibis City,39,0,0
2026-09-11 03:02:01,106521,Car Park Cristal,428,220,0
2026-09-11 03:02:01,106524,Parkhaus Oberanger,365,393,1
2026-09-11 03:02:01,301220,Tiefgarage Karstadt Oberpollinger,251,357,1
2026-09-11 03:02:01,301234,Pschorr-Garage,125,165,1
2026-09-11 03:02:01,301236,Marienplatz-Großgarage,161,220,0
2026-09-11 03:02:01,301264,Parkhaus Hopfenpost,190,230,0
2026-09-11 03:02:01,301270,Parkhaus Marsstr. 11,245,526,1
2026-09-11 03:02:01,301271,Tiefgarage am Hauptbahnhof,0,79,0
2026-09-11 03:02:01,301272,Tiefgarage Stachus Einkaufszentrum,150,336,1
2026-09-11 03:02:01,301277,Parkhaus Elisenhof,131,165,1
2026-09-11 03:02:01,401004,PH Hauptbahnhof Süd,121,197,1
2026-09-11 03:02:01,401010,Parkhaus am Hofbräuhaus,292,373,1
2026-09-11 03:02:01,401055,Parkhaus Schrannenhalle,129,147,1
2026-09-11 03:02:01,401060,Königshof-Parking,78,102,1
2026-09-11 03:02:01,401062,Parkhaus am Salvatorplatz,264,309,1
2026-09-11 03:02:01,106525,Parkhaus am Hauptbahnhof,0,223,0
2026-09-11 04:02:01,106501,Parkhaus am Stachus,390,390,0
2026-09-11 04:02:01,106504,City-Parkhaus am Färbergraben,0,350,1
2026-09-11 04:02:01,106505,Parkgarage Rieger-City,205,266,0
2026-09-11 04:02:01,106506,Sonnenhof Parkgarage,21,77,0
2026-09-11 04:02:01,106507,Tiefgarage vor der Oper,254,275,1
2026-09-11 04:02:01,106508,Hertie-Parkhaus,417,504,0
2026-09-11 04:02:01,106509,Parkgarage Böhringer,106,150,1
2026-09-11 04:02:01,106513,TG Hotel Ibis City,39,0,0
2026-09-11 04:02:01,106521,Car Park Cristal,428,220,0
2026-09-11 04:02:01,106524,Parkhaus Oberanger,365,393,1
2026-09-11 04:02:01,301220,Tiefgarage Karstadt Oberpollinger,265,357,1
2026-09-11 04:02:01,301234,Pschorr-Garage,125,165,1
2026-09-11 04:02:01,301236,Marienplatz-Großgarage,161,220,0
2026-09-11 04:02:01,301264,Parkhaus Hopfenpost,190,230,0
2026-09-11 04:02:01,301270,Parkhaus Marsstr. 11,245,526,1
2026-09-11 04:02:01,301271,Tiefgarage am Hauptbahnhof,0,79,0
2026-09-11 04:02:01,301272,Tiefgarage Stachus Einkaufszentrum,152,336,1
2026-09-11 04:02:01,301277,Parkhaus Elisenhof,131,165,1
2026-09-11 04:02:01,401004,PH Hauptbahnhof Süd,121,197,1
2026-09-11 04:02:01,401010,Parkhaus am Hofbräuhaus,292,373,1
2026-09-11 04:02:01,401055,Parkhaus Schrannenhalle,129,147,1
2026-09-11 04:02:01,401060,Königshof-Parking,78,102,1
2026-09-11 04:02:01,401062,Parkhaus am Salvatorplatz,264,309,1
2026-09-11 04:02:01,106525,Parkhaus am Hauptbahnhof,0,223,0
2026-09-11 05:02:01,106501,Parkhaus am Stachus,390,390,0
2026-09-11 05:02:01,106504,City-Parkhaus am Färbergraben,0,350,1
2026-09-11 05:02:01,106505,Parkgarage Rieger-City,205,266,0
2026-09-11 05:02:01,106506,Sonnenhof Parkgarage,21,77,0
2026-09-11 05:02:01,106507,Tiefgarage vor der Oper,254,275,1
2026-09-11 05:02:01,106508,Hertie-Parkhaus,417,504,0
2026-09-11 05:02:01,106509,Parkgarage Böhringer,106,150,1
2026-09-11 05:02:01,106513,TG Hotel Ibis City,39,0,0
2026-09-11 05:02:01,106521,Car Park Cristal,428,220,0
2026-09-11 05:02:01,106524,Parkhaus Oberanger,365,393,1
2026-09-11 05:02:01,301220,Tiefgarage Karstadt Oberpollinger,272,357,1
2026-09-11 05:02:01,301234,Pschorr-Garage,125,165,1
2026-09-11 05:02:01,301236,Marienplatz-Großgarage,161,220,0
2026-09-11 05:02:01,301264,Parkhaus Hopfenpost,190,230,0
2026-09-11 05:02:01,301270,Parkhaus Marsstr. 11,245,526,1
2026-09-11 05:02:01,301271,Tiefgarage am Hauptbahnhof,0,79,0
2026-09-11 05:02:01,301272,Tiefgarage Stachus Einkaufszentrum,152,336,1
2026-09-11 05:02:01,301277,Parkhaus Elisenhof,132,165,1
2026-09-11 05:02:01,401004,PH Hauptbahnhof Süd,121,197,1
2026-09-11 05:02:01,401010,Parkhaus am Hofbräuhaus,292,373,1
2026-09-11 05:02:01,401055,Parkhaus Schrannenhalle,129,147,1
2026-09-11 05:02:01,401060,Königshof-Parking,78,102,1
2026-09-11 05:02:01,401062,Parkhaus am Salvatorplatz,263,309,1
2026-09-11 05:02:01,106525,Parkhaus am Hauptbahnhof,0,223,0
2026-09-11 06:02:01,106501,Parkhaus am Stachus,390,390,0
2026-09-11 06:02:01,106504,City-Parkhaus am Färbergraben,0,350,1
2026-09-11 06:02:01,106505,Parkgarage Rieger-City,205,266,0
2026-09-11 06:02:01,106506,Sonnenhof Parkgarage,21,77,0
2026-09-11 06:02:01,106507,Tiefgarage vor der Oper,252,275,1
2026-09-11 06:02:01,106508,Hertie-Parkhaus,417,504,0
2026-09-11 06:02:01,106509,Parkgarage Böhringer,106,150,1
2026-09-11 06:02:01,106513,TG Hotel Ibis City,39,0,0
2026-09-11 06:02:01,106521,Car Park Cristal,428,220,0
2026-09-11 06:02:01,106524,Parkhaus Oberanger,365,393,1
2026-09-11 06:02:01,301220,Tiefgarage Karstadt Oberpollinger,277,357,1
2026-09-11 06:02:01,301234,Pschorr-Garage,125,165,1
2026-09-11 06:02:01,301236,Marienplatz-Großgarage,161,220,0
2026-09-11 06:02:01,301264,Parkhaus Hopfenpost,190,230,0
2026-09-11 06:02:01,301270,Parkhaus Marsstr. 11,245,526,1
2026-09-11 06:02:01,301271,Tiefgarage am Hauptbahnhof,0,79,0
2026-09-11 06:02:01,301272,Tiefgarage Stachus Einkaufszentrum,152,336,0
2026-09-11 06:02:01,301277,Parkhaus Elisenhof,133,165,1
2026-09-11 06:02:01,401004,PH Hauptbahnhof Süd,121,197,1
2026-09-11 06:02:01,401010,Parkhaus am Hofbräuhaus,293,373,1
2026-09-11 06:02:01,401055,Parkhaus Schrannenhalle,128,147,1
2026-09-11 06:02:01,401060,Königshof-Parking,78,102,1
2026-09-11 06:02:01,401062,Parkhaus am Salvatorplatz,263,309,1
2026-09-11 06:02:01,106525,Parkhaus am Hauptbahnhof,0,223,0
2026-09-11 07:02:01,106501,Parkhaus am Stachus,390,390,0
2026-09-11 07:02:01,106504,City-Parkhaus am Färbergraben,339,350,1
2026-09-11 07:02:01,106505,Parkgarage Rieger-City,205,266,0
2026-09-11 07:02:01,106506,Sonnenhof Parkgarage,21,77,0
2026-09-11 07:02:01,106507,Tiefgarage vor der Oper,250,275,1
2026-09-11 07:02:01,106508,Hertie-Parkhaus,417,504,0
2026-09-11 07:02:01,106509,Parkgarage Böhringer,101,150,1
2026-09-11 07:02:01,106513,TG Hotel Ibis City,39,0,0
2026-09-11 07:02:01,106521,Car Park Cristal,428,220,0
2026-09-11 07:02:01,106524,Parkhaus Oberanger,363,393,1
2026-09-11 07:02:01,301220,Tiefgarage Karstadt Oberpollinger,278,357,1
2026-09-11 07:02:01,301234,Pschorr-Garage,123,165,1
2026-09-11 07:02:01,301236,Marienplatz-Großgarage,161,220,0
2026-09-11 07:02:01,301264,Parkhaus Hopfenpost,190,230,0
2026-09-11 07:02:01,301270,Parkhaus Marsstr. 11,245,526,1
2026-09-11 07:02:01,301271,Tiefgarage am Hauptbahnhof,0,79,0
2026-09-11 07:02:01,301272,Tiefgarage Stachus Einkaufszentrum,153,336,1
2026-09-11 07:02:01,301277,Parkhaus Elisenhof,132,165,1
2026-09-11 07:02:01,401004,PH Hauptbahnhof Süd,121,197,1
2026-09-11 07:02:01,401010,Parkhaus am Hofbräuhaus,298,373,1
2026-09-11 07:02:01,401055,Parkhaus Schrannenhalle,127,147,1
2026-09-11 07:02:01,401060,Königshof-Parking,78,102,1
2026-09-11 07:02:01,401062,Parkhaus am Salvatorplatz,264,309,1
2026-09-11 07:02:01,106525,Parkhaus am Hauptbahnhof,0,223,0
2026-09-11 08:02:01,106501,Parkhaus am Stachus,390,390,0
2026-09-11 08:02:01,106504,City-Parkhaus am Färbergraben,333,350,1
2026-09-11 08:02:01,106505,Parkgarage Rieger-City,205,266,0
2026-09-11 08:02:01,106506,Sonnenhof Parkgarage,21,77,0
2026-09-11 08:02:01,106507,Tiefgarage vor der Oper,232,275,1
2026-09-11 08:02:01,106508,Hertie-Parkhaus,417,504,0
2026-09-11 08:02:01,106509,Parkgarage Böhringer,97,150,1
2026-09-11 08:02:01,106513,TG Hotel Ibis City,39,0,0
2026-09-11 08:02:01,106521,Car Park Cristal,428,220,0
2026-09-11 08:02:01,106524,Parkhaus Oberanger,356,393,1
2026-09-11 08:02:01,301220,Tiefgarage Karstadt Oberpollinger,279,357,1
2026-09-11 08:02:01,301234,Pschorr-Garage,134,165,1
2026-09-11 08:02:01,301236,Marienplatz-Großgarage,161,220,0
2026-09-11 08:02:01,301264,Parkhaus Hopfenpost,190,230,0
2026-09-11 08:02:01,301270,Parkhaus Marsstr. 11,245,526,1
2026-09-11 08:02:01,301271,Tiefgarage am Hauptbahnhof,0,79,0
2026-09-11 08:02:01,301272,Tiefgarage Stachus Einkaufszentrum,154,336,1
2026-09-11 08:02:01,301277,Parkhaus Elisenhof,129,165,1
2026-09-11 08:02:01,401004,PH Hauptbahnhof Süd,131,197,1
2026-09-11 08:02:01,401010,Parkhaus am Hofbräuhaus,324,413,1
2026-09-11 08:02:01,401055,Parkhaus Schrannenhalle,119,147,1
2026-09-11 08:02:01,401060,Königshof-Parking,78,102,1
2026-09-11 08:02:01,401062,Parkhaus am Salvatorplatz,254,309,1
2026-09-11 08:02:01,106525,Parkhaus am Hauptbahnhof,0,223,0
2026-09-11 09:02:01,106501,Parkhaus am Stachus,390,390,0
2026-09-11 09:02:01,106504,City-Parkhaus am Färbergraben,306,350,1
2026-09-11 09:02:01,106505,Parkgarage Rieger-City,205,266,0
2026-09-11 09:02:01,106506,Sonnenhof Parkgarage,21,77,0
2026-09-11 09:02:01,106507,Tiefgarage vor der Oper,177,275,1
2026-09-11 09:02:01,106508,Hertie-Parkhaus,417,504,0
2026-09-11 09:02:01,106509,Parkgarage Böhringer,85,150,1
2026-09-11 09:02:01,106513,TG Hotel Ibis City,39,0,0
2026-09-11 09:02:01,106521,Car Park Cristal,428,220,0
2026-09-11 09:02:01,106524,Parkhaus Oberanger,331,393,1
2026-09-11 09:02:01,301220,Tiefgarage Karstadt Oberpollinger,280,357,1
2026-09-11 09:02:01,301234,Pschorr-Garage,119,165,1
2026-09-11 09:02:01,301236,Marienplatz-Großgarage,161,220,0
2026-09-11 09:02:01,301264,Parkhaus Hopfenpost,190,230,0
2026-09-11 09:02:01,301270,Parkhaus Marsstr. 11,245,526,1
2026-09-11 09:02:01,301271,Tiefgarage am Hauptbahnhof,0,79,0
2026-09-11 09:02:01,301272,Tiefgarage Stachus Einkaufszentrum,146,336,1
2026-09-11 09:02:01,301277,Parkhaus Elisenhof,120,165,1
2026-09-11 09:02:01,401004,PH Hauptbahnhof Süd,136,197,1
2026-09-11 09:02:01,401010,Parkhaus am Hofbräuhaus,304,413,1
2026-09-11 09:02:01,401055,Parkhaus Schrannenhalle,103,147,1
2026-09-11 09:02:01,401060,Königshof-Parking,78,102,1
2026-09-11 09:02:01,401062,Parkhaus am Salvatorplatz,231,309,1
2026-09-11 09:02:01,106525,Parkhaus am Hauptbahnhof,0,223,0
2026-09-11 10:02:01,106501,Parkhaus am Stachus,390,390,0
2026-09-11 10:02:01,106504,City-Parkhaus am Färbergraben,264,350,1
2026-09-11 10:02:01,106505,Parkgarage Rieger-City,205,266,0
2026-09-11 10:02:01,106506,Sonnenhof Parkgarage,21,77,0
2026-09-11 10:02:01,106507,Tiefgarage vor der Oper,115,275,1
2026-09-11 10:02:01,106508,Hertie-Parkhaus,417,504,0
2026-09-11 10:02:01,106509,Parkgarage Böhringer,77,150,1
2026-09-11 10:02:01,106513,TG Hotel Ibis City,39,0,0
2026-09-11 10:02:01,106521,Car Park Cristal,428,220,0
2026-09-11 10:02:01,106524,Parkhaus Oberanger,283,393,1
2026-09-11 10:02:01,301220,Tiefgarage Karstadt Oberpollinger,280,357,1
2026-09-11 10:02:01,301234,Pschorr-Garage,88,165,1
2026-09-11 10:02:01,301236,Marienplatz-Großgarage,161,220,0
2026-09-11 10:02:01,301264,Parkhaus Hopfenpost,190,230,0
2026-09-11 10:02:01,301270,Parkhaus Marsstr. 11,245,526,1
2026-09-11 10:02:01,301271,Tiefgarage am Hauptbahnhof,0,79,0
2026-09-11 10:02:01,301272,Tiefgarage Stachus Einkaufszentrum,141,336,1
2026-09-11 10:02:01,301277,Parkhaus Elisenhof,123,165,1
2026-09-11 10:02:01,401004,PH Hauptbahnhof Süd,151,197,1
2026-09-11 10:02:01,401010,Parkhaus am Hofbräuhaus,260,413,1
2026-09-11 10:02:01,401055,Parkhaus Schrannenhalle,55,145,1
2026-09-11 10:02:01,401060,Königshof-Parking,78,102,1
2026-09-11 10:02:01,401062,Parkhaus am Salvatorplatz,174,309,1
2026-09-11 10:02:01,106525,Parkhaus am Hauptbahnhof,0,223,0
2026-09-11 11:02:05,106501,Parkhaus am Stachus,390,390,0
2026-09-11 11:02:05,106504,City-Parkhaus am Färbergraben,215,350,1
2026-09-11 11:02:05,106505,Parkgarage Rieger-City,205,266,0
2026-09-11 11:02:05,106506,Sonnenhof Parkgarage,21,77,0
2026-09-11 11:02:05,106507,Tiefgarage vor der Oper,45,275,1
2026-09-11 11:02:05,106508,Hertie-Parkhaus,417,504,0
2026-09-11 11:02:05,106509,Parkgarage Böhringer,55,150,1
2026-09-11 11:02:05,106513,TG Hotel Ibis City,39,0,0
2026-09-11 11:02:05,106521,Car Park Cristal,428,220,0
2026-09-11 11:02:05,106524,Parkhaus Oberanger,227,393,1
2026-09-11 11:02:05,301220,Tiefgarage Karstadt Oberpollinger,280,357,1
2026-09-11 11:02:05,301234,Pschorr-Garage,61,165,1
2026-09-11 11:02:05,301236,Marienplatz-Großgarage,161,220,0
2026-09-11 11:02:05,301264,Parkhaus Hopfenpost,190,230,0
2026-09-11 11:02:05,301270,Parkhaus Marsstr. 11,245,526,1
2026-09-11 11:02:05,301271,Tiefgarage am Hauptbahnhof,0,79,0
2026-09-11 11:02:05,301272,Tiefgarage Stachus Einkaufszentrum,134,336,1
2026-09-11 11:02:05,301277,Parkhaus Elisenhof,118,165,1
2026-09-11 11:02:05,401004,PH Hauptbahnhof Süd,156,197,1
2026-09-11 11:02:05,401010,Parkhaus am Hofbräuhaus,214,413,1
2026-09-11 11:02:05,401055,Parkhaus Schrannenhalle,27,147,1
2026-09-11 11:02:05,401060,Königshof-Parking,78,102,1
2026-09-11 11:02:05,401062,Parkhaus am Salvatorplatz,121,309,1
2026-09-11 11:02:05,106525,Parkhaus am Hauptbahnhof,0,223,0
2026-09-11 12:02:01,106501,Parkhaus am Stachus,390,390,0
2026-09-11 12:02:01,106504,City-Parkhaus am Färbergraben,172,350,1
2026-09-11 12:02:01,106505,Parkgarage Rieger-City,205,266,0
2026-09-11 12:02:01,106506,Sonnenhof Parkgarage,21,77,0
2026-09-11 12:02:01,106507,Tiefgarage vor der Oper,8,275,1
2026-09-11 12:02:01,106508,Hertie-Parkhaus,417,504,0
2026-09-11 12:02:01,106509,Parkgarage Böhringer,40,150,1
2026-09-11 12:02:01,106513,TG Hotel Ibis City,39,0,0
2026-09-11 12:02:01,106521,Car Park Cristal,428,220,0
2026-09-11 12:02:01,106524,Parkhaus Oberanger,160,393,1
2026-09-11 12:02:01,301220,Tiefgarage Karstadt Oberpollinger,281,357,1
2026-09-11 12:02:01,301234,Pschorr-Garage,36,165,1
2026-09-11 12:02:01,301236,Marienplatz-Großgarage,161,220,0
2026-09-11 12:02:01,301264,Parkhaus Hopfenpost,190,230,0
2026-09-11 12:02:01,301270,Parkhaus Marsstr. 11,245,526,1
2026-09-11 12:02:01,301271,Tiefgarage am Hauptbahnhof,0,79,0
2026-09-11 12:02:01,301272,Tiefgarage Stachus Einkaufszentrum,137,336,1
2026-09-11 12:02:01,301277,Parkhaus Elisenhof,105,165,1
2026-09-11 12:02:01,401004,PH Hauptbahnhof Süd,158,197,1
2026-09-11 12:02:01,401010,Parkhaus am Hofbräuhaus,121,413,1
2026-09-11 12:02:01,401055,Parkhaus Schrannenhalle,0,147,1
2026-09-11 12:02:01,401060,Königshof-Parking,78,102,1
2026-09-11 12:02:01,401062,Parkhaus am Salvatorplatz,106,309,1
2026-09-11 12:02:01,106525,Parkhaus am Hauptbahnhof,0,223,0
2026-09-11 13:02:01,106501,Parkhaus am Stachus,390,390,0
2026-09-11 13:02:01,106504,City-Parkhaus am Färbergraben,156,350,1
2026-09-11 13:02:01,106505,Parkgarage Rieger-City,205,266,0
2026-09-11 13:02:01,106506,Sonnenhof Parkgarage,21,77,0
2026-09-11 13:02:01,106507,Tiefgarage vor der Oper,18,275,1
2026-09-11 13:02:01,106508,Hertie-Parkhaus,417,504,0
2026-09-11 13:02:01,106509,Parkgarage Böhringer,31,150,1
2026-09-11 13:02:01,106513,TG Hotel Ibis City,39,0,0
2026-09-11 13:02:01,106521,Car Park Cristal,428,220,0
2026-09-11 13:02:01,106524,Parkhaus Oberanger,137,393,1
2026-09-11 13:02:01,301220,Tiefgarage Karstadt Oberpollinger,279,357,1
2026-09-11 13:02:01,301234,Pschorr-Garage,11,165,1
2026-09-11 13:02:01,301236,Marienplatz-Großgarage,161,220,0
2026-09-11 13:02:01,301264,Parkhaus Hopfenpost,190,230,0
2026-09-11 13:02:01,301270,Parkhaus Marsstr. 11,245,526,1
2026-09-11 13:02:01,301271,Tiefgarage am Hauptbahnhof,0,79,0
2026-09-11 13:02:01,301272,Tiefgarage Stachus Einkaufszentrum,142,336,1
2026-09-11 13:02:01,301277,Parkhaus Elisenhof,105,165,1
2026-09-11 13:02:01,401004,PH Hauptbahnhof Süd,155,197,1
2026-09-11 13:02:01,401010,Parkhaus am Hofbräuhaus,66,423,1
2026-09-11 13:02:01,401055,Parkhaus Schrannenhalle,0,147,1
2026-09-11 13:02:01,401060,Königshof-Parking,78,102,1
2026-09-11 13:02:01,401062,Parkhaus am Salvatorplatz,111,349,1
2026-09-11 13:02:01,106525,Parkhaus am Hauptbahnhof,0,223,0
2026-09-11 14:02:01,106501,Parkhaus am Stachus,390,390,0
2026-09-11 14:02:01,106504,City-Parkhaus am Färbergraben,160,350,1
2026-09-11 14:02:01,106505,Parkgarage Rieger-City,205,266,0
2026-09-11 14:02:01,106506,Sonnenhof Parkgarage,21,77,0
2026-09-11 14:02:01,106507,Tiefgarage vor der Oper,0,275,1
2026-09-11 14:02:01,106508,Hertie-Parkhaus,417,504,0
2026-09-11 14:02:01,106509,Parkgarage Böhringer,31,150,1
2026-09-11 14:02:01,106513,TG Hotel Ibis City,39,0,0
2026-09-11 14:02:01,106521,Car Park Cristal,428,220,0
2026-09-11 14:02:01,106524,Parkhaus Oberanger,138,393,1
2026-09-11 14:02:01,301220,Tiefgarage Karstadt Oberpollinger,273,357,1
2026-09-11 14:02:01,301234,Pschorr-Garage,1,165,1
2026-09-11 14:02:01,301236,Marienplatz-Großgarage,161,220,0
2026-09-11 14:02:01,301264,Parkhaus Hopfenpost,190,230,0
2026-09-11 14:02:01,301270,Parkhaus Marsstr. 11,245,526,1
2026-09-11 14:02:01,301271,Tiefgarage am Hauptbahnhof,0,79,0
2026-09-11 14:02:01,301272,Tiefgarage Stachus Einkaufszentrum,139,336,1
2026-09-11 14:02:01,301277,Parkhaus Elisenhof,106,165,1
2026-09-11 14:02:01,401004,PH Hauptbahnhof Süd,146,197,1
2026-09-11 14:02:01,401010,Parkhaus am Hofbräuhaus,29,423,1
2026-09-11 14:02:01,401055,Parkhaus Schrannenhalle,4,147,1
2026-09-11 14:02:01,401060,Königshof-Parking,78,102,1
2026-09-11 14:02:01,401062,Parkhaus am Salvatorplatz,113,349,1
2026-09-11 14:02:01,106525,Parkhaus am Hauptbahnhof,0,223,0
2026-09-11 15:02:01,106501,Parkhaus am Stachus,390,390,0
2026-09-11 15:02:01,106504,City-Parkhaus am Färbergraben,133,350,1
2026-09-11 15:02:01,106505,Parkgarage Rieger-City,205,266,0
2026-09-11 15:02:01,106506,Sonnenhof Parkgarage,21,77,0
2026-09-11 15:02:01,106507,Tiefgarage vor der Oper,1,275,1
2026-09-11 15:02:01,106508,Hertie-Parkhaus,417,504,0
2026-09-11 15:02:01,106509,Parkgarage Böhringer,18,150,1
2026-09-11 15:02:01,106513,TG Hotel Ibis City,39,0,0
2026-09-11 15:02:01,106521,Car Park Cristal,428,220,0
2026-09-11 15:02:01,106524,Parkhaus Oberanger,151,393,1
2026-09-11 15:02:01,301220,Tiefgarage Karstadt Oberpollinger,249,357,1
2026-09-11 15:02:01,301234,Pschorr-Garage,3,165,1
2026-09-11 15:02:01,301236,Marienplatz-Großgarage,161,220,0
2026-09-11 15:02:01,301264,Parkhaus Hopfenpost,190,230,0
2026-09-11 15:02:01,301270,Parkhaus Marsstr. 11,245,526,1
2026-09-11 15:02:01,301271,Tiefgarage am Hauptbahnhof,0,79,0
2026-09-11 15:02:01,301272,Tiefgarage Stachus Einkaufszentrum,127,336,1
2026-09-11 15:02:01,301277,Parkhaus Elisenhof,98,165,1
2026-09-11 15:02:01,401004,PH Hauptbahnhof Süd,137,197,1
2026-09-11 15:02:01,401010,Parkhaus am Hofbräuhaus,55,433,1
2026-09-11 15:02:01,401055,Parkhaus Schrannenhalle,0,147,1
2026-09-11 15:02:01,401060,Königshof-Parking,78,102,1
2026-09-11 15:02:01,401062,Parkhaus am Salvatorplatz,142,349,1
2026-09-11 15:02:01,106525,Parkhaus am Hauptbahnhof,0,223,0
2026-09-11 16:02:01,106501,Parkhaus am Stachus,390,390,0
2026-09-11 16:02:01,106504,City-Parkhaus am Färbergraben,141,350,1
2026-09-11 16:02:01,106505,Parkgarage Rieger-City,205,266,0
2026-09-11 16:02:01,106506,Sonnenhof Parkgarage,21,77,0
2026-09-11 16:02:01,106507,Tiefgarage vor der Oper,40,275,1
2026-09-11 16:02:01,106508,Hertie-Parkhaus,417,504,0
2026-09-11 16:02:01,106509,Parkgarage Böhringer,19,150,1
2026-09-11 16:02:01,106513,TG Hotel Ibis City,39,0,0
2026-09-11 16:02:01,106521,Car Park Cristal,428,220,0
2026-09-11 16:02:01,106524,Parkhaus Oberanger,175,393,1
2026-09-11 16:02:01,301220,Tiefgarage Karstadt Oberpollinger,225,357,1
2026-09-11 16:02:01,301234,Pschorr-Garage,2,165,1
2026-09-11 16:02:01,301236,Marienplatz-Großgarage,161,220,0
2026-09-11 16:02:01,301264,Parkhaus Hopfenpost,190,230,0
2026-09-11 16:02:01,301270,Parkhaus Marsstr. 11,245,526,1
2026-09-11 16:02:01,301271,Tiefgarage am Hauptbahnhof,0,79,0
2026-09-11 16:02:01,301272,Tiefgarage Stachus Einkaufszentrum,130,336,1
2026-09-11 16:02:01,301277,Parkhaus Elisenhof,99,165,1
2026-09-11 16:02:01,401004,PH Hauptbahnhof Süd,131,197,1
2026-09-11 16:02:01,401010,Parkhaus am Hofbräuhaus,87,433,1
2026-09-11 16:02:01,401055,Parkhaus Schrannenhalle,11,147,1
2026-09-11 16:02:01,401060,Königshof-Parking,78,102,1
2026-09-11 16:02:01,401062,Parkhaus am Salvatorplatz,182,349,1
2026-09-11 16:02:01,106525,Parkhaus am Hauptbahnhof,0,223,0
2026-09-11 17:02:01,106501,Parkhaus am Stachus,390,390,0
2026-09-11 17:02:01,106504,City-Parkhaus am Färbergraben,143,350,1
2026-09-11 17:02:01,106505,Parkgarage Rieger-City,205,266,0
2026-09-11 17:02:01,106506,Sonnenhof Parkgarage,21,77,0
2026-09-11 17:02:01,106507,Tiefgarage vor der Oper,52,275,1
2026-09-11 17:02:01,106508,Hertie-Parkhaus,417,504,0
2026-09-11 17:02:01,106509,Parkgarage Böhringer,23,150,1
2026-09-11 17:02:01,106513,TG Hotel Ibis City,39,0,0
2026-09-11 17:02:01,106521,Car Park Cristal,428,220,0
2026-09-11 17:02:01,106524,Parkhaus Oberanger,187,393,1
2026-09-11 17:02:01,301220,Tiefgarage Karstadt Oberpollinger,200,357,1
2026-09-11 17:02:01,301234,Pschorr-Garage,4,165,1
2026-09-11 17:02:01,301236,Marienplatz-Großgarage,161,220,0
2026-09-11 17:02:01,301264,Parkhaus Hopfenpost,190,230,0
2026-09-11 17:02:01,301270,Parkhaus Marsstr. 11,245,526,1
2026-09-11 17:02:01,301271,Tiefgarage am Hauptbahnhof,0,79,0
2026-09-11 17:02:01,301272,Tiefgarage Stachus Einkaufszentrum,128,336,1
2026-09-11 17:02:01,301277,Parkhaus Elisenhof,100,165,1
2026-09-11 17:02:01,401004,PH Hauptbahnhof Süd,124,197,1
2026-09-11 17:02:01,401010,Parkhaus am Hofbräuhaus,123,433,1
2026-09-11 17:02:01,401055,Parkhaus Schrannenhalle,7,147,1
2026-09-11 17:02:01,401060,Königshof-Parking,78,102,1
2026-09-11 17:02:01,401062,Parkhaus am Salvatorplatz,196,349,1
2026-09-11 17:02:01,106525,Parkhaus am Hauptbahnhof,0,223,0
2026-09-11 18:02:01,106501,Parkhaus am Stachus,390,390,0
2026-09-11 18:02:01,106504,City-Parkhaus am Färbergraben,169,350,1
2026-09-11 18:02:01,106505,Parkgarage Rieger-City,205,266,0
2026-09-11 18:02:01,106506,Sonnenhof Parkgarage,21,77,0
2026-09-11 18:02:01,106507,Tiefgarage vor der Oper,83,275,1
2026-09-11 18:02:01,106508,Hertie-Parkhaus,417,504,0
2026-09-11 18:02:01,106509,Parkgarage Böhringer,42,150,1
2026-09-11 18:02:01,106513,TG Hotel Ibis City,39,0,0
2026-09-11 18:02:01,106521,Car Park Cristal,428,220,0
2026-09-11 18:02:01,106524,Parkhaus Oberanger,205,393,1
2026-09-11 18:02:01,301220,Tiefgarage Karstadt Oberpollinger,165,357,1
2026-09-11 18:02:01,301234,Pschorr-Garage,4,165,1
2026-09-11 18:02:01,301236,Marienplatz-Großgarage,161,220,0
2026-09-11 18:02:01,301264,Parkhaus Hopfenpost,190,230,0
2026-09-11 18:02:01,301270,Parkhaus Marsstr. 11,245,526,1
2026-09-11 18:02:01,301271,Tiefgarage am Hauptbahnhof,0,79,0
2026-09-11 18:02:01,301272,Tiefgarage Stachus Einkaufszentrum,136,336,1
2026-09-11 18:02:01,301277,Parkhaus Elisenhof,94,165,1
2026-09-11 18:02:01,401004,PH Hauptbahnhof Süd,113,197,1
2026-09-11 18:02:01,401010,Parkhaus am Hofbräuhaus,155,433,1
2026-09-11 18:02:01,401055,Parkhaus Schrannenhalle,12,147,1
2026-09-11 18:02:01,401060,Königshof-Parking,78,102,1
2026-09-11 18:02:01,401062,Parkhaus am Salvatorplatz,209,349,1
2026-09-11 18:02:01,106525,Parkhaus am Hauptbahnhof,0,223,0
2026-09-11 19:02:02,106501,Parkhaus am Stachus,390,390,0
2026-09-11 19:02:02,106504,City-Parkhaus am Färbergraben,195,350,1
2026-09-11 19:02:02,106505,Parkgarage Rieger-City,205,266,0
2026-09-11 19:02:02,106506,Sonnenhof Parkgarage,21,77,0
2026-09-11 19:02:02,106507,Tiefgarage vor der Oper,118,275,1
2026-09-11 19:02:02,106508,Hertie-Parkhaus,417,504,0
2026-09-11 19:02:02,106509,Parkgarage Böhringer,27,150,1
2026-09-11 19:02:02,106513,TG Hotel Ibis City,39,0,0
2026-09-11 19:02:02,106521,Car Park Cristal,428,220,0
2026-09-11 19:02:02,106524,Parkhaus Oberanger,247,393,1
2026-09-11 19:02:02,301220,Tiefgarage Karstadt Oberpollinger,157,357,1
2026-09-11 19:02:02,301234,Pschorr-Garage,23,165,1
2026-09-11 19:02:02,301236,Marienplatz-Großgarage,161,220,0
2026-09-11 19:02:02,301264,Parkhaus Hopfenpost,190,230,0
2026-09-11 19:02:02,301270,Parkhaus Marsstr. 11,245,526,1
2026-09-11 19:02:02,301271,Tiefgarage am Hauptbahnhof,0,79,0
2026-09-11 19:02:02,301272,Tiefgarage Stachus Einkaufszentrum,141,336,1
2026-09-11 19:02:02,301277,Parkhaus Elisenhof,97,165,1
2026-09-11 19:02:02,401004,PH Hauptbahnhof Süd,107,197,1
2026-09-11 19:02:02,401010,Parkhaus am Hofbräuhaus,170,433,1
2026-09-11 19:02:02,401055,Parkhaus Schrannenhalle,19,147,1
2026-09-11 19:02:02,401060,Königshof-Parking,78,102,1
2026-09-11 19:02:02,401062,Parkhaus am Salvatorplatz,243,349,1
2026-09-11 19:02:02,106525,Parkhaus am Hauptbahnhof,0,223,0
2026-09-11 20:02:01,106501,Parkhaus am Stachus,390,390,0
2026-09-11 20:02:01,106504,City-Parkhaus am Färbergraben,268,350,1
2026-09-11 20:02:01,106505,Parkgarage Rieger-City,205,266,0
2026-09-11 20:02:01,106506,Sonnenhof Parkgarage,21,77,0
2026-09-11 20:02:01,106507,Tiefgarage vor der Oper,158,275,1
2026-09-11 20:02:01,106508,Hertie-Parkhaus,417,504,0
2026-09-11 20:02:01,106509,Parkgarage Böhringer,28,150,1
2026-09-11 20:02:01,106513,TG Hotel Ibis City,39,0,0
2026-09-11 20:02:01,106521,Car Park Cristal,428,220,0
2026-09-11 20:02:01,106524,Parkhaus Oberanger,260,393,1
2026-09-11 20:02:01,301220,Tiefgarage Karstadt Oberpollinger,140,357,1
2026-09-11 20:02:01,301234,Pschorr-Garage,34,165,1
2026-09-11 20:02:01,301236,Marienplatz-Großgarage,161,220,0
2026-09-11 20:02:01,301264,Parkhaus Hopfenpost,190,230,0
2026-09-11 20:02:01,301270,Parkhaus Marsstr. 11,245,526,1
2026-09-11 20:02:01,301271,Tiefgarage am Hauptbahnhof,0,79,0
2026-09-11 20:02:01,301272,Tiefgarage Stachus Einkaufszentrum,140,336,1
2026-09-11 20:02:01,301277,Parkhaus Elisenhof,87,165,1
2026-09-11 20:02:01,401004,PH Hauptbahnhof Süd,91,197,1
2026-09-11 20:02:01,401010,Parkhaus am Hofbräuhaus,206,433,1
2026-09-11 20:02:01,401055,Parkhaus Schrannenhalle,34,147,1
2026-09-11 20:02:01,401060,Königshof-Parking,78,102,1
2026-09-11 20:02:01,401062,Parkhaus am Salvatorplatz,245,349,1
2026-09-11 20:02:01,106525,Parkhaus am Hauptbahnhof,0,223,0
2026-09-11 21:02:01,106501,Parkhaus am Stachus,390,390,0
2026-09-11 21:02:01,106504,City-Parkhaus am Färbergraben,307,350,1
2026-09-11 21:02:01,106505,Parkgarage Rieger-City,205,266,0
2026-09-11 21:02:01,106506,Sonnenhof Parkgarage,21,77,0
2026-09-11 21:02:01,106507,Tiefgarage vor der Oper,170,275,1
2026-09-11 21:02:01,106508,Hertie-Parkhaus,417,504,0
2026-09-11 21:02:01,106509,Parkgarage Böhringer,35,150,1
2026-09-11 21:02:01,106513,TG Hotel Ibis City,39,0,0
2026-09-11 21:02:01,106521,Car Park Cristal,428,220,0
2026-09-11 21:02:01,106524,Parkhaus Oberanger,287,393,1
2026-09-11 21:02:01,301220,Tiefgarage Karstadt Oberpollinger,114,357,1
2026-09-11 21:02:01,301234,Pschorr-Garage,64,165,1
2026-09-11 21:02:01,301236,Marienplatz-Großgarage,161,220,0
2026-09-11 21:02:01,301264,Parkhaus Hopfenpost,190,230,0
2026-09-11 21:02:01,301270,Parkhaus Marsstr. 11,245,526,1
2026-09-11 21:02:01,301271,Tiefgarage am Hauptbahnhof,0,79,0
2026-09-11 21:02:01,301272,Tiefgarage Stachus Einkaufszentrum,138,336,1
2026-09-11 21:02:01,301277,Parkhaus Elisenhof,102,165,1
2026-09-11 21:02:01,401004,PH Hauptbahnhof Süd,82,197,1
2026-09-11 21:02:01,401010,Parkhaus am Hofbräuhaus,269,433,1
2026-09-11 21:02:01,401055,Parkhaus Schrannenhalle,59,147,1
2026-09-11 21:02:01,401060,Königshof-Parking,78,102,1
2026-09-11 21:02:01,401062,Parkhaus am Salvatorplatz,305,389,1
2026-09-11 21:02:01,106525,Parkhaus am Hauptbahnhof,0,223,0
2026-09-11 22:02:02,106501,Parkhaus am Stachus,390,390,0
2026-09-11 22:02:02,106504,City-Parkhaus am Färbergraben,324,350,1
2026-09-11 22:02:02,106505,Parkgarage Rieger-City,205,266,0
2026-09-11 22:02:02,106506,Sonnenhof Parkgarage,21,77,0
2026-09-11 22:02:02,106507,Tiefgarage vor der Oper,202,275,1
2026-09-11 22:02:02,106508,Hertie-Parkhaus,417,504,0
2026-09-11 22:02:02,106509,Parkgarage Böhringer,54,150,1
2026-09-11 22:02:02,106513,TG Hotel Ibis City,39,0,0
2026-09-11 22:02:02,106521,Car Park Cristal,428,220,0
2026-09-11 22:02:02,106524,Parkhaus Oberanger,317,393,1
2026-09-11 22:02:02,301220,Tiefgarage Karstadt Oberpollinger,102,357,1
2026-09-11 22:02:02,301234,Pschorr-Garage,81,165,1
2026-09-11 22:02:02,301236,Marienplatz-Großgarage,161,220,0
2026-09-11 22:02:02,301264,Parkhaus Hopfenpost,190,230,0
2026-09-11 22:02:02,301270,Parkhaus Marsstr. 11,245,526,1
2026-09-11 22:02:02,301271,Tiefgarage am Hauptbahnhof,0,79,0
2026-09-11 22:02:02,301272,Tiefgarage Stachus Einkaufszentrum,140,336,1
2026-09-11 22:02:02,301277,Parkhaus Elisenhof,118,165,1
2026-09-11 22:02:02,401004,PH Hauptbahnhof Süd,78,197,1
2026-09-11 22:02:02,401010,Parkhaus am Hofbräuhaus,290,433,1
2026-09-11 22:02:02,401055,Parkhaus Schrannenhalle,82,147,1
2026-09-11 22:02:02,401060,Königshof-Parking,78,102,1
2026-09-11 22:02:02,401062,Parkhaus am Salvatorplatz,327,389,1
2026-09-11 22:02:02,106525,Parkhaus am Hauptbahnhof,0,223,0
2026-09-11 23:02:01,106501,Parkhaus am Stachus,390,390,0
2026-09-11 23:02:01,106504,City-Parkhaus am Färbergraben,335,350,1
2026-09-11 23:02:01,106505,Parkgarage Rieger-City,205,266,0
2026-09-11 23:02:01,106506,Sonnenhof Parkgarage,21,77,0
2026-09-11 23:02:01,106507,Tiefgarage vor der Oper,233,275,1
2026-09-11 23:02:01,106508,Hertie-Parkhaus,417,504,0
2026-09-11 23:02:01,106509,Parkgarage Böhringer,74,150,1
2026-09-11 23:02:01,106513,TG Hotel Ibis City,39,0,0
2026-09-11 23:02:01,106521,Car Park Cristal,428,220,0
2026-09-11 23:02:01,106524,Parkhaus Oberanger,342,393,1
2026-09-11 23:02:01,301220,Tiefgarage Karstadt Oberpollinger,112,357,1
2026-09-11 23:02:01,301234,Pschorr-Garage,94,165,1
2026-09-11 23:02:01,301236,Marienplatz-Großgarage,161,220,0
2026-09-11 23:02:01,301264,Parkhaus Hopfenpost,190,230,0
2026-09-11 23:02:01,301270,Parkhaus Marsstr. 11,245,526,1
2026-09-11 23:02:01,301271,Tiefgarage am Hauptbahnhof,0,79,0
2026-09-11 23:02:01,301272,Tiefgarage Stachus Einkaufszentrum,143,336,1
2026-09-11 23:02:01,301277,Parkhaus Elisenhof,126,165,1
2026-09-11 23:02:01,401004,PH Hauptbahnhof Süd,76,197,1
2026-09-11 23:02:01,401010,Parkhaus am Hofbräuhaus,330,433,1
2026-09-11 23:02:01,401055,Parkhaus Schrannenhalle,109,147,1
2026-09-11 23:02:01,401060,Königshof-Parking,78,102,1
2026-09-11 23:02:01,401062,Parkhaus am Salvatorplatz,339,389,1
2026-09-11 23:02:01,106525,Parkhaus am Hauptbahnhof,0,223,0
2026-09-12 00:02:01,106501,Parkhaus am Stachus,390,390,0
2026-09-12 00:02:01,106504,City-Parkhaus am Färbergraben,0,350,1
2026-09-12 00:02:01,106505,Parkgarage Rieger-City,205,266,0
2026-09-12 00:02:01,106506,Sonnenhof Parkgarage,21,77,0
2026-09-12 00:02:01,106507,Tiefgarage vor der Oper,249,275,1
2026-09-12 00:02:01,106508,Hertie-Parkhaus,417,504,0
2026-09-12 00:02:01,106509,Parkgarage Böhringer,85,150,1
2026-09-12 00:02:01,106513,TG Hotel Ibis City,39,0,0
2026-09-12 00:02:01,106521,Car Park Cristal,428,220,0
2026-09-12 00:02:01,106524,Parkhaus Oberanger,353,393,1
2026-09-12 00:02:01,301220,Tiefgarage Karstadt Oberpollinger,118,357,1
2026-09-12 00:02:01,301234,Pschorr-Garage,101,165,1
2026-09-12 00:02:01,301236,Marienplatz-Großgarage,161,220,0
2026-09-12 00:02:01,301264,Parkhaus Hopfenpost,190,230,0
2026-09-12 00:02:01,301270,Parkhaus Marsstr. 11,245,526,1
2026-09-12 00:02:01,301271,Tiefgarage am Hauptbahnhof,0,79,0
2026-09-12 00:02:01,301272,Tiefgarage Stachus Einkaufszentrum,150,336,1
2026-09-12 00:02:01,301277,Parkhaus Elisenhof,137,165,1
2026-09-12 00:02:01,401004,PH Hauptbahnhof Süd,72,197,1
2026-09-12 00:02:01,401010,Parkhaus am Hofbräuhaus,300,373,1
2026-09-12 00:02:01,401055,Parkhaus Schrannenhalle,119,147,1
2026-09-12 00:02:01,401060,Königshof-Parking,78,102,1
2026-09-12 00:02:01,401062,Parkhaus am Salvatorplatz,346,389,1
2026-09-12 00:02:01,106525,Parkhaus am Hauptbahnhof,0,223,0
2026-09-12 01:02:01,106501,Parkhaus am Stachus,390,390,0
2026-09-12 01:02:01,106504,City-Parkhaus am Färbergraben,0,350,1
2026-09-12 01:02:01,106505,Parkgarage Rieger-City,205,266,0
2026-09-12 01:02:01,106506,Sonnenhof Parkgarage,21,77,0
2026-09-12 01:02:01,106507,Tiefgarage vor der Oper,258,275,1
2026-09-12 01:02:01,106508,Hertie-Parkhaus,417,504,0
2026-09-12 01:02:01,106509,Parkgarage Böhringer,90,150,1
2026-09-12 01:02:01,106513,TG Hotel Ibis City,39,0,0
2026-09-12 01:02:01,106521,Car Park Cristal,428,220,0
2026-09-12 01:02:01,106524,Parkhaus Oberanger,356,393,1
2026-09-12 01:02:01,301220,Tiefgarage Karstadt Oberpollinger,130,357,1
2026-09-12 01:02:01,301234,Pschorr-Garage,100,165,1
2026-09-12 01:02:01,301236,Marienplatz-Großgarage,161,220,0
2026-09-12 01:02:01,301264,Parkhaus Hopfenpost,190,230,0
2026-09-12 01:02:01,301270,Parkhaus Marsstr. 11,245,526,1
2026-09-12 01:02:01,301271,Tiefgarage am Hauptbahnhof,0,79,0
2026-09-12 01:02:01,301272,Tiefgarage Stachus Einkaufszentrum,152,336,1
2026-09-12 01:02:01,301277,Parkhaus Elisenhof,138,165,1
2026-09-12 01:02:01,401004,PH Hauptbahnhof Süd,72,197,1
2026-09-12 01:02:01,401010,Parkhaus am Hofbräuhaus,309,373,1
2026-09-12 01:02:01,401055,Parkhaus Schrannenhalle,127,147,1
2026-09-12 01:02:01,401060,Königshof-Parking,78,102,1
2026-09-12 01:02:01,401062,Parkhaus am Salvatorplatz,345,389,1
2026-09-12 01:02:01,106525,Parkhaus am Hauptbahnhof,0,223,0
2026-09-12 02:02:01,106501,Parkhaus am Stachus,390,390,0
2026-09-12 02:02:01,106504,City-Parkhaus am Färbergraben,0,350,1
2026-09-12 02:02:01,106505,Parkgarage Rieger-City,205,266,0
2026-09-12 02:02:01,106506,Sonnenhof Parkgarage,21,77,0
2026-09-12 02:02:01,106507,Tiefgarage vor der Oper,264,275,1
2026-09-12 02:02:01,106508,Hertie-Parkhaus,417,504,0
2026-09-12 02:02:01,106509,Parkgarage Böhringer,94,150,1
2026-09-12 02:02:01,106513,TG Hotel Ibis City,39,0,0
2026-09-12 02:02:01,106521,Car Park Cristal,428,220,0
2026-09-12 02:02:01,106524,Parkhaus Oberanger,357,393,1
2026-09-12 02:02:01,301220,Tiefgarage Karstadt Oberpollinger,154,357,1
2026-09-12 02:02:01,301234,Pschorr-Garage,103,165,1
2026-09-12 02:02:01,301236,Marienplatz-Großgarage,161,220,0
2026-09-12 02:02:01,301264,Parkhaus Hopfenpost,190,230,0
2026-09-12 02:02:01,301270,Parkhaus Marsstr. 11,245,526,1
2026-09-12 02:02:01,301271,Tiefgarage am Hauptbahnhof,0,79,0
2026-09-12 02:02:01,301272,Tiefgarage Stachus Einkaufszentrum,153,336,1
2026-09-12 02:02:01,301277,Parkhaus Elisenhof,137,165,1
2026-09-12 02:02:01,401004,PH Hauptbahnhof Süd,72,197,1
2026-09-12 02:02:01,401010,Parkhaus am Hofbräuhaus,314,373,1
2026-09-12 02:02:01,401055,Parkhaus Schrannenhalle,128,147,1
2026-09-12 02:02:01,401060,Königshof-Parking,78,102,1
2026-09-12 02:02:01,401062,Parkhaus am Salvatorplatz,345,389,1
2026-09-12 02:02:01,106525,Parkhaus am Hauptbahnhof,0,223,0
2026-09-12 03:02:01,106501,Parkhaus am Stachus,390,390,0
2026-09-12 03:02:01,106504,City-Parkhaus am Färbergraben,0,350,1
2026-09-12 03:02:01,106505,Parkgarage Rieger-City,205,266,0
2026-09-12 03:02:01,106506,Sonnenhof Parkgarage,21,77,0
2026-09-12 03:02:01,106507,Tiefgarage vor der Oper,266,275,1
2026-09-12 03:02:01,106508,Hertie-Parkhaus,417,504,0
2026-09-12 03:02:01,106509,Parkgarage Böhringer,94,150,1
2026-09-12 03:02:01,106513,TG Hotel Ibis City,39,0,0
2026-09-12 03:02:01,106521,Car Park Cristal,428,220,0
2026-09-12 03:02:01,106524,Parkhaus Oberanger,358,393,1
2026-09-12 03:02:01,301220,Tiefgarage Karstadt Oberpollinger,180,357,1
2026-09-12 03:02:01,301234,Pschorr-Garage,103,165,1
2026-09-12 03:02:01,301236,Marienplatz-Großgarage,161,220,0
2026-09-12 03:02:01,301264,Parkhaus Hopfenpost,190,230,0
2026-09-12 03:02:01,301270,Parkhaus Marsstr. 11,245,526,1
2026-09-12 03:02:01,301271,Tiefgarage am Hauptbahnhof,0,79,0
2026-09-12 03:02:01,301272,Tiefgarage Stachus Einkaufszentrum,153,336,1
2026-09-12 03:02:01,301277,Parkhaus Elisenhof,138,165,1
2026-09-12 03:02:01,401004,PH Hauptbahnhof Süd,72,197,1
2026-09-12 03:02:01,401010,Parkhaus am Hofbräuhaus,314,373,1
2026-09-12 03:02:01,401055,Parkhaus Schrannenhalle,128,147,1
2026-09-12 03:02:01,401060,Königshof-Parking,78,102,1
2026-09-12 03:02:01,401062,Parkhaus am Salvatorplatz,347,389,1
2026-09-12 03:02:01,106525,Parkhaus am Hauptbahnhof,0,223,0
2026-09-12 04:02:01,106501,Parkhaus am Stachus,390,390,0
2026-09-12 04:02:01,106504,City-Parkhaus am Färbergraben,0,350,1
2026-09-12 04:02:01,106505,Parkgarage Rieger-City,205,266,0
2026-09-12 04:02:01,106506,Sonnenhof Parkgarage,21,77,0
2026-09-12 04:02:01,106507,Tiefgarage vor der Oper,266,275,1
2026-09-12 04:02:01,106508,Hertie-Parkhaus,417,504,0
2026-09-12 04:02:01,106509,Parkgarage Böhringer,94,150,1
2026-09-12 04:02:01,106513,TG Hotel Ibis City,39,0,0
2026-09-12 04:02:01,106521,Car Park Cristal,428,220,0
2026-09-12 04:02:01,106524,Parkhaus Oberanger,358,393,1
2026-09-12 04:02:01,301220,Tiefgarage Karstadt Oberpollinger,222,357,1
2026-09-12 04:02:01,301234,Pschorr-Garage,104,165,1
2026-09-12 04:02:01,301236,Marienplatz-Großgarage,161,220,0
2026-09-12 04:02:01,301264,Parkhaus Hopfenpost,190,230,0
2026-09-12 04:02:01,301270,Parkhaus Marsstr. 11,245,526,1
2026-09-12 04:02:01,301271,Tiefgarage am Hauptbahnhof,0,79,0
2026-09-12 04:02:01,301272,Tiefgarage Stachus Einkaufszentrum,153,336,1
2026-09-12 04:02:01,301277,Parkhaus Elisenhof,139,165,1
2026-09-12 04:02:01,401004,PH Hauptbahnhof Süd,72,197,1
2026-09-12 04:02:01,401010,Parkhaus am Hofbräuhaus,314,373,1
2026-09-12 04:02:01,401055,Parkhaus Schrannenhalle,128,147,1
2026-09-12 04:02:01,401060,Königshof-Parking,78,102,1
2026-09-12 04:02:01,401062,Parkhaus am Salvatorplatz,347,389,1
2026-09-12 04:02:01,106525,Parkhaus am Hauptbahnhof,0,223,0
2026-09-12 05:02:01,106501,Parkhaus am Stachus,390,390,0
2026-09-12 05:02:01,106504,City-Parkhaus am Färbergraben,0,350,1
2026-09-12 05:02:01,106505,Parkgarage Rieger-City,205,266,0
2026-09-12 05:02:01,106506,Sonnenhof Parkgarage,21,77,0
2026-09-12 05:02:01,106507,Tiefgarage vor der Oper,266,275,1
2026-09-12 05:02:01,106508,Hertie-Parkhaus,417,504,0
2026-09-12 05:02:01,106509,Parkgarage Böhringer,94,150,1
2026-09-12 05:02:01,106513,TG Hotel Ibis City,39,0,0
2026-09-12 05:02:01,106521,Car Park Cristal,428,220,0
2026-09-12 05:02:01,106524,Parkhaus Oberanger,358,393,1
2026-09-12 05:02:01,301220,Tiefgarage Karstadt Oberpollinger,230,357,1
2026-09-12 05:02:01,301234,Pschorr-Garage,104,165,1
2026-09-12 05:02:01,301236,Marienplatz-Großgarage,161,220,0
2026-09-12 05:02:01,301264,Parkhaus Hopfenpost,190,230,0
2026-09-12 05:02:01,301270,Parkhaus Marsstr. 11,245,526,1
2026-09-12 05:02:01,301271,Tiefgarage am Hauptbahnhof,0,79,0
2026-09-12 05:02:01,301272,Tiefgarage Stachus Einkaufszentrum,153,336,1
2026-09-12 05:02:01,301277,Parkhaus Elisenhof,139,165,1
2026-09-12 05:02:01,401004,PH Hauptbahnhof Süd,72,197,1
2026-09-12 05:02:01,401010,Parkhaus am Hofbräuhaus,313,373,1
2026-09-12 05:02:01,401055,Parkhaus Schrannenhalle,128,147,1
2026-09-12 05:02:01,401060,Königshof-Parking,78,102,1
2026-09-12 05:02:01,401062,Parkhaus am Salvatorplatz,349,389,1
2026-09-12 05:02:01,106525,Parkhaus am Hauptbahnhof,0,223,0
2026-09-12 06:02:01,106501,Parkhaus am Stachus,390,390,0
2026-09-12 06:02:01,106504,City-Parkhaus am Färbergraben,0,350,1
2026-09-12 06:02:01,106505,Parkgarage Rieger-City,205,266,0
2026-09-12 06:02:01,106506,Sonnenhof Parkgarage,21,77,0
2026-09-12 06:02:01,106507,Tiefgarage vor der Oper,266,275,1
2026-09-12 06:02:01,106508,Hertie-Parkhaus,417,504,0
2026-09-12 06:02:01,106509,Parkgarage Böhringer,94,150,1
2026-09-12 06:02:01,106513,TG Hotel Ibis City,39,0,0
2026-09-12 06:02:01,106521,Car Park Cristal,428,220,0
2026-09-12 06:02:01,106524,Parkhaus Oberanger,358,393,1
2026-09-12 06:02:01,301220,Tiefgarage Karstadt Oberpollinger,245,357,1
2026-09-12 06:02:01,301234,Pschorr-Garage,105,165,1
2026-09-12 06:02:01,301236,Marienplatz-Großgarage,161,220,0
2026-09-12 06:02:01,301264,Parkhaus Hopfenpost,190,230,0
2026-09-12 06:02:01,301270,Parkhaus Marsstr. 11,245,526,1
2026-09-12 06:02:01,301271,Tiefgarage am Hauptbahnhof,0,79,0
2026-09-12 06:02:01,301272,Tiefgarage Stachus Einkaufszentrum,152,336,1
2026-09-12 06:02:01,301277,Parkhaus Elisenhof,140,165,1
2026-09-12 06:02:01,401004,PH Hauptbahnhof Süd,72,197,1
2026-09-12 06:02:01,401010,Parkhaus am Hofbräuhaus,313,373,1
2026-09-12 06:02:01,401055,Parkhaus Schrannenhalle,128,147,1
2026-09-12 06:02:01,401060,Königshof-Parking,78,102,1
2026-09-12 06:02:01,401062,Parkhaus am Salvatorplatz,349,389,1
2026-09-12 06:02:01,106525,Parkhaus am Hauptbahnhof,0,223,0
2026-09-12 07:02:01,106501,Parkhaus am Stachus,390,390,0
2026-09-12 07:02:01,106504,City-Parkhaus am Färbergraben,338,350,1
2026-09-12 07:02:01,106505,Parkgarage Rieger-City,205,266,0
2026-09-12 07:02:01,106506,Sonnenhof Parkgarage,21,77,0
2026-09-12 07:02:01,106507,Tiefgarage vor der Oper,264,275,1
2026-09-12 07:02:01,106508,Hertie-Parkhaus,417,504,0
2026-09-12 07:02:01,106509,Parkgarage Böhringer,94,150,1
2026-09-12 07:02:01,106513,TG Hotel Ibis City,39,0,0
2026-09-12 07:02:01,106521,Car Park Cristal,428,220,0
2026-09-12 07:02:01,106524,Parkhaus Oberanger,357,393,1
2026-09-12 07:02:01,301220,Tiefgarage Karstadt Oberpollinger,260,357,1
2026-09-12 07:02:01,301234,Pschorr-Garage,105,165,1
2026-09-12 07:02:01,301236,Marienplatz-Großgarage,161,220,0
2026-09-12 07:02:01,301264,Parkhaus Hopfenpost,190,230,0
2026-09-12 07:02:01,301270,Parkhaus Marsstr. 11,245,526,1
2026-09-12 07:02:01,301271,Tiefgarage am Hauptbahnhof,0,79,0
2026-09-12 07:02:01,301272,Tiefgarage Stachus Einkaufszentrum,151,336,1
2026-09-12 07:02:01,301277,Parkhaus Elisenhof,140,165,1
2026-09-12 07:02:01,401004,PH Hauptbahnhof Süd,71,197,1
2026-09-12 07:02:01,401010,Parkhaus am Hofbräuhaus,314,373,1
2026-09-12 07:02:01,401055,Parkhaus Schrannenhalle,128,147,1
2026-09-12 07:02:01,401060,Königshof-Parking,78,102,1
2026-09-12 07:02:01,401062,Parkhaus am Salvatorplatz,348,389,1
2026-09-12 07:02:01,106525,Parkhaus am Hauptbahnhof,0,223,0
2026-09-12 08:02:01,106501,Parkhaus am Stachus,390,390,0
2026-09-12 08:02:01,106504,City-Parkhaus am Färbergraben,335,350,1
2026-09-12 08:02:01,106505,Parkgarage Rieger-City,205,266,0
2026-09-12 08:02:01,106506,Sonnenhof Parkgarage,21,77,0
2026-09-12 08:02:01,106507,Tiefgarage vor der Oper,260,275,1
2026-09-12 08:02:01,106508,Hertie-Parkhaus,417,504,0
2026-09-12 08:02:01,106509,Parkgarage Böhringer,93,150,1
2026-09-12 08:02:01,106513,TG Hotel Ibis City,39,0,0
2026-09-12 08:02:01,106521,Car Park Cristal,428,220,0
2026-09-12 08:02:01,106524,Parkhaus Oberanger,355,393,1
2026-09-12 08:02:01,301220,Tiefgarage Karstadt Oberpollinger,269,357,1
2026-09-12 08:02:01,301234,Pschorr-Garage,105,165,1
2026-09-12 08:02:01,301236,Marienplatz-Großgarage,161,220,0
2026-09-12 08:02:01,301264,Parkhaus Hopfenpost,190,230,0
2026-09-12 08:02:01,301270,Parkhaus Marsstr. 11,245,526,1
2026-09-12 08:02:01,301271,Tiefgarage am Hauptbahnhof,0,79,0
2026-09-12 08:02:01,301272,Tiefgarage Stachus Einkaufszentrum,151,336,1
2026-09-12 08:02:01,301277,Parkhaus Elisenhof,135,165,1
2026-09-12 08:02:01,401004,PH Hauptbahnhof Süd,75,197,1
2026-09-12 08:02:01,401010,Parkhaus am Hofbräuhaus,311,373,1
2026-09-12 08:02:01,401055,Parkhaus Schrannenhalle,129,147,1
2026-09-12 08:02:01,401060,Königshof-Parking,78,102,1
2026-09-12 08:02:01,401062,Parkhaus am Salvatorplatz,348,389,1
2026-09-12 08:02:01,106525,Parkhaus am Hauptbahnhof,0,223,0
2026-09-12 09:02:02,106501,Parkhaus am Stachus,390,390,0
2026-09-12 09:02:02,106504,City-Parkhaus am Färbergraben,329,350,1
2026-09-12 09:02:02,106505,Parkgarage Rieger-City,205,266,0
2026-09-12 09:02:02,106506,Sonnenhof Parkgarage,21,77,0
2026-09-12 09:02:02,106507,Tiefgarage vor der Oper,236,275,1
2026-09-12 09:02:02,106508,Hertie-Parkhaus,417,504,0
2026-09-12 09:02:02,106509,Parkgarage Böhringer,92,150,1
2026-09-12 09:02:02,106513,TG Hotel Ibis City,39,0,0
2026-09-12 09:02:02,106521,Car Park Cristal,428,220,0
2026-09-12 09:02:02,106524,Parkhaus Oberanger,350,393,1
2026-09-12 09:02:02,301220,Tiefgarage Karstadt Oberpollinger,273,357,1
2026-09-12 09:02:02,301234,Pschorr-Garage,138,165,1
2026-09-12 09:02:02,301236,Marienplatz-Großgarage,161,220,0
2026-09-12 09:02:02,301264,Parkhaus Hopfenpost,190,230,0
2026-09-12 09:02:02,301270,Parkhaus Marsstr. 11,245,526,1
2026-09-12 09:02:02,301271,Tiefgarage am Hauptbahnhof,0,79,0
2026-09-12 09:02:02,301272,Tiefgarage Stachus Einkaufszentrum,153,336,1
2026-09-12 09:02:02,301277,Parkhaus Elisenhof,128,165,1
2026-09-12 09:02:02,401004,PH Hauptbahnhof Süd,90,197,1
2026-09-12 09:02:02,401010,Parkhaus am Hofbräuhaus,367,443,1
2026-09-12 09:02:02,401055,Parkhaus Schrannenhalle,125,147,1
2026-09-12 09:02:02,401060,Königshof-Parking,78,102,1
2026-09-12 09:02:02,401062,Parkhaus am Salvatorplatz,343,389,1
2026-09-12 09:02:02,106525,Parkhaus am Hauptbahnhof,0,223,0
2026-09-12 10:02:04,106501,Parkhaus am Stachus,390,390,0
2026-09-12 10:02:04,106504,City-Parkhaus am Färbergraben,285,350,1
2026-09-12 10:02:04,106505,Parkgarage Rieger-City,205,266,0
2026-09-12 10:02:04,106506,Sonnenhof Parkgarage,21,77,0
2026-09-12 10:02:04,106507,Tiefgarage vor der Oper,175,275,1
2026-09-12 10:02:04,106508,Hertie-Parkhaus,417,504,0
2026-09-12 10:02:04,106509,Parkgarage Böhringer,94,150,1
2026-09-12 10:02:04,106513,TG Hotel Ibis City,39,0,0
2026-09-12 10:02:04,106521,Car Park Cristal,428,220,0
2026-09-12 10:02:04,106524,Parkhaus Oberanger,296,393,1
2026-09-12 10:02:04,301220,Tiefgarage Karstadt Oberpollinger,274,357,1
2026-09-12 10:02:04,301234,Pschorr-Garage,116,165,1
2026-09-12 10:02:04,301236,Marienplatz-Großgarage,161,220,0
2026-09-12 10:02:04,301264,Parkhaus Hopfenpost,190,230,0
2026-09-12 10:02:04,301270,Parkhaus Marsstr. 11,245,526,1
2026-09-12 10:02:04,301271,Tiefgarage am Hauptbahnhof,0,79,0
2026-09-12 10:02:04,301272,Tiefgarage Stachus Einkaufszentrum,149,336,1
2026-09-12 10:02:04,301277,Parkhaus Elisenhof,116,165,1
2026-09-12 10:02:04,401004,PH Hauptbahnhof Süd,95,197,1
2026-09-12 10:02:04,401010,Parkhaus am Hofbräuhaus,328,443,1
2026-09-12 10:02:04,401055,Parkhaus Schrannenhalle,77,160,1
2026-09-12 10:02:04,401060,Königshof-Parking,78,102,1
2026-09-12 10:02:04,401062,Parkhaus am Salvatorplatz,309,389,1
2026-09-12 10:02:04,106525,Parkhaus am Hauptbahnhof,0,223,0
2026-09-12 11:02:01,106501,Parkhaus am Stachus,390,390,0
2026-09-12 11:02:01,106504,City-Parkhaus am Färbergraben,208,350,1
2026-09-12 11:02:01,106505,Parkgarage Rieger-City,205,266,0
2026-09-12 11:02:01,106506,Sonnenhof Parkgarage,21,77,0
2026-09-12 11:02:01,106507,Tiefgarage vor der Oper,95,275,1
2026-09-12 11:02:01,106508,Hertie-Parkhaus,417,504,0
2026-09-12 11:02:01,106509,Parkgarage Böhringer,70,150,1
2026-09-12 11:02:01,106513,TG Hotel Ibis City,39,0,0
2026-09-12 11:02:01,106521,Car Park Cristal,428,220,0
2026-09-12 11:02:01,106524,Parkhaus Oberanger,182,393,1
2026-09-12 11:02:01,301220,Tiefgarage Karstadt Oberpollinger,278,357,1
2026-09-12 11:02:01,301234,Pschorr-Garage,43,165,1
2026-09-12 11:02:01,301236,Marienplatz-Großgarage,161,220,0
2026-09-12 11:02:01,301264,Parkhaus Hopfenpost,190,230,0
2026-09-12 11:02:01,301270,Parkhaus Marsstr. 11,245,526,1
2026-09-12 11:02:01,301271,Tiefgarage am Hauptbahnhof,0,79,0
2026-09-12 11:02:01,301272,Tiefgarage Stachus Einkaufszentrum,134,336,1
2026-09-12 11:02:01,301277,Parkhaus Elisenhof,85,145,1
2026-09-12 11:02:01,401004,PH Hauptbahnhof Süd,94,197,1
2026-09-12 11:02:01,401010,Parkhaus am Hofbräuhaus,246,443,1
2026-09-12 11:02:01,401055,Parkhaus Schrannenhalle,11,160,1
2026-09-12 11:02:01,401060,Königshof-Parking,78,102,1
2026-09-12 11:02:01,401062,Parkhaus am Salvatorplatz,255,389,1
2026-09-12 11:02:01,106525,Parkhaus am Hauptbahnhof,0,223,0
2026-09-12 12:02:01,106501,Parkhaus am Stachus,390,390,0
2026-09-12 12:02:01,106504,City-Parkhaus am Färbergraben,148,350,1
2026-09-12 12:02:01,106505,Parkgarage Rieger-City,205,266,0
2026-09-12 12:02:01,106506,Sonnenhof Parkgarage,21,77,0
2026-09-12 12:02:01,106507,Tiefgarage vor der Oper,17,275,1
2026-09-12 12:02:01,106508,Hertie-Parkhaus,417,504,0
2026-09-12 12:02:01,106509,Parkgarage Böhringer,36,150,1
2026-09-12 12:02:01,106513,TG Hotel Ibis City,39,0,0
2026-09-12 12:02:01,106521,Car Park Cristal,428,220,0
2026-09-12 12:02:01,106524,Parkhaus Oberanger,88,393,1
2026-09-12 12:02:01,301220,Tiefgarage Karstadt Oberpollinger,280,357,1
2026-09-12 12:02:01,301234,Pschorr-Garage,0,184,1
2026-09-12 12:02:01,301236,Marienplatz-Großgarage,161,220,0
2026-09-12 12:02:01,301264,Parkhaus Hopfenpost,190,230,0
2026-09-12 12:02:01,301270,Parkhaus Marsstr. 11,245,526,1
2026-09-12 12:02:01,301271,Tiefgarage am Hauptbahnhof,0,79,0
2026-09-12 12:02:01,301272,Tiefgarage Stachus Einkaufszentrum,112,336,1
2026-09-12 12:02:01,301277,Parkhaus Elisenhof,61,145,1
2026-09-12 12:02:01,401004,PH Hauptbahnhof Süd,90,197,1
2026-09-12 12:02:01,401010,Parkhaus am Hofbräuhaus,142,443,1
2026-09-12 12:02:01,401055,Parkhaus Schrannenhalle,0,161,1
2026-09-12 12:02:01,401060,Königshof-Parking,78,102,1
2026-09-12 12:02:01,401062,Parkhaus am Salvatorplatz,215,389,1
2026-09-12 12:02:01,106525,Parkhaus am Hauptbahnhof,0,223,0
2026-09-12 13:02:01,106501,Parkhaus am Stachus,390,390,0
2026-09-12 13:02:01,106504,City-Parkhaus am Färbergraben,49,350,1
2026-09-12 13:02:01,106505,Parkgarage Rieger-City,205,266,0
2026-09-12 13:02:01,106506,Sonnenhof Parkgarage,21,77,0
2026-09-12 13:02:01,106507,Tiefgarage vor der Oper,0,275,1
2026-09-12 13:02:01,106508,Hertie-Parkhaus,417,504,0
2026-09-12 13:02:01,106509,Parkgarage Böhringer,4,150,1
2026-09-12 13:02:01,106513,TG Hotel Ibis City,39,0,0
2026-09-12 13:02:01,106521,Car Park Cristal,428,220,0
2026-09-12 13:02:01,106524,Parkhaus Oberanger,2,393,1
2026-09-12 13:02:01,301220,Tiefgarage Karstadt Oberpollinger,280,357,1
2026-09-12 13:02:01,301234,Pschorr-Garage,2,185,1
2026-09-12 13:02:01,301236,Marienplatz-Großgarage,161,220,0
2026-09-12 13:02:01,301264,Parkhaus Hopfenpost,190,230,0
2026-09-12 13:02:01,301270,Parkhaus Marsstr. 11,245,526,1
2026-09-12 13:02:01,301271,Tiefgarage am Hauptbahnhof,0,79,0
2026-09-12 13:02:01,301272,Tiefgarage Stachus Einkaufszentrum,56,336,1
2026-09-12 13:02:01,301277,Parkhaus Elisenhof,36,145,1
2026-09-12 13:02:01,401004,PH Hauptbahnhof Süd,85,197,1
2026-09-12 13:02:01,401010,Parkhaus am Hofbräuhaus,41,443,1
2026-09-12 13:02:01,401055,Parkhaus Schrannenhalle,0,161,1
2026-09-12 13:02:01,401060,Königshof-Parking,78,102,1
2026-09-12 13:02:01,401062,Parkhaus am Salvatorplatz,153,389,1
2026-09-12 13:02:01,106525,Parkhaus am Hauptbahnhof,0,223,0
